the	23953
and	12804
to	12002
of	11159
a	9576
in	8435
i	6264
is	5310
that	5237
you	4578
for	4124
it	4079
on	3155
was	2958
with	2910
this	2835
have	2728
as	2596
are	2590
be	2437
we	2176
not	2131
they	2052
at	2024
or	1865
by	1842
from	1831
but	1817
my	1709
he	1619
so	1531
will	1520
if	1457
your	1395
can	1383
like	1319
an	1308
all	1306
there	1290
one	1216
do	1161
has	1158
what	1154
would	1147
me	1103
his	1079
had	1050
which	1036
about	1017
their	1016
just	968
were	954
out	938
when	908
up	880
our	876
know	873
time	869
s	868
been	831
more	830
get	807
some	806
also	794
no	793
who	782
them	736
people	731
other	709
it's	708
new	688
very	687
she	687
good	677
then	659
us	656
don't	632
how	629
her	623
first	613
now	612
its	608
well	605
any	604
because	600
only	592
into	589
go	589
these	585
two	569
over	545
could	537
am	530
may	529
than	523
after	517
him	508
said	506
make	503
i'm	499
think	499
great	496
see	492
should	488
even	488
back	485
work	479
want	476
many	475
most	461
way	456
did	451
here	451
take	436
going	425
day	416
best	415
much	412
really	410
right	410
place	403
years	400
where	391
use	390
before	389
year	381
need	375
those	364
please	364
service	359
world	357
say	351
such	347
food	342
made	339
around	331
same	312
com	311
little	308
number	307
down	303
got	302
being	301
still	300
last	297
while	296
long	293
through	292
that's	291
let	291
look	290
thanks	285
find	280
off	275
help	274
between	273
put	273
both	273
too	272
yeah	270
called	268
call	266
since	262
life	261
under	260
united	259
again	259
another	259
t	257
used	255
never	254
states	254
give	250
something	249
does	248
few	246
home	244
m	244
every	240
come	239
however	239
own	239
things	238
today	238
city	237
three	237
better	235
sure	231
always	223
different	221
during	220
state	219
lot	219
bush	218
government	216
enron	215
days	213
why	213
thing	211
doing	211
uh	211
next	210
each	209
feel	208
oh	208
http	205
name	204
you're	202
th	201
e	201
i've	201
try	200
al	198
american	196
part	196
old	193
area	193
president	193
high	192
school	192
group	191
done	191
told	189
love	188
end	187
might	186
public	186
information	186
found	184
d	183
pm	183
ever	182
against	181
didn't	181
took	180
water	180
um	178
small	177
though	177
actually	177
away	177
www	176
already	175
system	175
case	174
probably	171
looking	171
night	170
must	170
second	170
came	169
family	169
country	168
experience	168
week	167
change	167
job	166
kind	166
later	165
went	165
keep	165
war	164
times	164
business	164
room	164
thought	163
university	162
mean	162
national	161
far	161
process	161
free	161
house	161
anything	159
based	159
power	158
order	158
able	158
getting	158
price	158
example	158
thank	158
car	157
until	157
using	156
can't	156
left	155
says	155
south	154
once	154
problem	154
big	153
u	153
important	153
without	152
yes	152
office	151
money	151
several	150
space	150
known	150
point	149
iraq	148
general	148
start	147
set	147
okay	146
tell	146
company	146
live	145
large	145
questions	144
nice	144
having	141
hope	141
working	140
person	140
least	140
anyone	139
bad	139
possible	139
show	138
early	138
making	138
law	138
open	137
real	137
line	137
enough	137
they're	137
there's	137
trying	136
including	135
hard	135
four	135
wanted	135
everything	135
yet	134
per	133
north	132
someone	132
guys	132
whole	131
i'll	131
staff	131
court	129
nothing	129
language	129
believe	129
recommend	129
cause	129
means	128
c	127
form	127
often	127
full	127
due	127
question	126
fact	126
within	125
months	125
talk	125
bit	125
game	125
major	124
pretty	124
although	123
list	123
international	123
hand	123
deal	123
news	122
land	122
political	122
local	122
attached	122
military	121
less	121
taking	121
quality	121
town	120
light	120
oil	119
amount	119
course	118
read	118
phone	118
become	117
care	117
asked	117
friends	117
along	117
together	116
human	116
either	116
l	116
re	116
email	116
pay	116
others	114
ago	114
understand	114
started	114
john	114
man	114
else	114
morning	114
gonna	114
study	114
remember	113
p	113
whether	113
maybe	113
research	112
party	111
half	111
air	111
future	111
support	111
five	111
minutes	111
instead	111
stay	111
st	111
past	110
gas	110
members	109
energy	109
almost	109
highly	108
test	108
b	108
ask	108
upon	108
children	107
given	107
data	107
everyone	106
history	106
following	106
makes	106
services	106
meeting	106
needs	106
rights	105
sent	105
close	105
book	105
excellent	105
art	105
leave	104
project	104
west	104
soon	104
quite	104
social	104
sea	104
main	103
n	103
received	103
team	102
interest	102
issue	102
idea	102
word	102
we're	102
friend	101
mind	100
send	100
provide	100
buy	100
run	99
head	99
countries	99
problems	99
control	99
global	99
seen	99
mr	99
friendly	99
americans	98
among	98
health	98
he's	98
according	98
forward	98
coming	98
doesn't	97
top	97
period	97
september	97
agreement	97
move	97
short	97
wait	96
east	96
china	96
iran	96
check	96
usually	96
across	95
hours	95
review	95
site	95
places	95
report	94
india	94
front	94
needed	94
death	94
couple	94
america	93
etc	93
security	93
million	93
animals	93
side	92
property	92
reason	92
especially	92
outside	92
return	92
church	92
fun	92
add	91
cannot	91
letter	91
available	91
further	90
mail	90
white	90
you'll	90
theory	90
market	89
stop	89
street	89
development	89
fine	89
below	89
eat	89
image	89
george	88
comes	88
month	88
non	87
gave	87
black	87
video	87
texas	86
ok	86
date	86
act	86
taken	86
age	86
stuff	86
beautiful	86
internet	86
clean	86
hair	86
living	85
post	85
present	85
late	85
york	85
action	85
message	85
works	85
access	85
plan	85
w	84
economic	84
groups	84
particular	84
issues	83
weeks	83
peace	83
happy	83
above	83
value	83
heard	83
type	83
store	83
friday	82
seems	82
hear	82
website	82
play	82
visit	82
special	82
doctor	82
dr	82
french	82
six	81
young	81
culture	81
walk	81
common	81
former	80
strong	80
bill	80
body	80
lost	80
rather	80
dog	80
thinking	80
sometimes	80
hotel	80
turn	79
education	79
legal	79
ways	79
meet	79
looks	79
class	79
tried	79
mark	79
figure	79
force	78
certain	78
rate	78
program	78
private	78
words	78
horse	78
easy	78
red	78
square	78
recent	77
file	77
felt	77
population	76
middle	76
finally	76
guy	76
talking	76
sense	76
cost	76
attention	76
g	76
longer	75
whatever	75
answer	75
clear	75
building	75
don	75
july	75
became	75
address	75
forces	74
near	74
level	74
areas	74
position	74
cultural	74
london	74
english	74
professional	74
studies	74
continue	73
likely	73
story	73
society	73
true	73
natural	73
earlier	73
offer	73
kids	73
god	73
include	73
takes	73
center	72
april	72
net	72
indian	72
role	72
island	72
saw	72
restaurant	72
san	72
third	71
region	71
face	71
january	71
seem	71
amazing	71
yourself	71
changes	71
x	71
helpful	71
doc	71
customer	71
qaeda	70
summer	70
march	70
de	70
note	70
father	70
co	70
science	70
uk	69
paper	69
original	69
location	69
students	69
cat	69
member	68
sorry	68
points	68
ready	68
single	68
definitely	68
subject	68
industry	68
prices	68
behind	67
interested	67
simply	67
bring	67
itself	67
credit	67
term	67
f	67
began	67
worth	67
section	67
nasa	67
chinese	67
won't	66
saying	66
ten	66
response	66
quickly	66
recently	66
moral	66
modern	66
policy	66
cut	66
community	66
largest	66
born	66
result	66
wrong	66
europe	66
personal	66
specific	66
washington	65
situation	65
alone	65
men	65
self	65
door	65
currently	65
step	65
results	65
risk	65
matter	65
england	65
mom	65
google	65
view	64
lives	64
sort	64
follow	64
extremely	64
lots	64
hi	64
european	64
correct	64
dead	63
key	63
related	63
administration	63
let's	63
series	63
source	63
travel	63
hands	63
schools	63
hour	63
wonderful	63
percent	62
involved	62
women	62
daily	62
hold	62
central	62
islands	62
parents	62
percentage	62
attack	61
held	61
lack	61
moving	61
isn't	61
media	61
perhaps	61
department	61
entire	61
article	61
regarding	61
fax	61
products	61
significant	60
rest	60
html	60
israel	60
themselves	60
considered	60
led	60
parts	60
knowledge	60
monday	60
claim	60
century	60
despite	59
write	59
ones	59
religious	59
worked	59
hit	59
charge	59
consider	59
fire	59
girl	59
i'd	59
huge	59
decision	59
event	59
poor	59
trade	59
games	59
learning	59
field	59
capital	58
mother	58
road	58
press	58
web	58
current	58
campaign	58
decided	58
required	58
opening	58
federal	58
network	58
earth	58
regards	58
computer	58
model	58
army	57
comments	57
nation	57
cities	57
online	57
record	57
discuss	57
systems	57
copy	57
technology	57
park	57
iraqi	56
haven't	56
similar	56
union	56
fair	56
prime	56
therefore	56
lead	56
conference	56
larger	56
enjoy	56
canada	56
france	56
music	56
dinner	56
species	56
request	55
expect	55
learn	55
evidence	55
page	55
spent	55
contact	55
hot	55
provided	55
shows	55
fresh	55
wouldn't	55
goes	55
student	55
additional	55
draft	55
houston	55
college	55
greater	55
looked	55
built	55
nations	54
david	54
training	54
popular	54
limited	54
knew	54
interesting	54
judge	54
brought	54
board	54
feet	54
rules	54
ideas	54
named	54
green	54
walking	54
civil	53
died	53
gone	53
organization	53
pakistan	53
thursday	53
leader	53
elected	53
supposed	53
numbers	53
western	53
jeff	53
create	53
wish	53
shall	53
events	53
k	53
management	53
myself	53
build	53
complete	53
leaders	52
happened	52
guess	52
islamic	52
added	52
necessary	52
june	52
difficult	52
citizens	52
throughout	52
justice	52
various	52
august	52
established	52
wants	52
method	52
box	52
alright	52
police	51
fight	51
inside	51
himself	51
published	51
medical	51
october	51
afghanistan	51
final	51
performance	51
fall	51
basis	51
writing	51
floor	51
opinion	51
developed	51
dollars	51
institutions	51
watch	51
respect	51
total	51
paris	51
product	51
items	51
tomorrow	51
size	51
lower	51
shop	51
climate	51
pizza	51
wife	50
running	50
congress	50
returned	50
chance	50
allowed	50
nuclear	50
playing	50
pick	50
weapons	50
defense	50
effort	50
trip	50
higher	50
practice	50
nature	50
ground	50
unless	50
touch	50
season	50
workers	50
trust	50
mass	50
california	50
design	50
companies	50
waste	50
perfect	50
fast	50
fort	50
difference	49
elections	49
child	49
kept	49
leaving	49
starting	49
reasons	49
account	49
directly	49
blue	49
moved	49
options	49
woman	49
tax	49
simple	49
quick	49
lunch	49
met	49
river	49
expensive	49
cool	49
mexico	49
bus	49
film	49
meal	49
serious	48
nearly	48
turned	48
search	48
created	48
proposed	48
february	48
thus	48
michael	48
written	48
wrote	48
paul	48
sit	48
link	48
county	48
stories	48
meaning	48
what's	48
beginning	48
beyond	48
low	48
sound	48
completely	48
contract	48
winter	48
cases	48
joke	48
surface	48
digital	48
officials	47
putting	47
whose	47
base	47
pressure	47
worst	47
served	47
cover	47
reasonable	47
attempt	47
particularly	47
girls	47
mike	47
weekend	47
station	47
pictures	47
safe	47
opportunity	47
drive	47
sunday	47
customers	47
application	47
values	47
heat	47
provides	47
favorite	47
chicken	47
awesome	47
activities	46
reports	46
trial	46
yesterday	46
willing	46
democracy	46
suggest	46
environment	46
notice	46
ensure	46
connection	46
vince	46
addition	46
fish	46
marriage	46
wasn't	46
feed	46
financial	46
production	46
sun	46
sara	46
content	46
afternoon	46
anyway	46
you've	46
owner	46
eggs	46
cage	46
increase	45
certainly	45
twice	45
billion	45
choice	45
piece	45
focus	45
root	45
terms	45
mid	45
advice	45
gives	45
seeing	45
construction	45
minute	45
direct	45
analysis	45
employees	45
seven	45
r	45
scientology	45
wednesday	44
tank	44
blood	44
voice	44
committee	44
thousands	44
threat	44
giving	44
november	44
lee	44
statement	44
allow	44
toward	44
flight	44
official	44
watching	44
planning	44
cross	44
metal	44
fully	44
dont	44
located	44
cold	44
absolutely	44
develop	44
commercial	44
range	44
growth	44
delivery	44
we've	44
moon	44
understanding	44
bear	44
cats	44
drink	44
except	43
effect	43
caused	43
remain	43
couldn't	43
continued	43
airport	43
independent	43
basic	43
begin	43
gets	43
tuesday	43
coast	43
separate	43
v	43
eating	43
steps	43
james	43
style	43
plants	43
killed	42
mentioned	42
finding	42
effects	42
org	42
intelligence	42
settlement	42
apply	42
british	42
argument	42
cheap	42
posted	42
released	42
foreign	42
authority	42
majority	42
saturday	42
option	42
save	42
version	42
followed	42
freedom	42
hey	42
standard	42
changed	42
overall	42
exactly	42
sign	42
plus	42
lines	42
laws	42
ice	42
won	42
details	42
receive	42
plastic	42
whom	41
moment	41
council	41
star	41
differences	41
material	41
visited	41
plans	41
pass	41
brain	41
ahead	41
require	41
transportation	41
anthrax	41
somewhere	41
color	41
paid	41
spend	41
master	41
initial	41
average	41
bird	41
visa	41
wine	41
basil	41
district	40
normal	40
healthy	40
potential	40
chicago	40
immediately	40
twenty	40
senate	40
vote	40
la	40
reading	40
regular	40
increased	40
manager	40
communities	40
forms	40
included	40
director	40
agreed	40
chris	40
fixed	40
cruise	40
camera	40
super	40
progress	39
tv	39
actions	39
imagine	39
obviously	39
active	39
feeling	39
benefit	39
clearly	39
described	39
driving	39
eventually	39
regional	39
anywhere	39
growing	39
smaller	39
memory	39
wear	39
repair	39
discussed	39
speak	39
responsible	39
basically	39
books	39
dry	39
individual	39
treatment	39
decisions	39
she's	39
creative	39
miles	39
economy	39
sleep	39
carol	39
projects	39
ended	39
choose	39
beauty	39
pet	39
rude	39
attacks	38
serve	38
spanish	38
interview	38
deep	38
lay	38
solution	38
ii	38
explain	38
atmosphere	38
sexual	38
efforts	38
nor	38
richard	38
gulf	38
german	38
waiting	38
collection	38
chair	38
produce	38
unique	38
stock	38
fundamental	38
baby	38
reviews	38
successful	38
sky	38
animal	38
instance	38
career	38
vet	38
democratic	37
parliament	37
zawahiri	37
avoid	37
minister	37
professor	37
table	37
son	37
showed	37
claims	37
purpose	37
agree	37
king	37
fear	37
ability	37
via	37
we'll	37
attend	37
executive	37
secretary	37
sell	37
francisco	37
goal	37
spot	37
machine	37
warm	37
grow	37
coffee	37
arms	36
russia	36
agency	36
families	36
anti	36
launch	36
band	36
facts	36
hundreds	36
boat	36
views	36
presence	36
eye	36
activity	36
happen	36
helped	36
discussion	36
rates	36
hall	36
dear	36
wedding	36
o	36
q	36
finished	36
constitution	36
temperature	36
trouble	35
hundred	35
arab	35
elements	35
commission	35
fighting	35
reported	35
chernobyl	35
sources	35
info	35
taliban	35
effective	35
eyes	35
estimated	35
older	35
nine	35
includes	35
physical	35
desk	35
dogs	35
vice	35
types	35
concern	35
bay	35
cash	35
changing	35
scale	35
weather	35
adults	35
italian	35
structure	35
thoughts	35
stayed	35
wow	35
sounds	35
played	35
levels	35
santa	35
bar	35
fantastic	35
announced	34
easily	34
calling	34
signed	34
stated	34
learned	34
exist	34
heart	34
dangerous	34
rule	34
northern	34
conditions	34
generally	34
movement	34
conflict	34
alternative	34
truth	34
joined	34
decide	34
eastern	34
channel	34
train	34
possibly	34
owned	34
approach	34
fill	34
previous	34
fit	34
equal	34
join	34
throw	34
weight	34
rice	34
speed	34
forget	34
standards	34
schedule	34
costs	34
academic	34
pain	34
eight	34
japanese	34
towards	34
slow	34
taste	34
male	34
ve	34
languages	34
soldiers	33
mostly	33
troops	33
medicine	33
glad	33
extra	33
otherwise	33
treated	33
jobs	33
task	33
knows	33
korea	33
december	33
william	33
harvard	33
conversation	33
asking	33
designed	33
resources	33
host	33
meant	33
hospital	33
horrible	33
treat	33
prior	33
kay	33
birds	33
sheet	33
meat	33
card	33
bottom	33
museum	33
sat	33
break	33
cars	33
onto	33
bridge	33
alt	33
bought	33
urban	33
foundation	33
warhol	33
j	32
firm	32
fallujah	32
brother	32
scientific	32
ca	32
election	32
muslim	32
asia	32
trading	32
author	32
telling	32
seriously	32
opened	32
text	32
mine	32
believed	32
comfortable	32
dark	32
robert	32
sex	32
walked	32
africa	32
skills	32
reach	32
stand	32
enjoyed	32
southern	32
damage	32
you'd	32
circle	32
payment	32
intended	32
australia	32
florida	32
restaurants	32
dad	32
counterparty	32
insurance	32
loss	32
mathematics	32
teams	32
nook	32
ordered	32
relationship	32
magic	32
cup	32
legislation	32
iodine	32
terrorist	31
vietnam	31
tour	31
exposure	31
observed	31
folks	31
protect	31
names	31
world's	31
bush's	31
impact	31
pro	31
delhi	31
decades	31
aware	31
accepted	31
forced	31
accept	31
carry	31
picture	31
context	31
jury	31
evening	31
refused	31
concerned	31
complex	31
wall	31
salt	31
scheduled	31
aren't	31
quote	31
hidden	31
busy	31
goals	31
responsibility	31
associated	31
explained	31
letters	31
match	31
concept	31
bowl	31
kinda	31
rise	31
arrived	31
completed	31
rooms	31
clair	31
facilities	31
straight	31
dress	31
greek	31
santorum	31
bin	30
protection	30
hearing	30
parties	30
suicide	30
failed	30
spread	30
calls	30
degree	30
tourist	30
remains	30
corner	30
shown	30
expected	30
showing	30
personally	30
double	30
cia	30
passed	30
offered	30
stage	30
determined	30
los	30
angeles	30
totally	30
heavy	30
millions	30
leading	30
spring	30
behavior	30
representative	30
downtown	30
daughter	30
centre	30
die	30
factor	30
sites	30
aspects	30
handle	30
yellow	30
birthday	30
zealand	30
inc	30
cell	30
thomas	30
corporate	30
mary	30
purchase	30
spoke	30
properly	30
canadian	30
screen	30
em	30
ride	30
cycle	30
share	30
glass	30
beach	30
mexican	30
recommended	30
ants	30
teachers	30
sunni	29
release	29
stopped	29
mention	29
worse	29
influence	29
success	29
none	29
path	29
rock	29
traffic	29
demand	29
providing	29
bigger	29
republic	29
grew	29
raised	29
youtube	29
balance	29
egyptian	29
syria	29
movie	29
happens	29
soft	29
pre	29
attorney	29
assistance	29
compared	29
fan	29
hopefully	29
assume	29
joe	29
bed	29
sports	29
slightly	29
positive	29
budget	29
daniel	29
wondering	29
ship	29
engine	29
sitting	29
universities	29
wash	29
parking	29
stars	29
enjambment	29
replication	29
mhm	29
wikihow	29
quinoa	29
update	28
laden	28
kill	28
musharraf	28
pakistani	28
territory	28
liked	28
supreme	28
chief	28
luck	28
numerous	28
pilot	28
jokes	28
counter	28
terrible	28
governor	28
rose	28
income	28
nato	28
fellow	28
lived	28
feels	28
actual	28
seek	28
loan	28
title	28
respond	28
electricity	28
eb	28
miss	28
mm	28
club	28
legs	28
visitors	28
admissions	28
improve	28
campus	28
kim	28
strength	28
humans	28
fields	28
warming	28
horses	28
studying	28
experienced	28
famous	28
frozen	28
moreau	28
jihad	27
launched	27
birth	27
exhibit	27
operations	27
ball	27
unable	27
route	27
track	27
valley	27
filled	27
unfortunately	27
streets	27
catch	27
instructions	27
sector	27
drugs	27
wide	27
senior	27
lie	27
african	27
appeared	27
et	27
funny	27
everybody	27
boy	27
afraid	27
mainly	27
lake	27
christian	27
processes	27
vs	27
jones	27
storm	27
pan	27
finance	27
audience	27
standing	27
efficient	27
technologies	27
code	27
uses	27
offices	27
appropriate	27
reliable	27
approved	27
y	27
proper	27
vacation	27
ben	27
elevator	27
plenty	27
im	27
tom	27
window	27
foods	27
female	27
shoes	27
pleasant	27
galois	27
wikinews	27
vodka	27
skittles	27
border	26
operating	26
terror	26
affected	26
decade	26
disaster	26
htm	26
en	26
treaty	26
ireland	26
grand	26
ltte	26
closed	26
keeping	26
status	26
camp	26
background	26
examples	26
claimed	26
flag	26
operation	26
afghan	26
signs	26
pleased	26
appointment	26
drinking	26
supplies	26
poverty	26
generation	26
plant	26
easier	26
vast	26
they'll	26
prevent	26
comment	26
mission	26
translation	26
round	26
methods	26
h	26
document	26
mouth	26
applied	26
objects	26
proud	26
kitchen	26
married	26
cc	26
covered	26
definition	26
helps	26
hurt	26
association	26
novel	26
welcome	26
menu	26
concepts	26
plague	26
loved	26
boxes	26
owners	26
operators	26
evolutionary	26
theodorus	26
individuals	25
trained	25
originally	25
informed	25
wealth	25
offers	25
helping	25
terrorism	25
pull	25
creating	25
boston	25
taiwan	25
appears	25
bringing	25
palestinian	25
revolution	25
sales	25
aid	25
apart	25
formed	25
surprised	25
issued	25
afford	25
unit	25
fly	25
requirements	25
here's	25
television	25
deals	25
direction	25
seemed	25
hell	25
wiki	25
beat	25
answers	25
prepared	25
relatively	25
sending	25
christmas	25
achieve	25
chapter	25
weekly	25
challenges	25
electric	25
models	25
division	25
depending	25
dance	25
breakfast	25
patient	25
transaction	25
sample	25
rain	25
rent	25
placed	25
transfer	25
primary	25
metro	25
broken	25
escape	25
represent	25
mayor	25
battle	25
clothing	25
bag	25
clothes	25
lighting	25
km	25
debra	25
cognitive	25
holt	25
discovered	24
continues	24
error	24
negative	24
articles	24
league	24
policies	24
favor	24
ran	24
israeli	24
closely	24
destroyed	24
chemical	24
rich	24
worry	24
prepare	24
enter	24
minimum	24
score	24
guard	24
follows	24
trail	24
peter	24
missing	24
germany	24
charged	24
considering	24
purchased	24
widely	24
focused	24
push	24
reduced	24
relations	24
severe	24
brown	24
morality	24
previously	24
buying	24
bbc	24
apparently	24
benefits	24
mental	24
requested	24
associate	24
expressed	24
prove	24
typically	24
waters	24
broad	24
appreciate	24
fund	24
feb	24
pdf	24
holding	24
hello	24
listed	24
ena	24
equipment	24
pack	24
client	24
suggestions	24
internal	24
smith	24
competition	24
measure	24
surgery	24
harry	24
oct	24
sister	24
introduced	24
emergency	24
flowers	24
vehicle	24
normally	24
who's	24
variety	24
snake	24
photos	24
photo	24
steam	24
movies	24
royal	24
perlingiere	24
mohamed	24
inequality	24
metropolitan	24
vlog	24
killing	23
wonder	23
surrounded	23
saudi	23
accident	23
increasing	23
hamas	23
iranian	23
interests	23
successfully	23
religion	23
reality	23
sept	23
dan	23
anybody	23
brief	23
portion	23
chairman	23
frequently	23
mad	23
regard	23
promised	23
reference	23
player	23
knowing	23
port	23
minor	23
materials	23
concerns	23
somebody	23
domain	23
inspired	23
images	23
noticed	23
spain	23
realize	23
multiple	23
useful	23
appear	23
lopez	23
causes	23
determine	23
sick	23
graduate	23
planned	23
participants	23
function	23
developing	23
hotels	23
medium	23
windows	23
fix	23
neither	23
safety	23
lol	23
essential	23
china's	23
researchers	23
buildings	23
thousand	23
painting	23
attended	23
wanna	23
hamster	23
oxygen	23
leaves	23
ll	23
rental	23
ghost	23
snitch	23
investment	22
heads	22
speaking	22
bodies	22
agents	22
formal	22
bank	22
governments	22
attempts	22
historical	22
failure	22
remained	22
writer	22
ed	22
fifty	22
serving	22
noted	22
doubt	22
replace	22
highest	22
ancient	22
dating	22
object	22
relevant	22
soil	22
asian	22
units	22
khan	22
appreciated	22
rare	22
whenever	22
notes	22
specifically	22
husband	22
accurate	22
condition	22
prefer	22
neighborhood	22
constantly	22
somewhat	22
beliefs	22
interviews	22
markets	22
approximately	22
capacity	22
pricing	22
legislative	22
tonight	22
currency	22
speaker	22
confirm	22
bunch	22
copies	22
guests	22
description	22
peoples	22
bathroom	22
usa	22
russell	22
labor	22
shirt	22
assist	22
jim	22
filed	22
core	22
garden	22
experiences	22
faith	22
cleveland	22
teacher	22
planet	22
award	22
housing	22
sweet	22
pieces	22
carbon	22
diversity	22
pollution	22
gift	22
stood	22
depends	22
younger	22
rat	22
wind	22
explore	22
shops	22
tea	22
smell	22
classes	22
ballet	22
writers	22
marbles	22
tulsa	22
jacksonville	22
officers	21
assistant	21
item	21
duty	21
saddam	21
russian	21
extent	21
draw	21
index	21
leadership	21
coalition	21
establish	21
republican	21
shot	21
biological	21
organized	21
sri	21
cooperation	21
japan	21
statements	21
paying	21
click	21
didn	21
earned	21
entirely	21
impossible	21
removed	21
promise	21
confirmed	21
scott	21
pages	21
acts	21
booked	21
murder	21
andaman	21
cards	21
estimate	21
tend	21
militant	21
win	21
smart	21
orders	21
italy	21
principle	21
delivered	21
nick	21
refer	21
village	21
expansion	21
decline	21
opposite	21
remove	21
relief	21
wars	21
seeking	21
analyst	21
steve	21
ken	21
scientists	21
creation	21
disease	21
ingredients	21
hire	21
ect	21
flat	21
users	21
bet	21
gender	21
provisions	21
manage	21
arts	21
consumption	21
wild	21
existing	21
till	21
thirty	21
ld	21
businesses	21
iso	21
software	21
leg	21
ocean	21
skin	21
seconds	21
presented	21
finish	21
appearance	21
drove	21
nose	21
edge	21
wake	21
emperor	21
magazine	21
addiction	21
psychology	21
delicious	21
tourists	21
tail	21
furniture	21
salon	21
cheese	21
flavor	21
commons	21
authorities	20
baghdad	20
jump	20
opposed	20
alliance	20
enemy	20
arm	20
andy	20
comprehensive	20
becoming	20
suffer	20
occupation	20
holy	20
pulled	20
honest	20
agent	20
assembly	20
powerful	20
wave	20
drug	20
charles	20
rd	20
id	20
admitted	20
occurred	20
count	20
blog	20
suggests	20
crew	20
karzai	20
critical	20
senator	20
bob	20
contracts	20
shape	20
closing	20
fairly	20
traveling	20
grown	20
boys	20
educational	20
literally	20
initially	20
listen	20
speech	20
advanced	20
express	20
truly	20
outer	20
map	20
matters	20
expertise	20
dates	20
adding	20
columbia	20
opportunities	20
lose	20
traditional	20
licensed	20
foot	20
bondad	20
approval	20
garage	20
microsoft	20
cargill	20
gross	20
provision	20
spirit	20
behalf	20
reflect	20
motion	20
wood	20
liberty	20
visiting	20
rome	20
testing	20
lights	20
yoga	20
surprise	20
festival	20
universal	20
wolves	20
mountains	20
photography	20
experimental	20
replaced	20
tire	20
hiking	20
scottish	20
subjects	20
grammar	20
padalecki	20
constituency	20
ict	20
mosque	19
breaking	19
largely	19
grounds	19
exact	19
positions	19
adult	19
receiving	19
essentially	19
crisis	19
hate	19
candidate	19
violence	19
talks	19
establishment	19
tiny	19
talked	19
brings	19
episode	19
leads	19
upper	19
philippines	19
fiction	19
jack	19
advance	19
directions	19
unknown	19
maintain	19
confidence	19
secure	19
protected	19
identity	19
shit	19
comparison	19
lucky	19
cast	19
features	19
acting	19
fans	19
founder	19
spending	19
detailed	19
corporation	19
immediate	19
shopping	19
lies	19
supporting	19
elite	19
experts	19
guide	19
necessarily	19
ft	19
theories	19
somehow	19
outstanding	19
revised	19
broke	19
license	19
reply	19
toronto	19
communication	19
ceo	19
participate	19
user	19
expired	19
colleagues	19
expectations	19
watched	19
ultimately	19
argentina	19
injury	19
apartment	19
caught	19
pleasure	19
roughly	19
taxes	19
marie	19
everyday	19
spoken	19
block	19
usual	19
fucking	19
becomes	19
revenue	19
orleans	19
mountain	19
satellite	19
findings	19
starts	19
picked	19
arrogant	19
captain	19
besides	19
library	19
distance	19
stores	19
philadelphia	19
container	19
dining	19
affordable	19
epm	19
chocolate	19
contemporary	19
bottles	19
pharmacy	19
miramar	19
cream	19
architecture	19
faculty	19
abc	19
luther	19
median	19
cara	19
montalvo	19
ozone	19
norton	19
wearing	18
lists	18
missed	18
pushed	18
crime	18
ahmed	18
gain	18
target	18
palestinians	18
pop	18
ill	18
extreme	18
indeed	18
literature	18
begun	18
reportedly	18
sides	18
capable	18
proposal	18
puts	18
loose	18
advantage	18
documents	18
stands	18
passing	18
familiar	18
measures	18
roll	18
centuries	18
possibility	18
immigration	18
organizations	18
recall	18
connections	18
files	18
sold	18
declaration	18
arrested	18
technical	18
importance	18
networks	18
carried	18
supported	18
massive	18
voted	18
weren't	18
archibald	18
gotten	18
transport	18
spiritual	18
phoenix	18
tired	18
suppose	18
channels	18
taught	18
checked	18
identified	18
storage	18
suggested	18
happening	18
eu	18
decent	18
defined	18
joseph	18
noble	18
typical	18
fourth	18
winning	18
evolution	18
players	18
greatly	18
orange	18
quarter	18
industrial	18
confidential	18
fyi	18
cocktail	18
gallery	18
ps	18
fat	18
ie	18
xls	18
cap	18
participation	18
eol	18
fee	18
nd	18
homes	18
latest	18
forum	18
shares	18
audit	18
gotta	18
excited	18
requires	18
raise	18
sweden	18
frank	18
jean	18
programs	18
johnson	18
occur	18
penn	18
runs	18
declared	18
category	18
stronger	18
referred	18
gordon	18
honor	18
forever	18
trees	18
residents	18
falls	18
stick	18
slowly	18
pair	18
degrees	18
song	18
impacts	18
tree	18
theme	18
fell	18
roman	18
teaching	18
length	18
irish	18
wet	18
noise	18
filter	18
lovely	18
quiet	18
impressed	18
selection	18
residential	18
paintings	18
poetry	18
pachomius	18
ctenophores	18
begins	17
scared	17
false	17
terrorists	17
houses	17
criminal	17
drop	17
links	17
edu	17
neck	17
treatments	17
officer	17
secret	17
sooner	17
alleged	17
shortly	17
politics	17
revolutionary	17
exception	17
lanka	17
violent	17
aspect	17
commitment	17
unlike	17
quoted	17
shared	17
likes	17
deliver	17
extended	17
periods	17
suspect	17
command	17
arrest	17
surrounding	17
settled	17
dealing	17
heading	17
strike	17
mohammed	17
strategy	17
personality	17
visual	17
football	17
enforcement	17
laugh	17
regularly	17
turning	17
bright	17
kevin	17
tradition	17
artists	17
checking	17
entertainment	17
amounts	17
primarily	17
resulting	17
execute	17
equality	17
strain	17
lab	17
argued	17
pool	17
processing	17
conclusion	17
exchange	17
cute	17
advise	17
communications	17
categories	17
antonio	17
milk	17
silver	17
forgot	17
summary	17
row	17
shower	17
responses	17
southwest	17
reserve	17
forth	17
shut	17
developments	17
counsel	17
historic	17
institute	17
chances	17
strongly	17
sam	17
selling	17
representatives	17
rocks	17
consequences	17
chain	17
arrival	17
worried	17
hurricane	17
greatest	17
britain	17
tropical	17
golden	17
rays	17
desire	17
civic	17
crazy	17
vegan	17
dividends	17
edit	17
wolf	17
environmental	17
forest	17
martin	17
ends	17
beatles	17
produced	17
anyways	17
connected	17
staying	17
burger	17
bulb	17
mile	17
disney	17
nail	17
electrical	17
bike	17
challenge	17
city's	17
census	17
spacetime	17
cupcakes	17
athens	17
coron	17
chloroplast	17
whereas	16
shiite	16
denied	16
increasingly	16
committed	16
iraqis	16
stuck	16
suggesting	16
headed	16
newspaper	16
contained	16
fifteen	16
dramatic	16
un	16
capture	16
coup	16
substantial	16
figures	16
kashmir	16
tool	16
believes	16
closer	16
regime	16
reserves	16
michigan	16
circumstances	16
belief	16
acceptance	16
keeps	16
understood	16
prize	16
locations	16
merely	16
destination	16
hence	16
academy	16
delta	16
flying	16
requests	16
dollar	16
barely	16
amazon	16
concerning	16
detail	16
entry	16
operate	16
ships	16
peaceful	16
meetings	16
era	16
debate	16
character	16
wheel	16
prominent	16
citizen	16
guilty	16
faced	16
race	16
kid	16
huh	16
wikipedia	16
crowd	16
destruction	16
bother	16
netherlands	16
belgium	16
plane	16
dealer	16
carrying	16
printed	16
chess	16
panel	16
concluded	16
significantly	16
collected	16
senators	16
founded	16
iv	16
valuable	16
transmission	16
compaq	16
fuel	16
shouldn't	16
resume	16
contain	16
recipient	16
we'd	16
shell	16
judgments	16
isda	16
print	16
obtain	16
portland	16
diego	16
yahoo	16
incredibly	16
colors	16
copyright	16
handling	16
guaranty	16
michelle	16
generators	16
producers	16
rough	16
distributed	16
annual	16
australian	16
checks	16
disappointed	16
discount	16
mathematical	16
samuel	16
applications	16
origin	16
wise	16
increases	16
extend	16
waited	16
adopted	16
bottle	16
gmail	16
exercise	16
latin	16
alcohol	16
vision	16
muscles	16
cooked	16
ive	16
riding	16
rapid	16
temperatures	16
native	16
mixed	16
bible	16
anymore	16
twelve	16
zero	16
toys	16
memorial	16
describe	16
stupid	16
artistic	16
drinks	16
customs	16
colleges	16
instructor	16
tasks	16
weird	16
dancing	16
structures	16
appeal	16
mutation	16
readers	16
l'enfant	16
jerome	16
warhol's	16
barbie	16
settlers	16
quartile	16
tem	16
syrian	15
causing	15
fbi	15
branch	15
armed	15
banks	15
kinds	15
muslims	15
affect	15
radiation	15
remaining	15
strengthen	15
encourage	15
improvement	15
one's	15
stability	15
tested	15
opposition	15
confused	15
radical	15
blow	15
biggest	15
faces	15
conventional	15
tamil	15
backed	15
jan	15
recorded	15
distinction	15
ignore	15
scholars	15
dave	15
retired	15
perfectly	15
grab	15
communist	15
islamists	15
aside	15
execution	15
newly	15
papers	15
absolute	15
solid	15
destroy	15
procedure	15
journals	15
suffered	15
facility	15
rapidly	15
charges	15
nervous	15
ms	15
dated	15
recognized	15
weapon	15
practices	15
topic	15
loving	15
editor	15
entering	15
romantic	15
bedroom	15
notion	15
susan	15
cultures	15
wanting	15
remarks	15
broader	15
combined	15
funded	15
crucial	15
plot	15
sets	15
babies	15
infrastructure	15
moves	15
expanding	15
acquired	15
abroad	15
addressed	15
consistent	15
manual	15
proceed	15
complaint	15
brazil	15
server	15
invited	15
presentation	15
jason	15
assigned	15
artist	15
mama	15
sushi	15
defining	15
hoping	15
assuming	15
wont	15
transactions	15
floating	15
shuttle	15
gcp	15
laid	15
parks	15
guidelines	15
implementation	15
executed	15
freeze	15
download	15
courses	15
sincerely	15
format	15
convention	15
efficiency	15
supply	15
contribution	15
wishes	15
finger	15
pennsylvania	15
pocket	15
interconnect	15
ticket	15
palace	15
factors	15
principles	15
feature	15
dreams	15
computers	15
radio	15
websites	15
proof	15
reduction	15
votes	15
expanded	15
thinks	15
sand	15
carolina	15
gay	15
ave	15
plays	15
conducted	15
atlantic	15
montana	15
combination	15
certificate	15
comedy	15
studio	15
manner	15
alike	15
holds	15
prince	15
zoom	15
leash	15
tips	15
videos	15
cant	15
statue	15
beaches	15
farm	15
smooth	15
cheapest	15
classical	15
chickens	15
rabbit	15
hole	15
dh	15
graphic	15
shelf	15
gym	15
baking	15
routes	15
facebook	15
explorer	15
abbas	15
liquid	15
linguistic	15
samples	15
narrative	15
films	15
patents	15
agriculture	15
stardust	15
biden	15
kenya	15
quidditch	15
tesla	15
targets	14
dean	14
driver	14
dec	14
visible	14
setting	14
islam	14
supporters	14
unlikely	14
sharon	14
cutting	14
affairs	14
oldest	14
movements	14
encouraged	14
invasion	14
sheikh	14
truck	14
country's	14
package	14
pointed	14
resulted	14
frequent	14
empty	14
challenging	14
beijing	14
kerry	14
regulation	14
terry	14
conservative	14
registered	14
custom	14
navy	14
transit	14
elsewhere	14
linked	14
thai	14
assault	14
maintained	14
writes	14
nobody	14
repeatedly	14
facing	14
scenario	14
toxic	14
suffering	14
traders	14
flights	14
tracking	14
devil	14
evil	14
deficiency	14
loves	14
invitation	14
functional	14
scene	14
jewish	14
contrast	14
perspective	14
egypt	14
performed	14
circles	14
hungry	14
tours	14
mrs	14
racial	14
victory	14
crop	14
threatened	14
resort	14
accounts	14
techniques	14
tickets	14
waiver	14
sentence	14
containing	14
signature	14
sufficient	14
dropped	14
administrative	14
responsibilities	14
painewebber	14
stretch	14
solutions	14
entity	14
hanging	14
galleries	14
mann	14
intend	14
bite	14
introduction	14
patience	14
davis	14
yours	14
relationships	14
quantity	14
submitted	14
turbine	14
dow	14
receipt	14
marked	14
exam	14
contributions	14
pipeline	14
mistake	14
poland	14
scotland	14
qualified	14
button	14
obsf	14
stream	14
session	14
remote	14
guarantee	14
properties	14
goode	14
workforce	14
cent	14
feedback	14
duke	14
mississippi	14
gravity	14
collecting	14
strange	14
recognize	14
payments	14
represented	14
profit	14
lesson	14
crash	14
possibilities	14
fillmore	14
awarded	14
badly	14
apple	14
suddenly	14
travelling	14
promote	14
sir	14
cheney	14
concrete	14
breath	14
everywhere	14
legitimate	14
wildlife	14
pockets	14
doors	14
stone	14
throat	14
rising	14
stops	14
cleaned	14
pledge	14
maintaining	14
feathers	14
rabbits	14
loud	14
applying	14
patients	14
sugar	14
pride	14
meals	14
firefox	14
labour	14
evolved	14
catholic	14
empire	14
higuchi	14
waive	14
asylum	14
floyd	14
renata	14
loans	14
librarians	14
grit	14
newcastle	14
cells	13
humanity	13
managed	13
venture	13
abdul	13
soviet	13
stanford	13
reached	13
asp	13
grateful	13
revealed	13
hopes	13
managers	13
joint	13
allies	13
thereby	13
people's	13
presidential	13
vital	13
assessment	13
arrive	13
deeply	13
achieved	13
violation	13
involvement	13
ethnic	13
expert	13
offensive	13
discussions	13
initiative	13
hindu	13
slice	13
sake	13
ethics	13
alabama	13
weekends	13
measured	13
notch	13
aged	13
entered	13
he'd	13
agencies	13
answered	13
examination	13
wilson	13
claiming	13
rescue	13
threw	13
abuse	13
ongoing	13
louis	13
featured	13
covers	13
sink	13
unity	13
tip	13
persons	13
passport	13
pattern	13
deny	13
suspected	13
listening	13
enjoying	13
goods	13
remembered	13
figured	13
conversations	13
firms	13
mechanism	13
witnesses	13
murders	13
pure	13
purposes	13
load	13
poet	13
reaction	13
tourism	13
buses	13
relative	13
influential	13
horror	13
herself	13
rolling	13
repeat	13
inner	13
functions	13
difficulties	13
scientist	13
directed	13
studied	13
talent	13
indicated	13
manufacturing	13
marketing	13
rarely	13
lawyer	13
survey	13
domestic	13
defendant	13
considerable	13
refers	13
cindy	13
employment	13
consideration	13
ensuring	13
llc	13
cancel	13
wrap	13
expecting	13
reminder	13
corp	13
worldwide	13
identify	13
sue	13
messages	13
initiated	13
hr	13
delete	13
satisfied	13
guest	13
compete	13
shackleton	13
philosophy	13
correctly	13
legally	13
expense	13
split	13
slight	13
craig	13
ted	13
confident	13
enrononline	13
towns	13
lets	13
offering	13
confusion	13
addresses	13
operator	13
adequate	13
exists	13
inspection	13
existence	13
agreements	13
legacy	13
divisions	13
select	13
mouse	13
tells	13
hearings	13
involves	13
losing	13
lady	13
collect	13
methodist	13
aim	13
fuck	13
procedures	13
innovation	13
discover	13
smoke	13
eighteen	13
pittsburgh	13
derived	13
kingdom	13
katrina	13
barn	13
sections	13
exploration	13
charter	13
equally	13
defeated	13
constitutional	13
strategies	13
entitled	13
avian	13
pets	13
survive	13
descendants	13
insects	13
geographical	13
caribbean	13
household	13
pour	13
ad	13
cafe	13
companion	13
allows	13
advertising	13
ah	13
eleven	13
gained	13
fees	13
henry	13
stress	13
dust	13
cleaning	13
situations	13
egg	13
canon	13
display	13
worms	13
perform	13
cheaper	13
it'll	13
obvious	13
auto	13
iguazu	13
renaissance	13
comb	13
fifth	13
couch	13
cannon	13
holes	13
teach	13
frame	13
uvb	13
dentist	13
beer	13
awful	13
dishes	13
arranged	13
polish	13
cook	13
theatre	13
mixture	13
divided	13
aesthetic	13
sss	13
bernoulli	13
jenna	13
nida	13
balloons	13
einstein	13
ai	13
ant	13
usi	13
oath	13
moriori	13
straps	13
province	12
bombs	12
seats	12
indicates	12
hide	12
arabia	12
peninsula	12
versions	12
opinions	12
cancer	12
deaths	12
breaks	12
linda	12
northwest	12
islamist	12
virtually	12
funding	12
foreigners	12
cry	12
criticism	12
spokesman	12
latter	12
argue	12
conduct	12
driven	12
practical	12
demonstrate	12
signing	12
tigers	12
difficulty	12
chairs	12
phase	12
narrow	12
dirty	12
sought	12
dominated	12
outcome	12
supports	12
involving	12
permanent	12
thailand	12
coverage	12
indicate	12
democrats	12
attacked	12
gifts	12
surprisingly	12
incident	12
posada	12
investigation	12
austin	12
searching	12
adventure	12
meter	12
rocket	12
nest	12
raw	12
constant	12
tough	12
nevertheless	12
fluid	12
falling	12
zone	12
headquarters	12
reporting	12
partners	12
dedicated	12
noon	12
subsequent	12
characters	12
affair	12
generations	12
nights	12
dealt	12
publication	12
serves	12
charity	12
privileged	12
el	12
gdp	12
element	12
eliminate	12
blown	12
desperate	12
seas	12
funds	12
vendors	12
donations	12
camps	12
retail	12
carefully	12
landscape	12
contest	12
sufaat	12
emails	12
contains	12
distribution	12
overseas	12
traveled	12
doctors	12
granted	12
officially	12
phrase	12
obtained	12
suit	12
permit	12
inflation	12
year's	12
steak	12
compare	12
salary	12
privacy	12
asap	12
rank	12
francis	12
ultimate	12
pants	12
maximum	12
suite	12
ontario	12
introduce	12
enable	12
rick	12
plain	12
ruth	12
monthly	12
limit	12
paragraph	12
volume	12
inch	12
virus	12
flow	12
yep	12
brand	12
gregg	12
cooking	12
sometime	12
avenue	12
ny	12
updated	12
instant	12
occasions	12
ladies	12
pat	12
anthony	12
propose	12
devoted	12
contents	12
harris	12
bc	12
investigate	12
peak	12
tw	12
stan	12
nearby	12
extensive	12
mercury	12
steel	12
pacific	12
safer	12
drops	12
today's	12
holiday	12
consumers	12
undergraduate	12
crude	12
clause	12
represents	12
imagination	12
faster	12
arctic	12
bears	12
andrew	12
accessible	12
maps	12
persian	12
flood	12
raising	12
breathe	12
lighter	12
protest	12
relation	12
spacecraft	12
scored	12
cages	12
bills	12
reputation	12
alaska	12
they've	12
highway	12
dna	12
switched	12
tight	12
packed	12
universe	12
phillip	12
winds	12
lennon	12
preparing	12
muscle	12
ur	12
nz	12
kitten	12
gallon	12
predators	12
precise	12
drama	12
survival	12
chosen	12
tablet	12
laser	12
rail	12
feeding	12
alot	12
snakes	12
tall	12
washing	12
ideal	12
cake	12
carnival	12
inexpensive	12
knowledgeable	12
salad	12
cuban	12
witness	12
sox	12
extract	12
warwick	12
matthew	12
imperial	12
gamer	12
crops	12
onion	12
cottage	12
norman	12
ey	12
colonial	12
classroom	12
limb	12
pierre	12
linguistics	12
mitchell	12
hm	12
lemon	12
vaccine	12
appellants	12
rentals	12
particles	12
trump	12
wai	12
polaroids	12
disobedience	12
airbnb	12
socotra	12
cyclone	12
mongol	12
dynasty	12
jin	12
rhine	12
ministry	11
interior	11
equivalent	11
guerrillas	11
ali	11
tribe	11
demonstrated	11
assassination	11
membership	11
nov	11
implemented	11
blocks	11
define	11
pregnant	11
heavily	11
defence	11
lessons	11
disability	11
default	11
khalid	11
legitimacy	11
succeed	11
shiites	11
edwards	11
ban	11
moreover	11
strongest	11
promoting	11
chose	11
guards	11
iran's	11
petroleum	11
jordan	11
neighbors	11
aggressive	11
explains	11
recognition	11
veteran	11
intervention	11
visits	11
innocent	11
missiles	11
acceptable	11
brothers	11
records	11
reduce	11
handed	11
candidates	11
belong	11
mess	11
reconciliation	11
sharing	11
seat	11
relaxed	11
saved	11
ring	11
virtual	11
myanmar	11
wing	11
illegal	11
thick	11
toll	11
southeast	11
homeland	11
settle	11
guns	11
journey	11
subsequently	11
northeast	11
journal	11
adds	11
assured	11
warned	11
shift	11
oppose	11
unlimited	11
substance	11
youth	11
cabinet	11
insight	11
exciting	11
appointed	11
dc	11
walls	11
fallen	11
tools	11
silent	11
assets	11
ex	11
cited	11
shoot	11
fantasy	11
christians	11
valid	11
containers	11
hung	11
lifestyle	11
moslem	11
sudan	11
expression	11
spectacular	11
strict	11
pirates	11
incredible	11
monitor	11
transition	11
contacted	11
concentration	11
grant	11
chemicals	11
mobile	11
suggestion	11
achieving	11
blanket	11
height	11
explanation	11
brian	11
discovery	11
roberts	11
duties	11
specialist	11
confidentiality	11
listing	11
competitive	11
gray	11
sale	11
yo	11
engage	11
anderson	11
convenient	11
priority	11
elizabeth	11
returning	11
consumer	11
lock	11
enron's	11
kyle	11
potentially	11
assess	11
voices	11
mailto	11
documentation	11
gardens	11
sum	11
modify	11
adjust	11
ga	11
registration	11
incorporated	11
allocated	11
awards	11
vanilla	11
priced	11
recommendations	11
sao	11
paulo	11
acknowledge	11
barrels	11
resource	11
interviewed	11
saving	11
questar	11
ourselves	11
mode	11
realistic	11
astronauts	11
kennedy	11
giant	11
gel	11
compensation	11
diseases	11
consciousness	11
fortier	11
girlfriend	11
bronze	11
fruit	11
travels	11
browser	11
independence	11
madam	11
distinguished	11
stadium	11
roof	11
lunar	11
crossed	11
bands	11
calm	11
infinite	11
happiness	11
fruits	11
regret	11
rush	11
achievements	11
crap	11
arriving	11
trend	11
inquiry	11
dallas	11
centers	11
prosperity	11
traveler	11
lodge	11
recording	11
produces	11
popularity	11
conscious	11
tie	11
missile	11
gains	11
industries	11
cuba	11
longest	11
skilled	11
infected	11
rats	11
eaten	11
hunting	11
mold	11
rubber	11
stations	11
sleeping	11
dish	11
artwork	11
moisture	11
suburbs	11
gosh	11
semi	11
springs	11
catalog	11
grill	11
airlines	11
genes	11
notable	11
alive	11
awake	11
teeth	11
behaviors	11
heels	11
oven	11
attracted	11
nails	11
tracks	11
sport	11
attitude	11
overpriced	11
tasted	11
coach	11
aesthetics	11
passion	11
mechanics	11
comparing	11
seekers	11
influenced	11
dental	11
inclusive	11
cpa	11
plaintiffs	11
mozilla	11
scores	11
emphasis	11
artworks	11
sa	11
korean	11
bye	11
characteristics	11
prosperous	11
systematic	11
commonly	11
massachusetts	11
colonies	11
olympics	11
equivalence	11
tabennese	11
immune	11
na	11
covenants	11
obama	11
betty	11
doesn	11
sacco	11
integration	11
packet	11
inhabitants	11
olmec	11
maya	11
mainland	11
seeds	11
cupcake	11
ml	11
ipcc	11
announcement	10
declined	10
arabs	10
helicopters	10
dream	10
abandoned	10
bomb	10
mosques	10
propaganda	10
enormous	10
blame	10
widespread	10
regions	10
existed	10
gov	10
ha	10
therapy	10
machines	10
urge	10
overwhelming	10
fake	10
audio	10
tape	10
captured	10
hosts	10
attempted	10
iron	10
clinton	10
posed	10
merit	10
reducing	10
scenes	10
dozen	10
capability	10
simultaneously	10
attract	10
bangladesh	10
desert	10
fighter	10
da	10
yearly	10
superior	10
evaluation	10
hill	10
threats	10
descriptions	10
resistance	10
harm	10
borders	10
miami	10
ruling	10
contacts	10
naval	10
iii	10
relate	10
malaysia	10
horizon	10
tons	10
allegedly	10
lying	10
tied	10
pledged	10
crossing	10
acted	10
hub	10
rural	10
priest	10
robinson	10
lawyers	10
naked	10
arguments	10
victims	10
creativity	10
headlines	10
underground	10
reward	10
preparation	10
phenomenon	10
disappeared	10
pub	10
convinced	10
posts	10
employed	10
max	10
regardless	10
occasion	10
publications	10
creates	10
breeding	10
heaven	10
newspapers	10
wholesale	10
welfare	10
blind	10
limitations	10
penalty	10
stones	10
temporary	10
versus	10
struggle	10
branches	10
trillion	10
aafia	10
liberal	10
imprisoned	10
apparent	10
curves	10
hong	10
coordinator	10
honestly	10
scope	10
paperwork	10
invest	10
agenda	10
reviewing	10
respectively	10
regulatory	10
georgia	10
colorful	10
technique	10
realized	10
substantially	10
attachment	10
tests	10
trips	10
skip	10
terminal	10
commit	10
administrator	10
calendar	10
laurie	10
flooding	10
survived	10
trader	10
approve	10
roles	10
tremendous	10
bp	10
password	10
departments	10
shake	10
submit	10
engineering	10
phones	10
laura	10
designated	10
picking	10
taylor	10
travis	10
musical	10
separately	10
remind	10
amsterdam	10
hesitate	10
improved	10
rob	10
duration	10
berkeley	10
clock	10
register	10
amendment	10
representation	10
intention	10
analyses	10
requiring	10
loading	10
absence	10
excuse	10
topics	10
completing	10
reserved	10
commissioners	10
legislature	10
afterwards	10
shock	10
indiana	10
stephanie	10
setup	10
gis	10
observations	10
risks	10
fashion	10
grandmother	10
focuses	10
focusing	10
sanders	10
reader	10
telephone	10
protocol	10
lazy	10
thats	10
technically	10
errors	10
soul	10
juice	10
allowing	10
sandwich	10
ending	10
curious	10
automatic	10
insights	10
partner	10
resident	10
cuts	10
ordinary	10
alito	10
economics	10
secondary	10
examining	10
patterns	10
composition	10
pile	10
assumed	10
perceived	10
mac	10
minority	10
admit	10
ups	10
trends	10
happier	10
dies	10
del	10
silk	10
fame	10
lasted	10
mart	10
emissions	10
historically	10
gambling	10
nowhere	10
sorts	10
smallest	10
mice	10
dried	10
cabin	10
parakeet	10
aka	10
fries	10
photographer	10
desired	10
travelers	10
whilst	10
jpg	10
bread	10
clinics	10
breast	10
fujairah	10
lifetime	10
pace	10
biting	10
balls	10
relax	10
tragedy	10
honey	10
achievement	10
medieval	10
broadcast	10
slower	10
cruises	10
kittens	10
pot	10
halal	10
onions	10
ho	10
contrary	10
finds	10
necessity	10
compact	10
tap	10
enjoyable	10
farrier	10
grain	10
heritage	10
tires	10
random	10
collections	10
vintage	10
tasting	10
composed	10
mix	10
vegetables	10
mechanic	10
arguing	10
whatsoever	10
soda	10
appreciation	10
mistakes	10
instruments	10
specialized	10
objective	10
interpreted	10
rainforest	10
equals	10
argues	10
estate	10
artificial	10
exhibits	10
shirts	10
shoulders	10
environments	10
societies	10
institutional	10
syntactic	10
lexical	10
cognition	10
sectional	10
lectures	10
duel	10
actor	10
citation	10
formerly	10
monks	10
molecules	10
sore	10
microscope	10
singing	10
instruction	10
isn	10
boom	10
experiment	10
tyler	10
formation	10
albania	10
wilkins	10
librarian	10
policing	10
imperialism	10
twist	10
chathams	10
guadeloupe	10
terre	10
isfahan	10
rida	10
dutch	10
fresno	10
pharmacists	10
primes	10
chalabi	9
ties	9
dominant	9
hussein	9
civilians	9
distinguish	9
rely	9
jews	9
promoted	9
titled	9
parent	9
gather	9
corps	9
uniform	9
framework	9
restrictions	9
mainstream	9
recruiting	9
referring	9
conflicts	9
danger	9
weak	9
moderate	9
organize	9
unprecedented	9
drawn	9
defensive	9
delay	9
initiate	9
demanding	9
india's	9
accord	9
resolution	9
deployed	9
negotiated	9
external	9
advised	9
separated	9
colin	9
attempting	9
buddhist	9
emerging	9
eager	9
unusual	9
solve	9
requirement	9
globe	9
column	9
memories	9
origins	9
taxi	9
viable	9
crimes	9
guaranteed	9
interference	9
implications	9
indonesia	9
migrated	9
populated	9
generate	9
aboard	9
aviation	9
passes	9
publicly	9
angry	9
isolated	9
motivation	9
enhanced	9
solving	9
recover	9
goodwyn	9
frequency	9
burning	9
airline	9
receives	9
replacement	9
marry	9
contributed	9
programming	9
damn	9
christ	9
mujahedeen	9
poster	9
jimmy	9
satan	9
controlled	9
festivals	9
expand	9
deliberately	9
jesus	9
parallel	9
intellectual	9
alex	9
scary	9
pin	9
blowing	9
wealthy	9
cruel	9
incitement	9
civilization	9
arrange	9
hospitals	9
diplomacy	9
routine	9
flows	9
emotional	9
financing	9
punishment	9
hezbollah	9
mecca	9
inquiries	9
mailings	9
warning	9
qaeda's	9
spray	9
nyc	9
ames	9
patrick	9
seed	9
van	9
wire	9
relating	9
appropriations	9
prevented	9
guarantees	9
sender	9
correspondence	9
tel	9
congratulations	9
mutual	9
correlation	9
premium	9
amongst	9
rated	9
device	9
entities	9
rolls	9
walker	9
magnificent	9
ryan	9
timing	9
intervening	9
steven	9
mmbtu	9
reflects	9
revision	9
brooklyn	9
prohibited	9
gates	9
edison	9
swap	9
fixing	9
hosting	9
columns	9
availability	9
joining	9
buenos	9
aires	9
sixth	9
participating	9
bars	9
debbie	9
grades	9
z	9
prompt	9
complicated	9
comfort	9
tana	9
ya	9
harrison	9
kick	9
songs	9
gonzales	9
pa	9
forwarded	9
pounds	9
ph	9
adjustment	9
adjustments	9
greetings	9
tariff	9
jurisdiction	9
securities	9
balances	9
objectives	9
returns	9
bugs	9
burden	9
principal	9
managing	9
df	9
importantly	9
engaged	9
database	9
inches	9
marine	9
sessions	9
stolen	9
gathered	9
earliest	9
moments	9
williams	9
observation	9
remedies	9
earl	9
mature	9
switch	9
fran	9
gerry	9
trash	9
preserve	9
affects	9
innovative	9
toes	9
knife	9
defend	9
greeted	9
sixteen	9
estimates	9
reduces	9
caring	9
arena	9
glow	9
gently	9
traditions	9
tear	9
vi	9
partnership	9
lottery	9
bucks	9
yellowstone	9
regulations	9
accommodate	9
turns	9
sight	9
diverse	9
additionally	9
reflection	9
partnerships	9
paint	9
odd	9
socially	9
cloud	9
orchestra	9
fingers	9
essence	9
vehicles	9
combat	9
craft	9
fired	9
palm	9
depression	9
nobel	9
involve	9
consistently	9
fought	9
rumsfeld	9
factory	9
bones	9
clay	9
plaster	9
dwarf	9
boarding	9
dislike	9
easiest	9
montparnasse	9
saint	9
brightness	9
crab	9
sights	9
newer	9
mins	9
corners	9
accommodation	9
ian	9
gold	9
johann	9
sussex	9
cups	9
guinea	9
puppy	9
pairs	9
volunteer	9
mariner	9
cheek	9
sad	9
crowds	9
cartoon	9
wasted	9
hoof	9
flirting	9
symptoms	9
mi	9
coincidence	9
starbucks	9
colored	9
kidding	9
printing	9
oriented	9
wines	9
demanded	9
bell	9
tasty	9
courage	9
wished	9
tech	9
installed	9
interaction	9
statistics	9
reveal	9
noida	9
ferry	9
donated	9
circuit	9
fortune	9
protestant	9
interpretation	9
tort	9
aging	9
durham	9
preserved	9
facilitate	9
discipline	9
impartial	9
authors	9
cfl	9
lands	9
waves	9
femur	9
discourse	9
transmedia	9
mathematician	9
huguenots	9
privately	9
cambridge	9
hajj	9
podcast	9
monastery	9
passage	9
ruled	9
mandatory	9
hunh	9
erasmus	9
person's	9
court's	9
possession	9
dominguez	9
ethane	9
shorts	9
interstellar	9
chalmers	9
carroll	9
pete	9
paralympics	9
unesco	9
librivox	9
mets	9
rebuild	9
productive	9
rathbun	9
divide	9
entrepreneurial	9
percentiles	9
lipstick	9
iodised	9
shobhajatra	9
bombings	8
surgeon	8
engineer	8
clan	8
tehran	8
refusing	8
tens	8
shooting	8
ip	8
bloody	8
sudden	8
describing	8
reporter	8
wounded	8
operative	8
fault	8
exposed	8
persistent	8
ac	8
shoe	8
priorities	8
thrown	8
muhammad	8
defeat	8
justification	8
politically	8
tensions	8
cease	8
spots	8
runner	8
nomination	8
seized	8
answering	8
giants	8
ironically	8
lebanese	8
thorough	8
aftermath	8
warfare	8
strip	8
drew	8
occupied	8
promotion	8
nation's	8
beef	8
launching	8
rounds	8
proceeding	8
implement	8
minus	8
conferences	8
brass	8
temples	8
outcomes	8
convert	8
haven	8
indians	8
struck	8
analysts	8
op	8
gandhi	8
perception	8
osama	8
obligation	8
satisfy	8
moore	8
permission	8
renewed	8
fail	8
voting	8
allawi	8
openly	8
asserted	8
vulnerable	8
puppet	8
consensus	8
asset	8
identifies	8
wider	8
allegations	8
dale	8
convince	8
archive	8
pg	8
hughes	8
sheriff's	8
louisiana	8
christopher	8
hiding	8
freely	8
migrants	8
ranging	8
repeated	8
extremist	8
coastal	8
kabul	8
powers	8
stable	8
welcomed	8
pad	8
sensitive	8
medal	8
damaged	8
abilities	8
nephew	8
groom	8
worker	8
father's	8
yale	8
democrat	8
drunk	8
flesh	8
mirror	8
hired	8
fears	8
critics	8
billions	8
meanwhile	8
chest	8
atlanta	8
wives	8
vegetable	8
profits	8
contractors	8
denmark	8
ranks	8
absorb	8
partly	8
belongs	8
religions	8
satanism	8
exhibition	8
acquiring	8
ye	8
technological	8
libya	8
translated	8
injuries	8
improving	8
controls	8
deliberate	8
temple	8
walks	8
switzerland	8
avoiding	8
invite	8
refuse	8
worship	8
motive	8
ambitious	8
photographs	8
guidance	8
laptop	8
memo	8
alert	8
sponsored	8
hatfill	8
prophet	8
airfare	8
rejected	8
controversial	8
jr	8
stephen	8
commitments	8
sydney	8
kong	8
producer	8
anne	8
transmitted	8
math	8
rating	8
satisfactory	8
demands	8
ferc	8
porch	8
leon	8
indication	8
virginia	8
numbered	8
wa	8
spelling	8
sf	8
calgary	8
professionals	8
reviewed	8
utility	8
miller	8
proprietary	8
surveys	8
implementing	8
invoice	8
sitara	8
jane	8
sj	8
ellis	8
spreadsheet	8
jared	8
notify	8
melanie	8
modified	8
faxed	8
releases	8
approached	8
hyatt	8
usd	8
he'll	8
accordingly	8
attachments	8
generated	8
sees	8
jose	8
joy	8
lane	8
motor	8
dirt	8
gate	8
careful	8
recovery	8
hasn't	8
cozy	8
shocked	8
harder	8
exploring	8
they'd	8
amy	8
injured	8
loop	8
attractive	8
collapse	8
deemed	8
karim	8
liquidation	8
responded	8
alberta	8
dial	8
prompted	8
shaped	8
norway	8
molly	8
documented	8
timely	8
accounting	8
inform	8
usage	8
covering	8
titman	8
ecs	8
automatically	8
accomplish	8
disco	8
ignored	8
posting	8
respectfully	8
recommendation	8
ferrous	8
allowance	8
eve	8
ss	8
karen	8
shadow	8
creek	8
overnight	8
stranger	8
paths	8
inn	8
pen	8
platform	8
combine	8
bond	8
rhonda	8
settlements	8
trails	8
revenues	8
investors	8
dunn	8
leopold	8
suck	8
smoking	8
superb	8
boost	8
collective	8
beings	8
shame	8
destiny	8
choices	8
agel	8
uniquely	8
males	8
females	8
invented	8
cure	8
lord	8
polar	8
snack	8
glasses	8
comp	8
larry	8
selective	8
selected	8
maintenance	8
gaming	8
belt	8
courts	8
interface	8
collaboration	8
shoulder	8
upcoming	8
battles	8
letting	8
restored	8
prayer	8
abby	8
contribute	8
admission	8
coal	8
gentle	8
practicing	8
conclude	8
nc	8
mild	8
vegetarian	8
relaxing	8
rip	8
integrity	8
reaches	8
boards	8
ate	8
legend	8
populations	8
oregon	8
habitat	8
dynamic	8
occasionally	8
glacier	8
pew	8
empirical	8
experiencing	8
exceed	8
solar	8
shrimp	8
lasting	8
anytime	8
arkansas	8
snow	8
trot	8
adopt	8
impressive	8
gaining	8
bacon	8
ruy	8
sticks	8
yield	8
dumb	8
rid	8
sin	8
bass	8
curse	8
promotional	8
ugly	8
worn	8
engagement	8
decrease	8
endeavor	8
donald	8
grants	8
airports	8
passenger	8
fool	8
pros	8
sensor	8
coupons	8
fabric	8
bearded	8
wax	8
rachel	8
vietnamese	8
i'ma	8
decor	8
blogspot	8
shots	8
chef	8
talented	8
olympic	8
mount	8
btw	8
chill	8
suitable	8
dubai	8
fishing	8
tame	8
heating	8
fabulous	8
christchurch	8
hop	8
ordering	8
criteria	8
fancy	8
ages	8
dominate	8
potter	8
prey	8
bags	8
pig	8
preferred	8
massage	8
ridiculous	8
pho	8
diet	8
auckland	8
tries	8
bulbs	8
ought	8
architectural	8
thoroughly	8
salsa	8
beware	8
grocery	8
fried	8
penny	8
authentic	8
soup	8
fitness	8
toyota	8
operated	8
dealership	8
sandwiches	8
jersey	8
threatening	8
converted	8
nicely	8
hills	8
baseball	8
sized	8
servers	8
differ	8
countless	8
cried	8
cans	8
governing	8
depend	8
semantics	8
epic	8
reflected	8
climbing	8
gregory	8
compound	8
dose	8
collins	8
janette	8
elbertson	8
edward	8
heroes	8
performances	8
winston	8
basketball	8
humanities	8
unequal	8
quilis	8
abstract	8
occurs	8
li	8
sustained	8
modification	8
semantic	8
si	8
geometry	8
simon	8
velocity	8
conjecture	8
celebrated	8
cemetery	8
championship	8
viewed	8
doctrine	8
statute	8
respondent	8
voluntary	8
commonwealth	8
consultation	8
freezer	8
pinch	8
fracking	8
twitter	8
explanations	8
agricultural	8
pag	8
blinking	8
vegetation	8
peroxide	8
neologism	8
victoria	8
economies	8
prep	8
lantern	8
referee	8
municipality	8
newton	8
yields	8
pandemic	8
ruse	8
constructed	8
ethnocentrism	8
quartiles	8
lipsticks	8
armenian	8
shah	8
soy	8
chute	8
cyclones	8
mangal	8
overalls	8
freeway	8
bombing	7
hopeful	7
arvn	7
commander	7
accused	7
mere	7
sadr	7
joking	7
clerics	7
shia	7
hay	7
kicked	7
stepped	7
confirming	7
childhood	7
attributed	7
proven	7
women's	7
characterized	7
rep	7
doubts	7
children's	7
ayman	7
signal	7
fundamentalist	7
gaza	7
likewise	7
solved	7
households	7
ronald	7
sharp	7
anger	7
cole	7
gradually	7
armies	7
withdraw	7
protests	7
rebels	7
bid	7
northeastern	7
frustrated	7
complained	7
reaching	7
fleeing	7
powell	7
realists	7
regarded	7
emerged	7
sonia	7
insurgency	7
hu	7
formally	7
theater	7
transferred	7
discharge	7
exceptionally	7
continually	7
veterans	7
byron	7
relatives	7
effectively	7
patron	7
scheme	7
surge	7
dependent	7
coat	7
ports	7
acknowledged	7
neighbours	7
avoided	7
traditionally	7
poses	7
tribes	7
multi	7
speaks	7
civilian	7
substances	7
blount	7
obligations	7
lieutenant	7
baba	7
republicans	7
evenings	7
headline	7
pentagon	7
gerald	7
forming	7
cloth	7
individually	7
jeffs	7
caps	7
arizona	7
stir	7
daughters	7
gene	7
beating	7
kuwait	7
youngest	7
wisdom	7
praise	7
establishments	7
er	7
neighbor	7
lo	7
amazed	7
fri	7
mystery	7
apologize	7
sub	7
advisory	7
poison	7
gaps	7
greece	7
turkey	7
crowded	7
identical	7
tolerate	7
politicians	7
holocaust	7
cameras	7
accompanied	7
arafat	7
eats	7
blows	7
operates	7
minimal	7
performing	7
colony	7
territories	7
surprising	7
react	7
surrender	7
costly	7
mohammed's	7
zacarias	7
ksm	7
advances	7
disagree	7
stages	7
moussaoui	7
shed	7
filing	7
wherever	7
relying	7
purchasing	7
assisting	7
testimony	7
pursue	7
debt	7
jennifer	7
proposing	7
bobby	7
representing	7
washed	7
relates	7
deserve	7
guilt	7
pending	7
uncertain	7
panama	7
philip	7
kaminski	7
paula	7
elena	7
refund	7
equity	7
bound	7
cares	7
alternatives	7
grid	7
essie	7
ebs	7
expenses	7
acquisition	7
commodity	7
orientation	7
attach	7
epc	7
remarkably	7
beers	7
ass	7
winner	7
cd	7
kathy	7
cheers	7
laundry	7
drafted	7
input	7
dasovich	7
offended	7
regulated	7
actively	7
overcome	7
anonymous	7
updates	7
judy	7
tennessee	7
notified	7
lobby	7
morgan	7
caroline	7
collateral	7
bailey	7
calculation	7
singapore	7
distant	7
copying	7
eric	7
wed	7
ton	7
grass	7
scholarship	7
aol	7
listened	7
powder	7
meh	7
coordinate	7
neat	7
bradley	7
tx	7
amended	7
gentlemen	7
respective	7
incorrect	7
shipped	7
utilities	7
municipalities	7
logo	7
jonathan	7
proceeded	7
derivatives	7
participant	7
anniversary	7
subscription	7
merchanting	7
signoff	7
incentive	7
replacing	7
dpr	7
uncertainty	7
delayed	7
inventory	7
compensate	7
professors	7
favorable	7
curve	7
transwestern	7
compressor	7
underlying	7
sullivan	7
thane	7
complaints	7
meantime	7
percell	7
danny	7
detroit	7
fever	7
seattle	7
mailing	7
rolled	7
handled	7
gary	7
phillips	7
peer	7
pipe	7
lined	7
discretion	7
holidays	7
jen	7
marianne	7
deposit	7
dispute	7
billing	7
discussing	7
hurry	7
contractor	7
lisa	7
crushed	7
sympathy	7
engineers	7
protective	7
tile	7
orbit	7
healing	7
behaviour	7
nutritional	7
convenience	7
capabilities	7
unsure	7
layer	7
charm	7
kidney	7
bending	7
tent	7
ceiling	7
founders	7
hotmail	7
integrated	7
guild	7
mate	7
projected	7
mud	7
announce	7
friendship	7
failures	7
struggling	7
urgent	7
extraction	7
acquire	7
removing	7
dedication	7
shelter	7
stem	7
volunteers	7
barrel	7
aircraft	7
grade	7
ownership	7
petition	7
naturally	7
warmer	7
sinking	7
couples	7
presents	7
resolved	7
slavery	7
denial	7
graduated	7
aims	7
apollo	7
sonic	7
civet	7
corporations	7
dying	7
judgment	7
emailed	7
fitting	7
stating	7
hilton	7
ohio	7
upi	7
thirds	7
producing	7
endangered	7
altogether	7
laying	7
occurring	7
dioxide	7
predicted	7
displaced	7
burst	7
laughing	7
climb	7
awareness	7
historian	7
perez	7
refugee	7
physician	7
madrid	7
lasts	7
twisted	7
titanic	7
mccartney	7
mills	7
receptionist	7
manifest	7
bases	7
shipping	7
sunburn	7
manufacturers	7
tag	7
negligence	7
grace	7
autumn	7
attitudes	7
holder	7
retreat	7
economist	7
installing	7
litter	7
flakes	7
adaptation	7
edges	7
administered	7
cm	7
actress	7
nguyen	7
fi	7
florence	7
tower	7
opera	7
gimp	7
clinic	7
augmentation	7
rides	7
reef	7
sump	7
protein	7
hang	7
battery	7
mini	7
philly	7
comic	7
feathered	7
discomfort	7
breyer	7
hobby	7
vary	7
kings	7
drill	7
rubble	7
trademark	7
bta	7
travellers	7
indicator	7
silkie	7
silkies	7
hens	7
funeral	7
proportion	7
shore	7
fewer	7
progressive	7
welcoming	7
flower	7
situated	7
choosing	7
spa	7
walmart	7
crate	7
tricks	7
coconut	7
bland	7
clarify	7
anglo	7
objection	7
boyfriend	7
chasing	7
communists	7
sunny	7
touched	7
pink	7
continental	7
reasonably	7
fungus	7
cartoons	7
magnetic	7
fare	7
testament	7
professionalism	7
rear	7
clients	7
tmobile	7
gem	7
pie	7
warranty	7
restoration	7
dessert	7
polite	7
hospitality	7
anna	7
drives	7
apartments	7
deck	7
chao	7
allen	7
professionally	7
squares	7
towed	7
roots	7
carries	7
holly	7
highlights	7
compliments	7
maker	7
cafeteria	7
hadn't	7
cigarette	7
nelson	7
chips	7
sequence	7
du	7
peterson	7
bake	7
humor	7
oklahoma	7
dual	7
consists	7
bureau	7
tampa	7
evaluating	7
tastes	7
inclined	7
asks	7
fence	7
justify	7
mounted	7
wong	7
outbreak	7
fled	7
memoirs	7
methodists	7
rotating	7
experiments	7
consultant	7
paulhastings	7
hpl	7
kristen	7
strive	7
tab	7
calculate	7
conversational	7
strengthening	7
iphone	7
potatoes	7
mall	7
chronic	7
baker	7
buried	7
excitement	7
duffie	7
interactive	7
worlds	7
disabled	7
wikimedia	7
claus	7
castle	7
wooden	7
yard	7
mood	7
chatham	7
locals	7
addressing	7
collaborative	7
colour	7
audiences	7
namely	7
computing	7
institution	7
corpus	7
pronounced	7
statistical	7
variation	7
improvements	7
interjection	7
fundamentally	7
hypothesis	7
geographic	7
sut	7
locomotion	7
bone	7
rains	7
physicians	7
architect	7
computational	7
appearing	7
corruption	7
hadid	7
university's	7
editors	7
literary	7
ninth	7
countdown	7
monk	7
carolyn	7
ninety	7
footage	7
superseding	7
odds	7
discontinuance	7
paine	7
remarkable	7
harvest	7
optional	7
athletes	7
mattel	7
privatization	7
manhattan	7
ros	7
paralympic	7
pavilion	7
reforms	7
referendum	7
addicted	7
compulsive	7
cyberpunk	7
llms	7
declare	7
covid	7
reign	7
treaties	7
telescope	7
winking	7
wink	7
realism	7
distortion	7
iqr	7
vinegar	7
drank	7
flavors	7
jahan	7
textile	7
warsaw	7
dkk	7
thais	7
turnpike	7
gauge	7
knot	7
bludgers	7
harrow	7
isabel	7
gloria	7
impeachment	7
normans	7
interstate	7
huguenot	7
ancestor	7
lineage	7
dumont	7
mongols	7
yuan	7
zaman	6
employ	6
districts	6
mosul	6
elder	6
deputy	6
sons	6
circling	6
ak	6
pray	6
brave	6
governmental	6
insurgents	6
permitted	6
soldier	6
painful	6
desirable	6
conclusions	6
physics	6
hosted	6
overthrow	6
pervez	6
mma	6
frontier	6
succeeded	6
establishing	6
tactics	6
hostile	6
sunnis	6
lacked	6
partial	6
replied	6
explicitly	6
dire	6
resolve	6
asymmetrical	6
liberation	6
immigrants	6
farms	6
israel's	6
collapsed	6
ally	6
routinely	6
inevitable	6
palestine	6
nationalist	6
firmly	6
sacred	6
commentary	6
colombo	6
negotiations	6
kalkat	6
arrangement	6
provincial	6
counted	6
islamabad	6
pointing	6
interceptor	6
controversy	6
reporters	6
pilots	6
honorable	6
marks	6
proficiency	6
cbs	6
swift	6
voters	6
looming	6
interim	6
competing	6
ministers	6
merits	6
sha'lan	6
engaging	6
defending	6
viewers	6
targeted	6
attacking	6
dismissed	6
sensing	6
midst	6
accidentally	6
venezuela	6
retirement	6
authorized	6
conviction	6
honesty	6
pastor	6
blair	6
rally	6
dhaka	6
imposing	6
depot	6
nicobar	6
neil	6
isi	6
chase	6
steadily	6
gun	6
laos	6
kandahar	6
extremists	6
sympathetic	6
urged	6
kilometres	6
heightened	6
montgomery	6
breed	6
tennis	6
counties	6
impression	6
frankly	6
thread	6
incompetence	6
easter	6
defendants	6
followers	6
nazi	6
state's	6
mothers	6
angle	6
gathering	6
deserves	6
martyrs	6
salute	6
sacrifice	6
guardian	6
marvelous	6
motives	6
relentless	6
ignorant	6
labeled	6
degenerate	6
overview	6
christianity	6
grande	6
diary	6
scanning	6
blogger	6
similarly	6
factions	6
knee	6
vacuum	6
forgiveness	6
fascinating	6
spite	6
translates	6
applies	6
earthquakes	6
murderers	6
retarded	6
saddam's	6
civilized	6
norms	6
subtle	6
arabic	6
featuring	6
dressed	6
tables	6
pays	6
regimes	6
fashioned	6
belly	6
promising	6
adapted	6
lebanon	6
signals	6
judicial	6
inflammatory	6
tide	6
dryer	6
yazid	6
enemies	6
beneficial	6
notably	6
lengthy	6
recipe	6
leahy	6
kenneth	6
laboratory	6
iq	6
pursuit	6
millennium	6
lift	6
albanian	6
educated	6
deadly	6
hearts	6
naming	6
striking	6
nicholas	6
cpi	6
inviting	6
programme	6
keys	6
consisted	6
ene	6
elpaso	6
hiring	6
embedded	6
patty	6
completion	6
photograph	6
jeans	6
sally	6
publish	6
domains	6
pushing	6
enrongss	6
thru	6
solely	6
strictly	6
barbara	6
enabled	6
promises	6
ekrapels	6
esaibos	6
referenced	6
distinct	6
blacklined	6
mar	6
reuters	6
hereby	6
herein	6
leigh	6
ours	6
rows	6
titles	6
renee	6
janice	6
lb	6
kitty	6
reception	6
approaches	6
kent	6
therapist	6
doug	6
favour	6
hodge	6
thanksgiving	6
upstairs	6
americas	6
db	6
chuck	6
gang	6
julie	6
forgotten	6
failing	6
drivers	6
patent	6
leonardo	6
fred	6
ease	6
lbs	6
clearer	6
para	6
dennis	6
adjusted	6
messed	6
redlined	6
robbie	6
wayne	6
participated	6
carl	6
alter	6
justin	6
purely	6
descriptive	6
jurisdictions	6
eligible	6
boil	6
futures	6
commerce	6
metals	6
barclays	6
continuing	6
aa	6
consequently	6
economically	6
operational	6
accuracy	6
expectation	6
substantive	6
monumental	6
ut	6
booking	6
probability	6
methodology	6
inherent	6
remainder	6
complaining	6
associates	6
blank	6
ercot	6
briefly	6
consulting	6
miracle	6
preference	6
highlighted	6
width	6
partially	6
reads	6
upset	6
voicemail	6
shanna	6
interfere	6
extension	6
maintains	6
reliability	6
commission's	6
modest	6
locked	6
supplement	6
lecture	6
jana	6
buttons	6
eco	6
reactions	6
margin	6
cargo	6
harsh	6
financially	6
hotline	6
notification	6
kansas	6
intends	6
ana	6
limits	6
generating	6
chaos	6
neal	6
negotiation	6
worthy	6
marshall	6
sensitivity	6
proceedings	6
fold	6
pulling	6
underway	6
lawsuit	6
monkey	6
losses	6
minded	6
sickness	6
rejection	6
healthier	6
burn	6
arrogance	6
holistic	6
packages	6
kaoshikii	6
ward	6
heel	6
ideation	6
folded	6
backward	6
carnegie	6
ripped	6
parenteau	6
beside	6
nearest	6
judges	6
unemployed	6
sentences	6
tighten	6
stays	6
government's	6
municipal	6
donate	6
nasa's	6
airplane	6
bridges	6
explaining	6
beloved	6
preferably	6
veto	6
darfur	6
invested	6
intense	6
lap	6
breathing	6
melting	6
warmth	6
glowing	6
extending	6
injustice	6
evaluate	6
leisure	6
manned	6
sustain	6
destinations	6
scent	6
feelings	6
imagined	6
scam	6
pigs	6
bangs	6
suspicious	6
pound	6
equipped	6
conservation	6
sciences	6
extinction	6
predict	6
dividing	6
ears	6
scoring	6
flexibility	6
curb	6
societal	6
romance	6
perseverance	6
dreamed	6
unexpected	6
raphael	6
dragon	6
alexander	6
queen	6
stairs	6
tournament	6
classic	6
writings	6
banned	6
boulevard	6
spreading	6
motionless	6
slept	6
beast	6
devil's	6
puppets	6
yoko	6
company's	6
heather	6
homosexuality	6
recovered	6
musicians	6
elementary	6
throwing	6
aimed	6
nonetheless	6
artillery	6
exit	6
harbor	6
america's	6
hardest	6
stretched	6
undertaken	6
advisor	6
greenhouse	6
fossil	6
mining	6
ins	6
dick	6
reconstruction	6
protecting	6
tsar	6
ugh	6
lonely	6
insulting	6
sh	6
loads	6
purple	6
hav	6
filters	6
lens	6
migrant	6
dine	6
camping	6
cleaner	6
damp	6
usb	6
fry	6
independently	6
rider	6
petsmart	6
reservation	6
doctor's	6
permits	6
escaped	6
slide	6
modem	6
connects	6
pools	6
bedding	6
wheat	6
corn	6
crisp	6
theres	6
infections	6
label	6
fiji	6
sci	6
grip	6
smells	6
skill	6
annoying	6
distribute	6
cleared	6
debris	6
locally	6
magical	6
nigeria	6
spaces	6
vomiting	6
darker	6
filling	6
specials	6
quotes	6
photographers	6
migration	6
charcoal	6
blades	6
bare	6
medication	6
continent	6
shepherd	6
potty	6
butt	6
didnt	6
lamp	6
opens	6
hitting	6
rushed	6
uv	6
beak	6
cookie	6
freezing	6
hatch	6
membrane	6
olds	6
spicy	6
beverage	6
horse's	6
crappy	6
habit	6
exhibited	6
posters	6
repairs	6
haircut	6
angels	6
brick	6
wings	6
informative	6
le	6
hassle	6
sauce	6
honda	6
cuisine	6
organisation	6
richmond	6
inspector	6
nj	6
layout	6
edible	6
prestige	6
pasta	6
portions	6
licking	6
finest	6
guided	6
kelly	6
designer	6
leather	6
pitch	6
gap	6
certified	6
frustration	6
vcu	6
motel	6
landed	6
hmm	6
mindset	6
tacos	6
taco	6
wrapped	6
disruptive	6
celebrity	6
rod	6
seventeen	6
conquer	6
fridge	6
rack	6
dresses	6
punchline	6
raises	6
hymn	6
themes	6
speculation	6
flash	6
traci	6
smelled	6
bert	6
msn	6
gisb	6
slope	6
audiobooks	6
saturn	6
album	6
hano	6
refugees	6
rockets	6
strikes	6
utf	6
essay	6
sausages	6
cow	6
curry	6
flour	6
outfit	6
wiped	6
donation	6
adam	6
mississauga	6
companions	6
hilary	6
gs	6
px	6
ppa	6
avenues	6
summit	6
curator	6
philosopher	6
thirteen	6
candy	6
usps	6
pause	6
marble	6
describes	6
zurbar	6
significance	6
productivity	6
evolving	6
theoretical	6
epistemic	6
collects	6
repetition	6
maize	6
cardinal	6
emission	6
dimensions	6
salinity	6
airborne	6
psu	6
atmospheric	6
postural	6
displacement	6
femoral	6
theropods	6
excessive	6
thrones	6
debut	6
crown	6
moscow	6
uk's	6
triple	6
silence	6
antioch	6
hebrew	6
displayed	6
alongside	6
successor	6
nierman	6
styles	6
seventy	6
kane	6
unhunh	6
dignity	6
possess	6
scripture	6
asleep	6
yack	6
brains	6
spiral	6
multiply	6
emphasize	6
unemployment	6
party's	6
lords	6
statutory	6
palmers	6
kleinhans	6
mistrial	6
copyrights	6
magazines	6
storms	6
nutrition	6
indigenous	6
basin	6
ascap	6
copyrighted	6
obsession	6
recreation	6
arrow	6
wasn	6
fairy	6
aren	6
succession	6
chamber	6
hydrogen	6
gorbachev	6
savage	6
engines	6
varies	6
fork	6
nbc	6
suited	6
delegates	6
cricket	6
nsw	6
umpire	6
committees	6
roads	6
cuz	6
eastman	6
musmanno	6
robot	6
packing	6
rescued	6
barack	6
kwok	6
chan	6
leung	6
shells	6
kpa	6
photographic	6
polaroid	6
marilyn	6
disorders	6
libraries	6
prepping	6
chapters	6
lakes	6
shoreline	6
sars	6
tackle	6
govern	6
relativism	6
nonna	6
chardonnay	6
scenic	6
naqsh	6
busiest	6
teaspoon	6
quaffle	6
saucepan	6
cooker	6
homeopathy	6
neoclassical	6
complexity	6
bskyb	6
costa	6
sequenced	6
pestis	6
tyne	6
chloroplasts	6
shaikh	5
respected	5
cleric	5
assassinated	5
electoral	5
excluded	5
marginalized	5
neighbourhood	5
firing	5
solidarity	5
cousin	5
hourly	5
marines	5
abu	5
ibn	5
casualties	5
controlling	5
disasters	5
atomic	5
thyroid	5
ukraine	5
dropping	5
references	5
fr	5
rp	5
convincing	5
primitive	5
commanders	5
gen	5
sophisticated	5
sharon's	5
genuine	5
sovereignty	5
lacks	5
installation	5
unstable	5
implicated	5
proclaimed	5
ignoring	5
proponents	5
weakened	5
discouraged	5
fighters	5
compel	5
examine	5
fundamentalists	5
secular	5
inevitably	5
tamils	5
hints	5
unpopular	5
keen	5
envoy	5
diplomatic	5
tiger	5
negotiating	5
bothered	5
rahman	5
precisely	5
embarrassment	5
feasible	5
tanks	5
appetite	5
understands	5
accepting	5
flew	5
uncovered	5
tended	5
accumulated	5
thereafter	5
missions	5
exceptional	5
outlets	5
questioned	5
centres	5
attending	5
assessing	5
tribal	5
faithful	5
meiring	5
journalist	5
embarrassing	5
threatens	5
recruited	5
covert	5
ops	5
buck	5
prosecution	5
charging	5
indirectly	5
counts	5
specifications	5
evident	5
landfall	5
strait	5
ammunition	5
cambodia	5
bengal	5
planes	5
intercepted	5
steady	5
trafficking	5
transported	5
kilometers	5
stretching	5
peacefully	5
cooperate	5
removal	5
feared	5
proved	5
objections	5
neo	5
flip	5
logic	5
wounds	5
man's	5
provoked	5
delight	5
emotions	5
empathy	5
unclear	5
blount's	5
devastating	5
fulfilled	5
dab	5
buddy	5
flown	5
bosnia	5
iraq's	5
unbelievable	5
supposedly	5
bang	5
rev	5
survivors	5
snap	5
sect	5
fbi's	5
compounds	5
crack	5
vigorously	5
utah	5
glove	5
conspiracy	5
teen	5
genetic	5
kingston	5
treating	5
pretend	5
trauma	5
slaves	5
hates	5
murdered	5
lip	5
incompetent	5
ulterior	5
bs	5
tale	5
midnight	5
milan	5
traced	5
blended	5
definately	5
pdt	5
amendments	5
gods	5
subscribe	5
monopoly	5
worthwhile	5
butcher	5
lately	5
murderer	5
continents	5
affluent	5
hunger	5
pyramid	5
wakes	5
provocation	5
dispatch	5
demonstration	5
activists	5
sends	5
financed	5
ignorance	5
inferior	5
victim	5
habits	5
disregard	5
observe	5
repeating	5
organizing	5
preventing	5
conquest	5
finances	5
functioning	5
rumor	5
passengers	5
surveillance	5
lone	5
lewis	5
warn	5
sheik	5
zawahiri's	5
specialists	5
banner	5
spotted	5
wtc	5
briefing	5
confession	5
possessed	5
congressional	5
spores	5
extraordinary	5
simpler	5
grams	5
liberals	5
hijackers	5
siddiqui	5
phd	5
uncle	5
faulty	5
sentiment	5
judiciary	5
pale	5
rewards	5
mailed	5
tension	5
purported	5
eagle	5
suspicion	5
enthusiasm	5
valuation	5
savings	5
puerto	5
euro	5
sr	5
coke	5
sean	5
nymex	5
initiatives	5
proposals	5
workshops	5
sap	5
glen	5
wife's	5
wording	5
loi	5
manufacturer	5
generic	5
handy	5
driveway	5
patrons	5
shade	5
poll	5
microwave	5
responding	5
enjoys	5
ibm	5
nancy	5
volumes	5
flowing	5
gda	5
plate	5
pager	5
deleted	5
forwarding	5
mines	5
attorneys	5
correction	5
britney	5
speakers	5
deadline	5
pressures	5
goldman	5
calculated	5
dad's	5
accessibility	5
dissemination	5
lorie	5
passcode	5
kathleen	5
verify	5
revisions	5
oz	5
notebook	5
pasture	5
blvd	5
circulate	5
enovate	5
highlighting	5
optimistic	5
dramatically	5
lease	5
ma	5
trigger	5
component	5
seoul	5
trivia	5
chicks	5
cornell	5
forster	5
termination	5
eei	5
mon	5
eurostar	5
mob	5
storing	5
benjamin	5
lowest	5
liz	5
drafts	5
guaranties	5
holdings	5
stacey	5
developer	5
electronically	5
marketers	5
providers	5
resting	5
mcdonald's	5
croatia	5
celebration	5
confirms	5
robust	5
transparent	5
mo	5
circularisation	5
developers	5
excel	5
invoices	5
extracurricular	5
rogers	5
formula	5
misunderstanding	5
furthermore	5
enables	5
communicate	5
denise	5
drafting	5
directors	5
wyndham	5
noel	5
arrangements	5
qualifications	5
comets	5
applicant	5
warehouse	5
buyer	5
mhc	5
fraud	5
identification	5
rotation	5
nepco	5
derivative	5
petersburg	5
anticipated	5
ray	5
reasoned	5
bent	5
spikes	5
pose	5
declaring	5
interviewers	5
offshore	5
canyon	5
sour	5
bpd	5
loses	5
differently	5
denton	5
sacks	5
bruce	5
theirs	5
extensions	5
daniels	5
mails	5
coordination	5
dig	5
golf	5
robin	5
ideally	5
jerry	5
drag	5
woke	5
encouraging	5
pr	5
selah	5
intolerance	5
hurting	5
collectively	5
fortunately	5
prejudice	5
sunshine	5
binary	5
jensen	5
bonus	5
cosmic	5
limbs	5
bladder	5
considers	5
distracting	5
tripped	5
o'clock	5
acronym	5
angel	5
hewlett	5
meditation	5
sony	5
unix	5
yang	5
mayur	5
gw	5
paste	5
homeless	5
robots	5
humane	5
presently	5
trapped	5
nineteen	5
barriers	5
stealing	5
housed	5
viewing	5
landing	5
hoax	5
fiscal	5
iss	5
clarification	5
cents	5
validity	5
seeks	5
territorial	5
commented	5
enabling	5
hardly	5
aggression	5
basking	5
mantra	5
sunlight	5
touching	5
endless	5
texts	5
differing	5
nominated	5
consent	5
courteous	5
assert	5
thawed	5
solo	5
worries	5
stressed	5
jam	5
assemble	5
nightmare	5
troubled	5
abundance	5
singer	5
lyrics	5
useless	5
envelopes	5
seal	5
burrows	5
retain	5
theft	5
settings	5
cattle	5
discouraging	5
reintroduction	5
browse	5
willow	5
streams	5
colorado	5
pioneer	5
blooming	5
affecting	5
butterfly	5
stored	5
lobster	5
examined	5
argentine	5
irrelevant	5
remnants	5
evacuated	5
radar	5
thin	5
satisfaction	5
residence	5
effectiveness	5
surprises	5
dictionary	5
painted	5
essex	5
bishop	5
prisoner	5
grave	5
darkness	5
depth	5
liverpool	5
nowadays	5
mankind	5
stuart	5
insecure	5
manners	5
boots	5
george's	5
entrance	5
cinema	5
hated	5
sounded	5
principally	5
uss	5
roosevelt	5
arose	5
extends	5
renowned	5
damaging	5
insane	5
approximate	5
conducting	5
ambassador	5
visas	5
wolfowitz	5
delays	5
masks	5
stopping	5
pioneers	5
deficit	5
nixon	5
trick	5
interpret	5
forgive	5
equine	5
limerick	5
yorkshire	5
goodness	5
lope	5
casual	5
dslr	5
restricted	5
sculpture	5
fragile	5
harness	5
surroundings	5
parakeets	5
cotton	5
ruins	5
haha	5
pc	5
fountain	5
smile	5
icing	5
uncommon	5
mikegigi	5
wheels	5
deli	5
embassy	5
cic	5
gc	5
aquarium	5
unhappy	5
mayko	5
alarm	5
urine	5
lotte	5
indoors	5
flickr	5
bait	5
dame	5
porte	5
editing	5
thx	5
screw	5
sliding	5
deer	5
intake	5
hose	5
processor	5
recovering	5
screws	5
wireless	5
compatible	5
wifi	5
tube	5
firstly	5
diving	5
xbox	5
playstation	5
halfway	5
indoor	5
stalls	5
sketch	5
pencil	5
ebay	5
cheaply	5
reptile	5
toast	5
hubbard	5
solas	5
okinawa	5
chrome	5
disciplines	5
thankfully	5
saddle	5
geared	5
scenery	5
edinburgh	5
earthworms	5
jacob	5
incomplete	5
walnut	5
noticeable	5
protestants	5
countryside	5
onboard	5
cabins	5
med	5
populous	5
latino	5
neighborhoods	5
duck	5
melt	5
ham	5
pork	5
researching	5
bargain	5
stunning	5
employer	5
pup	5
treats	5
agra	5
rs	5
leaf	5
batch	5
awhile	5
interacting	5
waiter	5
birmingham	5
boot	5
antibiotics	5
logical	5
compassionate	5
cough	5
networking	5
sucks	5
pinkies	5
reminded	5
tet	5
uva	5
fluorescent	5
shady	5
seasons	5
attractions	5
grey	5
hemisphere	5
judged	5
jar	5
meters	5
memorable	5
blast	5
preferences	5
copied	5
bio	5
chiro	5
starving	5
acupuncture	5
hauled	5
farmers	5
tattoo	5
bagels	5
dusty	5
banana	5
chefs	5
mask	5
deb	5
tenth	5
attentive	5
min	5
junk	5
matt	5
salesman	5
enchiladas	5
cakes	5
baltimore	5
entree	5
coupled	5
thumbs	5
laughter	5
buffet	5
amazingly	5
marriott	5
seated	5
towing	5
builders	5
seeker	5
potato	5
liquidweb	5
hino	5
excellence	5
exquisite	5
generous	5
tina	5
counseling	5
laughed	5
adequately	5
heck	5
waitress	5
hull	5
certificates	5
disposal	5
upgrade	5
beds	5
guessed	5
pos	5
ford	5
eva	5
butter	5
distorted	5
wallet	5
beans	5
dump	5
ads	5
genesis	5
tub	5
midas	5
alarms	5
pies	5
mezza	5
luna	5
toss	5
crushing	5
oily	5
stressful	5
accommodations	5
happily	5
towels	5
accomplished	5
cab	5
designs	5
technician	5
unrelated	5
google's	5
aq	5
arises	5
evacuation	5
oval	5
wesley	5
darin	5
fate	5
reveals	5
les	5
ginny	5
satisfying	5
dp	5
attendees	5
irc	5
venus	5
rahu	5
affliction	5
norm	5
disorder	5
behavioral	5
prevention	5
kerala	5
simpson	5
closest	5
chemistry	5
idiot	5
tune	5
suburban	5
jungle	5
barb	5
slogans	5
parliamentary	5
lest	5
monotheism	5
ahab	5
lsu	5
facsimile	5
sunk	5
sheridan	5
darrell	5
kam	5
tubes	5
mechanisms	5
es	5
mermaid	5
boxing	5
statues	5
tissue	5
ross	5
situ	5
transform	5
privileges	5
predatory	5
nez	5
verb	5
philosophers	5
publishing	5
recurring	5
varying	5
collectors	5
accustomed	5
campaigns	5
posture	5
extant	5
carrano	5
caution	5
manuscript	5
opponents	5
erected	5
noir	5
comics	5
junction	5
passages	5
aberdeen	5
headaches	5
mlb	5
champion	5
philosophical	5
conversion	5
gospel	5
julien	5
hits	5
prominence	5
ois	5
prolific	5
ancestral	5
clouds	5
eugene	5
founding	5
translating	5
supernatural	5
horsiesios	5
trim	5
campbell	5
aw	5
rum	5
diana	5
debated	5
deeds	5
martha	5
invisible	5
forty	5
squared	5
prevailing	5
zane	5
speeds	5
surviving	5
canvas	5
evolve	5
reject	5
trials	5
expressly	5
homeowners	5
tracts	5
meyers	5
nullification	5
defer	5
goldsmith	5
goldsmith's	5
transformative	5
possessions	5
trespass	5
virtue	5
intact	5
enhance	5
resilience	5
harvesting	5
organic	5
narayan	5
kusanagi	5
applicants	5
piracy	5
medicare	5
disabilities	5
sustainable	5
pathways	5
headset	5
joyce	5
dipped	5
hilarious	5
bits	5
staring	5
amidst	5
pixies	5
waving	5
magicians	5
chomsky	5
revival	5
citrus	5
specimens	5
ehow	5
sochi	5
contexts	5
broadcasting	5
poem	5
poems	5
shalev	5
coulthard	5
repay	5
marcie	5
congratulate	5
hogg	5
weeds	5
inspiration	5
pilgrims	5
localist	5
dab's	5
chiang	5
finals	5
scientology's	5
broadcasts	5
taipei	5
stampede	5
devised	5
fallon	5
beaten	5
turbines	5
boundaries	5
presidency	5
abolished	5
blink	5
culturally	5
civilizations	5
abundant	5
mesoamerica	5
bce	5
drought	5
barger	5
curved	5
terrestrial	5
terrain	5
percentile	5
cinnamon	5
lime	5
gels	5
sauvignon	5
grape	5
persia	5
montejo	5
skirts	5
alternatively	5
frost	5
rinse	5
brooms	5
ratio	5
bookstore	5
bleachers	5
phailin	5
ravaged	5
eczema	5
wales	5
unified	5
bib	5
interceptions	5
turing	5
luther's	5
victorian	5
combustion	5
sq	5
tentacles	5
fossils	5
jamukha	5
disobedients	5
tran	5
tr	5
membranes	5
algal	5
integer	5
primality	5
elders	5
identifying	4
willingness	4
uniforms	4
observers	4
cooperating	4
sufficiently	4
baath	4
ahmad	4
recalled	4
deposition	4
shi'ite	4
ba'athists	4
jazeera	4
ambulances	4
ramadi	4
retaliation	4
dragged	4
fallout	4
severely	4
federation	4
prestigious	4
iaea	4
contradict	4
deterioration	4
dynamics	4
poisoning	4
certainty	4
conflicting	4
viewpoints	4
eng	4
nat	4
oc	4
nea	4
baluchistan	4
dictatorship	4
lifted	4
unnecessary	4
withdrawn	4
radicals	4
hiller	4
troubling	4
criticized	4
supporter	4
risking	4
israelis	4
juan	4
considerations	4
militias	4
staffed	4
currents	4
notions	4
suppressed	4
indefinite	4
twin	4
jaffna	4
wary	4
kumaratunga's	4
muni	4
preparedness	4
norwegian	4
broker	4
clashes	4
critic	4
resolutions	4
declarations	4
render	4
ethnicity	4
autonomy	4
segment	4
tales	4
boasts	4
mythical	4
supplier	4
scare	4
indefinitely	4
spawn	4
killers	4
realities	4
jintao	4
invoked	4
jets	4
spin	4
guardsmen	4
questioning	4
eerie	4
awaiting	4
campaigning	4
handful	4
submission	4
contend	4
labels	4
concur	4
fatal	4
dissenting	4
bu	4
hassan	4
versa	4
herald	4
embarrassed	4
harms	4
node	4
philippine	4
killer	4
smuggling	4
patriot	4
terrell	4
recruit	4
explosives	4
retiring	4
bernard	4
rape	4
scrutiny	4
inability	4
arakan	4
andamans	4
deteriorated	4
temporarily	4
profitable	4
strategic	4
lax	4
outfits	4
inter	4
inhabited	4
neighboring	4
shipment	4
phuket	4
tracked	4
backup	4
archipelago	4
jalalabad	4
disrupt	4
desperately	4
anxious	4
diplomats	4
mullah	4
categorically	4
quietly	4
reflecting	4
qanooni	4
shindand	4
abundantly	4
sanctuary	4
manufactured	4
vets	4
bravery	4
superficial	4
demonstrates	4
mortal	4
efficiently	4
alcoholism	4
prospect	4
murph	4
remembers	4
jacket	4
congressman	4
urging	4
inappropriate	4
contracted	4
chiefs	4
routed	4
aerocom	4
victor	4
bout's	4
beneath	4
jury's	4
verdict	4
margaret	4
ann	4
symbol	4
altar	4
sexually	4
prosecutors	4
stepping	4
polygamous	4
marriages	4
racism	4
hint	4
idiots	4
shout	4
void	4
bearing	4
detect	4
congregation	4
irony	4
imaginary	4
boring	4
definitions	4
programmes	4
stm	4
tollis	4
obsessed	4
disappearance	4
wholly	4
rigorous	4
adolf	4
listeners	4
kg	4
booth	4
kindly	4
jumping	4
jerk	4
rediculous	4
implies	4
gentleman	4
yemen	4
develops	4
pillars	4
aids	4
russians	4
lifelong	4
undisputed	4
concert	4
halls	4
thrive	4
humble	4
heights	4
condemn	4
hatred	4
soap	4
berlin	4
banners	4
dignitaries	4
preachers	4
electronic	4
exploited	4
comfortably	4
packaged	4
bankrupt	4
dilemma	4
hockey	4
immunity	4
twilight	4
eliminated	4
determination	4
tumor	4
uprising	4
ideology	4
cop	4
consortium	4
surely	4
forbidding	4
vanguards	4
atta's	4
moussaoui's	4
jafar	4
bulletin	4
biochemical	4
abdel	4
recruitment	4
indicating	4
dusting	4
malaysian	4
hambali	4
quest	4
prison	4
instructed	4
paradise	4
sworn	4
dominance	4
spore	4
symbolizes	4
realizing	4
thwarted	4
qadoos	4
karachi	4
releasing	4
adnan	4
hamilton	4
assisted	4
hunt	4
innovations	4
subcommittee	4
announcing	4
merger	4
seldom	4
charitable	4
proves	4
fx	4
bolivia	4
sarah	4
mba	4
admin	4
iris	4
allocation	4
communicated	4
secondly	4
maria	4
parameters	4
hyperion	4
dissolved	4
cherokee	4
pronunciation	4
enterprise	4
agreeing	4
crra	4
meaningful	4
cereal	4
zoo	4
arthritis	4
incorrectly	4
dawn	4
forecast	4
intent	4
circulated	4
ena's	4
respects	4
quoting	4
transferring	4
agrees	4
kaufman	4
darla	4
flowed	4
blanco	4
enclosed	4
pge	4
stipulation	4
kedne	4
reversal	4
spears	4
sampling	4
contributes	4
bore	4
threshold	4
biz	4
annex	4
poa	4
garcia	4
trades	4
ltd	4
lme	4
cst	4
chart	4
louise	4
delighted	4
rosalee	4
heavier	4
url	4
reform	4
brenda	4
infinity	4
balcony	4
wheeler	4
nordstrom	4
conscientious	4
initials	4
uno	4
physically	4
messy	4
radianz	4
log	4
dinners	4
patel	4
specified	4
structured	4
jeopardy	4
adhering	4
rode	4
taub	4
bicycle	4
rosario	4
calculating	4
slides	4
arrv	4
elliott	4
hannah	4
nmemdrft	4
swing	4
coding	4
liq	4
hook	4
export	4
katie	4
kaplan	4
jeremy	4
cal	4
california's	4
suffix	4
mc	4
disclose	4
austria	4
portugal	4
slovenia	4
finland	4
comply	4
credit's	4
confirmation	4
substantiation	4
outright	4
retention	4
needing	4
functionality	4
ap	4
components	4
applicable	4
teco	4
depicts	4
matches	4
appropriately	4
compression	4
alternates	4
lagesse	4
surplus	4
conjunction	4
lodging	4
nw	4
lora	4
puct	4
leverage	4
becky	4
modeling	4
optimization	4
simulation	4
stark	4
belonged	4
orlando	4
minnesota	4
downstream	4
rgds	4
freight	4
unloading	4
outlined	4
pst	4
intentions	4
nationality	4
ba	4
cancelled	4
owe	4
differential	4
jeffrey	4
barton	4
everyone's	4
drilling	4
murphy	4
refinery	4
yrs	4
departure	4
egm	4
anticipate	4
insert	4
perfection	4
consolidation	4
incorporate	4
con	4
affiliate	4
hybrid	4
phyllis	4
ciac	4
irs	4
metering	4
departing	4
fisher	4
fueled	4
maviglio	4
megawatt	4
dozens	4
pivotal	4
accelerated	4
jumped	4
exceeded	4
defended	4
recreating	4
ineffective	4
litigation	4
assumptions	4
consultants	4
consist	4
doesnt	4
instances	4
separation	4
insult	4
teenager	4
screaming	4
introduces	4
suspension	4
minerals	4
breakthrough	4
builds	4
layers	4
exercises	4
spine	4
flexible	4
troubles	4
shine	4
cures	4
spinal	4
obesity	4
dhin	4
placing	4
wins	4
grabbed	4
travelled	4
hero	4
integral	4
packard	4
coined	4
oracle	4
originated	4
manufacture	4
preorder	4
straightforward	4
feast	4
cons	4
bullet	4
deeper	4
phrases	4
usenet	4
supplied	4
trusted	4
magnitude	4
plight	4
destructive	4
evacuate	4
directive	4
escaping	4
oak	4
panic	4
impose	4
outbreaks	4
vincent	4
dispatched	4
enacted	4
recieved	4
endowment	4
invent	4
bless	4
distributing	4
recipients	4
freeman	4
concentrating	4
nam	4
kevalam	4
absorbing	4
breeze	4
translate	4
dot	4
reintroduced	4
raleigh	4
supportive	4
clergy	4
theological	4
conscience	4
fl	4
mcginnis	4
loveallpeople	4
judging	4
unacceptable	4
unitary	4
boss	4
underneath	4
mesh	4
economical	4
spaceflight	4
secretive	4
joan	4
module	4
demonstrations	4
sweat	4
demons	4
meowing	4
minds	4
musk	4
effected	4
fab	4
envelope	4
header	4
blew	4
sheep	4
wyoming	4
wolf's	4
rocky	4
rockies	4
elk	4
erosion	4
critters	4
ecosystems	4
distances	4
courtesy	4
fahrenheit	4
biologists	4
acknowledging	4
nina	4
biology	4
parmesan	4
predicting	4
rises	4
fisheries	4
varieties	4
tug	4
filmed	4
perceptions	4
aunt	4
cousins	4
stimulating	4
combines	4
earning	4
outward	4
fits	4
hectic	4
sheer	4
smoothly	4
lean	4
aquarius	4
mysteries	4
painter	4
earthquake	4
fortunate	4
vol	4
undoubtedly	4
inca	4
giovanni	4
catherine	4
venice	4
idle	4
candle	4
harbour	4
sleeve	4
antichrist	4
pope	4
beard	4
ono	4
intimate	4
musician	4
filming	4
swedish	4
bundle	4
greeting	4
oasis	4
guitar	4
poorly	4
illness	4
owns	4
undertake	4
loyal	4
armaments	4
submarines	4
proliferation	4
patrol	4
altitude	4
carrier	4
theodore	4
pearl	4
detection	4
damascus	4
possesses	4
ballistic	4
confrontation	4
economists	4
analyzed	4
gases	4
cheney's	4
investigated	4
skies	4
gi	4
saviour	4
misleading	4
nationwide	4
vaccines	4
sweeping	4
skull	4
richest	4
jet	4
nationalities	4
expects	4
nasty	4
pit	4
directing	4
install	4
newest	4
mod	4
olympus	4
pixel	4
optical	4
clark	4
mcdonalds	4
chains	4
trap	4
reside	4
offspring	4
maple	4
scratch	4
delicate	4
reins	4
quicker	4
dries	4
jumps	4
railways	4
nope	4
semester	4
hamsters	4
spare	4
static	4
filtered	4
neatly	4
amusement	4
outdoors	4
hoped	4
dove	4
eaters	4
shallow	4
surgeons	4
nano	4
pump	4
kindle	4
beginner	4
heater	4
wang	4
youre	4
devices	4
feeds	4
noises	4
finishing	4
console	4
wii	4
devon	4
bites	4
teething	4
scratching	4
hes	4
var	4
taller	4
degu	4
rests	4
expressway	4
lifeboats	4
dock	4
adoption	4
similarities	4
wellington	4
hh	4
attraction	4
parisians	4
scammers	4
reproduce	4
cave	4
immigrate	4
accurately	4
substituted	4
evaluated	4
smiling	4
historians	4
antiquity	4
nineteenth	4
iconic	4
cis	4
andrews	4
md	4
chew	4
flawless	4
dehydrated	4
sail	4
itinerary	4
canal	4
upscale	4
chinatown	4
barrier	4
discrimination	4
veggies	4
scrap	4
lit	4
pewter	4
aluminum	4
melted	4
torch	4
cafes	4
consume	4
python	4
dude	4
fed	4
terrified	4
chores	4
refrigerator	4
expulsion	4
obedience	4
taj	4
karol	4
child's	4
sailed	4
coco	4
comedian	4
crews	4
tailor	4
bowls	4
else's	4
frustrating	4
chi	4
pricey	4
clubs	4
tho	4
riders	4
knees	4
fluids	4
injection	4
stomach	4
etiquette	4
nicer	4
strings	4
dipping	4
instinct	4
enclosure	4
swept	4
platter	4
crickets	4
reproduced	4
staple	4
yell	4
waterproof	4
cliffs	4
bbq	4
wonders	4
lineatus	4
spawning	4
mop	4
checkout	4
rinsed	4
planted	4
incubation	4
hardness	4
consequence	4
sodium	4
mornings	4
splash	4
charming	4
sorta	4
underwear	4
par	4
neurological	4
atrophy	4
racing	4
backs	4
aztec	4
promptly	4
barrett	4
rang	4
nicest	4
stainless	4
bitter	4
organised	4
appliances	4
soccer	4
workmanship	4
outta	4
spaghetti	4
fixtures	4
ribs	4
pedicure	4
lover	4
renovation	4
grizzly	4
esp	4
tricky	4
tempura	4
stevens	4
mediocre	4
reviewers	4
pretense	4
pleasantly	4
lounge	4
accessories	4
slices	4
repaired	4
lexus	4
yummy	4
landmark	4
jug	4
wildwood	4
sicily	4
luv	4
nissan	4
clue	4
mongolian	4
elegant	4
gracee	4
rudeness	4
exile	4
alto	4
occasional	4
bat	4
jamaican	4
practically	4
pepper	4
transformational	4
yelled	4
smokers	4
smelling	4
robe	4
purse	4
spice	4
lied	4
holders	4
alignment	4
nitrogen	4
graduating	4
liquor	4
ballroom	4
jazz	4
fusionretail	4
fe	4
noisy	4
plaza	4
pint	4
reversed	4
blessed	4
wrapping	4
premise	4
premier	4
ranked	4
howard	4
warner	4
seafood	4
fluffy	4
bowtie	4
preserving	4
sundays	4
renting	4
annoy	4
chat	4
precious	4
oxford	4
boats	4
detective	4
saratoga	4
exclusively	4
encounter	4
genuinely	4
truths	4
conditioning	4
approx	4
lacking	4
club's	4
communicative	4
proxy	4
radison	4
locust	4
hmmm	4
bath	4
stall	4
lamb	4
designers	4
arafat's	4
condemned	4
ash	4
muqtada	4
rained	4
bombed	4
cliff	4
applause	4
sang	4
inaugural	4
adviser	4
securing	4
bryan	4
nimo	4
peaking	4
adobe	4
gal	4
transmittal	4
mcgilloway	4
vangie	4
aggregate	4
greg	4
franz	4
lingerie	4
ashamed	4
newsgroup	4
newsgroups	4
specializing	4
violating	4
marathon	4
griffin	4
mahmoud	4
occupies	4
quarters	4
cubism	4
frisco's	4
empanadas	4
rte	4
forensic	4
luggage	4
euros	4
morcillas	4
lawrence	4
yay	4
fox	4
candles	4
hank	4
mcdonald	4
natasha	4
cable	4
josh	4
flags	4
souter	4
ginsburg	4
scalia	4
rational	4
convergence	4
wycombe	4
rivals	4
loyalty	4
clarke	4
whale	4
browning	4
ackermann	4
sachs	4
nuts	4
ralph	4
implied	4
ews	4
capitalism	4
rajendra	4
manchester	4
santiago	4
wei's	4
businessmen	4
predecessors	4
gunther	4
uecker	4
jay	4
silicone	4
carve	4
trace	4
gps	4
connecting	4
prone	4
treasure	4
ounces	4
script	4
lid	4
kodak	4
xu	4
manila	4
breathtaking	4
specialize	4
phases	4
olive	4
farther	4
donuts	4
relevance	4
subjective	4
measuring	4
scholarly	4
generalizability	4
frames	4
bias	4
crawler	4
foundations	4
extractive	4
interpretations	4
spang	4
spanning	4
encabalgamiento	4
markers	4
deception	4
mimic	4
elsevier	4
diminished	4
frontiers	4
hiv	4
sadly	4
publishers	4
associations	4
discoveries	4
monitoring	4
explicit	4
recordings	4
variability	4
methodological	4
harmful	4
sectors	4
cfls	4
prolonged	4
mutant	4
exchanges	4
commentaries	4
marsden	4
flourishing	4
metascience	4
conceptual	4
measurements	4
array	4
horizontal	4
foam	4
kinematics	4
inferred	4
vertical	4
retraction	4
bipedal	4
grf	4
morphology	4
inertia	4
dinosaur	4
enlargement	4
comparative	4
creations	4
unfamiliar	4
grounded	4
hydrodynamica	4
anatomy	4
density	4
senses	4
noam	4
chevalier	4
fragments	4
exaggerated	4
abc's	4
starred	4
portrayed	4
exeter	4
mother's	4
auchleuchries	4
gordon's	4
mistakenly	4
architects	4
fifa	4
batting	4
orthodox	4
treatise	4
eighth	4
chemist	4
bachelor	4
jeanne	4
centered	4
resignation	4
ordained	4
textbook	4
animation	4
arc	4
monastic	4
collapsing	4
koinonia	4
lotta	4
guy's	4
woo	4
trinity	4
ocho	4
aught	4
lent	4
nonsense	4
salvation	4
divine	4
sovereign	4
she'd	4
spock	4
documenting	4
chewing	4
infection	4
scarf	4
batman	4
ouija	4
pins	4
fracture	4
nathan	4
leah	4
monetary	4
payroll	4
mariah	4
alanah	4
forcing	4
confine	4
rebuttal	4
deadbolt	4
appellees	4
precedent	4
covenant	4
curative	4
coercion	4
judge's	4
jurors	4
museums	4
creator	4
maui	4
sidewalk	4
prescription	4
nylander	4
highways	4
systemanalysis	4
sharedvalues	4
wouldn	4
reportinginformation	4
logos	4
kairos	4
surround	4
proceeds	4
declining	4
broadly	4
greens	4
geography	4
calories	4
earthworks	4
flu	4
consumed	4
methane	4
anime	4
cosplay	4
interfaces	4
hackers	4
touches	4
neural	4
inspire	4
qualities	4
talents	4
licenses	4
bow	4
reprinted	4
forsythe	4
polo	4
athletic	4
balanced	4
copper	4
forbes	4
eaton	4
krueger	4
sexuality	4
declines	4
walkable	4
anxiety	4
gomez	4
shouting	4
stems	4
struggled	4
swimming	4
granddaughter	4
hurried	4
knots	4
galaxy	4
helmet	4
screens	4
lotos	4
swirling	4
lips	4
pulls	4
wondered	4
ramon	4
sneeze	4
eastward	4
sensation	4
anthropologist	4
rosencreutz	4
procession	4
bos	4
formica	4
fusca	4
displays	4
prevents	4
outs	4
herrick	4
wikis	4
team's	4
tears	4
assign	4
modernity	4
particle	4
wickets	4
disturbance	4
drawing	4
slave	4
dakota	4
repaid	4
mum	4
vanzetti	4
tresca	4
gratitude	4
adams	4
indiscriminate	4
secretariat	4
exports	4
inflationary	4
cocoa	4
orderly	4
indonesian	4
rohingya	4
crane	4
pilgrimage	4
devocht	4
motivated	4
whitmore	4
turnout	4
constituencies	4
vr	4
church's	4
freewinds	4
lanterns	4
questionnaire	4
braverman	4
tunisia	4
lukaku	4
ranged	4
prints	4
usi's	4
duran	4
heald	4
everything's	4
branson	4
whoa	4
conventions	4
cottages	4
consecutive	4
kosovo	4
dialogue	4
descendant	4
learners	4
weaker	4
alamo	4
interactions	4
enculturation	4
adaptive	4
prototype	4
mohandas	4
ritual	4
ce	4
yucat	4
gravitational	4
positioning	4
motorist	4
axis	4
diagram	4
outliers	4
makeup	4
cider	4
neuroscience	4
angelic	4
styling	4
curl	4
jelly	4
blanc	4
pinot	4
kopinga	4
marae	4
carvings	4
ancestors	4
cuc	4
bergen	4
pointe	4
iata	4
renamed	4
krak	4
biodiversity	4
hadibo	4
islets	4
ferries	4
offense	4
rivertrail	4
viking	4
friendships	4
hypnosis	4
mat	4
glowstick	4
luminol	4
carbonate	4
alphabet	4
warnings	4
muggle	4
volleyball	4
grains	4
humorous	4
decree	4
borrowers	4
cancellation	4
inapplicable	4
wrongdoing	4
newfoundland	4
labrador	4
plaintiff	4
mario	4
deficient	4
tagore	4
folk	4
wrestlemania	4
elderly	4
specialization	4
unification	4
adjusters	4
panthers	4
marconi	4
pspace	4
reformation	4
von	4
rpm	4
organisms	4
lor	4
nationalisation	4
cilia	4
receptors	4
kearney	4
datagram	4
stratigraphers	4
grainger	4
northumbria	4
nucleus	4
jin's	4
genghis	4
technicians	4
inflammation	4
cytotoxic	4
vertebrates	4
plea	4
academies	4
athletics	4
johns	4
quadrangles	4
kublai's	4
bureaucracy	4
graph	4
cyanobacterium	4
deacons	4
jumonville	4
tanaghrisson	4
abdullah	3
busted	3
manipulating	3
lookout	3
willingly	3
tikrit	3
hamid	3
dulaim	3
garrison	3
warrant	3
exclusion	3
junior	3
massacre	3
mortars	3
helicopter	3
preparations	3
donating	3
fallujan	3
cluster	3
militants	3
brigades	3
arabian	3
elena's	3
revived	3
emergencies	3
elimination	3
induced	3
reproductive	3
complications	3
pregnancy	3
tendencies	3
expo	3
va	3
pubs	3
apr	3
lesion	3
blessings	3
sympathizers	3
shelters	3
catapult	3
crackpot	3
generates	3
fist	3
colonization	3
hamas's	3
owes	3
militarily	3
kurds	3
pumping	3
reagan	3
fails	3
quiz	3
gmt	3
subcontinent	3
gore	3
pakistan's	3
nawaz	3
islamism	3
worrying	3
ariel	3
oslo	3
withdrew	3
overtures	3
ideological	3
ayatollah	3
protested	3
cautious	3
sistani	3
sympathize	3
salafi	3
ensured	3
profoundly	3
strengthened	3
rulers	3
abandoning	3
indo	3
tna	3
peacekeeping	3
immensely	3
nadu	3
sinhalese	3
preceded	3
petersen	3
formidable	3
peacekeepers	3
mediation	3
donor	3
sentiments	3
straits	3
quo	3
jihadis	3
generals	3
swung	3
atrocities	3
powell's	3
nationalism	3
wrinkles	3
ramp	3
backing	3
squadrons	3
considerably	3
racking	3
hitch	3
intercept	3
allawi's	3
ba'athist	3
remark	3
swearing	3
sahaf	3
forthcoming	3
worshippers	3
timer	3
seperate	3
misconception	3
assumes	3
abused	3
anbar	3
gu'ud	3
favoured	3
belonging	3
scattered	3
luis	3
condo	3
hid	3
posada's	3
whereabouts	3
servant	3
extradited	3
exploit	3
chavez	3
vain	3
contra	3
oliver	3
memoir	3
ole	3
testify	3
pseudonym	3
briggs	3
ranking	3
edwin	3
aaron	3
aggravated	3
parish	3
bangladeshi	3
monarchy	3
tsunami	3
miserable	3
bhutan	3
unnamed	3
permanently	3
bangladeshis	3
lanes	3
merchant	3
nationals	3
maritime	3
vessel	3
spy	3
launchers	3
constructing	3
submarine	3
islami	3
chittagong	3
arrests	3
seizures	3
forbidden	3
contributor	3
accuses	3
undermining	3
republics	3
favourite	3
insist	3
tripartite	3
lt	3
barno	3
tactical	3
presenting	3
demotion	3
ismail	3
adverse	3
moderates	3
conservatives	3
reconsider	3
absurd	3
alarming	3
explosive	3
siege	3
revenge	3
newsweek	3
executing	3
spatial	3
wade	3
smack	3
accent	3
rented	3
grandson	3
connecticut	3
impress	3
ri	3
smuggled	3
moldovan	3
amnesty	3
controllers	3
purchases	3
swiss	3
administration's	3
vanish	3
toledo	3
stony	3
glanced	3
chapel	3
stabbed	3
satanic	3
prosecutor	3
claudia	3
rot	3
seemingly	3
investigations	3
souls	3
southwestern	3
flds	3
warren	3
intertwined	3
underage	3
arranging	3
editorial	3
bench	3
marrying	3
husbands	3
convicted	3
juicy	3
evaporate	3
gop	3
outsourcing	3
fridays	3
guardians	3
afshari	3
empowerment	3
php	3
ain't	3
guiding	3
fulfilling	3
thy	3
serpent	3
inversion	3
socio	3
gloomy	3
barren	3
weil	3
uncover	3
fabio	3
michele	3
concerts	3
neocons	3
avant	3
hitler	3
nazis	3
redirect	3
whore	3
buddhism	3
output	3
tonnes	3
formulate	3
verified	3
whoever	3
farce	3
rio	3
censor	3
generalizations	3
mixing	3
morocco	3
predominantly	3
algeria	3
endanger	3
dysfunctional	3
corrupt	3
intellectuals	3
moslems	3
invention	3
psychological	3
fuss	3
frightening	3
explode	3
supermarkets	3
malls	3
vulnerability	3
blooded	3
fanatic	3
politician	3
trains	3
istanbul	3
ingredient	3
fabrications	3
tactic	3
respectable	3
credence	3
jerusalem	3
occurrence	3
admiration	3
adjacent	3
activist	3
spheres	3
schooling	3
unthinkable	3
blaming	3
saudis	3
brigade	3
liberties	3
respecting	3
symbols	3
shields	3
debates	3
dilemmas	3
raid	3
ambulance	3
pretended	3
ballerina	3
knock	3
educate	3
boycott	3
justified	3
embassies	3
collaborate	3
beautifully	3
forceful	3
decisively	3
prevail	3
horrors	3
faction	3
recreate	3
diagnostic	3
modus	3
operandi	3
cropdusters	3
setback	3
locks	3
princeton	3
scholar	3
disk	3
confiscated	3
capitol	3
superiors	3
unreliable	3
virulent	3
weaponize	3
bojinka	3
testified	3
moro	3
obtaining	3
extradition	3
spokesperson	3
narrowed	3
labs	3
alibek	3
optimal	3
electrostatic	3
microns	3
employee	3
classified	3
ismat	3
detained	3
family's	3
nickname	3
entourage	3
charlie	3
daschle	3
pursuant	3
imprisonment	3
profile	3
ami	3
publisher	3
parole	3
jail	3
nerve	3
poisonous	3
stamp	3
codes	3
greendale	3
recruits	3
premises	3
leak	3
residences	3
excluding	3
andre	3
specifics	3
jamaica	3
rico	3
beth	3
overdue	3
clayton	3
hedge	3
vested	3
bounce	3
transmit	3
cooper	3
lavorato	3
comparisons	3
renewal	3
prc	3
proposition	3
todd	3
analyze	3
bitmap	3
ei	3
mtm	3
broadband	3
ventures	3
impressionist	3
favorites	3
sooners	3
optionality	3
bug	3
backside	3
assumption	3
mom's	3
mcdermott	3
diagnosed	3
thanx	3
peters	3
deed	3
jackie	3
consistency	3
compiling	3
commissioned	3
ees	3
backweb	3
expire	3
disappear	3
retrieve	3
tokyo	3
courtney	3
akin	3
invoicing	3
expiration	3
discrepancy	3
swg	3
des	3
franklin	3
dominion	3
cullen	3
dykman	3
sole	3
reliance	3
blackline	3
yards	3
tractor	3
annoyed	3
ge	3
espeak	3
motors	3
alan	3
scheduling	3
regency	3
edt	3
forecasts	3
month's	3
agreeable	3
yourselves	3
payable	3
notional	3
carlos	3
eeftl	3
submits	3
correspond	3
handles	3
bust	3
deteriorate	3
privilege	3
ginger	3
wells	3
arthur	3
laptops	3
affiliates	3
arising	3
leach	3
matching	3
ram	3
stereo	3
masters	3
tolerable	3
dodge	3
articulating	3
augustine	3
gaze	3
burns	3
rebellion	3
borrow	3
cashout	3
ernie	3
penman	3
pecorp	3
xiii	3
janet	3
memorized	3
elses	3
xmas	3
chatting	3
ron	3
hesitant	3
denis	3
counterparties	3
emily	3
alerts	3
ranger	3
enjoyment	3
trivial	3
spell	3
elephant	3
how's	3
phoned	3
cycling	3
eta	3
ext	3
haedicke	3
deregulation	3
tropez	3
cannes	3
versailles	3
worksheet	3
ineos	3
troy	3
cp	3
uecomm	3
omitted	3
emma	3
weights	3
oops	3
revise	3
revising	3
lucy	3
pinto	3
leite	3
tanya	3
niagara	3
mohawk	3
gearing	3
til	3
sacramento	3
targeting	3
respondents	3
hoecker	3
steve's	3
certification	3
cpuc	3
lloyd	3
advocates	3
shippers	3
haas	3
loretta	3
renewable	3
incorporates	3
trademarks	3
edmund	3
czech	3
romania	3
compliance	3
provinces	3
shankman	3
popped	3
scoop	3
adn	3
debtors	3
intercompany	3
reconciling	3
commenced	3
compounded	3
amend	3
resigned	3
assurance	3
ronn	3
jemison	3
gmat	3
valuing	3
converting	3
volatilities	3
blend	3
exotic	3
cdec's	3
obligated	3
harmless	3
chunk	3
pls	3
susan's	3
lou	3
huber	3
authorization	3
sommer	3
coordinated	3
yea	3
caem	3
ace	3
robertson	3
ursula	3
responsive	3
fixes	3
messaging	3
hunter	3
summaries	3
introducing	3
executives	3
swbell	3
workshop	3
utilize	3
nasim	3
horton	3
attendant	3
ev	3
monarchs	3
listings	3
billy	3
dorsey	3
sherri	3
schott	3
attn	3
cass	3
seller	3
cheryl	3
defeats	3
tijuana	3
brad	3
herewith	3
diane	3
groan	3
databases	3
sheila	3
picket	3
inquired	3
gtee	3
issuing	3
se	3
e's	3
proposes	3
stabilization	3
tomorrow's	3
overly	3
refunds	3
screwed	3
incentives	3
specify	3
mars	3
api	3
girl's	3
alma	3
nicki	3
aye	3
volunteered	3
deviation	3
counting	3
govt	3
ecp	3
reps	3
granting	3
setoff	3
lemelpe	3
nu	3
loc	3
enpower	3
protects	3
newark	3
kowalke	3
popup	3
buchanan	3
richardson	3
attain	3
bankruptcy	3
reluctant	3
ultrasonic	3
detrimental	3
subpoenas	3
intrigue	3
mounting	3
investigating	3
sow	3
threaten	3
violate	3
regulators	3
advisers	3
overcharges	3
smutney	3
unaware	3
arbitration	3
perkins	3
patricia	3
trustee's	3
ecommerce	3
singles	3
newsday	3
cosmos	3
shuttles	3
defects	3
overlooked	3
hurdles	3
lovers	3
totalitarian	3
harmony	3
swim	3
kicking	3
viral	3
debts	3
packets	3
absorption	3
nutrients	3
tablets	3
capsules	3
viability	3
postures	3
waist	3
cured	3
gall	3
dancers	3
toe	3
quebec	3
baffin	3
leaning	3
paw	3
ripping	3
doyon	3
bleeding	3
crawford	3
aug	3
industrialist	3
sergey	3
brin	3
investor	3
tossed	3
radios	3
buddies	3
andreas	3
preview	3
legit	3
guilds	3
di	3
wander	3
convicts	3
vests	3
convict	3
succumbed	3
grim	3
annotated	3
pp	3
eater	3
misc	3
herbert	3
reputable	3
solicit	3
unsuccessful	3
sixty	3
gracious	3
halliburton	3
bold	3
assure	3
battling	3
flooded	3
biloxi	3
bbc's	3
slammed	3
inland	3
flats	3
bn	3
yheggy	3
googlenut	3
fy	3
payers	3
healthcare	3
trillions	3
flyer	3
roy	3
grows	3
exponentially	3
auction	3
prizes	3
cuyahoga	3
logging	3
spencer	3
prompting	3
sanctions	3
exporter	3
fraction	3
beginners	3
mp	3
tongue	3
nostrils	3
visualization	3
merge	3
sun's	3
meanings	3
signatures	3
vestry	3
unanimously	3
clare	3
postal	3
dudley	3
affection	3
denying	3
affirm	3
convictions	3
visibility	3
dempsey	3
appeals	3
respectful	3
meticulous	3
fascist	3
alexandria	3
shifting	3
span	3
freese	3
pike	3
earth's	3
carr	3
lion	3
sheds	3
pasted	3
torture	3
chambers	3
rachels	3
justifies	3
misfortune	3
perfume	3
vengeance	3
postage	3
sealed	3
requesting	3
skeptical	3
downloaded	3
reimbursed	3
cursor	3
notepad	3
whipple	3
grandma	3
michigan's	3
cows	3
imported	3
captive	3
renegade	3
biologist	3
trickle	3
albeit	3
compelling	3
ecology	3
ripple	3
beschta	3
unfortunate	3
hood	3
bald	3
ecological	3
streamside	3
beavers	3
herd	3
markedly	3
lions	3
rumors	3
altering	3
checkerspot	3
ranges	3
alterations	3
ecosystem	3
winters	3
acia	3
ipn	3
stocks	3
butterflies	3
wisconsin	3
almanac	3
cock	3
learnt	3
breakdown	3
commentators	3
profound	3
altered	3
juggernaut	3
stakes	3
booming	3
influx	3
buyers	3
rebuilding	3
slanted	3
credibility	3
motto	3
natives	3
taurus	3
advantages	3
deciding	3
advancement	3
accomplishments	3
punch	3
intuitive	3
regenerate	3
mysterious	3
eclipse	3
meets	3
sc	3
singular	3
peru	3
il	3
ivan	3
beats	3
sancho	3
impenetrable	3
obscurity	3
emptiness	3
murillo	3
postponed	3
crept	3
plunged	3
swear	3
sixties	3
divorce	3
rein	3
shrink	3
god's	3
epstein	3
schizophrenic	3
pact	3
bogus	3
proclaiming	3
condensed	3
planets	3
ego	3
effeminate	3
repressed	3
superiority	3
parade	3
untalented	3
weakening	3
aversion	3
outlines	3
irrational	3
misery	3
rivers	3
wires	3
reinforcing	3
ramifications	3
cites	3
arrayed	3
mountainous	3
coastline	3
fastest	3
sailing	3
roadside	3
comprised	3
compounding	3
hampered	3
liquefied	3
provoke	3
neiman	3
marcus	3
incomes	3
coincides	3
squeeze	3
nationally	3
laureate	3
vladimir	3
putin	3
dangers	3
karl	3
ballot	3
midterms	3
excepted	3
extinct	3
mentioning	3
kyoto	3
regulate	3
appointees	3
penalties	3
valued	3
polluter	3
superfund	3
screened	3
qa'ida	3
recognised	3
cement	3
mayors	3
subjected	3
defines	3
abstinence	3
guantanamo	3
prisoners	3
booster	3
plunge	3
ppl	3
roms	3
rom	3
launcher	3
moors	3
penines	3
burial	3
comparable	3
mega	3
nikon	3
aperture	3
preferable	3
appetizers	3
hammer	3
homemade	3
giraffe	3
acrylic	3
cleaners	3
budgie	3
grabbing	3
dongle	3
newborn	3
browns	3
beardies	3
puff	3
mouths	3
vague	3
soaked	3
slip	3
casting	3
soaking	3
energetic	3
calcutta	3
inquire	3
jeez	3
punctuation	3
whatnot	3
citizenship	3
ic	3
freak	3
wiring	3
rodents	3
spacious	3
reassure	3
thi	3
dsl	3
jacks	3
holga	3
rewind	3
korea's	3
everland	3
tong	3
kr	3
picky	3
notre	3
bienvenue	3
tutorial	3
adjusting	3
boob	3
parachute	3
canned	3
blender	3
spoon	3
skimmer	3
overflow	3
hd	3
htc	3
algae	3
wangs	3
shaft	3
scream	3
provider	3
ans	3
ascertain	3
cared	3
tract	3
carpenter	3
ruler	3
hardware	3
toy	3
feather	3
flooring	3
itm	3
sspagename	3
strk	3
mewax	3
trksid	3
ht	3
wt	3
equinecaninefeline	3
ferret	3
carpet	3
overt	3
muster	3
naha	3
venue	3
nightlife	3
aftershocks	3
sturdy	3
bareback	3
waterfalls	3
mist	3
brazilian	3
idk	3
charlotte	3
intermediate	3
mediterranean	3
champagne	3
steal	3
temp	3
spayed	3
peeing	3
concentrated	3
kindness	3
pics	3
recessive	3
dom	3
crest	3
crosses	3
imgur	3
crumpled	3
unwanted	3
ruined	3
catholics	3
halloween	3
choppy	3
hauling	3
torn	3
customize	3
transatlantic	3
barcelona	3
caucasian	3
caucasians	3
laborers	3
calif	3
tolerant	3
hutch	3
digest	3
roosters	3
furnace	3
tin	3
zinc	3
pouring	3
stove	3
propane	3
dartmouth	3
utensils	3
catering	3
opted	3
cruelty	3
that'll	3
creature	3
judgement	3
subway	3
shih	3
bark	3
trainer	3
clip	3
scented	3
varanasi	3
aster	3
bagh	3
lettuce	3
garlic	3
fostering	3
poop	3
diarrhea	3
foster	3
claws	3
distinguishing	3
afterward	3
regent	3
nashville	3
dislikes	3
sinh	3
waterfront	3
tre	3
intrepid	3
candies	3
dvd	3
flops	3
noticing	3
throws	3
gastroenteritis	3
vomit	3
nausea	3
couldnt	3
boiled	3
administer	3
pairing	3
scenarios	3
compliment	3
unfair	3
teenage	3
profession	3
pinky	3
tuna	3
hibernation	3
slowed	3
shedding	3
hissed	3
rub	3
hiss	3
tails	3
vc	3
challenged	3
chased	3
reptiles	3
emitting	3
processed	3
adorable	3
stripes	3
brutal	3
dublin	3
onwards	3
colder	3
vial	3
float	3
separating	3
microscopic	3
snacks	3
cory	3
mineral	3
calcium	3
yr	3
animated	3
luxurious	3
shores	3
seating	3
illustrated	3
hugs	3
crumbling	3
barry	3
becuse	3
flirt	3
lame	3
trainers	3
wobblers	3
acupuncturist	3
ridden	3
comprehension	3
compassion	3
kb	3
farmer	3
verizon	3
tattoos	3
tots	3
towel	3
salons	3
refreshment	3
pilates	3
daytime	3
te	3
burnt	3
compares	3
impeccable	3
crust	3
patio	3
bees	3
accomodating	3
manicure	3
watering	3
uneven	3
salads	3
tends	3
advocate	3
grease	3
maids	3
antique	3
chandeliers	3
someplace	3
disappointment	3
inspiring	3
queso	3
cramped	3
seth	3
dare	3
chili	3
batter	3
googled	3
quit	3
reccomend	3
steep	3
belgian	3
tiffany	3
breakfasts	3
apps	3
manson	3
selections	3
youll	3
hats	3
costumes	3
daycare	3
utter	3
excuses	3
reviewer	3
clerk	3
providence	3
methodical	3
chick	3
soups	3
duct	3
sicilian	3
jolla	3
nerd	3
fps	3
trek	3
curtains	3
plugs	3
karla	3
landlord	3
stewart	3
delightful	3
hospitable	3
lube	3
owning	3
outdated	3
palette	3
astounding	3
entertaining	3
colleague	3
cracked	3
prideful	3
enrolled	3
quaint	3
hostess	3
leaky	3
bathrooms	3
jill	3
overcooked	3
sucked	3
implant	3
pam	3
bna	3
bmw	3
slick	3
hallway	3
cycles	3
gare	3
lafayette	3
autos	3
sorted	3
gearbox	3
stout	3
grilled	3
loudly	3
grandparents	3
karma	3
roadhouse	3
postcards	3
standpoint	3
stationery	3
hut	3
rave	3
resorts	3
meats	3
frosting	3
gladly	3
craving	3
definite	3
jewelry	3
grinder	3
personable	3
revolves	3
activated	3
recomend	3
yelling	3
glasgow	3
pizzas	3
warrants	3
xf	3
stole	3
suv	3
murfreesboro	3
greasy	3
adorned	3
resturant	3
phet	3
seo	3
indicators	3
ethical	3
linens	3
combo	3
plates	3
sesame	3
stylists	3
neglected	3
dresser	3
flagship	3
inoperable	3
objectively	3
dominos	3
township	3
phantom	3
exceptions	3
flatbread	3
lace	3
picks	3
gown	3
dishonest	3
sear's	3
greensboro	3
it'd	3
heartland	3
excerpt	3
simplicity	3
ceremony	3
slightest	3
enriched	3
sooooo	3
predictable	3
chahine	3
backyard	3
autobiography	3
imaging	3
conceived	3
thompson	3
governance	3
contingents	3
hoc	3
nasrallah	3
najaf	3
asses	3
shrunk	3
chihuahua	3
suspend	3
bilateral	3
accenture	3
azurix	3
blanks	3
rfp	3
acrobat	3
corrections	3
webb	3
listens	3
harvey	3
outlook	3
vladi	3
cps	3
queensland	3
reversion	3
plz	3
internship	3
digging	3
jacques	3
fm	3
preliminary	3
deposited	3
webmaster	3
courtroom	3
subscribed	3
dressing	3
likelihood	3
intensive	3
uncensored	3
supplements	3
cola	3
safely	3
rita	3
emerge	3
fulfill	3
resumed	3
argentinian	3
delaware	3
rafael	3
blackberry	3
sx	3
weed	3
reel	3
auditorium	3
reich	3
tacky	3
sm	3
frequented	3
ipod	3
gb	3
connect	3
sinatra	3
chameleon	3
infertile	3
sexy	3
dd	3
caters	3
instructors	3
redline	3
phx	3
crave	3
piano	3
woodland	3
yum	3
makers	3
strawberries	3
nova	3
scotia	3
plumbing	3
stroll	3
sculptures	3
intervals	3
indie	3
commits	3
opt	3
falluja	3
frowned	3
constitutionally	3
humanitarian	3
ebbed	3
annan	3
melinda	3
ams	3
nerves	3
hussain	3
amin	3
hateful	3
zarqawi	3
encompass	3
mindedness	3
towers	3
tempted	3
nader	3
storyid	3
nola	3
ssf	3
lsustory	3
persuaded	3
belle	3
ecogas	3
holland	3
excess	3
caveat	3
vijay	3
suchdev	3
daren	3
ls	3
iferc	3
sank	3
pi	3
gpsa	3
arfsten	3
enhancement	3
kk	3
abel	3
amp	3
inhibitory	3
unnatural	3
amateur	3
calligraphy	3
straw	3
linux	3
timid	3
kistler	3
lts	3
walter	3
sleek	3
metric	3
caffeine	3
nap	3
temptation	3
crystal	3
streaming	3
blogs	3
cowardly	3
steiner	3
bose	3
backdrop	3
slogan	3
viet	3
pacman	3
humid	3
pints	3
craghoppers	3
productsuniverse	3
af	3
buffer	3
nacho	3
influenza	3
rings	3
donatello	3
michelangelo	3
hibachi	3
stocking	3
upgraded	3
moist	3
brilliant	3
bartender	3
drum	3
geelong	3
careless	3
bagel	3
claire	3
beresford	3
emotion	3
visually	3
unconscious	3
observer	3
visitor	3
placement	3
inject	3
masking	3
efficacy	3
witnessed	3
coase	3
actors	3
establishes	3
sonnets	3
ruiz	3
ndez	3
sequences	3
complementary	3
assessed	3
indirect	3
acpeds	3
encourages	3
academia	3
linking	3
lowered	3
attracting	3
universidade	3
intersection	3
escola	3
rebro	3
qualitative	3
interventions	3
arbitrary	3
dialects	3
signalling	3
pragmatic	3
insufficient	3
stimuli	3
hierarchy	3
consumes	3
improves	3
perks	3
compatibility	3
coru	3
mutants	3
radius	3
erroneous	3
geometries	3
exploitation	3
reproducibility	3
temporal	3
passive	3
observing	3
angles	3
retrieval	3
roughness	3
corrected	3
equation	3
spectrum	3
multiplying	3
dinosaurs	3
hip	3
morphological	3
locomotor	3
shorter	3
femora	3
interestingly	3
biewener	3
differed	3
adopting	3
exaggeration	3
episodes	3
prevalent	3
averse	3
aligned	3
framed	3
basel	3
daniel's	3
euler	3
sticking	3
realised	3
aeroplane	3
ancestry	3
wu	3
resided	3
portrait	3
redesigning	3
syntax	3
doctorate	3
generative	3
fillmore's	3
grammatical	3
len	3
framenet	3
corpora	3
poisson	3
incomprehensible	3
manuscripts	3
opponent	3
impending	3
novelty	3
alfred	3
honour	3
graves	3
string	3
serial	3
king's	3
lynley	3
geologist	3
douglas	3
disliked	3
expeditions	3
tomb	3
colonel	3
edited	3
edition	3
staircase	3
couldn	3
ichiy	3
higuchi's	3
compelled	3
loaded	3
ambition	3
famed	3
brock	3
shortstop	3
owls	3
altoona	3
rbi	3
debuted	3
anaheim	3
prot	3
cosmopolitan	3
communion	3
bonosus	3
aelius	3
domenico	3
madame	3
tussauds	3
nightclubs	3
uploads	3
jenna's	3
novels	3
patterson	3
peach	3
div	3
jules	3
catholicism	3
corresponding	3
translations	3
reproduction	3
hugh	3
ackles	3
discontinued	3
ratings	3
cortese	3
partnered	3
excesses	3
weeping	3
monasteries	3
pleaded	3
exiled	3
albert	3
marcia	3
artist's	3
rae	3
recorder	3
geri	3
must've	3
wandered	3
races	3
duh	3
ligaments	3
tights	3
disputed	3
geneva	3
calvin	3
scriptures	3
disciples	3
outgrow	3
michael's	3
witch	3
dwibbling	3
inventorying	3
experimenting	3
consumerism	3
ch	3
sinus	3
swinging	3
zach	3
hurts	3
trent	3
undo	3
contested	3
wage	3
erie	3
monroe	3
defendant's	3
owi	3
intoxicated	3
incremental	3
arise	3
neutral	3
scba	3
facet	3
debbie's	3
oral	3
successive	3
involuntary	3
montana's	3
confer	3
contemplate	3
contemplates	3
prohibition	3
limitation	3
confronted	3
narrower	3
concession	3
abide	3
factual	3
tone	3
adhere	3
reaffirm	3
convey	3
balancing	3
reverse	3
licensing	3
jessica	3
lau	3
sova	3
substitute	3
entitlement	3
sidewalks	3
distinguishes	3
discontinue	3
emphasized	3
relies	3
distraction	3
cognitivebias	3
distractions	3
overwhelmed	3
glorious	3
shouldn	3
momentum	3
keyboard	3
brightly	3
pathos	3
currentevents	3
friedrich	3
redistribution	3
electromagnetic	3
appealing	3
pitches	3
culinary	3
tapping	3
realms	3
krill	3
interact	3
augmented	3
plagued	3
illustrate	3
measurable	3
ivy	3
ideals	3
clarity	3
prevailed	3
fedex	3
parcel	3
acres	3
genome	3
strains	3
miri	3
epidemic	3
questionnaires	3
predictors	3
clinical	3
suburb	3
cdc	3
jackson	3
pedestrian	3
gasoline	3
glaze	3
gunfire	3
goodbye	3
erupted	3
soak	3
intensity	3
crying	3
realization	3
chubby	3
smeared	3
swings	3
irritated	3
lungs	3
staccato	3
backwards	3
socks	3
tiles	3
blues	3
tugged	3
courtyard	3
vineyards	3
enemy's	3
deployment	3
damned	3
ascending	3
zombie	3
shone	3
whither	3
gleaming	3
gram	3
chip	3
relics	3
bathtub	3
translucent	3
smiled	3
thumb	3
exams	3
sarcastic	3
reversing	3
comet	3
dome	3
headlong	3
wan	3
stirring	3
eternal	3
frightened	3
heavens	3
inscriptions	3
parasite	3
foraging	3
beauveria	3
bassiana	3
carved	3
tunnel	3
concentrations	3
brotherhood	3
magician	3
las	3
vegas	3
displaying	3
remarked	3
poured	3
anemone	3
antarctica	3
anemones	3
proteins	3
preservation	3
closet	3
mmpi	3
quantcast	3
sacrifices	3
virtuous	3
wheelchair	3
broadcasters	3
mckenzie	3
gliders	3
melbourne	3
adversity	3
whitman	3
successes	3
contributing	3
zeitgeist	3
analogy	3
noses	3
aner	3
asymptotic	3
conjectures	3
distortions	3
interplanetary	3
trajectory	3
collector	3
aerogel	3
demo	3
accelerate	3
luxembourg	3
faculties	3
competent	3
aided	3
sba	3
forgiven	3
annually	3
abbot	3
nite	3
petty	3
carlo	3
innocence	3
enclose	3
unp	3
norton's	3
honored	3
courageous	3
robotics	3
trump's	3
mohib	3
armenia	3
aspirations	3
irving	3
hashtag	3
istandwithahmed	3
tweeted	3
mecca's	3
moxon	3
nonpartisan	3
camp's	3
chung	3
ka	3
ki	3
cheung	3
cheuk	3
frederick	3
councillors	3
yeung	3
raymond	3
ftu	3
yiu	3
wayne's	3
gamers	3
legion	3
mickey	3
spinoff	3
anarchy	3
theorized	3
microsoft's	3
rival	3
disconnect	3
kcna	3
sunak	3
illegally	3
budweiser	3
plains	3
livorno	3
secularist	3
atheists	3
evansville	3
tang	3
combining	3
celebrities	3
truman	3
allton	3
soybean	3
pests	3
sphere	3
terminology	3
schwarzschild	3
monologue	3
improv	3
screenshot	3
openai	3
llm	3
shove	3
transparency	3
tomatoes	3
prepped	3
sketchbook	3
cottaging	3
cottagers	3
infectious	3
ebola	3
seventh	3
ministries	3
iot	3
nodes	3
meteorological	3
ci	3
redeem	3
pains	3
mansion	3
dwell	3
bind	3
pelosi	3
congresswoman	3
legislate	3
transforming	3
kenyan	3
tate	3
presidents	3
alcalde	3
servants	3
coahuila	3
consciously	3
shen	3
artworld	3
coping	3
hume	3
uniformity	3
prototypes	3
encompasses	3
farming	3
unused	3
epistemology	3
tendency	3
duckworth	3
locate	3
lifestyles	3
beringia	3
jade	3
inuit	3
shortest	3
dimension	3
relativity	3
satellites	3
plotted	3
distorts	3
salaries	3
awkward	3
blah	3
workout	3
peppers	3
outro	3
congestion	3
buds	3
chem	3
neuro	3
styler	3
go's	3
hike	3
saturdays	3
palate	3
unwooded	3
aromatic	3
pinotage	3
cabernet	3
rekohu	3
henga	3
hutt	3
recreational	3
comeback	3
nba	3
nfl	3
vikings	3
canadians	3
consulate	3
mongolia	3
hudson	3
basse	3
rebuilt	3
safavid	3
roam	3
archaeological	3
villages	3
turismo	3
paseo	3
tempe	3
arid	3
limestone	3
plateau	3
danish	3
langeland	3
svendborg	3
faaborg	3
smakkecenter	3
stryn	3
dk	3
tops	3
riverside	3
platted	3
worldview	3
drawstring	3
drained	3
hormone	3
hypnotized	3
teaspoons	3
preheat	3
muffin	3
elevators	3
distilled	3
hazardous	3
basing	3
fluent	3
cart	3
strap	3
canopy	3
procrastination	3
frenzy	3
chasers	3
hoops	3
beaters	3
simplest	3
broth	3
germ	3
dishwasher	3
sugary	3
immersion	3
attrition	3
institutes	3
curriculum	3
lord's	3
chaworth	3
joshua	3
protector	3
remedy	3
edict	3
melanie's	3
carwash	3
hantavirus	3
nobility	3
disgorgement	3
unjust	3
breach	3
construct	3
plead	3
comprises	3
calorie	3
medications	3
mule	3
mallorca	3
homeopathic	3
rezwan	3
undertaker	3
dlc	3
legislatures	3
slugs	3
melanoma	3
lymph	3
ultrasounds	3
ottoman	3
busuanga	3
dive	3
fumbles	3
compiled	3
broncos	3
gmina	3
governed	3
entitlements	3
powiat	3
hauteville	3
drengot	3
franks	3
tesla's	3
deterministic	3
tibetan	3
compulsory	3
vows	3
megalopolis	3
bernardino	3
mls	3
credits	3
lefevre	3
congregations	3
boiling	3
acids	3
welding	3
embargo	3
tfeu	3
amaz	3
deforestation	3
gigatons	3
cydippids	3
variations	3
cambrian	3
ctenophore	3
bilateria	3
cnidaria	3
phyla	3
genomes	3
lineages	3
decnet	3
epidemics	3
geology	3
conquests	3
dynasties	3
costume	3
upt	3
pharmacist	3
immunodeficiency	3
immunosuppressive	3
jawed	3
antigens	3
enr	3
classification	3
acre	3
bhutto	3
daleks	3
cybermen	3
jon	3
pertwee	3
gothic	3
kublai	3
annam	3
ng	3
mbh	3
theorem	3
infinitely	3
meuse	3
electorate	3
abortion	3
hobson	3
duquesne	3
contrec	3
aristotle	3
projectile	3
gravitation	3
tensor	3
preacher	2
qaim	2
moi	2
bombers	2
baathists	2
secretly	2
kidnapping	2
kidnapped	2
kut	2
detonated	2
overwhelmingly	2
baathist	2
kadhim	2
hawijah	2
batawi	2
protesting	2
debaathification	2
exclude	2
punish	2
sharq	2
awsat	2
fedayeen	2
indiscriminately	2
icdc	2
apprehensive	2
dwellers	2
looting	2
loot	2
spouting	2
reminding	2
snipers	2
roofs	2
mutilating	2
assigning	2
soothing	2
authoritative	2
myths	2
reactor	2
neighbouring	2
contaminated	2
wi	2
belarus	2
ibrae	2
yogi	2
infoukes	2
chornobyl	2
au	2
glandular	2
enlarging	2
wholesome	2
speeches	2
assassinate	2
operatives	2
pakistanis	2
repeal	2
musharraf's	2
isolating	2
tandem	2
spill	2
rallying	2
seminal	2
est	2
enduring	2
chechnya	2
taiwanese	2
hui	2
inquiring	2
pervaiz	2
characterize	2
disturbing	2
confronting	2
ominous	2
authoritarian	2
alienating	2
friday's	2
instability	2
hizbullah	2
stockpiles	2
menace	2
chant	2
yassin	2
hussein's	2
zionist	2
sinhala	2
strife	2
lankan	2
eelam	2
ips	2
abruptly	2
rebel	2
kilinochchi	2
balasingham	2
intractable	2
influencing	2
norwegians	2
reluctantly	2
persuade	2
japan's	2
constraints	2
apprehension	2
lanka's	2
unreported	2
genocide	2
habitation	2
urinals	2
busybodies	2
bluff	2
nalapat	2
secretaries	2
conciliatory	2
strobe	2
divest	2
taxpayers	2
catastrophic	2
nudging	2
ibrahim	2
foreigner	2
vienna	2
atal	2
vajpayee	2
indulged	2
trusty	2
nukes	2
signaling	2
implying	2
commands	2
mumbai	2
tan	2
hoa	2
daddy	2
deserted	2
awol	2
weren	2
col	2
campenni	2
glut	2
winding	2
flies	2
blames	2
spotlight	2
someday	2
abbudi	2
sistani's	2
hazim	2
thief	2
embarrass	2
amusing	2
smug	2
kurdish	2
sectarian	2
hurling	2
persians	2
thieves	2
withdrawal	2
governorates	2
sheikhs	2
disenfranchised	2
nimr	2
revolt	2
din	2
partition	2
luxury	2
custody	2
bomber	2
skinned	2
doorstep	2
nichols	2
exacerbated	2
hugo	2
pertains	2
lynn	2
knowingly	2
concluding	2
rearing	2
ponchatoula	2
deputies	2
confessed	2
hosanna	2
livingston	2
aint	2
fallibility	2
foresee	2
hasina	2
wazed	2
nepalese	2
gyanendra	2
dismissing	2
glaring	2
ramtanu	2
maitra	2
iceberg	2
manipur	2
multitude	2
secessionist	2
constitute	2
aceh	2
campbell's	2
unofficial	2
countrymen	2
tankers	2
traffickers	2
weaken	2
flank	2
lackluster	2
freighter	2
vessels	2
propelled	2
grenade	2
rifles	2
cox's	2
bazar	2
buildup	2
comprise	2
divides	2
rivalry	2
consulates	2
balochi	2
balochistan	2
amrullah	2
saleh	2
directorate	2
equations	2
interfering	2
harbouring	2
omar	2
usmani	2
diplomat	2
realise	2
curbing	2
unconnected	2
restrain	2
crackdown	2
chaman	2
pashtun	2
fahim	2
warlord	2
kayani	2
delegation	2
strenuous	2
hardliners	2
undermine	2
deepen	2
herat	2
warlords	2
aggressively	2
iranians	2
quetta	2
resisted	2
demise	2
kerry's	2
shrapnel	2
forearm	2
absent	2
slack	2
erratic	2
temper	2
disastrous	2
mercenaries	2
streak	2
abstain	2
slowest	2
wagon	2
winton	2
scoured	2
handsome	2
khaki	2
infantry	2
ordinarily	2
unpleasant	2
gambit	2
senatorial	2
dutifully	2
abiding	2
wednesday's	2
cache	2
planeloads	2
vanished	2
blasted	2
bosnian	2
sinks	2
investigators	2
nun	2
draped	2
assaulted	2
robinson's	2
priests	2
reopen	2
horrific	2
opener	2
reopening	2
graham	2
supervisor	2
institutionally	2
fugitives	2
group's	2
aryan	2
preached	2
unto	2
center's	2
deseret	2
unwillingness	2
lawmakers	2
cult	2
retardation	2
daisy	2
gullible	2
grandmothers	2
massoud	2
maryam	2
brainwash	2
sploid	2
gui	2
umm	2
strippers	2
dope	2
hmmmmmm	2
columbine	2
hissing	2
deathly	2
hypocrisy	2
unexplored	2
coogan	2
varied	2
intoxicating	2
simone	2
cognitively	2
senseless	2
befuddled	2
wilt	2
tidbit	2
shocking	2
gripped	2
chiara	2
fabio's	2
subterfuge	2
perceive	2
socialists	2
nordau	2
crowleyan	2
thelema	2
appropriating	2
appropriators	2
originate	2
undecided	2
obscure	2
behold	2
delivering	2
mormon	2
utterly	2
scandals	2
accumulating	2
whitehouse	2
revocation	2
fray	2
tronicus	2
alchemical	2
integrate	2
synthesis	2
baudelaire	2
masses	2
haul	2
wether	2
humming	2
onward	2
militarism	2
pretext	2
proverbial	2
devote	2
minorities	2
upheaval	2
assad	2
succeeding	2
grotesque	2
islamophobia	2
accomplices	2
rampant	2
lethal	2
killings	2
hysterical	2
preventive	2
detector	2
counters	2
naive	2
delights	2
despair	2
poorest	2
cynical	2
indispensable	2
childish	2
icon	2
liars	2
distort	2
tuned	2
observes	2
planners	2
inciting	2
miseries	2
blackmail	2
receptive	2
hotspots	2
ski	2
ringleader	2
mutilation	2
abolishing	2
policeman	2
homework	2
lawless	2
boxer	2
shoots	2
sheltered	2
pretends	2
crooks	2
criminals	2
starvation	2
depart	2
surgically	2
starve	2
unfriendly	2
ambitions	2
supremacy	2
elaborate	2
traces	2
virtuoso	2
sponsors	2
uzbekistan	2
appease	2
enterprises	2
fertile	2
expelling	2
understandable	2
veterinary	2
disclosed	2
contemplated	2
dispersing	2
rawalpindi	2
tenet	2
shukrijumah	2
casing	2
disc	2
disperse	2
scheuer	2
symbolic	2
mabruk	2
ramzi	2
dusters	2
biochemist	2
jew	2
supervised	2
confidante	2
atef	2
koran	2
jihadist	2
obl	2
audiotape	2
transfers	2
bioweaponeer	2
mistaken	2
sponsorship	2
undermines	2
biodefense	2
sensational	2
sufaat's	2
aerial	2
ji	2
condominium	2
perceiving	2
manipulate	2
bacteriologist	2
bail	2
stipend	2
understandably	2
amerithrax	2
manhunt	2
ashcroft	2
grandchildren	2
advises	2
atta	2
doj	2
foisted	2
alpha	2
milling	2
drying	2
interferes	2
plotter	2
yousef	2
pursuing	2
foremost	2
knights	2
anwar	2
sadat	2
overlook	2
enquirer	2
gamaa	2
casualty	2
rahman's	2
feith	2
summarized	2
jenkins	2
symbolism	2
faq	2
revealing	2
messenger	2
allah	2
fundraising	2
alias	2
approximation	2
hindsight	2
exhausted	2
accusing	2
dubious	2
rumored	2
stemmed	2
columnist	2
compromise	2
regrettable	2
leaks	2
searches	2
maureen	2
eliminating	2
nonessential	2
guatemala	2
revalue	2
aiming	2
reservations	2
sullivan's	2
ling	2
woody	2
wonderfully	2
advisors	2
gapinski	2
emery	2
rescheduled	2
beau	2
tuesday's	2
monday's	2
performers	2
eg	2
choate	2
decook	2
makkai	2
clicking	2
euci	2
trans	2
expn	2
john's	2
xferring	2
vicsandra	2
essie's	2
liabilities	2
warpspeed	2
epi	2
centralize	2
apache	2
vof	2
walloch	2
branom	2
lithograph	2
overtime	2
outrageously	2
rothko	2
kline	2
burner	2
huskers	2
drool	2
mcconnell	2
postpone	2
galleryfurniture	2
shreveport	2
calendars	2
bart's	2
attributable	2
tommorow	2
dances	2
mayonnaise	2
elephants	2
peanuts	2
graduation	2
occupancy	2
levi	2
orbiting	2
nx	2
watt	2
inclusion	2
brent	2
shona	2
regularity	2
interrupted	2
delainey	2
attributing	2
downhill	2
politely	2
erin	2
weblogic	2
unreachable	2
lysa	2
nonbondad	2
busier	2
ubs	2
tabs	2
toni	2
llp	2
montague	2
igts	2
stip	2
walters	2
customarily	2
tenn	2
welch	2
gm	2
ethink	2
winfrey	2
weathereffects	2
hedging	2
intrigued	2
astonished	2
pjm	2
nepool	2
cleanest	2
mutually	2
mill	2
workable	2
allocate	2
dee	2
jorge	2
confirmations	2
omnibus	2
prod	2
fro	2
jpy	2
multiplied	2
origination	2
imperative	2
peggy	2
structuring	2
thankful	2
honeymoon	2
lay's	2
tori	2
levitt	2
brainstorm	2
notebooks	2
caucus	2
educators	2
everett	2
disseminate	2
tco	2
po	2
camper	2
tow	2
hooray	2
maw	2
ck	2
oglethorpe	2
invoiced	2
responds	2
simien	2
ellenberger	2
jointly	2
blurred	2
danelia	2
roasted	2
roaches	2
crawling	2
thrilled	2
swell	2
ra	2
milligan	2
bd	2
defaults	2
sage	2
paralegal	2
tks	2
ag	2
kelley	2
needless	2
birdie	2
thesis	2
darren	2
faithfully	2
organizational	2
bowen	2
bockius	2
jann	2
prayers	2
provisional	2
homepage	2
pacheco	2
pickle	2
thur	2
clh	2
tues	2
lv	2
confusing	2
vic	2
uc	2
ozs	2
nylon	2
isdas	2
rebecca	2
brokerage	2
marquez	2
goldmann	2
tracy	2
hai	2
liquidations	2
evidently	2
flipping	2
this's	2
marcelo	2
meira	2
videoconference	2
conferenced	2
nella	2
fagan	2
iep	2
meier	2
await	2
melissa	2
cohen	2
lara	2
angie	2
buis	2
terminate	2
restructuring	2
suppliers	2
accomplishment	2
severin	2
ucei	2
borenste	2
steffes	2
assertions	2
laird	2
marly	2
clicked	2
monitored	2
tonnage	2
timetable	2
outline	2
duplicate	2
misstatements	2
reconciled	2
instigated	2
prioritised	2
ordination	2
recalculation	2
manually	2
creditors	2
complexities	2
mitigating	2
summarised	2
downloads	2
commence	2
inspectors	2
replies	2
retake	2
banking	2
mwh	2
vols	2
rac	2
randy	2
gallup	2
cdec	2
automated	2
alerted	2
mentions	2
teh	2
nemec	2
incurred	2
averaging	2
bidders	2
alternate	2
primaries	2
nailed	2
needles	2
dynegy	2
fossum	2
norma	2
aeron	2
spies	2
gibson	2
cooled	2
mkm	2
duncan	2
cfm	2
transcripts	2
evaluations	2
brenner	2
communicating	2
complain	2
repercussions	2
sibley	2
wolens	2
apprised	2
probing	2
rick's	2
reflective	2
constructive	2
leslie	2
fundamentals	2
transredes	2
assignment	2
stanley	2
eott	2
hangar	2
persue	2
feild	2
referral	2
ets	2
smithjones	2
preseason	2
sparks	2
starzz	2
lynx	2
cdt	2
conf	2
enw	2
datamanager	2
phy	2
lesser	2
seller's	2
contractual	2
login	2
hare	2
setups	2
counterparty's	2
tradename	2
kriste	2
seleznov	2
tobias	2
teresa	2
dg	2
ids	2
migrate	2
brandee	2
luan	2
sourcing	2
badge	2
safeguard	2
tim	2
o'rourke	2
walton	2
davies	2
skinner	2
contacting	2
affirmative	2
demographic	2
hbs	2
picketing	2
stubley	2
indivero	2
zoning	2
dept	2
pipefitters	2
galen	2
torneby	2
parkway	2
felix	2
tozzini	2
andrea	2
luncheon	2
pertinent	2
eligibility	2
refuses	2
phoebe	2
memphis	2
amelia	2
plantation	2
scaring	2
burgers	2
cone	2
definitive	2
procedural	2
angela	2
minkin	2
lindh	2
redwood	2
minimizing	2
bypass	2
adopts	2
baja	2
workpapers	2
cos	2
fleshing	2
finalize	2
whim	2
perishable	2
gouging	2
lynch	2
reliant	2
wolak	2
implication	2
fingered	2
clamoring	2
stunk	2
shawna	2
referrals	2
onshore	2
platt's	2
binding	2
amanda	2
downside	2
payout	2
liability	2
highlight	2
comm	2
yikes	2
accompany	2
relieved	2
giovannini	2
favourable	2
perry	2
lng	2
disclaimer	2
midmarket	2
customer's	2
dietrich	2
lc	2
transferable	2
christie	2
reconcile	2
val	2
finalizing	2
coordinating	2
chnages	2
governs	2
reimbursable	2
guthrie	2
questar's	2
chanley	2
telephony	2
ledger	2
prepayment	2
chromatograph	2
attendance	2
investigative	2
twists	2
allege	2
memos	2
betrayed	2
fishman	2
dunn's	2
stifle	2
withhold	2
abolish	2
winter's	2
retrospect	2
justifying	2
governor's	2
californians	2
spike	2
skyrocketing	2
consult	2
consulted	2
clues	2
indifferent	2
wager	2
manne	2
nmanne	2
susmangodfrey	2
hardship	2
chumley	2
carter	2
tweed	2
steer	2
harass	2
atty	2
pleadings	2
strathmann	2
enthusiastic	2
focal	2
refine	2
offerings	2
palmer	2
assembled	2
battered	2
levine	2
ucan	2
kills	2
abomination	2
permissive	2
bullshit	2
noone	2
fucked	2
sacrificed	2
tackling	2
deliveries	2
insulation	2
cherished	2
choir	2
weakest	2
herpes	2
indignity	2
embrace	2
conflagration	2
homeopath	2
positioned	2
gelceuticals	2
vitamins	2
consuming	2
swallowing	2
matrix	2
longevity	2
residual	2
mt	2
ct	2
dharmad	2
dharma	2
shrii	2
psycho	2
benefiting	2
childbirth	2
sanskrit	2
innermost	2
microcosm	2
removes	2
complexes	2
acidity	2
liver	2
rhythmically	2
dancer	2
ta	2
danced	2
fulfil	2
obstacles	2
rhythm	2
que	2
soper	2
bear's	2
screamed	2
frighten	2
screams	2
dwarfed	2
knocking	2
jaw	2
fur	2
centimetre	2
blade	2
wielding	2
denote	2
cowpland	2
boasting	2
accessing	2
bhatia	2
coin	2
noyce	2
electronics	2
lotus	2
kapor	2
microcomputer	2
micro	2
ellison	2
terminated	2
slang	2
os	2
repulsive	2
yahoos	2
sms	2
forums	2
calender	2
retailers	2
graphics	2
beta	2
kingel	2
greet	2
warmly	2
addicts	2
tongues	2
budgets	2
testosterone	2
prostitute	2
darkest	2
ruts	2
bravely	2
reilly	2
guerilla	2
postings	2
archives	2
keywords	2
regain	2
subsidiary	2
secured	2
monarchies	2
urgently	2
condoleeza	2
chevron	2
tanker	2
intermediary	2
hack	2
oakley	2
blogging	2
submerged	2
martial	2
barges	2
brunt	2
organisations	2
astronomy	2
expires	2
aeronautics	2
webpage	2
cellular	2
outreach	2
wastes	2
monies	2
rockin	2
raffle	2
polluting	2
clash	2
hostilities	2
claude	2
visualizations	2
visualisations	2
sensory	2
organs	2
withdrawing	2
visualize	2
vivid	2
surrounds	2
familiarity	2
limp	2
merging	2
wordy	2
analytical	2
ncrc	2
chs	2
deacon	2
affirms	2
inequities	2
genders	2
officiate	2
bmc	2
txt	2
intellect	2
recite	2
mannered	2
tragic	2
flaw	2
tearing	2
rendered	2
wit	2
theonereasonwhy	2
vernon	2
numero	2
outsiders	2
program's	2
chronicle	2
shenzhou	2
embarked	2
fei	2
nie	2
explorers	2
newport	2
applaud	2
beutel	2
week's	2
docking	2
righ	2
felines	2
fires	2
periodically	2
genitals	2
perfumes	2
greedy	2
mercy	2
vocals	2
hellish	2
creatures	2
starters	2
esque	2
intelligent	2
confined	2
scraped	2
audible	2
farewell	2
bw	2
columbus	2
sec	2
verifies	2
selecting	2
scroll	2
boulder	2
ranchers	2
gratefully	2
predator	2
packs	2
osu	2
aspen	2
saplings	2
munching	2
upi's	2
triggered	2
cascade	2
beaver	2
berry	2
shrubs	2
animal's	2
livestock	2
sciencem	2
aldo	2
phenophases	2
determining	2
causal	2
migrates	2
extinctions	2
alaskan	2
coincided	2
iceland	2
appraisal	2
cod	2
flatfish	2
crustaceans	2
greenland	2
examines	2
seals	2
transcend	2
bedlam	2
restore	2
bashers	2
appalled	2
detractors	2
bulgaria	2
idaho	2
workplace	2
shy	2
straightened	2
smirk	2
refineries	2
aries	2
downs	2
belts	2
aspiration	2
progresses	2
newfound	2
gemini	2
knocks	2
leaps	2
bounds	2
alternating	2
dissatisfaction	2
leo	2
virgo	2
libra	2
jupiter	2
scorpio	2
transformation	2
capricorn	2
awaited	2
infuse	2
pisces	2
unexpectedly	2
unpredictable	2
flourish	2
mayursha	2
bridget	2
conquered	2
labour's	2
adriana	2
armatho	2
bombast	2
acquainted	2
intimacy	2
unmistakable	2
epithet	2
enters	2
parody	2
ailment	2
ethnically	2
lopez's	2
openings	2
bans	2
castling	2
reformer	2
boi	2
medici	2
diversion	2
quixote	2
strips	2
shaken	2
thou	2
revolutions	2
blatantly	2
decoud	2
parisian	2
coloured	2
dimly	2
sensations	2
placid	2
stare	2
solemnity	2
dense	2
lucas	2
greatness	2
prearranged	2
bushes	2
detected	2
nicknamed	2
disintegration	2
sutcliffe	2
hamburg	2
lennon's	2
overdose	2
preach	2
lsd	2
guitarist	2
distresses	2
thames	2
metastasis	2
linda's	2
mourning	2
waning	2
husband's	2
pretending	2
afore	2
virility	2
sings	2
manliness	2
homosexual	2
cavern	2
collar	2
wore	2
manifestations	2
studios	2
overbearing	2
deceiving	2
mentally	2
hierarchies	2
cursed	2
spinach	2
folly	2
pitt	2
turkish	2
der	2
blowback	2
dawa	2
sciri	2
disgruntled	2
probable	2
escalation	2
cauldron	2
heyday	2
armored	2
csis	2
asymmetric	2
milnet	2
astride	2
modernization	2
hormuz	2
fleet	2
mach	2
sailors	2
tarawa	2
chooses	2
retaliate	2
vaunted	2
guerrilla	2
decides	2
condemnation	2
syria's	2
credible	2
exploding	2
caspian	2
imperil	2
dumping	2
showdown	2
ceases	2
wal	2
shelves	2
battlefield	2
enlist	2
stiglitz	2
shatter	2
implicit	2
disruption	2
carriers	2
maniac	2
catastrophe	2
hat	2
offset	2
bubble	2
rove	2
abramoff	2
voluntarily	2
reneged	2
timber	2
rollbacks	2
alumni	2
epa	2
environmentalists	2
premature	2
violations	2
citing	2
unheeded	2
lung	2
ailments	2
ear	2
asbestos	2
arabia's	2
linguists	2
spends	2
spurs	2
bechtel	2
suspended	2
potable	2
photographed	2
detectors	2
humvees	2
mater	2
dime	2
screening	2
baggage	2
pathogens	2
unaffected	2
cheques	2
bankruptcies	2
cutter	2
libertarian	2
handcuffed	2
surgical	2
indonesians	2
ranch	2
maine	2
raisers	2
evangelicals	2
sisters	2
ohh	2
dads	2
collages	2
hartpury	2
merrist	2
ucas	2
hookers	2
intimidating	2
blush	2
undesirable	2
rotten	2
moyross	2
orla	2
area's	2
mytouch	2
crashes	2
baked	2
bleak	2
mounds	2
appy	2
concentrate	2
def	2
expose	2
sensors	2
flipped	2
poles	2
restrict	2
invasive	2
crayola	2
adapt	2
depressed	2
swiffer	2
diapers	2
softener	2
lingering	2
callum	2
stupidity	2
gpa	2
breeder	2
overcrowded	2
rewarded	2
peels	2
mcnuggets	2
sausage	2
arnt	2
pillow	2
wouldnt	2
theyre	2
pullers	2
hacking	2
slots	2
chemically	2
castgobl	2
hers	2
digs	2
bored	2
howrah	2
asansol	2
foreigner's	2
halts	2
hirier	2
ferplast	2
atm	2
wool	2
beg	2
fathers	2
thanh	2
adsl	2
whats	2
folds	2
adorama	2
censored	2
sophomore	2
parental	2
nudes	2
skipping	2
steakhouse	2
grille	2
barclay	2
rib	2
weighed	2
ammonia	2
aways	2
jeju	2
namsan	2
carribbean	2
pigeon	2
cdg	2
ty	2
rer	2
modes	2
gimpedblog	2
picasa	2
photoshop	2
yanhee	2
brakes	2
nicks	2
bumrungrad	2
bangkok	2
gravy	2
encounters	2
piping	2
ipad	2
darn	2
microphone	2
ereader	2
tavern	2
wishing	2
betta	2
bettas	2
fins	2
conditioner	2
beam	2
grips	2
receiver	2
securely	2
sleeps	2
budgies	2
fernando	2
comfy	2
snorkeling	2
kinect	2
ds	2
psp	2
joystick	2
soo	2
lifespan	2
urinary	2
outdoor	2
expectancy	2
cockatiel's	2
flock	2
ruin	2
cuddly	2
miniature	2
panels	2
glue	2
hinges	2
drills	2
cork	2
yarn	2
randomly	2
imo	2
savic	2
aspx	2
uth	2
brunch	2
bday	2
bridal	2
ihop	2
ogden	2
lifeboat	2
ensures	2
proficient	2
venues	2
showcase	2
fuji	2
sashimi	2
mcnamara	2
dirtier	2
gunpowder	2
jamming	2
bean	2
clog	2
rotorua	2
creams	2
rainbow	2
foreground	2
foz	2
cater	2
blackworms	2
scrub	2
qualify	2
circular	2
basket	2
sigh	2
marking	2
patronage	2
rebirth	2
humanists	2
labelled	2
joachim	2
hookless	2
dilute	2
shanks	2
combs	2
genetically	2
pea	2
combed	2
gf	2
rug	2
creeping	2
curtain	2
outlet	2
calf	2
bun	2
temperance	2
abstaining	2
marches	2
paraded	2
brack	2
flickering	2
hz	2
flicker	2
fusion	2
driver's	2
trailers	2
rusted	2
slant	2
downright	2
trailer	2
insured	2
cruisecompete	2
chartering	2
segments	2
who'd	2
wwii	2
haight	2
asians	2
veg	2
burrow	2
echo	2
melts	2
barbecue	2
blacksmithing	2
plumbers	2
blower	2
bakers	2
bakery	2
forbid	2
dictate	2
pester	2
snake's	2
affectionate	2
jaws	2
tupperwear	2
immigrant	2
harshly	2
admire	2
mates	2
wandering	2
guesthouse	2
stink	2
pouch	2
trios	2
broccoli	2
wits	2
scooping	2
sleeves	2
thunder	2
birthcertificates	2
cay	2
comedians	2
friendliness	2
collage	2
savannah	2
charleston	2
lisbon	2
freaked	2
mekong	2
minh	2
adventurous	2
hangout	2
touristy	2
evenly	2
flopping	2
lastnight	2
abnormal	2
irritation	2
prescribe	2
spices	2
obstruction	2
saxon	2
stringing	2
backgrounds	2
pals	2
uni	2
zealander	2
flee	2
dux	2
bachelors	2
earn	2
teacher's	2
advertised	2
gerbil	2
hibernate	2
pinkie	2
bred	2
dull	2
hisses	2
nva	2
leaned	2
sneak	2
peasants	2
rallied	2
topple	2
unpalatable	2
emit	2
vapor	2
feeder	2
dragons	2
beardeddragon	2
disgrace	2
thermometer	2
anyone's	2
leafy	2
finch	2
heres	2
chirping	2
tamed	2
vent	2
fo	2
millet	2
harming	2
umbrella	2
jackets	2
killifish	2
uncut	2
killies	2
incubating	2
tray	2
seasoned	2
chlorine	2
chlorination	2
killie	2
tds	2
holidaying	2
inception	2
furnished	2
decorated	2
marvelously	2
chilling	2
payoff	2
rubbing	2
farriers	2
lousy	2
horribly	2
mares	2
ummmm	2
knocked	2
shitty	2
drags	2
regimen	2
shee	2
opossums	2
trotters	2
nile	2
stroke	2
insensitive	2
snowboard	2
lynda	2
pcs	2
coats	2
florist	2
max's	2
edmonton	2
rover	2
tints	2
helpers	2
dupont	2
flyers	2
unbeatable	2
wallen	2
cathy	2
tastings	2
recieve	2
baffled	2
ambiance	2
personalized	2
staffs	2
marek	2
qwest	2
napkin	2
budge	2
discounted	2
dentists	2
wasp	2
environmentally	2
suzanne	2
springfield	2
watson	2
sourced	2
petit	2
pedicures	2
bella	2
pl	2
physios	2
vigor	2
flavorful	2
bull	2
fights	2
smashed	2
followup	2
nachos	2
gear	2
reccommend	2
hams	2
fond	2
shannon	2
knowledgable	2
printers	2
insulted	2
princess	2
showroom	2
antiques	2
rocked	2
shu	2
wavy	2
tasteless	2
desserts	2
nigel	2
drawings	2
guacamole	2
watery	2
skylight	2
inspected	2
groceries	2
bloom	2
jiu	2
jitsu	2
rosa	2
teaches	2
salesperson	2
brett	2
mussels	2
downstairs	2
tanglewood	2
youngstown	2
steaks	2
buys	2
updo	2
boutiques	2
unresolved	2
vigilant	2
fraiser's	2
evergreen	2
furnishings	2
durability	2
dissatisfied	2
rudely	2
disgusting	2
napa	2
subpar	2
phenomenal	2
amazes	2
rails	2
sticker	2
freshly	2
giggled	2
lovin	2
kueck	2
roofing	2
realy	2
bustling	2
accomplishing	2
t's	2
vibe	2
genius	2
vacations	2
eternally	2
nurse	2
immense	2
student's	2
brendan	2
stacked	2
fussy	2
dined	2
hesitation	2
washer	2
outback	2
tasteful	2
ruona	2
quitting	2
saltford	2
signage	2
vera	2
bellevue	2
counselor	2
kissed	2
argumentative	2
exterminator	2
turnover	2
wildernest	2
atop	2
grandeur	2
junkie	2
jiffy	2
padded	2
weekday	2
ferrari	2
omg	2
truely	2
staples	2
majestic	2
ironic	2
brickell	2
guerra	2
diagnose	2
untrue	2
could've	2
fusions	2
cheveux	2
endo	2
unprofessional	2
jerks	2
hairdresser	2
conditioned	2
tenants	2
woodinville	2
ndi	2
johnette	2
responsiveness	2
speeding	2
stain	2
verde	2
completly	2
veggie	2
peas	2
blackened	2
painless	2
confuse	2
misinformation	2
creekside	2
remodel	2
pressured	2
rubbish	2
trimmers	2
slipped	2
negotiate	2
mattered	2
bjs	2
sierra	2
stylist	2
styled	2
bend	2
nye	2
intending	2
tissues	2
toilet	2
mould	2
dos	2
paradero	2
vendor	2
lewiston	2
herbs	2
hostel	2
recommending	2
brewery	2
sampler	2
brawler	2
esa	2
smoother	2
mpg	2
grandfather	2
greeter	2
brittany	2
marginal	2
climber	2
spay	2
neuter	2
ingrown	2
toenail	2
catagory	2
rigged	2
papeluna	2
hustle	2
latte	2
yelped	2
yelp	2
rams	2
ncaa	2
continuously	2
fhs	2
mango	2
appointments	2
nibble	2
foie	2
gras	2
vegetarians	2
hotter	2
sauces	2
cookies	2
valentines	2
rectangle	2
texture	2
boyfriend's	2
liau	2
bathing	2
discounts	2
wonderland	2
filigree	2
crafts	2
lovable	2
crafter	2
assortment	2
ceramic	2
inserts	2
switching	2
suspects	2
garbage	2
pressed	2
romanick	2
diligent	2
rudest	2
hype	2
dunno	2
congratulated	2
scots	2
mia's	2
cashier	2
wasting	2
salty	2
pickup	2
rvs	2
luckily	2
bud	2
grissom	2
unmanned	2
cracker	2
kiss	2
silly	2
pardon	2
raging	2
diner	2
morris	2
comforting	2
spirits	2
automotive	2
unheard	2
ulistic	2
pry	2
mazda	2
steamed	2
recount	2
discontent	2
sooo	2
owner's	2
locker	2
canceling	2
cape	2
derrick	2
blonde	2
sketchy	2
sporadic	2
terribly	2
hickory	2
drawers	2
drawer	2
someone's	2
wreck	2
saintly	2
pounded	2
reciprocate	2
confidently	2
cope	2
strzalka	2
aortic	2
ventilator	2
recommends	2
toured	2
introductions	2
unrealistic	2
facilitating	2
rittenhouse	2
splitting	2
innkeeper	2
suitcases	2
totes	2
chambermaid	2
zahav	2
hummus	2
sizes	2
circa	2
uhh	2
disagreed	2
shredded	2
purposely	2
steering	2
kramer	2
guerre	2
miniscule	2
qaida	2
resolving	2
deploy	2
xinhua	2
communique	2
endeavors	2
whispers	2
ridiculously	2
branching	2
afp	2
staged	2
westerners	2
shojai	2
organizer	2
winners	2
az	2
samarra	2
satire	2
unconfirmed	2
hottest	2
arial	2
expresses	2
jong	2
vu	2
waived	2
mired	2
o'neill	2
sung	2
unchanged	2
browsing	2
adage	2
provoking	2
anticipating	2
sermon	2
finishes	2
spahnn	2
expeditiously	2
boone	2
perverted	2
bryngelson	2
tier	2
phil	2
unleadedstocks	2
crudestocks	2
heatingoilstocks	2
paddiistockscl	2
paddistocksho	2
paddistockshu	2
marlene	2
hilliard	2
ccng	2
liens	2
transporting	2
antigua	2
brant	2
woodson	2
usman	2
unitedway	2
netscape	2
pledging	2
retire	2
realisation	2
esteem	2
thinker	2
constance	2
powersrc	2
submitting	2
constellation	2
priscilla	2
transporter	2
imbalance	2
referencing	2
rudwell	2
enronxgate	2
geometric	2
shirley	2
uncertainties	2
intern	2
notation	2
gatech	2
coverletter	2
preceding	2
vii	2
siding	2
irr	2
roma	2
ragnarok	2
hahaha	2
breeders	2
mesmerizing	2
cgoehring	2
yankeedot	2
sellers	2
blasts	2
diaries	2
capt	2
spastic's	2
paypal	2
earnings	2
spanking	2
glenn	2
smoker	2
reynolds	2
mimicking	2
dm	2
nominee	2
longtime	2
natal	2
floods	2
thecatalbum	2
seakness	2
men's	2
timed	2
determines	2
gratifying	2
enthusiasts	2
newsfeed	2
encryption	2
gottlieb	2
freelance	2
rodale	2
broadway	2
starch	2
coca	2
bottling	2
mighty	2
fertilizer	2
plant's	2
occupy	2
pepsi	2
gnofhac	2
york's	2
brushing	2
saffir	2
dn	2
bureaucratic	2
seattlepi	2
macho	2
nasser	2
yasser	2
statehood	2
unrestricted	2
muhammed	2
habib	2
havent	2
baguio	2
surfing	2
googling	2
hha	2
oq	2
knuckle	2
bulk	2
kudos	2
migratory	2
punjab	2
nt	2
piramar	2
goat	2
deserved	2
arabes	2
jo	2
deco	2
oe	2
rls	2
sout	2
smartphone	2
hayes	2
symphony	2
strangers	2
ambience	2
kollam	2
thr	2
crush	2
coins	2
sells	2
pudding	2
roadways	2
pari	2
chowk	2
cabs	2
deserts	2
twinky	2
achilles	2
amenities	2
basement	2
uncomfortable	2
ks	2
eh	2
electrician	2
pvt	2
midtown	2
karate	2
billboards	2
malcolm	2
belongings	2
libido	2
embroidered	2
inefficient	2
mcmanus	2
pueblo	2
adz	2
crashed	2
britt's	2
tutoring	2
pod	2
flavored	2
hamburguers	2
volcano	2
lightning	2
smokehouse	2
freshness	2
ray's	2
sophie	2
soooo	2
terrific	2
villega	2
sweater	2
mateo	2
mani	2
pedi	2
guessing	2
gorgeous	2
alan's	2
dui	2
botched	2
elmira	2
morphed	2
nostalgic	2
donovan	2
chorus	2
toolbar	2
insisted	2
hostage	2
condemning	2
tense	2
disproportionate	2
elevation	2
concurring	2
symptomatic	2
kofi	2
donors	2
dazzling	2
berkshire	2
msm	2
obscures	2
contemplating	2
fatally	2
forbade	2
raiding	2
sins	2
foiled	2
fascists	2
fascism	2
advocacy	2
adjective	2
waheed	2
tariq	2
ont	2
vikash	2
chand	2
shakur	2
tawhid	2
allegiance	2
usamah	2
wahhabi	2
jordanian	2
distinctive	2
insignia	2
contradicted	2
czar	2
vocal	2
sharif	2
presume	2
sarcasm	2
layoffs	2
kinder	2
ponder	2
tonite	2
collapses	2
theadvocate	2
pse	2
volatility	2
phb	2
hagler	2
bailly	2
maffett	2
stephens	2
beatty	2
renewing	2
funb	2
olsen	2
grasp	2
lsk	2
tackett	2
abacustech	2
girlfriends	2
lj	2
template	2
topped	2
gurus	2
sep	2
anita	2
addressee	2
endorsed	2
ample	2
complement	2
marvel	2
recruiters	2
marvelconsultants	2
tva	2
vm	2
mesa	2
hain	2
ne	2
cdwr	2
dash	2
utexas	2
prof	2
id's	2
schedules	2
feng	2
baptist	2
twinkle	2
risen	2
pee	2
chai	2
southbhamcats	2
dar	2
otto	2
aptly	2
cortex	2
cortical	2
recurrent	2
worldwatch	2
td	2
resisting	2
chilean	2
excite	2
boredom	2
animations	2
myshutter	2
newsfeeds	2
mastercard	2
schmidt	2
cubes	2
wei	2
garde	2
ink	2
collaboratively	2
coarse	2
closures	2
actionnetwork	2
nhs	2
beams	2
astronotes	2
boosters	2
lynne	2
flattered	2
eleanor	2
marx	2
impediment	2
zsa	2
namath	2
spam	2
portuguese	2
peat	2
kolkatta	2
hl	2
rlz	2
gglq	2
enus	2
biography	2
upl	2
tbm	2
isch	2
biw	2
bih	2
koreans	2
varnish	2
tumblr	2
kits	2
pancakes	2
mazzoni's	2
phila	2
louvre	2
bothers	2
donalds	2
ncl	2
chargers	2
praised	2
upload	2
brushes	2
hanoi	2
indochina	2
frog	2
picnic	2
sanfranguide	2
hind	2
shivering	2
hlep	2
andiamos	2
advertise	2
sensible	2
fitted	2
debenhams	2
megapixels	2
libre	2
blouse	2
mexicans	2
sundae	2
invercargill	2
hackney's	2
int	2
groupon	2
zebraklub	2
cichlids	2
clownloach	2
clown	2
loach	2
minneapolis	2
gooroo	2
splendid	2
sams	2
ridge	2
ralph's	2
allentown	2
irrigation	2
landscaping	2
renovated	2
rohatgi	2
preschool	2
mystified	2
massages	2
corona	2
dryers	2
unic	2
limo	2
transformed	2
kebabs	2
plucker	2
farrell	2
credentials	2
hing	2
eyebrows	2
donair	2
bon	2
suitably	2
tooth	2
unlocked	2
bulwark	2
sprayed	2
stale	2
distinctions	2
strengths	2
scan	2
viewer	2
gathers	2
saccades	2
pond	2
tenure	2
positively	2
perspectives	2
encompassing	2
assembling	2
cra	2
taulbee	2
variable	2
topical	2
continuous	2
recollected	2
curated	2
awarding	2
pluralist	2
elites	2
consolidated	2
extracts	2
enrichment	2
metropolis	2
lattice	2
cnrs	2
clara	2
thierry	2
poibeau	2
nguez	2
caparr	2
stylistic	2
extensively	2
luj	2
fern	2
systematically	2
complements	2
navarro	2
metrical	2
homer	2
poetic	2
xico	2
bounded	2
noun	2
antecedent	2
verbs	2
ostensibly	2
egregious	2
pediatricians	2
pediatric	2
pharmaceutical	2
commercially	2
borderline	2
contingent	2
beall	2
questionable	2
incumbent	2
inflate	2
rankings	2
manipulation	2
cite	2
catarin	2
bavelier	2
klingberg	2
integrates	2
quantitative	2
interval	2
paired	2
emphasizing	2
persistence	2
denoted	2
arbitrariness	2
initiator	2
initiation	2
presumed	2
interjections	2
constrained	2
siwu	2
ghana	2
lao	2
tai	2
informal	2
felicity	2
emerges	2
naturalistic	2
depictions	2
hein	2
chitonga	2
utilization	2
segmented	2
bataan	2
diode	2
cooling	2
perils	2
disposed	2
acute	2
uvr	2
vitamin	2
recycling	2
centro	2
paradigms	2
java	2
changecoordsys	2
modifying	2
simplified	2
geofences	2
geofence	2
zones	2
booleanpolygonconstraint	2
verification	2
overlap	2
reparcelling	2
appendix	2
santos	2
gass	2
mackey	2
https	2
makel	2
originality	2
replications	2
instrument	2
liu	2
epistemologies	2
smos	2
sac	2
smap	2
scanned	2
radiometer	2
vertically	2
sst	2
emissivity	2
tsm	2
unsolved	2
cutoff	2
wavenumber	2
roughened	2
posterior	2
decreased	2
mammals	2
biewener's	2
lengths	2
torsional	2
analyzing	2
exercising	2
theropod	2
gradual	2
resembles	2
experimentally	2
recreated	2
facets	2
storyworld	2
viewership	2
rap	2
albums	2
paratexts	2
intertexts	2
narratives	2
exemplified	2
postdigital	2
transformations	2
castamere	2
threads	2
analyzes	2
illustrating	2
physicist	2
mathematicians	2
pioneering	2
bernoulli's	2
persecution	2
heidelberg	2
botany	2
desirability	2
motions	2
isaac	2
laplace	2
mechanical	2
brook	2
kinetic	2
mathematically	2
classmate	2
dissertation	2
continuity	2
bertrand	2
interpreter	2
legendary	2
tsinghua	2
collaborated	2
fang	2
lai	2
rebelling	2
washington's	2
exchanged	2
cincinnati	2
freemasonry	2
chartered	2
linguist	2
berkeley's	2
stationed	2
coded	2
proponent	2
crucially	2
utterance	2
illuminated	2
phenomena	2
generalized	2
formalisms	2
variants	2
adele	2
sim	2
poisson's	2
reacted	2
abandon	2
auguste	2
mlle	2
confided	2
fianc	2
famously	2
royalist	2
dumas	2
d'herbinville	2
assertion	2
outlining	2
hermann	2
profundity	2
bourg	2
reine	2
variste	2
pas	2
confessions	2
stepsister	2
breakout	2
garnered	2
revisited	2
superhero	2
leap	2
talbot	2
abbey	2
acclaimed	2
armstrong	2
maguire	2
tempest	2
aberdeenshire	2
admiral	2
descended	2
ellon	2
persecuted	2
prussia	2
sombre	2
embarking	2
turks	2
tatars	2
kiev	2
azov	2
inscription	2
zaha	2
liberated	2
qatar	2
tat	2
qasim	2
koolhaas	2
elia	2
zenghelis	2
inventor	2
natsu	2
natsuko	2
meiji	2
passionate	2
earnest	2
takekurabe	2
thirteenth	2
interruptions	2
banknote	2
empress	2
baseman	2
outfielder	2
bats	2
batted	2
pitcher	2
catcher	2
honors	2
trophy	2
ligament	2
inning	2
indianapolis	2
traded	2
joel	2
cardinals	2
ro	2
eusebius	2
sophronius	2
hieronymus	2
confessor	2
stridon	2
lutheran	2
illyrian	2
adriatic	2
escapades	2
experimentation	2
casually	2
bouts	2
cautiously	2
rufinus	2
psalms	2
impulse	2
ascetic	2
mourey	2
vlogger	2
subscribers	2
suffolk	2
barstool	2
immortalized	2
selfie	2
solomita	2
youtubers	2
worm	2
appearances	2
bunny	2
conservatoire	2
screenwriter	2
bafta	2
sar	2
theatrical	2
actresses	2
aise	2
gallows	2
malle	2
katherine	2
berg	2
moreau's	2
descent	2
internationally	2
chimes	2
immortal	2
foreman	2
oliveira	2
vocalist	2
wycliffe	2
inadequate	2
master's	2
alpine	2
unmarried	2
asserting	2
translator	2
prospective	2
equivalents	2
orientations	2
winchester	2
gilmore	2
ashley	2
murray	2
ruby	2
show's	2
struggles	2
fourteen	2
sne	2
virtues	2
pachomian	2
phbow	2
verge	2
glory	2
consented	2
petronios	2
apa	2
practiced	2
prediction	2
pissed	2
leroy	2
hollywood	2
acapulco	2
fills	2
balloon	2
seis	2
huit	2
hooves	2
mae	2
tendons	2
pebbles	2
babe	2
would've	2
figuring	2
sweatshirts	2
brendler	2
indulgences	2
humanistic	2
invictus	2
depraved	2
decisive	2
prerogative	2
predestination	2
exalted	2
obeys	2
sayings	2
baling	2
sherry	2
kirk	2
fevers	2
germs	2
jito	2
issac	2
gestalt	2
burp	2
righty	2
spit	2
ew	2
psychedelic	2
marketed	2
magnifying	2
squish	2
tempting	2
robbie's	2
harley	2
davidson	2
nah	2
fifths	2
verbal	2
wages	2
deductions	2
deducted	2
that'd	2
props	2
swan	2
branshaw	2
jayden	2
grabs	2
impairment	2
juror	2
responders	2
voir	2
intoxication	2
ingesting	2
guruswamy	2
inheritance	2
buddhists	2
mindful	2
parliament's	2
restrictive	2
unfold	2
adjudicated	2
johar	2
exercised	2
peremptory	2
quadrant	2
coils	2
carport	2
client's	2
kristin	2
appellant	2
mic	2
inspect	2
petitions	2
objected	2
unequivocal	2
safeguards	2
subsection	2
pac	2
respondent's	2
justices	2
escapes	2
baucus	2
ramona	2
unambiguous	2
upholding	2
ambiguity	2
drake	2
renters	2
harmonize	2
prohibit	2
county's	2
sjc	2
gaston	2
articulated	2
compulsion	2
reconsidering	2
predicated	2
unambiguously	2
paradigmatic	2
sequel	2
ja	2
infused	2
nigh	2
occupying	2
appealed	2
eviction	2
lavan	2
citations	2
statutes	2
protections	2
draws	2
gwen	2
footnote	2
chandler	2
inconsistent	2
precedents	2
emphasizes	2
creatively	2
assorted	2
novellas	2
benefited	2
refining	2
muse	2
plausible	2
subconsciously	2
distract	2
shines	2
barnes	2
ethos	2
milton	2
friedman	2
hammond	2
bolstered	2
wired	2
pennies	2
lump	2
presciently	2
fairer	2
eyed	2
pandolfi	2
marco	2
daydreaming	2
berries	2
industrialized	2
growers	2
locking	2
transnational	2
circulation	2
foodshed	2
subdivide	2
blinds	2
staggering	2
sits	2
fodder	2
morrison	2
fishers	2
toiletries	2
dispose	2
landfill	2
shale	2
formations	2
respiratory	2
asthma	2
coughing	2
pipelines	2
technologically	2
maynard	2
prescient	2
implanted	2
commonplace	2
neuralink	2
illustrates	2
responsibly	2
tread	2
illusion	2
cyber	2
pistorius	2
enhancements	2
researcher	2
immersed	2
warikoo	2
rejects	2
valedictorians	2
entails	2
isolation	2
discernible	2
meritocratic	2
meritocracy	2
disadvantaged	2
privatize	2
bollier	2
boosts	2
bullying	2
sing	2
napier	2
dared	2
depict	2
unrecognizable	2
stuffed	2
stinging	2
dilution	2
lauren	2
infringement	2
competitions	2
franken	2
mocked	2
pity	2
diluted	2
surgeries	2
ceos	2
bosses	2
diminishing	2
skipped	2
bloomberg	2
mackenzie	2
bonds	2
longitudinal	2
predicts	2
postdoctoral	2
attribution	2
walljasper	2
foxx	2
bicycling	2
hum	2
inequity	2
diabetes	2
murthy	2
singled	2
motorized	2
carts	2
latinos	2
colombia	2
revitalization	2
asshole	2
explosions	2
lawsuits	2
salted	2
bursts	2
tucked	2
mortality	2
doll	2
dangerously	2
mosaic	2
grief	2
taut	2
vaguely	2
attic	2
abandonment	2
faded	2
wails	2
dillard	2
wailing	2
dew	2
toph	2
wipe	2
uhhh	2
wheezing	2
bounced	2
tendrils	2
daring	2
raspberry	2
writhing	2
eaves	2
gutters	2
logs	2
cuttings	2
retreated	2
waved	2
seaweed	2
whiskered	2
engulfed	2
creaking	2
cracking	2
stacks	2
stormy	2
peeled	2
sails	2
rope	2
chanting	2
mausoleum	2
linen	2
sparkling	2
contagious	2
triumph	2
docks	2
weathered	2
pills	2
prologue	2
kethlan	2
starfighter	2
midway	2
cockpit	2
commanding	2
emblem	2
groove	2
seeming	2
doom	2
flynn	2
spectral	2
foliage	2
ripples	2
heedless	2
grassy	2
swaying	2
breeded	2
therein	2
sullen	2
spires	2
sunken	2
trembled	2
afar	2
condor	2
gigantic	2
puffy	2
basalt	2
monstrous	2
forehead	2
dim	2
shrieked	2
grasps	2
loosely	2
lightly	2
shining	2
stray	2
freud	2
theseus	2
uncontrolled	2
genotype	2
taunts	2
algorithms	2
pag's	2
curled	2
shouted	2
moaned	2
reinforcements	2
faint	2
siri	2
snowy	2
scrubby	2
drain	2
pixie	2
blamed	2
jellicoh	2
uphill	2
hairs	2
goo	2
disgust	2
sideways	2
watered	2
spider	2
ditch	2
indicative	2
halted	2
reverted	2
desolate	2
reddish	2
intensely	2
caves	2
perpetual	2
incrustation	2
veronique	2
blankets	2
furs	2
valentin	2
andreae	2
crowley	2
theo	2
illustrations	2
wafer	2
meditating	2
hadn	2
monuments	2
humankind	2
brethren	2
medicating	2
helsinki	2
nests	2
stumps	2
copenhagen	2
jargon	2
cicada	2
beetles	2
supervision	2
aerated	2
evans	2
scarne	2
influences	2
eureka	2
emeritus	2
credited	2
socialist	2
hegemony	2
rescinded	2
unending	2
remotely	2
themed	2
savage's	2
satirical	2
weiner	2
polls	2
bitters	2
laughs	2
prevalence	2
daly	2
inaccurate	2
geologists	2
rov	2
formalin	2
stained	2
squashed	2
queue	2
unorthodox	2
preservatives	2
andrillae	2
asexually	2
localities	2
psychologist	2
baseline	2
analytics	2
milestone	2
envisioned	2
advertisers	2
slovenian	2
reinforces	2
mcguire	2
acoustic	2
vibrant	2
lessig's	2
twain	2
yankee	2
o'reilly	2
podiobooks	2
preston	2
spitfire	2
revisit	2
messina	2
readings	2
cds	2
depths	2
drums	2
patriotic	2
stanza	2
shea	2
hug	2
exclusive	2
shankbone	2
colbert	2
spirited	2
unfunny	2
peres	2
histories	2
unimportant	2
levico	2
symmetry	2
alice	2
legato	2
confront	2
westphal	2
capsule	2
micron	2
javascript	2
browsers	2
flux	2
diameter	2
simulate	2
leisurely	2
commissions	2
sixteenth	2
sugarbowl	2
bannerman	2
umpires	2
mcc	2
trustworthy	2
larrikin	2
conveyed	2
partisans	2
obey	2
batsmen	2
betting	2
recourse	2
forbearance	2
passions	2
traits	2
contravention	2
demagogues	2
jewel	2
abourezk	2
livable	2
congressmen	2
prospects	2
retroactive	2
fairness	2
mikhail	2
commendable	2
retained	2
depress	2
capita	2
wesleyan	2
slacks	2
rickenbacker	2
andover	2
arosa	2
ashes	2
roomates	2
n't	2
bee	2
misrepresenting	2
rushing	2
encl	2
unhcr	2
bribery	2
convincingly	2
trounced	2
culminating	2
juncture	2
reductions	2
obstacle	2
disadvantage	2
competitiveness	2
vigorous	2
radcliffe	2
affiliations	2
shyness	2
donna	2
eau	2
gallie	2
planting	2
lansing	2
dairy	2
oaks	2
burroughs	2
hamdullah	2
estonia	2
proving	2
fishermen	2
basya	2
fisherman	2
rathke	2
boy's	2
zuckerberg	2
vip	2
tweet	2
resembled	2
marc	2
finalists	2
arlington	2
jafari	2
memon	2
islam's	2
undergoing	2
pilgrimages	2
defector	2
interrogated	2
lifetimes	2
eddie	2
chu	2
tien	2
ftu's	2
junius	2
yan	2
fung	2
quat	2
alvin	2
youngspiration's	2
newcomers	2
regina	2
elects	2
kowloon	2
yau	2
ching	2
kin	2
councillor	2
nwsc	2
chun	2
starry	2
holden	2
genres	2
atwood	2
immortals	2
craftsmanship	2
katherinator	2
eras	2
cosplayer	2
torso	2
zealand's	2
referendums	2
engraved	2
waitangi	2
scientologist	2
ingram	2
raided	2
declares	2
antiquated	2
vulnerabilities	2
valeska	2
suppressive	2
tasked	2
ship's	2
quasi	2
wartime	2
hastily	2
loudspeakers	2
kai	2
shek	2
fog	2
celebrations	2
commuting	2
backlog	2
commissioner	2
claimants	2
exploiting	2
boswell	2
refuge	2
solomon	2
yielding	2
novgorod	2
hwang	2
hee	2
foul	2
granqvist	2
romelu	2
mertens	2
scoreboard	2
volley	2
belgians	2
tunisia's	2
bottleneck	2
trampled	2
lombardy	2
refusals	2
administrations	2
arrears	2
ici	2
undersecretary	2
hopper	2
kathryn	2
decentralized	2
skidmore	2
gustafon	2
glimpse	2
fascination	2
helium	2
ripe	2
analyse	2
sheffield	2
decreasing	2
huffington	2
offsetting	2
deities	2
archeological	2
denomination	2
alcoholics	2
addictions	2
literal	2
chalk	2
obsessive	2
lick	2
alcoholic	2
serotonin	2
postulate	2
positing	2
editions	2
neutron	2
lego	2
nothingness	2
accretion	2
anachronistic	2
pixar	2
cautionary	2
oddly	2
jonesy	2
firsthand	2
oversight	2
workday	2
lorne	2
forefront	2
library's	2
housekeeping	2
polaris	2
intergalactic	2
cyberpunklibrarian	2
presences	2
inhaling	2
shedload	2
apples	2
casserole	2
squash	2
novella	2
caleb	2
hobbit	2
kickstarter	2
boomers	2
wilderness	2
destroying	2
shorelines	2
soapbox	2
muskoka	2
coronavirus	2
viruses	2
cov	2
klain	2
doses	2
preside	2
capacities	2
progressively	2
freedoms	2
enshrined	2
signatory	2
multilateral	2
github	2
biomed	2
colonizers	2
creators	2
plurality	2
tryst	2
solemn	2
striving	2
endured	2
beckons	2
pledges	2
anew	2
disciplined	2
motherland	2
homage	2
agony	2
transforms	2
systemic	2
breonna	2
proudly	2
incompatible	2
aisle	2
philonise	2
sadness	2
bipartisan	2
withheld	2
mandate	2
fuels	2
macedonia	2
unilateral	2
investments	2
troop	2
multipolar	2
kamala	2
oaths	2
endure	2
restoring	2
padilla	2
ossoff	2
warnock	2
awe	2
resign	2
watergate	2
bitterness	2
hastened	2
momentous	2
gakuru	2
equitable	2
copyrightx	2
oer	2
devolution	2
peacetime	2
eisenhower	2
laboring	2
hubble	2
unfolding	2
ingenuity	2
isis	2
victories	2
competence	2
abolition	2
texans	2
nacogdoches	2
marched	2
reluctance	2
regalia	2
anahuac	2
felipe	2
outnumbered	2
defenders	2
flunking	2
calmly	2
erupts	2
blinks	2
hydrated	2
geertz	2
innate	2
mei	2
sikong	2
tu	2
hegelian	2
formalism	2
hutcheson	2
fruitless	2
segregation	2
recognizable	2
mahatma	2
nonviolent	2
sprays	2
divergent	2
displace	2
capitalization	2
metaethical	2
objectivity	2
naturalism	2
explanatory	2
resist	2
coincidentally	2
problematic	2
epistemological	2
learner	2
suits	2
trait	2
glaciers	2
inhospitable	2
domesticated	2
pyramids	2
mesoamerican	2
kukulkan	2
teotihuacan	2
chichen	2
itza	2
codex	2
burned	2
tibet	2
expressing	2
sociologist	2
hunts	2
ethiopia	2
upright	2
roommate	2
twentieth	2
warps	2
towering	2
elapsed	2
bends	2
paperweight	2
outlier	2
hormonal	2
oppress	2
saxby's	2
eee	2
bitch	2
avocado	2
pesto	2
ramsay	2
chop	2
vlogs	2
fullest	2
rainy	2
raining	2
instagram	2
glazed	2
miyuki	2
mh	2
caramel	2
moisturizing	2
aloe	2
adidas	2
terrex	2
waterfall	2
hershey	2
decay	2
grecian	2
dominique	2
hogsmeade	2
diagon	2
alley	2
wand	2
ciao	2
lina	2
bieber	2
bremen	2
acidic	2
aromas	2
strawberry	2
cellar	2
abraham	2
hermitage	2
tanins	2
shiraz	2
recap	2
fruity	2
maori	2
variant	2
rangatira	2
vans	2
hapupu	2
picturesque	2
imi	2
treasures	2
riches	2
gateway	2
cancun	2
renew	2
slovakia	2
departures	2
piled	2
skyline	2
highrise	2
edgewater	2
jitney	2
intersections	2
terrace	2
fairway	2
specialty	2
sporting	2
gardeners	2
lush	2
galante	2
saintes	2
sirade	2
petite	2
windsurf	2
reefs	2
zouk	2
stomachs	2
julfa	2
armenians	2
imam	2
masterpieces	2
palaces	2
hakim	2
chehel	2
sotoun	2
floors	2
ceremonies	2
owing	2
merchants	2
calo	2
cathedral	2
sisal	2
merida	2
gob	2
mx	2
dulo	2
informaci	2
tur	2
stica	2
palacio	2
merged	2
hohokam	2
reborn	2
thriving	2
summers	2
enormously	2
monsoon	2
hispanic	2
airways	2
greyhound	2
hafijj	2
runway	2
importing	2
mukalla	2
hagghier	2
endemic	2
dragon's	2
socotra's	2
sydfynske	2
funen	2
denmark's	2
flora	2
fauna	2
kayak	2
dinghies	2
taasinge	2
vagabond	2
tranek	2
birkholm	2
capped	2
schoolchildren	2
ankle	2
temptations	2
theravada	2
bartlesville	2
precipitation	2
missouri	2
okmulgee	2
beeline	2
freeways	2
mingo	2
intersect	2
denver	2
constantine	2
curiosity	2
england's	2
northbound	2
eastbound	2
tyneside	2
counteract	2
imperfection	2
imperfections	2
undue	2
mentality	2
slippers	2
snug	2
leotard	2
mirrors	2
herb	2
fragrant	2
sprouts	2
transplant	2
bushy	2
puree	2
hypnotizing	2
chicken's	2
servings	2
sifted	2
tablespoons	2
pureed	2
flavoring	2
nut	2
pranks	2
ding	2
exclaim	2
alarmed	2
creep	2
username	2
drowning	2
flirtatious	2
gloves	2
liter	2
funnel	2
glowsticks	2
tightly	2
vogelaviatiolap	2
vowel	2
cram	2
essentials	2
parachutes	2
chutes	2
jumper	2
constitutes	2
moderately	2
peg	2
keeper	2
sock	2
evade	2
wiffle	2
strainer	2
drizzle	2
fluff	2
sieve	2
foil	2
skittled	2
liters	2
cheesecloth	2
muslin	2
neurocognitive	2
attained	2
nl	2
vrije	2
universiteit	2
wilms	2
liber	2
moderation	2
byron's	2
fitzgibbon	2
kindred	2
peruvian	2
proclamations	2
decrees	2
oakland	2
kendra	2
marlena	2
whip	2
unh	2
msg	2
prelogar	2
inflicted	2
secretary's	2
babstock	2
rosenthal	2
eizenga	2
causally	2
wrongful	2
clements	2
wrongdoer	2
sedentary	2
bodily	2
scarcity	2
fatty	2
cardiovascular	2
desktop	2
unions	2
projection	2
engages	2
drowned	2
shadows	2
rustle	2
rustling	2
lunre	2
olondrian	2
twisting	2
jom	2
tyom	2
sack	2
dismounted	2
odor	2
interviewee	2
titley	2
surges	2
friction	2
evaporated	2
saravanan	2
damages	2
lucero	2
villa	2
vane	2
alphonso	2
betray	2
usg	2
pangborn	2
collegian	2
decreases	2
verifying	2
chriss	2
affiliation	2
daughter's	2
gloria's	2
tedeschi	2
sanitisers	2
goiter	2
bangladesh's	2
bengali	2
lahore	2
shobha	2
pantha	2
rabindra	2
sangeet	2
rabindranath	2
wrestling	2
nostalgia	2
tequila	2
xiv	2
bogard	2
iori	2
rugal	2
derives	2
accountable	2
penalizes	2
factories	2
nondemocratic	2
pittock	2
roses	2
organ	2
lymphoscintigraphies	2
scans	2
medicines	2
underwent	2
olympia	2
demolished	2
automobile	2
smog	2
palawan	2
shipwrecks	2
tagbanuas	2
divers	2
liners	2
fasten	2
fastened	2
kuechly	2
tackles	2
coleman	2
cornerback	2
manning	2
quarterback	2
denver's	2
warsaw's	2
polonia	2
commune	2
communes	2
powiat's	2
wola	2
ursyn	2
rollo's	2
normandy	2
danes	2
norse	2
apulia	2
calabria	2
byzantine	2
byzantines	2
oursel	2
amalfi	2
bari	2
marconi's	2
bids	2
classifying	2
bitstrings	2
encoded	2
integers	2
adjacency	2
multiplication	2
np	2
paddling	2
hinduism	2
lama	2
automobiles	2
bakersfield	2
chivas	2
dvb	2
compliant	2
mpeg	2
astra	2
portfolio	2
virgin	2
tobacco	2
carriage	2
victoria's	2
melbourne's	2
brands	2
closure	2
ford's	2
protestantism	2
manakintown	2
reformed	2
farel	2
assimilated	2
lavoisier	2
luftwaffe	2
marseille	2
lothar	2
maizi	2
supplying	2
cylinder	2
rankine	2
condenser	2
rotors	2
discs	2
propeller	2
rotor	2
hertz	2
priestley	2
acid	2
paleoclimatologists	2
skeletons	2
isotope	2
seawater	2
measurement	2
monoxide	2
gangrene	2
decompression	2
datsun	2
lm	2
initiating	2
proportional	2
meps	2
appoint	2
enel	2
conflicted	2
simmenthal	2
accordance	2
nica	2
amazonia	2
forested	2
hectare	2
pastoral	2
amazonian	2
forests	2
phylum	2
gelatinous	2
lagerst	2
tten	2
molecular	2
phylogenetics	2
ctenophora	2
placozoa	2
porifera	2
sponges	2
fresno's	2
householder	2
yosemite	2
connectionless	2
protocols	2
triad	2
mainframe	2
gateways	2
abilene	2
gbit	2
clades	2
bubonic	2
pneumonic	2
timelines	2
compresses	2
eon	2
quaternary	2
timeline	2
epoch	2
pleistocene	2
sedimentary	2
globally	2
stratigraphic	2
geophysical	2
subsurface	2
biruni	2
avicenna	2
hutton	2
pons	2
hadrian	2
hadrian's	2
geordie	2
tunnels	2
coveted	2
ming	2
sketches	2
horniman	2
sheepshanks	2
fuseli	2
tiepolo	2
promotions	2
network's	2
vanity	2
goldenson	2
opulent	2
merkits	2
toghrul	2
jochi	2
aristocracy	2
genghis's	2
mamluks	2
levant	2
gphc	2
pharmacology	2
pioneered	2
distillation	2
maridini	2
dispensary	2
dispensing	2
dispense	2
autoimmune	2
melatonin	2
lymphocyte	2
epitopes	2
thoreau	2
satyagraha	2
gandhi's	2
shelley's	2
austrian	2
sewer	2
malum	2
erg	2
nzungsschulen	2
vocational	2
unaided	2
apartheid	2
campuses	2
allston	2
longwood	2
ribault	2
poorer	2
fay	2
inundated	2
pier	2
perotti	2
fertility	2
taxation	2
kuznets	2
piketty	2
adventures	2
cobb	2
quadrangle	2
saarinen	2
mansueto	2
mckinsey	2
champa	2
burma	2
dai	2
fujian	2
zongdao	2
gegeen	2
confucian	2
princes	2
sheng	2
nestorian	2
huihui	2
semu	2
odinga	2
kenya's	2
kenyatta	2
chiefly	2
pachauri	2
policymakers	2
schematic	2
reconstructions	2
briffa	2
depletion	2
montreal	2
eukaryotic	2
cyanobacterium's	2
endosymbiotic	2
host's	2
diatom	2
divisors	2
composite	2
arithmetic	2
arbitrarily	2
conjectured	2
adic	2
gorge	2
castles	2
scheldt	2
glacial	2
rhineland	2
scrutinise	2
disqualified	2
posits	2
iqbal	2
turabi	2
ratzel	2
mackinder	2
orientalism	2
imaginative	2
essentializing	2
theorists	2
taskforce	2
conscription	2
conscientiously	2
bishops	2
dinwiddie	2
trent's	2
electroweak	2
curvature	2
ani	1
dpa	1
edgar	1
hoover	1
unwittingly	1
weathermen	1
ghazaliyah	1
penetrate	1
reminds	1
kurdistan	1
ninevah	1
kidnappings	1
cosmetic	1
suwayrah	1
southeastern	1
saboteurs	1
talal	1
husain	1
mustansiriyah	1
salikh	1
asi	1
akkab	1
jubur	1
sarhid	1
gunmen	1
punishing	1
clientelage	1
blocked	1
prosecute	1
eyewitness	1
dujail	1
adhamiya	1
baghdadis	1
neighbourhoods	1
curfew	1
bolder	1
valiant	1
rumours	1
slum	1
spree	1
overheard	1
youngsters	1
convoys	1
irritates	1
throats	1
saddamites	1
wahhabis	1
mansour	1
sahhaf	1
targetting	1
unforgivable	1
golan	1
hafs	1
khattab	1
sweared	1
iraqiyah	1
azzaman	1
aziz	1
muqrin	1
infidels	1
deter	1
committing	1
somalia	1
humiliation	1
mogadishu	1
defiled	1
motorcycle	1
unscear	1
australasian	1
conseguences	1
emercom	1
carcinoma	1
excerpts	1
cancers	1
adolescents	1
neonatal	1
morbidity	1
succumbing	1
ibiblio	1
ru	1
repe	1
nsrl	1
ttu	1
wildlifepreserve	1
environmentalchemistry	1
hazmat	1
digon	1
tripod	1
oneworld	1
byckau	1
collectinghistory	1
ukrainianweb	1
bullatomsci	1
marples	1
calguard	1
ia	1
gregorovich	1
tecsoc	1
elg	1
inf	1
isu	1
radinf	1
chern	1
arps	1
jmc	1
stcenturysciencetech	1
sizing	1
xray	1
hirsohima	1
nagaski	1
adiccp	1
recuperation	1
wherein	1
uncontaminated	1
acquaintance	1
videotape	1
purge	1
zubayda	1
shaykh	1
instigate	1
schemes	1
mujahidin	1
contentious	1
perpetuates	1
hogtied	1
defanged	1
outrages	1
ratchet	1
provocations	1
right's	1
mollifying	1
entr	1
fetishism	1
fdr	1
provocative	1
nationalists	1
infiltrators	1
hoists	1
petard	1
reporter's	1
cnn	1
faltered	1
whdh	1
query	1
teng	1
takeover	1
voicing	1
condone	1
democratically	1
leavy	1
military's	1
sharif's	1
warmonger	1
stuttering	1
fated	1
instincts	1
equating	1
brinkmanship	1
duress	1
rampaged	1
wearies	1
acutely	1
neoconservative	1
derailing	1
intifada	1
mollified	1
pursued	1
shebaa	1
sliver	1
annexed	1
ramshackle	1
bungling	1
proliferated	1
badr	1
paramilitary	1
theocratic	1
ruhollah	1
khomeini	1
vehemently	1
denunciation	1
wields	1
reestablished	1
coreligionists	1
bankroll	1
inks	1
amman	1
universally	1
populist	1
proliferate	1
modicum	1
normality	1
funneled	1
annexation	1
postponement	1
rage	1
occupations	1
juancole	1
tauris	1
publishes	1
agence	1
ranjit	1
devraj	1
chandrika	1
jawaharal	1
nehru	1
stalemated	1
deterring	1
brink	1
revive	1
ceasefire	1
brokered	1
kumaratunga	1
reclusive	1
velupillai	1
prabhakaran	1
stronghold	1
negotiator	1
anton	1
erik	1
solheim	1
salvage	1
jure	1
ambitiously	1
disarming	1
reiteration	1
disarm	1
subdue	1
keenly	1
underwrite	1
surfaced	1
ranasinghe	1
premadasa	1
yasushi	1
akashi	1
tangible	1
impasse	1
ideologue	1
sniffed	1
predetermined	1
sithamparanathan	1
nirmal	1
chander	1
vij	1
palk	1
neighborly	1
secession	1
succinctly	1
rusk	1
gobbled	1
brazen	1
maulana	1
fazlur	1
hawkish	1
talbott	1
gifted	1
affinity	1
pendulum	1
quixotic	1
lobbyist	1
christina	1
rocca	1
trifurcation	1
jammu	1
ladakh	1
jihadi	1
patronized	1
gestures	1
misnamed	1
prized	1
rugova	1
yugoslavia	1
conferees	1
endorse	1
behari	1
instantly	1
bout	1
saber	1
rattling	1
beneficiary	1
flashpoints	1
disputes	1
lucrative	1
manmohan	1
singh	1
wen	1
jiabao	1
sikkim	1
geopolitics	1
manipal	1
libeled	1
impugned	1
forged	1
dagger	1
nhut	1
nang	1
bien	1
udorn	1
muang	1
supersonic	1
journalistic	1
manzano	1
dems	1
accumulate	1
acd	1
filmmaker	1
mcauliffe	1
contemporaries	1
spitting	1
swifties	1
correspondent	1
strikingly	1
dreading	1
balloting	1
iraqiya	1
ayad	1
expectedly	1
journalists	1
naji	1
affirmed	1
educating	1
emminence	1
abusing	1
allegation	1
intentional	1
shrill	1
dismisses	1
stooge	1
longs	1
arabiya	1
amused	1
contrasted	1
fistfights	1
khaza'il	1
diwaniya	1
nonsensical	1
puk	1
kdp	1
rooting	1
husseiniyas	1
amiriya	1
abuses	1
majoos	1
rabid	1
traitors	1
commonsense	1
d'etat	1
incredulity	1
leaderships	1
realises	1
blunder	1
razaq	1
inad	1
dulaym	1
nineties	1
thamir	1
madhlum	1
dulaymi	1
lihabi	1
lihaib	1
salah	1
lihaibi	1
carriles	1
shrug	1
thugs	1
overplayed	1
cue	1
pesky	1
inquisitive	1
meiring's	1
caracas	1
venezuelan	1
strut	1
gloating	1
unspoken	1
disposable	1
smuggle	1
exec	1
obidos	1
asin	1
discrediting	1
twig	1
counterintelligence	1
ollie	1
owen	1
cannistaro	1
revell	1
terrell's	1
whistleblowing	1
stifled	1
cocaine	1
quaddaffi	1
rogue	1
prosecution's	1
turmoil	1
disinfo	1
dossier	1
huston	1
wilson's	1
bigeye	1
thekcrachannel	1
louisianna	1
detectives	1
tangipahoa	1
labat	1
lamonica	1
implicate	1
unravelling	1
rummy	1
ard	1
tagesthemen	1
complicit	1
airliner	1
gandalf	1
yuor	1
separatists	1
deported	1
circulating	1
correspondents	1
flocked	1
navy's	1
deteriorating	1
nepal	1
nagaland	1
tripura	1
withstanding	1
conduit	1
ration	1
plunder	1
havelock	1
diglipur	1
rangott	1
overrun	1
densely	1
unlawful	1
grossly	1
unequipped	1
malacca	1
lapses	1
secessionists	1
runners	1
capitals	1
maoists	1
intelligence's	1
startling	1
caches	1
defunct	1
asiaweek	1
comex	1
joux	1
orissa	1
interception	1
ranong	1
confiscation	1
twante	1
ltte's	1
shipyard	1
sirae	1
conduits	1
lawlessness	1
nurtured	1
harkat	1
ul	1
jehad	1
northward	1
kalikhola	1
assam	1
meghalaya	1
sumatra	1
eir	1
aakrosh	1
quarterly	1
landlocked	1
reassurance	1
looser	1
undercurrents	1
contenders	1
criticising	1
sidelines	1
intimately	1
reigning	1
gulbuddin	1
hikmetar	1
flustered	1
hikmetyar	1
hizb	1
briefed	1
snub	1
instrumental	1
persuading	1
disrupting	1
mullahs	1
jui	1
oblivious	1
waziristan	1
americanism	1
actionable	1
facilitated	1
reprisals	1
ashfaq	1
kiyani	1
swiftly	1
tajik	1
younis	1
panjsheri	1
tajiks	1
hazara	1
mohaqeq	1
posing	1
stabilise	1
rift	1
airbase	1
ousting	1
ouster	1
spying	1
insists	1
pashtuns	1
millionnaires	1
cleverly	1
flopped	1
contradicting	1
eyewitnesses	1
absurdity	1
wound	1
wee	1
risked	1
addictive	1
commanded	1
sadistic	1
executions	1
doers	1
pickling	1
abstraction	1
pretzel	1
laudable	1
suffers	1
absenting	1
stint	1
slacked	1
radio's	1
npr	1
npr's	1
scheduler	1
trousers	1
melded	1
nixon's	1
postmaster	1
chairpersons	1
apparatus	1
texan's	1
statewide	1
broached	1
disrepair	1
chandelier	1
grumble	1
unpaid	1
starter	1
prescott	1
untouched	1
dylan	1
tonne	1
liberia	1
probe	1
blakemore	1
terrifying	1
voiced	1
siphoned	1
harshest	1
misdirection	1
privatized	1
gangland	1
untouchable	1
stature	1
media's	1
frothing	1
triviality	1
decision's	1
blinked	1
handcuffs	1
sacristy	1
adjoining	1
pahl	1
strangled	1
inverted	1
humiliate	1
mandros	1
sentencing	1
tearful	1
vercellotti	1
snap's	1
dekalb	1
reopened	1
mysteriously	1
pd	1
polygamy	1
watchful	1
benign	1
saints	1
mormonism	1
enforcement's	1
secluded	1
bodyguards	1
apocalyptic	1
philosophies	1
hornet's	1
csmonitor	1
ussc	1
squirelled	1
abusers	1
obeying	1
invovled	1
enfurates	1
cults	1
multimillions	1
reassigns	1
displeases	1
begs	1
intermarrying	1
fumarase	1
unconcious	1
awash	1
milking	1
whoopsie	1
bypassing	1
unruly	1
rawstory	1
mek	1
unquestionably	1
boast	1
ashraf	1
invaded	1
blindly	1
praises	1
nadereh	1
believer	1
rajavis	1
generation's	1
enlightenment	1
fellows	1
blogshares	1
blogosphere	1
laweekly	1
evolves	1
weirder	1
righteousness	1
stub	1
chants	1
manson's	1
tees	1
indescriminately	1
classmates	1
brainwashed	1
paradigm	1
phoney	1
hmmmm	1
lisp	1
ala	1
brainwashing	1
couter	1
satanists	1
introspection	1
monotonous	1
starroute	1
appartently	1
ctqdmi	1
waaaaaaaaaaaaay	1
marino	1
handing	1
leaflets	1
quizzing	1
paraphernalia	1
son's	1
inseparable	1
freaky	1
bozos	1
smartwolf	1
gwb	1
nazareth	1
phonies	1
appellation	1
imposters	1
magician's	1
futurism	1
curating	1
expressionist	1
entartete	1
kunst	1
appropriated	1
authored	1
degeneration	1
adherent	1
ilk	1
reappropriation	1
babalon	1
babylon	1
conundrum	1
coil	1
obituaries	1
shamanism	1
paganism	1
hermeticism	1
gnosticism	1
imbued	1
coil's	1
magickal	1
functionally	1
transcendent	1
tg	1
polk's	1
farmer's	1
mormons	1
genealogy	1
spiel	1
programmed	1
purportedly	1
ahmadinejad	1
thetruthseeker	1
succintly	1
succint	1
w's	1
kos	1
dailykos	1
creepy	1
sieze	1
revoke	1
exmearden	1
troublefunk	1
permeate	1
confluence	1
spirituality	1
appropriation	1
invoking	1
goddesses	1
reaffirmation	1
oppressive	1
hierarchical	1
compartmentalize	1
weirdness	1
hardcore	1
vacuous	1
literalist	1
believers	1
pyrimidal	1
cloak	1
motivations	1
boggles	1
hackles	1
whie	1
patently	1
lable	1
develope	1
egos	1
metaphors	1
literaly	1
banging	1
canibal	1
corpse	1
adhear	1
smartwolves	1
hissy	1
sus	1
enroute	1
us's	1
stooges	1
keck	1
haim	1
harari	1
massacring	1
algerians	1
invade	1
hamma	1
libyan	1
mauritania	1
meager	1
auspices	1
dictators	1
fanaticism	1
judaism	1
devout	1
omission	1
amplified	1
acknowledges	1
undeclared	1
potent	1
accidents	1
quantitatively	1
dismembered	1
bali	1
penetrated	1
theaters	1
murderous	1
fervor	1
outcast	1
incited	1
hotheads	1
handsomely	1
desperation	1
reconnaissance	1
bremmer's	1
exploded	1
vicious	1
inhuman	1
arresting	1
mouhamad	1
disinformation	1
preposterous	1
ridiculed	1
milieu	1
jester	1
semite	1
mutilated	1
operas	1
martyr	1
bereaved	1
equips	1
orwellian	1
nomenclature	1
goebbels	1
outperformed	1
successors	1
channeled	1
concentric	1
hideouts	1
havens	1
madrasas	1
ngo's	1
infested	1
figuratively	1
inwards	1
horrifying	1
guaranteeing	1
aksa	1
dealers	1
hostages	1
arch	1
teheran	1
atrocity	1
condemnations	1
dignitary	1
illusions	1
skater	1
heavyweight	1
cannibals	1
royally	1
malignant	1
encircled	1
incite	1
encircle	1
ruthless	1
conglomerate	1
pointless	1
naivety	1
yielded	1
veils	1
defamation	1
avoidance	1
paving	1
recoil	1
restrained	1
bureaucratically	1
impolite	1
innocents	1
sanctioned	1
prophet's	1
detention	1
handwritten	1
salama	1
azerbaijan	1
jihad's	1
underestimate	1
airliners	1
binalshibh	1
conspirator	1
sharpest	1
sympathizer	1
hindi	1
britani	1
usamriid	1
crusader	1
traceable	1
profilers	1
hambali's	1
detentions	1
interrogations	1
nonconventional	1
unweaponized	1
milf	1
shura	1
unprocessed	1
detrick	1
msnbc	1
clumps	1
inhalable	1
dugway	1
usda	1
johnelle	1
bryant	1
retrofitting	1
cropduster	1
interrogators	1
dispersal	1
plotters	1
jemaah	1
islamiah	1
infocus	1
filipino	1
bragging	1
logistical	1
microbiologist	1
harboring	1
cardiac	1
brandeis	1
neurology	1
nabbed	1
harp	1
mueller	1
minicab	1
relative's	1
uncle's	1
floridian	1
maati	1
preconceptions	1
ressam	1
hijacker	1
alhaznawi	1
cutaneous	1
bumping	1
suitcase	1
prague	1
biolab	1
curveball	1
divined	1
mukhabarat	1
preferring	1
iraqi's	1
wmd	1
tending	1
simplistically	1
overseeing	1
mubarak	1
returnees	1
retrial	1
underscore	1
goofy	1
enclosing	1
leonard	1
bender	1
recalls	1
islamiya	1
leavenworth	1
sheik's	1
ksm's	1
hayat	1
missive	1
purporting	1
cyanide	1
masterminds	1
jenny	1
azzam	1
mailer's	1
perp	1
cairo's	1
darunta	1
hadith	1
sleepers	1
spadework	1
sergeant	1
persuasion	1
efrem	1
zimbalist	1
fixation	1
careers	1
leahy's	1
predisposition	1
winger	1
libel	1
kristof	1
coincidental	1
berry's	1
gasp	1
insider	1
ppi	1
underwriting	1
regrets	1
annesley	1
aus	1
grad	1
coordinator's	1
sarah's	1
spec	1
parkhill	1
sevil	1
martin's	1
biased	1
diversification	1
forgo	1
lighten	1
stategy	1
unexercised	1
pullback	1
xif	1
laurent	1
valdes	1
oxley	1
rto	1
ferc's	1
brochure	1
sonya	1
suarez	1
tis	1
inactive	1
financials	1
reorg	1
acquistion	1
richards	1
fischer	1
ebic	1
cfc	1
signac	1
weston	1
lichtenstein	1
appel	1
bonnard	1
lautrec	1
suerat	1
lithos	1
braque	1
arp	1
rouault	1
modrian	1
motherwell	1
picasso	1
cubist	1
matisse	1
intial	1
additions	1
ric	1
menger	1
officer's	1
spouses	1
fuelcell	1
onsi	1
reacts	1
jacoby	1
spectrongroup	1
hauls	1
aspirin	1
lifeguard	1
carton	1
levis	1
wears	1
shovel	1
formality	1
jai	1
hawker	1
spel	1
anyting	1
kelowna	1
golfing	1
resond	1
devries	1
nwp	1
pgt	1
fernley	1
gentle's	1
globalflash	1
newsletter	1
meagan	1
bearkadette	1
cotillion	1
mitigated	1
brent's	1
belittle	1
causey	1
moscoso	1
controller	1
bashing	1
thanked	1
godsend	1
decidely	1
modulate	1
amen	1
backpedalling	1
tibco	1
websphere	1
confirmit	1
kean	1
votaw	1
ass't	1
markat	1
sw	1
honro	1
reconfirm	1
ees's	1
citygate	1
delvery	1
indexed	1
callyou	1
moines	1
dthat	1
cester	1
netmeeting	1
deb's	1
tholt	1
yesshe	1
theraphy	1
maam	1
shemin	1
savier	1
sp	1
donohue	1
gotschal	1
metcalfe	1
dmetcalfe	1
cullenanddykman	1
heartwarming	1
kuwaiti	1
iroq	1
grrrrrrr	1
twinkies	1
espeakers	1
mcneally	1
microsystems	1
covey	1
oprah	1
talkshow	1
greenspan	1
nesbitt	1
platforms	1
shotgun	1
wsi	1
seasonal	1
esai	1
herding	1
onpeak	1
abramo	1
lardy	1
regading	1
global's	1
cordially	1
laurel	1
netting	1
prepares	1
houson	1
congrats	1
offsite	1
alatorre	1
curr	1
mtle	1
icu	1
carotid	1
artery	1
transports	1
circulatory	1
formatted	1
redvepco	1
banczak	1
schwartzenburg	1
laidlaw	1
okabayashi	1
tasking	1
procure	1
abb	1
alfaro	1
jwvs	1
smsu	1
grandchild	1
grandsons	1
granddaughters	1
rees	1
copeland	1
crystallizes	1
garten	1
armada	1
ultra	1
portable	1
equip	1
lightest	1
fleming	1
dewhurst	1
grusendorf	1
wpo	1
defect	1
olson	1
katsof	1
speadsheet	1
pasquallie	1
cedar	1
magnum	1
bucket	1
nerf	1
liner	1
dueled	1
catalytic	1
converter	1
sandalwood	1
driftwood	1
jerry's	1
faltering	1
hoorah	1
steers	1
heifers	1
reggie	1
sweety	1
hickies	1
jealous	1
reassured	1
kinesiologist	1
jaime	1
jgerma	1
zipped	1
shucks	1
sherrar	1
dudes	1
saga	1
bro	1
brazosport	1
freeport	1
divy	1
buring	1
dough	1
anwser	1
tgpl	1
esimien	1
nisource	1
whomever	1
fce	1
roast	1
elsewise	1
meek	1
alena	1
embarrased	1
stilted	1
thanksgiv	1
ing	1
woudn't	1
wierd	1
botn	1
appartment	1
ocnversation	1
unlce	1
equant	1
taffy	1
signoffs	1
approvals	1
diebner	1
breslau	1
countersignature	1
eccl	1
deutsche	1
swaps	1
bradford	1
o'connell	1
deutsched	1
tagg	1
dragging	1
hoot's	1
girlie	1
tonto	1
poignant	1
corey's	1
detract	1
obliterating	1
kori	1
shorty	1
corey	1
lws	1
pinning	1
dixie	1
aaaaaggghhhhhh	1
gilbergd	1
sullcrom	1
disclosure	1
ivita	1
cpcg	1
riggins	1
essg	1
cca	1
hansen	1
planing	1
hoston	1
cftc	1
monaco	1
tue	1
fontainbleu	1
giverny	1
monet's	1
taylors	1
acrylics	1
thresholds	1
macs	1
robbi	1
aud	1
uecomm's	1
suttle	1
ok'd	1
anthony's	1
csa	1
executable	1
inserted	1
timeframes	1
clauses	1
amendmnets	1
sill	1
trenerry	1
crescent	1
abbotsford	1
coned	1
sara's	1
ispat	1
mexicana	1
elliotts	1
triplets	1
toby	1
polykron	1
attaching	1
authorizing	1
armogida	1
pemex	1
ortiz	1
snyder	1
gtc's	1
informally	1
tca	1
tabors	1
outage	1
tau	1
iepa	1
julia	1
cob	1
chats	1
regroup	1
jermeier	1
earthlink	1
instructive	1
msa	1
rossi	1
blumenfeld	1
leibman	1
dialing	1
signatories	1
appendices	1
ratepayer	1
aggregators	1
assignments	1
laurels	1
borenstein	1
grether	1
channing	1
cem	1
puc	1
refute	1
lynch's	1
woods	1
deregulate	1
sandi	1
sez	1
goddard	1
tm	1
affords	1
trademarking	1
enroneauction	1
gibraltar	1
cappelletto	1
otc	1
equivalant	1
crawfish	1
feagan	1
arnold	1
ecc	1
weathertrade	1
amends	1
subparagraph	1
updating	1
mergers	1
cpys	1
unfreeze	1
kuykendall	1
arco	1
torrey	1
arco's	1
thorny	1
contracting	1
creditor	1
transactional	1
inconsistency	1
useability	1
enquiry	1
macro	1
misstated	1
simplifications	1
enquiries	1
reprioritised	1
rescoped	1
unsociable	1
headcount	1
timeframe	1
repeatable	1
utilising	1
aa's	1
renegotiation	1
gardening	1
irrespective	1
parochial	1
decoupled	1
ar	1
contingencies	1
vba	1
resubstantiation	1
unpriced	1
substantiating	1
retaking	1
commitee	1
extrcurricular	1
committment	1
dialague	1
intra	1
blending	1
deducting	1
sprdopt	1
vom	1
yvan	1
reiterate	1
rac's	1
obligates	1
mitigate	1
tilt	1
flexibiltiy	1
centilli	1
bidding	1
memorializes	1
forma	1
topack	1
mk	1
whasssup	1
rehearing	1
stojic's	1
kelly's	1
mkm's	1
dari	1
vented	1
aggravation	1
sommer's	1
duplicity	1
tempers	1
orally	1
phonne	1
hoss	1
evan	1
cec	1
mangold	1
wasgh	1
retrieved	1
pep	1
recognizes	1
invitees	1
ercot's	1
prs	1
presto	1
outgrowth	1
intranet	1
envision	1
numerical	1
siam	1
confines	1
addendum	1
doliver	1
exp	1
nk	1
fehl	1
hannon	1
stan's	1
wnba	1
sol	1
mystics	1
rockers	1
iis	1
dyer	1
bakerbotts	1
adam's	1
sd	1
boardroom	1
sera	1
committments	1
stlplt	1
thickness	1
telegraphic	1
sam's	1
compromising	1
tana's	1
transact	1
henderson's	1
dealbench	1
munk	1
lund	1
bridgeline	1
formatting	1
ssd	1
eid	1
sanborn	1
isc	1
ngoc	1
sunjay	1
arya	1
khymberly	1
mecole	1
cashion	1
wendy	1
fincher	1
knudsen	1
funkhouser	1
ya'll	1
sandra	1
mcmahon	1
skilling	1
morph	1
convience	1
fitters	1
olgletree	1
jobsite	1
osler	1
payne	1
croall's	1
bothell	1
galent	1
hopkinson	1
invitaion	1
araujo	1
cintra	1
marval	1
enro	1
bertone	1
castagnola	1
reschedule	1
sided	1
laminated	1
manogue	1
fedexed	1
tiger's	1
docs	1
chloe	1
eleuthra	1
franchise	1
samchawk	1
nordic	1
jmb	1
jbennett	1
gmssr	1
ca's	1
frl	1
vintaged	1
dth	1
escalator	1
adjustable	1
preserves	1
aggregation	1
anticipates	1
procurement	1
cpim	1
kingerski	1
prescriptive	1
excellently	1
wood's	1
filner	1
bilbray	1
lauded	1
emphatically	1
culprit	1
prudent	1
subsides	1
profited	1
finesse	1
interviewing	1
interns	1
interviewer	1
mcgowan	1
fraser	1
rhee	1
hilgert	1
vp	1
kushnick	1
skush	1
byargeon	1
loch	1
vpp	1
medusa	1
agip	1
callon	1
reservoir	1
sulfur	1
equilon's	1
wd	1
pumps	1
tom's	1
meraux	1
huble	1
hoog	1
burdensome	1
rusamarts	1
mmc	1
rina	1
enronr	1
martinez	1
uofh	1
fulltime	1
parentheses	1
proviso	1
semicolon	1
reworded	1
capitalize	1
gtc	1
eesi	1
comma	1
ucc	1
warranties	1
castano	1
majeure	1
soften	1
gtcs	1
hillegonds	1
hiatus	1
lepore	1
leporjj	1
selectenergy	1
valerie	1
mooney	1
tuning	1
lemell	1
transferability	1
icc	1
janell	1
janell's	1
tms	1
tk	1
browncover	1
sempra	1
astr	1
socal	1
tw's	1
accountabilities	1
interpersonal	1
daugherty	1
fannin	1
mansoor	1
prepaid	1
rosemont	1
instrumentation	1
prepayments	1
heckuvalot	1
mischief	1
qfs	1
haircuts	1
schedulers	1
socal's	1
ofos	1
hikes	1
kimberly	1
kindy	1
sen	1
shakespearean	1
defied	1
concerted	1
grinned	1
beared	1
collusion	1
braced	1
blackouts	1
narrowly	1
averted	1
lifting	1
rested	1
poker	1
transpired	1
resurrect	1
smith's	1
vicki	1
udcs	1
sce	1
sdg	1
scramble	1
montavano	1
shapiro	1
entreaty	1
rnr	1
conformity	1
sinceit	1
arbitrators	1
rance	1
percentages	1
veronica	1
parra	1
nedre	1
strambler	1
mayes	1
felicia	1
solis	1
mccullough	1
mellencamp	1
shelia	1
deffner	1
kerrigan	1
alford	1
coffman	1
keeney	1
hooser	1
klimberg	1
thursday's	1
lipa	1
blaine	1
actins	1
intexas	1
manages	1
litgation	1
insurers	1
sued	1
mb	1
beachcrofts	1
dpc's	1
gibbs	1
russ	1
brianp	1
aiglincoln	1
jacobs	1
rsjacobs	1
encoreacq	1
kinga	1
patterson's	1
chanukah	1
dtf	1
aaa	1
nuria	1
ibarra	1
calpx	1
gillman	1
nonenforcement	1
trustee	1
oppositon	1
gstrathmann	1
mediaone	1
pitney	1
bowes	1
daimlerchrysler	1
aspirational	1
association's	1
validate	1
marketplaces	1
dowjones	1
energyphiles	1
diego's	1
steinberg	1
huver	1
ucan's	1
shames	1
kettner	1
mshames	1
numbing	1
trailor	1
cretins	1
procreating	1
springer	1
crapfest	1
hippie	1
likley	1
perv	1
waht	1
pawn	1
brats	1
mommy	1
madea	1
segueway	1
mommies	1
childcare	1
insidious	1
mommism	1
stamped	1
vpnasa	1
coll	1
editorials	1
giddy	1
tentative	1
challenger	1
puffing	1
morale	1
thermal	1
hunks	1
redefine	1
rekindle	1
orwell's	1
doublethink	1
irreconcilable	1
duality	1
dualities	1
autonomous	1
destinies	1
tress	1
dischord	1
synch	1
tributaries	1
sickest	1
scorn	1
haunt	1
shapes	1
scipio	1
herbalist	1
downsizing	1
maximized	1
breakaway	1
unilevel	1
quadra	1
pt	1
dharmadeva	1
namaskar	1
a'nandamu	1
rti	1
stamina	1
youthful	1
kosa	1
kosas	1
blossoming	1
macrocosm	1
mysticism	1
glands	1
joints	1
gout	1
irregularities	1
menstruation	1
secretions	1
urethra	1
lethargy	1
insomnia	1
hysteria	1
hopelessness	1
potentiality	1
piles	1
hernia	1
hydrocele	1
gastric	1
dyspepsia	1
dysentery	1
upraised	1
parama	1
purus'a	1
quebecker	1
gatineau	1
mauled	1
canoeing	1
orthodontist	1
metres	1
mauling	1
alain	1
unzipped	1
lashed	1
canoes	1
paddled	1
airlifted	1
gash	1
jugular	1
robber	1
punches	1
assailant	1
cisco	1
popularly	1
paq	1
corel	1
founder's	1
googol	1
zeros	1
cheque	1
sabeer	1
uppercasing	1
decidewhether	1
intel	1
trademarked	1
mitch	1
padmasana	1
transcendental	1
maharishi	1
mahesh	1
christened	1
motorola	1
galvin	1
victrola	1
oats	1
sql	1
rdbms	1
sonus	1
sonny	1
youngster	1
bechtolsheim	1
vinod	1
khosla	1
mcnealy	1
gulliver's	1
davidfilo	1
bandwidth	1
humanpixel	1
blizzard	1
febuary	1
firewalls	1
havn't	1
multiplayer	1
amoung	1
hail	1
ulgg	1
moreso	1
policemen	1
counselors	1
downtrodden	1
dispossesed	1
torturing	1
unemployable	1
uninsured	1
militarize	1
oozing	1
prisons	1
spartan	1
unemployent	1
oversees	1
dregs	1
rabble	1
cohesive	1
gated	1
gentrified	1
addict	1
crafting	1
instilling	1
burrowed	1
incarcerated	1
probation	1
bruha	1
cranston	1
conceptualize	1
prayed	1
singmaster	1
intelligencer	1
pathalias	1
smail	1
moderator	1
indices	1
nsa	1
peanutjake	1
peanutjak	1
eighties	1
emirate	1
beseech	1
equaling	1
fifteenth	1
assuring	1
regretted	1
switchboard	1
presid	1
airlift	1
rescuers	1
amid	1
worsening	1
superdome	1
toilets	1
overflowing	1
hollering	1
flashing	1
kioka	1
breached	1
sandbags	1
pines	1
natalie	1
mcveigh	1
nagin	1
evacuees	1
alastair	1
leithead	1
looters	1
casinos	1
hurled	1
hiroshima	1
haley	1
barbour	1
gulfport	1
town's	1
creel	1
mobilising	1
louisiana's	1
katrina's	1
mobilised	1
industry's	1
committee's	1
cev	1
centennial	1
reinvestment	1
nrc	1
spacetoday	1
saem	1
aero	1
reaped	1
jaqamofino	1
payer	1
cellfone	1
desparate	1
actully	1
sponoring	1
humanatarian	1
raiser	1
sponsoring	1
prognosis	1
saloon	1
hodgkin	1
lymphoma	1
cookin	1
kendel	1
bunnell	1
insatiable	1
collisions	1
intrusion	1
soaring	1
petrol	1
apologised	1
mouthpiece	1
prelude	1
pariah	1
oilfield	1
overtook	1
boosted	1
shortages	1
avail	1
russia's	1
furious	1
outbid	1
overland	1
mandil	1
eurasia	1
inflated	1
falters	1
plummet	1
kindopp	1
eurasia's	1
wield	1
transcendence	1
quietness	1
colours	1
penetrates	1
vastness	1
ideate	1
serenely	1
restfully	1
earthly	1
relaxation	1
sensed	1
bathed	1
radiantly	1
swirls	1
relaxes	1
internally	1
intuitively	1
intuition	1
synthetic	1
grapple	1
rector	1
signers	1
cate	1
jodud	1
necessities	1
posterity	1
inalienable	1
tyrants	1
oppressed	1
nurture	1
shameful	1
interracial	1
discriminatory	1
mandated	1
coerce	1
consenting	1
scriptural	1
liturgical	1
dishonors	1
vacancy	1
usconstitutiona	1
encyclopedic	1
temperament	1
outnumber	1
haste	1
repent	1
vastly	1
dictator	1
unrestrained	1
unitaryexecutive	1
internetchurchofchrist	1
gleaned	1
dependant	1
unify	1
launches	1
carreau	1
gansu	1
hurtling	1
junlong	1
haishen	1
jiuquan	1
liwei	1
vaulted	1
spacefaring	1
buster	1
determiner	1
yang's	1
delegate	1
roundtable	1
allard	1
compartment	1
fliers	1
spacewalks	1
undocking	1
globalsecurity	1
soviets	1
pike's	1
hainan	1
chron	1
righter	1
snowleopards	1
losers	1
scrape	1
prolong	1
cat's	1
furnaces	1
agonizing	1
uploaded	1
thu	1
spar	1
greed	1
utilitarianism	1
vegetarianism	1
sociable	1
darkened	1
mistreatment	1
surv	1
kant's	1
tormented	1
fsjob	1
tragicore	1
thecivetcat	1
icq	1
uin	1
wigner	1
heisenberg	1
shrodinger	1
fabricated	1
stamps	1
adhered	1
thievery	1
tor	1
toowoomba	1
qld	1
luest	1
grove	1
bourret	1
broome	1
ansems	1
foulkesstraat	1
ossendrecht	1
brumbley	1
geometrically	1
computer's	1
hood's	1
persistently	1
exterminated	1
remnant	1
isle	1
royale	1
extermination	1
dusted	1
graze	1
ruminate	1
offs	1
ufos	1
sasquatch	1
fleeting	1
caged	1
reestablish	1
caper	1
rehabilitate	1
flourished	1
roaming	1
keystone	1
forestry	1
smacks	1
unmolested	1
billiard	1
veritable	1
park's	1
uninteresting	1
willows	1
cottonwoods	1
wildland	1
cautioned	1
conservationists	1
vacated	1
fws	1
downgrade	1
grimm	1
hybrids	1
celsius	1
portends	1
surest	1
barometers	1
biosphere	1
ecologist	1
uninterrupted	1
phenological	1
phenology	1
organism's	1
pulse	1
bradley's	1
latitudes	1
migrations	1
flowered	1
phlox	1
cuckoo	1
camille	1
localized	1
parmesan's	1
prematurely	1
snowstorm	1
swallows	1
nesting	1
watchers	1
detectable	1
contraction	1
tundra	1
decompose	1
corell	1
predictions	1
diminish	1
haddock	1
saithe	1
herring	1
whiting	1
capelin	1
halibut	1
chasms	1
neglects	1
unconsumables	1
unspecified	1
rosy	1
dandelions	1
pastures	1
tussock	1
meadowlarks	1
redwings	1
upland	1
plover	1
preamble	1
gamut	1
vowed	1
podium	1
downfalls	1
socialism	1
revolted	1
chaps	1
nottingham	1
windermere	1
depiction	1
communistic	1
sown	1
stricken	1
metroplex	1
vacationed	1
nashua	1
hampshire	1
standings	1
stadiums	1
populate	1
galveston	1
linna	1
mumbo	1
jumbo	1
flogging	1
mirth	1
trotting	1
schtick	1
resounding	1
shunted	1
stumping	1
opec	1
touting	1
polution	1
dependency	1
puke	1
seize	1
eloquent	1
persuasive	1
enthusiastically	1
aspiring	1
tenacity	1
diligence	1
reaping	1
restful	1
fades	1
envy	1
inconvenient	1
advancements	1
grindstone	1
reaffirmed	1
hopeless	1
flex	1
beneficent	1
transmutation	1
horizons	1
cling	1
sagittarius	1
pluto	1
binds	1
hindered	1
unbearable	1
wiser	1
psychic	1
mystical	1
brimming	1
peaks	1
uranus	1
windfall	1
retreats	1
ymsgr	1
sendim	1
offline	1
holinshed	1
neoplatonic	1
sanzio	1
shakspere	1
bridget's	1
archilochus	1
descends	1
clement's	1
methodius	1
petrarch	1
durer	1
vere's	1
walsingham	1
crete	1
greco	1
lucio	1
pompey	1
mfm	1
hobbes	1
fury	1
stow	1
darius	1
potidea	1
aubrey	1
ii's	1
love's	1
spaniard	1
affectation	1
peregrino	1
holofernes	1
ridiculing	1
spruce	1
peregrinate	1
nathaniel	1
sobriquet	1
shakespeare	1
mgr	1
leicester	1
conversos	1
roderigo	1
portugese	1
summarily	1
quartered	1
tyburn	1
robsart	1
handily	1
comers	1
libro	1
invencion	1
arte	1
juego	1
acedraz	1
zafra	1
atahualpa	1
learns	1
puttino	1
calaria	1
valdiviesco	1
nicaragua	1
alcala	1
gianutto	1
della	1
mantia	1
horatio	1
eminent	1
ceron	1
cremona	1
tarsia	1
curate	1
divert	1
fives	1
billiards	1
obliged	1
supposition	1
emperors	1
popes	1
garments	1
jumbled	1
stowed	1
doltish	1
shrewd	1
ay	1
worship's	1
shrewdness	1
dung	1
freemason	1
sponsered	1
bolivar	1
garibaldi's	1
masonic	1
nostromo	1
seaboard	1
dandy	1
sanded	1
albergo	1
giorgio	1
viola	1
garibaldi	1
expressionless	1
abyss	1
uneasy	1
overtopped	1
juste	1
eyelids	1
wreathed	1
wisteria	1
precaution	1
avenger	1
sprang	1
traitress	1
knives	1
gagged	1
murillo's	1
gorse	1
burglar	1
neuendorffer	1
homosexuals	1
lunatics	1
enrique	1
viii	1
adulterated	1
divorces	1
murdering	1
boleyn	1
piccadilly	1
circus	1
brothel	1
piccadilla	1
haemorrhage	1
bruises	1
stardom	1
forger	1
beatle	1
rosemary's	1
polansky	1
upholstered	1
walrus	1
incoherent	1
expositions	1
mick	1
jagger	1
assassin	1
ridiculized	1
admonished	1
ballad	1
crucify	1
cabalah	1
arrogantly	1
henley	1
divinity	1
toying	1
deluded	1
sweeper	1
masquerade	1
womanish	1
uneasiness	1
traumas	1
asher	1
inferiority	1
handicapped	1
virile	1
intercourse	1
crippled	1
texan	1
despective	1
friar	1
despotism	1
pedantry	1
worshiped	1
chauvinisms	1
chords	1
deceive	1
disguise	1
ghostly	1
proclaimers	1
dissipation	1
antisocialism	1
apprentice	1
feminism	1
youths	1
convulsed	1
misanthropy	1
misogyny	1
paedophilia	1
feeble	1
lasciviousness	1
existent	1
aberrations	1
manoeuvre	1
marionettes	1
yamwhatiyam	1
frugal	1
tagesspiegel	1
amalgam	1
religiously	1
umbilical	1
hawk	1
sham	1
taxed	1
reprisal	1
bunker	1
seething	1
grueling	1
combatants	1
amphibious	1
squarely	1
bullseye	1
modernizing	1
troublesome	1
midget	1
batteries	1
havoc	1
armament	1
harpoon	1
missile's	1
cripple	1
destroyer	1
exocet	1
exocets	1
shreds	1
expeditionary	1
grenades	1
unspeakably	1
rafik	1
hariri	1
conceivably	1
scoff	1
counterweight	1
totaling	1
arsenals	1
scud	1
loom	1
thirst	1
inked	1
yadavaran	1
kazakhstan	1
surpluses	1
accumulation	1
sums	1
hegemonic	1
superpower	1
undervalued	1
shoppers	1
realm	1
overwhelm	1
foe	1
cemented	1
sapped	1
deployments	1
bilmes	1
surpassing	1
envelops	1
mideast	1
undersized	1
resupply	1
minted	1
imperiled	1
fraught	1
peril	1
envelop	1
cocked	1
bluntly	1
aiding	1
encased	1
zealot	1
garner	1
lobbed	1
notoriously	1
scandal	1
subsume	1
unavoidable	1
graydon	1
paragraphs	1
epa's	1
ratify	1
downgrading	1
injurious	1
relay	1
widest	1
polluters	1
mountaintop	1
uncommitted	1
libby	1
bandar	1
naturalisation	1
ins's	1
legalised	1
perle	1
warrior	1
reagan's	1
waxman	1
simultaneous	1
coffins	1
soldier's	1
outfitting	1
defective	1
armour	1
landmines	1
samoa	1
surveyed	1
unscreened	1
budgeted	1
advantaged	1
mccallum	1
donaldson	1
bundling	1
recession	1
phased	1
clinton's	1
subsidies	1
stockholders	1
kenny	1
lawman	1
admits	1
guant	1
namo	1
detainees	1
shackled	1
earmuffs	1
blindfolds	1
psychiatrists	1
guantanamo's	1
unfavourable	1
endorsements	1
kennebunkport	1
midterm	1
rangers	1
house's	1
wmds	1
employs	1
nvq	1
hnd	1
woking	1
surrey	1
moreton	1
morrell	1
coventry	1
warwickshire	1
gloucestershire	1
pacquiao	1
philipines	1
puttagenius	1
caloy	1
gro	1
irene	1
filipinos	1
expulse	1
overs	1
dinasaurs	1
texting	1
limerick's	1
spoilt	1
miui	1
cyanogen	1
voided	1
warrenty	1
cynangon	1
clockwork	1
cynagon	1
bugless	1
adw	1
werewolf	1
antiquities	1
farmlands	1
moorland	1
wildflowers	1
stride	1
tick	1
spur	1
jog	1
wel	1
gud	1
wht	1
abt	1
xwide	1
wud	1
megapixel	1
mapping	1
pixels	1
exposures	1
unresponsive	1
dears	1
arsenic	1
giraffes	1
sculpted	1
kiln	1
armatures	1
armature	1
forida	1
grandmas	1
mitten	1
nside	1
duster	1
ventilated	1
fiber	1
sheets	1
jsp	1
itemid	1
itemtype	1
iproductid	1
fragrance	1
injure	1
nononononono	1
saaaaaam	1
iguzwhat	1
whoooooo	1
init	1
normall	1
pal	1
dell	1
acer	1
asus	1
emachines	1
playatmcd	1
gameboard	1
mccafe	1
filet	1
hash	1
mcmuffin	1
oatmeal	1
spines	1
becca	1
ovr	1
lik	1
eneedle	1
prickly	1
cactus	1
badder	1
lil	1
kimberwick	1
ported	1
pelham	1
snaffle	1
yeaa	1
cunclude	1
canan	1
eos	1
kido	1
sculpting	1
unset	1
cools	1
molding	1
lggobproj	1
disturb	1
spinner	1
noiseless	1
squeaks	1
wrath	1
tc	1
allot	1
railway	1
josalyn	1
leainne	1
mcallister's	1
hvae	1
pwople	1
resumes	1
typos	1
reapply	1
flatten	1
pancake	1
whhich	1
petsathome	1
combi	1
aquiriums	1
airway	1
dwarfs	1
hammy	1
unknowledgeable	1
enviroment	1
prefere	1
itchy	1
meiko	1
regenesis	1
orphans	1
thuy	1
lan	1
splitter	1
buzzing	1
disconnected	1
stil	1
woud	1
doubling	1
darkroom	1
scratched	1
blcbs	1
diy	1
ly	1
kplaylists	1
dianacamera	1
highschool	1
manikins	1
prudish	1
ignoramus	1
davio's	1
friscos	1
sidenote	1
mortons	1
morton's	1
uwt	1
wpw	1
tkj	1
uvtw	1
aaaaaaaaags	1
hicadypyi	1
bigcache	1
googleapis	1
panoramio	1
visitkorea	1
cms	1
jejudo	1
itll	1
streaks	1
petco	1
doves	1
petshoppe	1
michel	1
d'orleans	1
vanves	1
balard	1
invalides	1
chatillon	1
montrouge	1
software's	1
adamtolle	1
blak	1
channel's	1
cs	1
macbook	1
photoscape	1
bumrungard	1
accidental	1
licks	1
spoilage	1
anemic	1
mash	1
cantering	1
spooky	1
graceful	1
ribbons	1
galloping	1
foxes	1
woodpeckers	1
pecking	1
carribean	1
powerhead	1
hydor	1
slimskim	1
tablet's	1
squidoo	1
droidforums	1
droid	1
to's	1
chickie	1
pete's	1
gravel	1
sponge	1
optinal	1
nessasary	1
aquasafe	1
lazers	1
flashlight	1
transitional	1
bisexual	1
titts	1
ervice	1
varie	1
ometime	1
companie	1
ome	1
unde	1
tood	1
becouse	1
panicking	1
bouild	1
carrot	1
realtion	1
useing	1
hammie	1
thirdly	1
cge	1
willl	1
quieter	1
coz	1
wana	1
joys	1
comfyy	1
seizure	1
bounces	1
wildly	1
lifespans	1
conceivable	1
loosing	1
gesture	1
resorted	1
dat	1
breyers	1
stables	1
barns	1
replica	1
orthographic	1
cube	1
clamps	1
saws	1
bryer	1
balsa	1
plywood	1
slats	1
binkyswoodworking	1
horsestable	1
blueoakstables	1
breyerhorsebarns	1
railroadredux	1
shortline	1
adventurehobbycraft	1
natureandtech	1
utrechtart	1
woodworking	1
panics	1
feathery	1
birdy	1
wil	1
rambunctious	1
fleece	1
ratty	1
hammocks	1
mamble	1
abode	1
liberta	1
freddy	1
netpetshop	1
chichi	1
chinchilla	1
justcages	1
furet	1
calculater	1
prop	1
heated	1
substrate	1
propping	1
slithers	1
opinons	1
uth's	1
burrowing	1
corns	1
milks	1
fam	1
denny's	1
torrance	1
conveniently	1
coronas	1
heineken	1
navigation	1
cruising	1
shrines	1
sumo	1
conveyor	1
izakaya	1
naha's	1
semiautomatic	1
thes	1
coating	1
rotarua	1
cbd	1
kaffee	1
eis	1
gelatos	1
kaffeeeis	1
hazards	1
paranoid	1
pony	1
tb	1
spurt	1
garganta	1
diablo	1
shinning	1
cascades	1
igua	1
janeiro	1
reclining	1
deliteful	1
experice	1
upbringing	1
datingtips	1
wodges	1
romancescam	1
viewtopic	1
scammer	1
birthdate	1
conned	1
antifraudcentre	1
centreantifraude	1
usembassy	1
scams	1
tankmates	1
conditons	1
dempseys	1
cichlid	1
bredders	1
breeeding	1
bloodworms	1
ther	1
calico	1
uterine	1
horn	1
urination	1
untreated	1
renal	1
listlessness	1
toxins	1
immigeration	1
minimunm	1
residency	1
minimums	1
canadavisa	1
fineally	1
snooty	1
crapload	1
spanned	1
burckhardt	1
literate	1
rinascimento	1
periodizing	1
apogee	1
leonardos	1
fresco	1
supper	1
lorenzo	1
sacking	1
hochrenaissance	1
winckelmann	1
simplifying	1
pekin	1
crossbred	1
mutt	1
genetics	1
sussexs	1
rec	1
beards	1
muffs	1
muff	1
incompletely	1
smarter	1
jamie	1
rhoderunner	1
zff	1
xytex	1
deleting	1
pic	1
fixture	1
cord	1
compositionally	1
blurring	1
waked	1
desisted	1
boarder	1
tee	1
hight	1
croke	1
unarguable	1
ticks	1
ulster	1
sinnel	1
nestl	1
purina	1
squeaky	1
pitched	1
advert	1
parrot	1
streamed	1
scratchy	1
entery	1
chases	1
safest	1
unhealthy	1
bonded	1
customise	1
suez	1
panamal	1
corssing	1
philipinos	1
hippies	1
ethicities	1
hippy	1
marin	1
illegals	1
willie	1
coop	1
scraps	1
sneaks	1
bras	1
surounded	1
pumped	1
molten	1
pressurized	1
foresaw	1
tooling	1
fumes	1
precautions	1
crucible	1
cylinders	1
techspec	1
selctemp	1
meltmetl	1
firehole	1
sliced	1
slaughter	1
cutlery	1
hygiene	1
kosher	1
pythons	1
buttered	1
nagged	1
salazar	1
flush	1
iw	1
ould	1
detach	1
airholes	1
whack	1
tbh	1
prongs	1
favours	1
overstay	1
process's	1
tzu	1
swivels	1
scold	1
clicker	1
ajay	1
travelguides	1
tripadvisor	1
goldentriangleindia	1
birla	1
mandir	1
connaught	1
jantar	1
mantar	1
atithi	1
aditya	1
centrally	1
sandeep	1
degus	1
trainable	1
hoodie	1
skittish	1
cavies	1
whistle	1
encouragement	1
romaine	1
tomatos	1
celery	1
cucumbers	1
carrots	1
cauliflower	1
potatos	1
cleaser	1
hating	1
ruining	1
disgustingly	1
scratches	1
deworming	1
inappropriately	1
socialization	1
clawing	1
litterbox	1
volunteering	1
evidentary	1
registrar's	1
registrar	1
expedited	1
teens	1
followings	1
aficionados	1
cayman	1
cozumel	1
bahamas	1
maarten	1
turk	1
labadee	1
haiti	1
juggling	1
liberty's	1
cruiseline	1
rssc	1
hehe	1
typo	1
smartest	1
worldly	1
hawaii	1
seville	1
valencia	1
bilboa	1
pamplona	1
guernica	1
algarve	1
pyrenees	1
andorra	1
europass	1
desires	1
obudu	1
menaces	1
fetch	1
tosses	1
repition	1
packer	1
tele	1
biking	1
souvenirs	1
ken's	1
kiwi	1
cho	1
moto	1
quad	1
bikes	1
boss's	1
fino	1
unsteady	1
freakin	1
dressage	1
scissors	1
wile	1
stirrups	1
wight	1
irons	1
thigh	1
brase	1
hangon	1
diarheya	1
pancreatitis	1
tryed	1
grocerys	1
seince	1
etter	1
walkin	1
wagin	1
everbody	1
intestines	1
parvovirus	1
radiographs	1
severly	1
electrolyte	1
imbalances	1
hospitalized	1
hydration	1
veterinarian	1
saxons	1
seriousness	1
offend	1
fancies	1
apron	1
christiane	1
pleasing	1
sluts	1
handicap	1
litterarum	1
melodramatic	1
hatmanone	1
gasps	1
mellow	1
worthless	1
employable	1
otago	1
accents	1
racked	1
extradite	1
feisty	1
crawls	1
braining	1
bloodying	1
tweezers	1
brumation	1
metabolism	1
cooler	1
milky	1
neutered	1
sniffing	1
pawing	1
roughhouse	1
intruder	1
invading	1
scruff	1
guts	1
cries	1
paws	1
wagging	1
pacify	1
westmoreland	1
pacifying	1
firepower	1
stranded	1
infiltrate	1
redeploying	1
counterattacked	1
hue	1
intents	1
shattered	1
obtuse	1
lbj	1
antiwar	1
emancipate	1
subduing	1
vo	1
giap	1
reflector	1
psycholical	1
eatin	1
juvenile	1
diurnal	1
mvb	1
coiled	1
blindness	1
zoomed's	1
repsitun	1
lllreptile	1
repti	1
hunters	1
turkistan	1
dubia	1
variety's	1
guides	1
herp	1
webs	1
caresheet	1
atleast	1
ventilation	1
lizards	1
sheesh	1
kale	1
quietest	1
zebra	1
finches	1
arent	1
eaiser	1
stipes	1
balding	1
cere	1
hahahaahh	1
screem	1
ot	1
sholder	1
friendlier	1
crazier	1
shirtsleeves	1
sunglasses	1
woollies	1
driest	1
blur	1
festivities	1
thinnest	1
paradoxically	1
sheeting	1
warms	1
footwear	1
scotsman	1
connolly	1
changeable	1
moher	1
dingle	1
shorten	1
wetter	1
windier	1
frosts	1
whitish	1
colourful	1
aspire	1
daphnia	1
lipids	1
sexing	1
aplocheilus	1
bobber	1
crumbly	1
styrofoam	1
defrosted	1
nourishing	1
dings	1
choramine	1
sate	1
adult's	1
snails	1
aplo	1
chemistries	1
solids	1
winging	1
ppm	1
gardneri	1
thrifty	1
aquarist's	1
department's	1
magnesium	1
chloride	1
chorion	1
yoke	1
embryo	1
suffocate	1
acriflaven	1
pipette	1
eyedropper	1
methylene	1
dyed	1
grist	1
rejuvenating	1
thematically	1
comforts	1
eatables	1
deliciously	1
fishes	1
prawns	1
imposingly	1
amnesties	1
spaciously	1
seclusion	1
rejuvenate	1
magnet	1
whiteboard	1
walkie	1
talkie	1
navigator	1
lieu	1
preschoolers	1
wading	1
spoiled	1
grasped	1
ale	1
lemonade	1
flirty	1
apprenticed	1
groped	1
belive	1
hottie	1
joby	1
divorced	1
flirted	1
mare	1
wholes	1
cheeks	1
guss	1
heartbroken	1
nger	1
bloke	1
shoddy	1
chalked	1
theeth	1
gant	1
topline	1
atrophied	1
chewed	1
titer	1
arby	1
ornament	1
rideable	1
gallop	1
therapies	1
comprehend	1
heartbreaking	1
additive	1
windsor	1
wintering	1
clearing	1
gangly	1
tighter	1
msu	1
strongid	1
mosquito	1
repoire	1
fixable	1
poneh	1
remission	1
relapse	1
discourteous	1
greenwalt	1
meds	1
bodytalk	1
undeniable	1
cj	1
saucey's	1
chennai	1
unturned	1
warmed	1
kobeys	1
lftd	1
kindergarten	1
infant	1
srd	1
scot	1
whisky	1
crosse	1
coworkers	1
faris	1
crim	1
squeege	1
edmark	1
larson	1
tintman	1
nationwidetints	1
deliverd	1
excellant	1
decking	1
salespeople	1
accomdating	1
postive	1
quiktrip	1
palatine	1
shave	1
barbershops	1
cor	1
scrumptious	1
c'mon	1
adorn	1
debi	1
chineese	1
wok	1
tomipilates	1
refurb	1
pjc	1
haves	1
sstaff	1
hellada	1
dzida	1
personaly	1
westfield	1
rt	1
ikea	1
leon's	1
dsl's	1
speedtest	1
png	1
popcorn	1
yam	1
sweets	1
nivine	1
eastgardens	1
fabolous	1
mcclelland	1
reigon	1
delicous	1
refold	1
l'espalier	1
dancewear	1
instep	1
extraordinarily	1
btwn	1
inquires	1
sunroom	1
coupon	1
pennysaver	1
stuffs	1
spongy	1
microwaved	1
heartless	1
grills	1
tucson	1
toothache	1
obina	1
olbina	1
crowns	1
fernandina	1
dentistry	1
downloading	1
chester	1
rcommended	1
spraying	1
pesticides	1
condos	1
vancouver	1
alpharetta	1
fabulously	1
shallac	1
rendy	1
caffe	1
italia	1
delectable	1
antipasto	1
misto	1
alla	1
barese	1
parmigiana	1
gelato	1
lava	1
sandy	1
sharayu	1
hopless	1
hcc's	1
shaky	1
superintendant	1
retracted	1
hcc	1
golfers	1
physiotherapists	1
kusal	1
goonewardena	1
osteos	1
chiros	1
groomed	1
evened	1
bullfighting	1
bullfights	1
bac	1
nurses	1
reball	1
brainer	1
dingy	1
fixeded	1
thumpstar	1
wasent	1
coldn't	1
anywere	1
thaks	1
ham's	1
panes	1
hairstyling	1
bodyworker	1
boothbay	1
bonafide	1
joule	1
paperback	1
palces	1
sercvice	1
childrens	1
spoil	1
afterall	1
wontons	1
moo	1
neptune	1
dip	1
dong	1
slimy	1
iowa	1
asparagus	1
seared	1
dustin	1
feverishly	1
exhaust	1
rhino	1
peachstate	1
powersports	1
lagrange	1
nidd	1
rangoon	1
tofu	1
cabbage	1
satay	1
bea	1
californian	1
mole	1
tortilla	1
margaritas	1
thankyouthankyou	1
morelias	1
vomited	1
bateman	1
entie	1
hailstorm	1
telugu	1
raina's	1
ruly	1
kumon	1
heebee	1
gee	1
pictured	1
catalogue	1
addicting	1
enchladas	1
enchilada	1
hormel's	1
relleno	1
cesar	1
gracie	1
ufc	1
ncfa	1
norcalfightingalliance	1
dealerships	1
absoulutely	1
comfty	1
toda	1
govind	1
cajunish	1
eulogic	1
handcraft	1
refreshing	1
meadowrun	1
reachable	1
clubhouse	1
snows	1
surley	1
car's	1
salmon	1
dependable	1
puppies	1
temperment	1
silverware	1
napkins	1
gentel	1
molesters	1
aswered	1
chelan	1
nowheresville	1
litttle	1
boutique	1
onesie	1
goose's	1
consistantly	1
distain	1
farcical	1
ipanema	1
nondescript	1
honka	1
saddened	1
tolerating	1
accented	1
flips	1
compeltly	1
meanest	1
supercuts	1
bk	1
regreted	1
branford	1
unpleasantly	1
svce	1
humour	1
calmness	1
exceeds	1
horrendous	1
lopsided	1
thicker	1
calleda	1
answetred	1
hesitations	1
temecula	1
hooptie	1
kwik	1
kar	1
fairchild	1
prudential	1
steamboat	1
realty	1
stephanie's	1
yampa	1
barber	1
nick's	1
riddled	1
sadface	1
talley	1
orginals	1
omfg	1
reaaaally	1
stoner	1
mysterys	1
crepe	1
crepes	1
mulberry	1
valet	1
wessex	1
sussman	1
kia	1
squeezed	1
earthhhhhhh	1
eatting	1
amaze	1
juno	1
homo	1
collingswood	1
amore	1
arancini	1
riso	1
risotto	1
fritters	1
saltimboca	1
mousse	1
wholeheartedly	1
solana	1
benedict	1
alta	1
moda	1
scordia	1
mudo	1
familia	1
italiano	1
kennels	1
closs	1
dealship	1
triage	1
uw	1
sewage	1
backpacks	1
cowboy	1
tacoma	1
cookbook	1
fot	1
aren'ta	1
oblivion	1
wasn'ta	1
wedges	1
wantons	1
dandenong	1
pma	1
flashy	1
garnishes	1
vetri	1
gnocchi	1
antipasti	1
washes	1
peddle	1
peddles	1
rescheduling	1
balazick	1
aswering	1
brokers	1
todays	1
windsheild	1
canister	1
clips	1
immaculately	1
expertly	1
endevour	1
renton	1
approachable	1
nonjudgmental	1
veraakulov	1
petting	1
goats	1
lambs	1
pony's	1
camels	1
ostrich	1
punctual	1
wunderbar	1
nonexistent	1
unorganized	1
punk	1
mimmy	1
buddakan	1
attracts	1
starr	1
filler	1
delivers	1
varietal	1
sommelier	1
corking	1
buckingham	1
condominiums	1
townhouse	1
approves	1
decks	1
unparalleled	1
grazing	1
mingle	1
proprietors	1
epitome	1
neon	1
drunkest	1
someonelses	1
bouncy	1
classiest	1
monotony	1
toddler	1
mechaincs	1
wenatchee	1
waiters	1
worht	1
bowel	1
phat	1
romatic	1
ristorante	1
hairstylist	1
utc	1
reffered	1
blowdry	1
deffenitly	1
waffle	1
trinidadian	1
patties	1
connoisseur	1
toned	1
mahal	1
vanguard	1
tussey	1
nomenal	1
seperates	1
debit	1
mcinnis	1
inconsiderate	1
admitting	1
dillards	1
lisenced	1
member's	1
gustavo	1
braman	1
bramen	1
hassles	1
apostle	1
parishioners	1
gus	1
manifold	1
unneccesary	1
condescending	1
inexperienced	1
ghassemlou	1
assuage	1
combative	1
fused	1
chiropractric	1
barros	1
unbelievably	1
complimented	1
kim's	1
mclean	1
storefront	1
carless	1
neeeeeeeeeverrrr	1
funerals	1
outshone	1
superbly	1
delicately	1
cabinets	1
thrashed	1
slapped	1
reeks	1
sanwiches	1
meatball	1
regulars	1
isn'ta	1
tgif	1
hotpot	1
chrisssake	1
churchy	1
grandure	1
aunte	1
kiddies	1
labyrinth	1
pagen	1
kc	1
phillies	1
chineze	1
sice	1
appologized	1
skiing	1
roger	1
raped	1
garment	1
pushy	1
forgetting	1
flavorless	1
orderd	1
chimichangas	1
jalapeno	1
borritos	1
quesadillas	1
hacienda	1
catfish	1
fidelity	1
leasing	1
robbed	1
cheated	1
misinform	1
misrepresent	1
premiums	1
glitch	1
ifa	1
assh	1
shopped	1
mileage	1
stokes	1
bascom	1
joe's	1
gut	1
hears	1
shark	1
walkway	1
itwill	1
cranmore	1
phobia	1
instantaneously	1
underpinned	1
gillies	1
hehehe	1
gatherings	1
goto	1
anesthetic	1
audacity	1
itemized	1
peking	1
opinon	1
pickups	1
parked	1
ammount	1
elevated	1
mislabeled	1
ukrops	1
mimosas	1
remodeled	1
remodeling	1
holderness	1
chamberlain	1
leakage	1
timings	1
perfectionist	1
ohm	1
curly	1
relocating	1
appetizing	1
trio's	1
rectified	1
peeling	1
ounce	1
barcoding	1
barcodes	1
backoffice	1
day's	1
queries	1
disatisfied	1
appliance	1
cayuga	1
cuticles	1
infertility	1
sterile	1
croissants	1
stellar	1
nord	1
sacre	1
coeur	1
flea	1
gears	1
ipa	1
dogwood	1
guiness	1
abou	1
sporadically	1
whir	1
overcharge	1
cruze	1
purchace	1
canever	1
silently	1
sitcom	1
seinfeld	1
saturday's	1
entertained	1
exhaustion	1
markings	1
outing	1
dj's	1
surpassed	1
lange	1
sirloin	1
drenched	1
shield	1
bilked	1
sheisters	1
mechanicly	1
runaround	1
grimy	1
somethin	1
bethesda	1
bustle	1
nestled	1
modell's	1
pumpkin	1
invitations	1
craziest	1
ltake	1
chilis	1
panera	1
chipotle	1
excels	1
carytown	1
orr's	1
woken	1
campsite	1
drunken	1
irate	1
orr	1
hoods	1
gymnasiums	1
ensemble	1
presumably	1
vassar	1
mellon	1
rutgers	1
homey	1
colada	1
mmmm	1
plantains	1
pastries	1
omelets	1
forsyth	1
dismay	1
rosette	1
canape's	1
amuse	1
anyones	1
scallops	1
mush	1
bakeries	1
fiona	1
she'll	1
cravings	1
multiplex	1
squirrels	1
manged	1
cellphones	1
previews	1
theatres	1
mangers	1
origami	1
earrings	1
quilling	1
salmagundi	1
smorgasbord	1
potpourri	1
motley	1
miscellaneous	1
quimba	1
grrrrrrrreeeaaat	1
hyundai	1
ti	1
thouhgt	1
untrained	1
bonanza	1
sqft	1
thinset	1
pitfalls	1
filthy	1
laundromats	1
availed	1
romeo	1
infact	1
serivce	1
bartenders	1
waitresses	1
impatiently	1
understaffing	1
fuse	1
pedestal	1
scallop	1
nigiri	1
panko	1
logan	1
solicitous	1
ada	1
drip	1
apologies	1
impatient	1
actualy	1
tolls	1
payed	1
eather	1
totalling	1
bdr	1
trashy	1
jurek	1
refundable	1
heed	1
squirm	1
smoked	1
unfortunalty	1
bodhi	1
vet's	1
mackinaw	1
fanfuckingtastic	1
yorker	1
devoid	1
grail	1
oregano	1
fcking	1
yorkedness	1
scrummy	1
gimmicky	1
greenfield	1
interrupting	1
unapologetic	1
overage	1
buffalo	1
ftw	1
luna's	1
deffly	1
prolly	1
cus	1
pepperoni	1
clarkson	1
deliciousness	1
chestney	1
fiance's	1
blowout	1
runflat	1
runflats	1
nashville's	1
youngsteers	1
evictees	1
fend	1
countertop	1
upsetting	1
sabotaging	1
spills	1
costumer	1
comcast	1
burrito	1
bistro	1
tallulah	1
adelphi	1
residing	1
bt	1
unpretentious	1
rrly	1
cehf	1
particlular	1
baldness	1
maternal	1
consumerreports	1
anyhow	1
mircles	1
miracles	1
boarders	1
calming	1
novotel	1
usally	1
scampi	1
privatly	1
jeep	1
overcharged	1
handbag	1
niche	1
designofashion	1
stuart's	1
reap	1
communicator	1
hom	1
burglars	1
intruders	1
slit	1
miscreants	1
guarentee	1
lightbulb	1
sheraton	1
sofa	1
ribbon	1
boisterous	1
admittedly	1
compose	1
falsehoods	1
charger	1
abrasive	1
kung	1
pao	1
puffs	1
mein	1
panda	1
willis	1
pomper	1
resell	1
unprofessionalism	1
belittling	1
mousey	1
pressuring	1
jacobsen	1
accountant	1
sketchiness	1
informing	1
apologetic	1
hds	1
headboard	1
nighstand	1
boyles	1
limbo	1
suites	1
cancellations	1
advising	1
stumble	1
bexar	1
bandera	1
ferguson	1
granger	1
cvts	1
uncaring	1
bicuspid	1
valve	1
stenosis	1
renigged	1
sarcastically	1
bmil	1
roomful	1
bruised	1
dumbest	1
f'ers	1
pottstown	1
cussing	1
geno's	1
innkeepers	1
longshoreman	1
sternly	1
accommodated	1
shampoo	1
uninspired	1
mildew	1
touts	1
kitchens	1
overstatements	1
hyperbolic	1
salatim	1
condiments	1
forkfuls	1
laffa	1
glob	1
chewy	1
resemblance	1
crispy	1
delicacy	1
semifreddo	1
waitstaff	1
believing	1
attest	1
succulent	1
brides	1
seamstresses	1
bodice	1
automotives	1
drving	1
riiight	1
ordeal	1
apathetic	1
jurists	1
steffen	1
graae	1
anketell	1
steadman	1
israelians	1
succesfull	1
c'est	1
comme	1
baqubah	1
habbaniyah	1
demonstrators	1
yound	1
newlywed	1
bride	1
tradeoff	1
suckups	1
freewheeling	1
supple	1
derail	1
reinvigorate	1
cues	1
festering	1
clashed	1
zionists	1
consolidate	1
incidents	1
trainees	1
hilla	1
kirkuk	1
ipo	1
spectacularly	1
overstating	1
laudatory	1
clutter	1
fewest	1
cartoonists	1
depicting	1
caricatures	1
masoud	1
fined	1
tehran's	1
stunt	1
noncombatants	1
wahhab	1
janabi	1
baiji	1
tuz	1
huwaijah	1
iyad	1
hazem	1
shaalan	1
abducted	1
behead	1
compaign	1
bedeviling	1
nyt	1
wavering	1
bode	1
lobe	1
weblog	1
kahn	1
posses	1
uranium	1
evacuates	1
eschewing	1
evacuating	1
pander	1
suing	1
mismanaged	1
tyre	1
fearing	1
loathe	1
legnth	1
froomkin's	1
washpost	1
speculating	1
horseman	1
horsemen	1
koerner	1
midland	1
filibuster	1
rambling	1
developiong	1
urchin	1
zipdash	1
keyhole	1
goodger	1
ben's	1
annoucement	1
ryner	1
formalizes	1
sloan	1
mcleran	1
googlezon	1
commment	1
aquire	1
admidst	1
echelons	1
enlightened	1
viewpoint	1
malach	1
mis	1
sadr's	1
insurgencies	1
downsize	1
neoconservatives	1
warrick	1
arabists	1
mopping	1
sweetheart	1
monthly's	1
zelikow	1
trenchant	1
sadrists	1
yaqubi	1
scarcely	1
fallacy	1
ergo	1
propter	1
neocon	1
predominance	1
kufa	1
aide	1
shadid	1
kenneally's	1
peder	1
remarking	1
bitches	1
foward	1
doberman	1
pinchers	1
cockerspaniel	1
hnks	1
govs	1
auhtority	1
administartion	1
octel	1
lenhart	1
woodrows	1
appetitie	1
svp	1
paso	1
robbrnglsn	1
scudeiros	1
elyse	1
uof	1
h's	1
rod's	1
shoemaker	1
ae	1
annotations	1
janesmith	1
danjones	1
noc	1
retransmission	1
staikos	1
johnstaikos	1
boyle	1
garcey	1
griffith	1
soblander	1
carrfut	1
solicitation	1
charts	1
intrastate	1
ccgm	1
townsend	1
gtownsend	1
manorisd	1
puto	1
dumpster	1
gt	1
gilette	1
quinn	1
mulholland	1
pak	1
kang	1
sewell	1
synder	1
hinze	1
sheetal	1
johnathan	1
markey	1
dyk	1
jennings	1
ateam	1
brandon	1
eduardo	1
tellechea	1
milson	1
mundim	1
shaukat	1
gerard	1
benitez	1
almy	1
hanson	1
frazier	1
mayfield	1
o'neal	1
hector	1
christa	1
storming	1
lu	1
profiled	1
brokering	1
rewarding	1
catriona	1
mjmcdermott	1
intl	1
fulfillment	1
life's	1
amstel	1
jolene	1
hover	1
skidoo	1
skis	1
jackass	1
harmonious	1
apt	1
sincerity	1
fisrt	1
lavo's	1
omaha	1
employeemeeting	1
timesheet	1
hronline	1
pimenov	1
ste	1
questionsand	1
concessionaire	1
directory	1
tammi	1
ces	1
upstream	1
duns	1
mane	1
phunnarungsi	1
modelling	1
brownian	1
reverting	1
diffusion	1
coefficient	1
kindest	1
bql	1
hmtag	1
itl	1
crenshaw	1
sungjoo's	1
slot	1
sungjoo	1
stochastic	1
goldconn	1
isye	1
gte	1
prism	1
withholding	1
notifying	1
fractional	1
recordkeeping	1
ntrc	1
hewitt	1
psa	1
deferred	1
pauline	1
butler	1
ratcliff	1
nimitz	1
kestrel	1
walzem	1
aransas	1
mery	1
knight	1
efax	1
davidr	1
optonline	1
collies	1
dolphins	1
falcon	1
carri	1
ascii's	1
inputs	1
ghulam	1
mohiuddin	1
doda	1
interrogation	1
demented	1
reprint	1
mannino	1
iucn	1
woul	1
poss	1
ible	1
lizzie	1
inconvenience	1
iwas	1
sry	1
willpower	1
rreynol	1
cogeco	1
enthusiast	1
budgieresearch	1
tgs	1
preety	1
figaro	1
sfig	1
rr	1
allergies	1
surronding	1
bellsouth	1
chillicothe	1
dm's	1
dailyem	1
unsolicited	1
unsubscribe	1
usatoday	1
csp	1
spasms	1
o'keefe	1
helm	1
astronaut's	1
planetary	1
afflictions	1
conjunct	1
aspected	1
fms	1
choudhry	1
thecatal	1
purrs	1
runar	1
webmas	1
globelingerie	1
heh	1
chemises	1
panties	1
stockings	1
garter	1
woman's	1
undrstood	1
seak	1
selectedsex	1
tjo	1
ded	1
silky	1
nightgown	1
nightie	1
adelia	1
adorabledelia	1
clubbed	1
discountairlineticket	1
discriminated	1
adhd	1
substitution	1
checklists	1
tova	1
sadists	1
maime	1
releif	1
brute	1
coward	1
badger	1
baiting	1
natrually	1
sincere	1
appologies	1
preuss	1
georgetown	1
anecdotes	1
dieters	1
therapeutic	1
hca	1
mct	1
oolong	1
cla	1
chromium	1
blockers	1
chitosan	1
htp	1
hoodia	1
caralluma	1
hmb	1
bcaa	1
gottlie	1
sucking	1
calmed	1
bountiful	1
wildest	1
sludge	1
cadmium	1
redevelopment	1
scarce	1
installations	1
storm's	1
tenterhooks	1
valero	1
exxon	1
mobil	1
devastated	1
bellow	1
excelnt	1
newscientistspace	1
ns	1
feedid	1
atom	1
reigns	1
griffin's	1
nwsource	1
apmideast	1
slug	1
ramallah	1
cloaking	1
fatah	1
safed	1
captains	1
escalating	1
authorised	1
unleashed	1
zahar	1
khalil	1
khader	1
lashing	1
lmao	1
theyy	1
knowledgement	1
pigment	1
vacationing	1
accomodate	1
couchsurfing	1
picasso's	1
influnced	1
mem	1
gcx	1
sourceid	1
silicon	1
brushable	1
barring	1
derbyshire	1
shropshire	1
visitsouthshropshire	1
palo	1
hardy	1
vhs	1
gummibear	1
pueble	1
lounges	1
wendys	1
applebees	1
mcdonals	1
wendy's	1
meas	1
birding	1
wildlifeofpakistan	1
pakistanbirdclub	1
eurostar's	1
pancras	1
ntkb	1
dresscod	1
natzi	1
musems	1
heirs	1
miramir	1
empanada	1
cordobes	1
piss	1
recycled	1
erm	1
lols	1
caoimhe	1
officiol	1
revolutionize	1
prettty	1
digic	1
faz	1
ssome	1
oone	1
druggy	1
dodgy	1
lunde	1
findin	1
somone	1
fines	1
ire	1
blacks	1
wellywood	1
peopel	1
chorizo	1
plllz	1
beacuse	1
soing	1
restraunts	1
enlighten	1
tats	1
shal	1
trivandrum	1
raviz	1
syd	1
ashtamudi	1
houseboat	1
varkala	1
ammazing	1
firangs	1
cockatiel	1
cockatiels	1
unfertilized	1
mated	1
fertilized	1
unforchunitly	1
afnd	1
theguys	1
naborhood	1
shoul	1
amd	1
lourdes	1
luggages	1
altough	1
heures	1
lenght	1
islad	1
airpart	1
anothers	1
searched	1
igourmet	1
yuck	1
coagulated	1
ewww	1
ply	1
kasna	1
dtc	1
goin	1
cary	1
vietam	1
wensday	1
revisionist	1
creme	1
tabby	1
siamese	1
veiled	1
fertilize	1
skinny	1
hrs	1
bartrail	1
geiven	1
gg	1
anyplace	1
goldstar	1
alcatraz	1
amt	1
rodent	1
sensuality	1
straigthforward	1
lovley	1
keene	1
feces	1
guality	1
bislas	1
keying	1
dorn	1
hobbs	1
food's	1
outrageous	1
cosy	1
vingas	1
visakha	1
reston	1
homestyle	1
mercedes	1
microdermabrasions	1
yuppy	1
tidy	1
drastically	1
marisol	1
kliotech	1
portals	1
mmog	1
saginaw	1
morse	1
bonding	1
burch's	1
brilll	1
aweesome	1
gurgaon	1
cheerleading	1
goand	1
samantha	1
venza	1
motorsports	1
hollister	1
hireing	1
tropics	1
cile	1
unsafe	1
embroidery	1
tortillas	1
awsome	1
fave	1
bikeshop	1
calzones	1
hairstyles	1
luxe	1
scharffen	1
berger	1
tcho	1
artisan	1
coleslaw	1
sts	1
veryyyy	1
veryyy	1
barrys	1
ashdown	1
alway	1
contactable	1
miami's	1
aches	1
amplifiaed	1
cigar	1
blouvard	1
encino	1
amir	1
trusting	1
seaview	1
furnishing	1
stylish	1
cambridgefoodfrivolity	1
ruder	1
cooper's	1
browned	1
spontaneous	1
caldwell	1
homely	1
marlon's	1
birdies	1
bridies	1
hancocks	1
fabrics	1
barling	1
dumpy	1
rig	1
cordon	1
blu	1
abouts	1
lifts	1
cheep	1
relentlessly	1
armando	1
suspiciously	1
lurking	1
hoot	1
teacup	1
grooming	1
vicky	1
simulator	1
restraunt	1
cn	1
hassled	1
allison's	1
winterowd	1
gretchen	1
passable	1
famoso	1
japaneiro's	1
wrok	1
harlan	1
saab	1
extrememly	1
peiod	1
motherboard	1
helen	1
drs	1
cavity	1
hotdog	1
hotdogs	1
hamburgers	1
memorabilia	1
seamstress	1
mustang	1
googleos	1
wares	1
fledged	1
foley	1
buzzmachine	1
ubiquity	1
backfire	1
argghhh	1
pic's	1
screenshots	1
beheading	1
video's	1
annoyance	1
marketer	1
sympathise	1
chanted	1
roiled	1
advent	1
articleid	1
hamdan	1
idelogical	1
dissents	1
calibrations	1
gays	1
paced	1
eclipsed	1
whirlwind	1
disappointing	1
buffett	1
buffett's	1
parse	1
ostensible	1
gateses	1
redistributors	1
hathaway	1
intrinsic	1
invests	1
malaria	1
leftist	1
unsc	1
duped	1
placards	1
cancerous	1
waffling	1
okrent	1
sidestep	1
eventual	1
weakness	1
internationals	1
fuming	1
wtf	1
barracks	1
europeans	1
muhsin	1
lukewarmly	1
caretaker	1
iip	1
stance	1
offing	1
sinned	1
emphemeral	1
refrain	1
commiting	1
ploy	1
assertaion	1
mahdi	1
militiamen	1
pogroms	1
pinched	1
airplanes	1
inflame	1
hallmarks	1
counterproductive	1
nihad	1
awad	1
associating	1
qualifier	1
roster	1
umir	1
saddique	1
assan	1
waseem	1
cossor	1
tayib	1
rauf	1
savant	1
osman	1
khatib	1
shamin	1
uddin	1
stoke	1
newington	1
asmin	1
shazad	1
khuram	1
tanvir	1
umar	1
sarwar	1
muneem	1
nabeel	1
waltham	1
zakaria	1
amara	1
asad	1
ansari	1
shareef	1
abdelhaleen	1
qayyum	1
jamal	1
dirie	1
yasim	1
abdi	1
jahmaal	1
durrani	1
mustafa	1
ghany	1
saad	1
mujahideen	1
musab	1
moutasaddiq	1
zeroes	1
botching	1
notionally	1
predominates	1
saudia's	1
egyptians	1
asyut	1
environs	1
polyglot	1
coloration	1
salafis	1
pietists	1
salafism	1
peasant	1
worrisome	1
sighted	1
haifa	1
fizazi	1
tangiers	1
moroccan	1
combatant	1
laden's	1
expended	1
facade	1
weasel	1
muttering	1
insisting	1
preeminent	1
mylroie's	1
islamiyyah	1
allied	1
obsessing	1
gunning	1
woodward	1
hubris	1
demoted	1
outranked	1
tenet's	1
chatter	1
qandahar	1
rife	1
carter's	1
tabas	1
probablyl	1
cockerspaniels	1
tony's	1
paige	1
satelite	1
shitload	1
mulva	1
assurances	1
harper	1
nell	1
fuzzy	1
cohn	1
aron	1
aep	1
totals	1
bluegrass	1
songbook	1
pronto	1
spoiler	1
anil	1
rohan	1
davey	1
ark	1
lsunotes	1
secnotes	1
lsufoe	1
forex	1
volalatility	1
turnaround	1
sid	1
presentations	1
coefficients	1
garch	1
magali	1
mvanbell	1
haglerbailly	1
hart	1
attys	1
yoder	1
c's	1
replenish	1
e'mail	1
cgy	1
bruin	1
stearns	1
clint	1
conrfirmed	1
joanne	1
rozycki	1
imminent	1
equistar	1
qe	1
lawnmower	1
bump	1
geoff	1
garrett	1
gayle	1
rtackett	1
abacus	1
loring	1
vcf	1
enfolio	1
salinardo	1
churn	1
tumbled	1
speculative	1
climbed	1
bullish	1
geniuses	1
dizzy	1
wrung	1
arond	1
nville	1
scada	1
mips	1
summarize	1
regressing	1
missy	1
lori	1
footer	1
chagrin	1
intrude	1
depressing	1
gianoucous	1
dimitri	1
schlumberger	1
defunctc	1
ompany	1
rodgers	1
mopa	1
elizabeth's	1
yuk	1
epmi's	1
gspa	1
cabazon	1
ewc	1
lenders	1
epmi	1
holyoke	1
mhain	1
morning's	1
imposed	1
gorte	1
kindall	1
cox	1
cfoforum	1
ppt	1
billed	1
clewlow	1
strickland	1
taiichi	1
gsb	1
cv	1
bflassociates	1
lays	1
commercialization	1
confidentially	1
stinson	1
chonawee	1
lasdon	1
thrusday	1
lavo	1
plano	1
rsvp	1
aruba	1
bcf's	1
dpr's	1
prma	1
spreadsheets	1
sanjeev	1
kisses	1
leli	1
orphaned	1
olly	1
uplifting	1
bateleurs	1
astrology	1
palmistry	1
gemology	1
shui	1
vaastu	1
shastra	1
swetha	1
cd's	1
reels	1
cassettes	1
vinyl	1
shellac	1
magnavox	1
heterosexuals	1
kitna	1
soyega	1
uthja	1
yaar	1
uthke	1
jaldi	1
gif	1
ebook	1
terra	1
brillant	1
villians	1
taleofterra	1
aboout	1
roving	1
tack	1
surfs	1
extremewebsurfs	1
maartenvt	1
jung	1
ryool	1
gamespot	1
gilb	1
btinternet	1
homing	1
ordinator	1
financier	1
outlawed	1
lashkar	1
toiba	1
jespersen	1
hindrances	1
portia	1
pet's	1
cognitivesciencen	1
neuron	1
amplitude	1
activation	1
excitatory	1
potentials	1
synchronization	1
engin	1
erdem	1
erdemen	1
dependence	1
alteration	1
wetlands	1
abnormally	1
reflectioncafe	1
disasterthe	1
xploita	1
defies	1
dailyemail	1
newspackagearticle	1
jhtml	1
worldnews	1
reed	1
shakes	1
apec	1
blackbayou	1
blackba	1
lyme	1
avid	1
guestbook	1
handcrafted	1
furry	1
figurines	1
sheeps	1
moose	1
collectables	1
accecpt	1
amex	1
carte	1
blanche	1
animalsr	1
jolson	1
ligang	1
lecturing	1
brush	1
incorporating	1
barrass	1
ingeniously	1
logician	1
cellist	1
blazes	1
zdnet	1
encyclopedia	1
zd	1
brewing	1
suns	1
encarta	1
domination	1
slay	1
goliath	1
vanquish	1
penyc	1
sos	1
cumbria	1
campaigners	1
penycate	1
offersthat	1
visualizing	1
utilizes	1
transporatation	1
citron	1
spacehab	1
underscores	1
missionlaunches	1
ksc	1
spacefuture	1
landers	1
lofted	1
gargantuan	1
transitioning	1
pentagon's	1
astronaut	1
sega	1
forecasters	1
revisiting	1
borge	1
socrates	1
groucho	1
durante	1
diamonds	1
gabor	1
asquith	1
churchill	1
diller	1
cordoba	1
upping	1
bogs	1
valleys	1
kolkata	1
roflmao	1
memberservices	1
worldresortsinternational	1
kettererkunst	1
guntheruecker	1
shtml	1
og	1
sei	1
xvg	1
tqrrgoxk	1
axg	1
ry	1
pbx	1
aqi	1
aql	1
bav	1
pw	1
cf	1
osb	1
fp	1
ddcdc	1
cbf	1
fd	1
smashburger	1
bodybuilding	1
laxmi	1
nagar	1
zim	1
tremblant	1
slopes	1
autocorrects	1
ifunny	1
slam	1
locator	1
conshocken	1
maryland	1
pricier	1
rumba	1
diffrent	1
scupltures	1
livevideo	1
bbec	1
dbc	1
kabob	1
contests	1
preferential	1
ringnecks	1
alexandrine	1
parrots	1
ringneck	1
macaws	1
cockatoos	1
amazons	1
breeds	1
gamestop	1
gamestops	1
reciept	1
wendi	1
prosperitypos	1
jvc	1
hifi	1
headfones	1
parcels	1
yup	1
resturants	1
chicago's	1
portillo's	1
nzers	1
liquids	1
norweigan	1
hooked	1
evo	1
revered	1
goodluck	1
wx	1
postor	1
usint	1
artsy	1
gorrilla	1
fifferent	1
tttthhhhh	1
madonna	1
ww	1
retook	1
nocturnal	1
bf	1
thatd	1
lhasa	1
apso	1
ig	1
shes	1
hakka	1
guinness	1
iraland	1
pleasseee	1
fiasco	1
wallis	1
distinctly	1
raincoat	1
raincoats	1
catalogid	1
sfn	1
sfv	1
storeid	1
critisize	1
argentineans	1
dairies	1
bl	1
dy	1
portillos	1
fudruckers	1
hackneys	1
hackneysprintersrow	1
glenview	1
ldf	1
ni	1
jellybeanjill	1
bile	1
dhirea	1
herder	1
slayer	1
jailed	1
disrespecting	1
lincoln	1
gimmick	1
chopstick	1
aground	1
firmware	1
rdu	1
travelocity	1
expedia	1
phils	1
fares	1
ff	1
metra	1
botanical	1
convo	1
freshwater	1
saltwater	1
gouramis	1
krib	1
rainbows	1
oscars	1
piranha	1
friendliest	1
bast	1
bundren	1
geeksquad	1
playin	1
ceviche	1
simplz	1
knifings	1
taserings	1
definetely	1
biometrics	1
vege	1
bogomilsky	1
supermarket	1
vnhh	1
conyers	1
southland	1
margarita	1
hiro	1
bullwark	1
shree	1
ghatkopar	1
mitra	1
mandal	1
qt	1
mens	1
barbers	1
recoment	1
kal	1
notto	1
craggy	1
refills	1
landline	1
movers	1
noonan's	1
sardine	1
duluth	1
untrustworthy	1
neanderthal	1
specializes	1
inford	1
relish	1
darlington	1
sandwicheering	1
sped	1
reiew	1
orthodontics	1
pom	1
mindblowing	1
servicing	1
politeness	1
zion	1
plank	1
steele	1
spendy	1
mones	1
orginizied	1
avvo	1
gribow	1
wornderful	1
gables	1
tolchin	1
staten	1
qualitech	1
michelin	1
exelent	1
prego	1
bliss	1
tummy	1
heavenly	1
nate	1
grocer	1
compact's	1
visted	1
morningside	1
scompany	1
bravo	1
thali	1
saag	1
surviellance	1
limousine	1
limos	1
dfw	1
vase	1
recwarehouse	1
mfj	1
landscaper	1
kebab	1
chilly	1
bisconti	1
pest	1
utilized	1
pozza	1
dent	1
bumper	1
fender	1
miata	1
jukebox	1
douchebag	1
rushi	1
undergone	1
infra	1
outsize	1
walgreens	1
carval	1
pepco	1
deters	1
cleanings	1
absoul	1
appetit	1
kkk	1
legitimately	1
yarmouth	1
ichiban	1
thetime	1
windscreen	1
susanna	1
unlock	1
scorpions	1
scarring	1
chesapeake	1
flair	1
kelvin	1
helpfull	1
thier	1
recomended	1
begiinning	1
undercooked	1
mushy	1
clueless	1
discriminating	1
sprecher's	1
stiefvater	1
bayside	1
chiropractic	1
directv	1
firm's	1
everytime	1
rockland	1
proofed	1
bready	1
luster	1
curries	1
clogged	1
diagnosing	1
portsmouth	1
interestingness	1
devotional	1
behaviours	1
representations	1
affective	1
fixations	1
interspersed	1
impressions	1
brieber	1
binderman	1
filippini	1
fantoni	1
heidenreich	1
turano	1
milekic	1
baron	1
tenured	1
skillsets	1
augment	1
peers	1
climates	1
mentoring	1
quantifying	1
exceedingly	1
googlescholar	1
researchgate	1
approximates	1
disjoint	1
directories	1
inequalities	1
snapshot	1
weaknesses	1
misinterpretation	1
grained	1
causality	1
longitudinally	1
broaden	1
elucidate	1
detailing	1
censuses	1
douglass	1
williamson	1
elinor	1
ostrom	1
outweigh	1
penalizing	1
violators	1
disagreements	1
centralized	1
pluralism	1
devolving	1
pluralistic	1
restricting	1
ante	1
expropriation	1
ypf	1
unfavorable	1
fdi	1
policymaking	1
pablo	1
fabo	1
pabloruizfabo	1
cimartinez	1
flog	1
uned	1
universidad	1
nacional	1
educaci	1
distancia	1
ens	1
enjambed	1
garc	1
paje	1
configurations	1
alarcos	1
senabre	1
moretti	1
stimulate	1
diachronic	1
sonnet	1
parry	1
flores	1
mez	1
hemistichs	1
triggering	1
tmesis	1
adverb	1
auxiliary	1
sirrem	1
tico	1
pronoun	1
oracional	1
differentiate	1
enlace	1
recitation	1
typology	1
typologies	1
rationally	1
charlatans	1
regress	1
witting	1
unwitting	1
polluted	1
mimicry	1
inflating	1
diminishes	1
permissible	1
muddying	1
reassignment	1
mistook	1
pediatrics	1
dysphoria	1
insofar	1
pollutant	1
endow	1
deceit	1
deceptive	1
controversially	1
autism	1
unavailable	1
academics	1
counterfeit	1
credentialing	1
credential	1
manipulated	1
metrics	1
accusations	1
reputations	1
daniela	1
karine	1
ramos	1
dadaniela	1
bruna	1
anastacio	1
brunaanastacio	1
polat	1
scalzo	1
dye	1
spence	1
pratt	1
simons	1
fabiani	1
gratton	1
rueda	1
checa	1
mbita	1
thorell	1
lindqvist	1
nutley	1
bohlin	1
distractors	1
kirriemuir	1
mcfarlane	1
prensky	1
catarina	1
player's	1
variables	1
statistically	1
dispersion	1
word's	1
chien	1
hund	1
inu	1
selectiveness	1
grunt	1
calibrated	1
prototypical	1
fulfils	1
nb	1
utters	1
structurally	1
kwa	1
kadai	1
conv	1
phonology	1
comparability	1
oir	1
sequential	1
hypothesized	1
posited	1
bantu	1
grouping	1
nedwick	1
demonstrating	1
dimensional	1
saharan	1
thuma	1
grigorenko	1
verbally	1
borrowings	1
inference	1
andres	1
ponce	1
balanga	1
scled	1
hecs	1
grouped	1
incandescent	1
improperly	1
emits	1
ultraviolet	1
interacts	1
erythema	1
aforementioned	1
innovating	1
suilen	1
alvarado	1
laboratorio	1
datos	1
elvi	1
investigaci	1
citic	1
hernandez	1
udc	1
xovetic	1
artificially	1
litely	1
designing	1
programmer	1
formalized	1
mutated	1
interweave	1
simulates	1
registering	1
latitude	1
longitude	1
notifications	1
topological	1
intersects	1
reunify	1
polygons	1
polio	1
vandergrift	1
repository	1
irisdatabase	1
plonsky	1
osf	1
io	1
lindsay	1
devlin	1
munaf	1
syntheses	1
underpinning	1
jasny	1
chin	1
chong	1
vignieri	1
linchpin	1
replicate	1
plagues	1
berez	1
kroeker	1
branco	1
vossen	1
ide	1
calzolari	1
subdomains	1
piloting	1
multisite	1
faretta	1
stutenberg	1
heil	1
botero	1
moriaty	1
ebert	1
refinement	1
constructs	1
definable	1
observable	1
circulations	1
biogeochemistry	1
drifters	1
buoys	1
skylab	1
radiometry	1
interferometers	1
thinned	1
estar	1
slfmr	1
evidenced	1
polarized	1
polarization	1
hamper	1
carols	1
perturbation	1
ssa	1
spm	1
radiative	1
frequencies	1
clarified	1
downwelling	1
decouple	1
induces	1
biases	1
rfi	1
bohai	1
discarded	1
accuracies	1
borne	1
ontogeny	1
locomotory	1
flexion	1
crocodilians	1
archosaur	1
hypothetically	1
horizontally	1
modulated	1
axial	1
perpendicular	1
adapts	1
scaling	1
stouter	1
manipulations	1
correlates	1
signifcant	1
verticalization	1
orienting	1
thinner	1
distal	1
reorganization	1
pelvic	1
musculature	1
postacetabular	1
distally	1
tapering	1
phylogenetic	1
relatedness	1
hindlimb	1
inferences	1
forelimb	1
pectoral	1
displacing	1
phenotypic	1
energetics	1
nuanced	1
hbo	1
marsha	1
popularized	1
hopping	1
intertextualities	1
spawned	1
orchestral	1
tabletop	1
merchandise	1
podcasts	1
fanfics	1
fandom	1
explored	1
cinematic	1
practitioners	1
engendered	1
undertakes	1
penultimate	1
benioff	1
weiss	1
dreaded	1
unawares	1
av	1
spoilers	1
newbies	1
hotly	1
constructivist	1
charmaz	1
categorization	1
emergent	1
certeau	1
frs	1
commemorated	1
carburetor	1
frontpage	1
groningen	1
antwerp	1
emigrated	1
frankfurt	1
calculus	1
niklaus	1
rouse	1
ablest	1
bernoullis	1
tying	1
plagiarized	1
hydraulica	1
backdated	1
grudge	1
strasbourg	1
leonhard	1
successively	1
metaphysics	1
exercitationes	1
goldbach	1
lagrange's	1
canique	1
analytique	1
tides	1
conjointly	1
maclaurin	1
newton's	1
philosophiae	1
naturalis	1
principia	1
mathematica	1
vibrating	1
rond	1
d'alembert	1
experimented	1
puncturing	1
fluid's	1
arteries	1
upwards	1
tianjin	1
changzhou	1
jiangsu	1
indemnity	1
fluently	1
russell's	1
dialect	1
acuity	1
buwei	1
hu's	1
fieldwork	1
philology	1
sinica	1
luo	1
changpei	1
kuei	1
bernhard	1
karlgren's	1
etudes	1
sur	1
phonologie	1
chinoise	1
society's	1
agassiz	1
oriental	1
puns	1
deng	1
xiaoping	1
zhou	1
rulan	1
pian	1
lensey	1
pj	1
xv	1
reigned	1
eldest	1
colonials	1
augustin	1
caron	1
beaumarchais	1
aristocratic	1
forge	1
marquis	1
brevet	1
discharged	1
disbanded	1
insignias	1
medals	1
correspondances	1
chomsky's	1
embedding	1
foundational	1
thematic	1
theta	1
cruz	1
deixis	1
pragmatics	1
motivating	1
lakoff	1
constraint	1
pedagogical	1
grammars	1
o'connor	1
idiomaticity	1
constructions	1
cruse	1
croft	1
honorary	1
goldberg	1
michaelis	1
miriam	1
petruck	1
talmy	1
sweetser	1
lexicography	1
pisa	1
atkins	1
lexicographic	1
collaborations	1
lexicon	1
theoretically	1
evoke	1
normale	1
algebra	1
waned	1
activism	1
rigor	1
unsurprising	1
violently	1
polishing	1
alludes	1
archival	1
mademoiselle	1
phanie	1
licie	1
poterin	1
obliterated	1
gabriel	1
demante	1
exclaimed	1
infamous	1
coquette	1
dupes	1
scant	1
interpolated	1
biographers	1
alexandre	1
pescheux	1
acquittal	1
banquet	1
occasioned	1
speculated	1
motel's	1
clippings	1
ernest	1
duchatelet	1
composing	1
weyl	1
abdomen	1
pital	1
cochin	1
peritonitis	1
riots	1
maximilien	1
lamarque's	1
pleure	1
j'ai	1
besoin	1
tout	1
mourir	1
vingt	1
cenotaph	1
allen's	1
beethoven	1
ryder	1
julian	1
jarrold	1
evelyn	1
waugh's	1
brideshead	1
ozymandias	1
watchmen	1
stoker	1
imitation	1
downton	1
finley	1
finn	1
polmar	1
critically	1
miniseries	1
antony	1
snowdon	1
netflix	1
biographical	1
primetime	1
emmy	1
witches	1
clairmont	1
vaughn's	1
kingsman	1
prequel	1
dymoke	1
matilda	1
teddie	1
shakespeare's	1
mandy	1
presenter	1
meen	1
clyst	1
london's	1
webber	1
yekaterinburg	1
haddo	1
trooper	1
calvinist	1
cruden	1
jesuit	1
braunsberg	1
journeying	1
enlisted	1
alternately	1
chudnov	1
aleksei	1
venality	1
vexation	1
tsar's	1
menzies	1
crimea	1
tsarevna	1
sophia	1
alekseyevna	1
moveable	1
rampart	1
vvedenskoye	1
tsars	1
muscovy	1
benefactor	1
brigadier	1
reinterred	1
oberst	1
moritz	1
posselt	1
tagebuch	1
editorship	1
spalding	1
rudolf	1
strasburgh	1
kinsman	1
auchintoul	1
mohammad	1
dbe	1
zah	1
pritzker	1
stirling	1
expressive	1
aquatic	1
guangzhou	1
posthumously	1
statuette	1
brit	1
wakrah	1
husayn	1
ahali	1
monarch	1
abd	1
wajiha	1
sabunji	1
beirut	1
rem	1
tschumi	1
pupil	1
staircases	1
smash	1
joinery	1
suprematist	1
kazimir	1
malevich	1
needlework	1
kaho	1
tanabe	1
novelist	1
tosui	1
nakarai	1
womanizer	1
mentor	1
discreet	1
ichiyo	1
heian	1
plots	1
concurrently	1
triangular	1
ragamuffin	1
umoregi	1
signaled	1
miyako	1
hana	1
dwelling	1
tokyo's	1
yoshiwara	1
lyons	1
danly	1
seidensticker	1
ihara	1
saikaku	1
distinctiveness	1
tsugomori	1
nigorie	1
wakare	1
michi	1
san'ya	1
admirers	1
tuberculosis	1
likeness	1
adorns	1
yen	1
jing	1
murasaki	1
shikibu	1
wyatt	1
infielder	1
stephenville	1
freshman	1
league's	1
newcomer	1
rbis	1
teammate	1
leagues	1
advancing	1
bradenton	1
marauders	1
medial	1
mvp	1
minors	1
rosters	1
astros	1
majors	1
merson	1
hanrahan	1
sands	1
stolmy	1
pimentel	1
melancon	1
dejes	1
pawtucket	1
postseason	1
middlebrooks	1
leadoff	1
fenway	1
xander	1
bogaerts	1
kinsler	1
nava	1
doubles	1
theologian	1
emona	1
dalmatia	1
pannonia	1
vulgate	1
gospels	1
damasus	1
teachings	1
ascetics	1
anglican	1
baptized	1
sardica	1
hermit	1
rhetorical	1
grammarian	1
donatus	1
schoolboy	1
sepulchres	1
apostles	1
catacombs	1
terrors	1
crypts	1
dug	1
psalmist's	1
filtering	1
shafts	1
vergil	1
ubique	1
animos	1
simul	1
ipsa	1
silentia	1
terrent	1
ghirlandaio	1
virgil	1
breathed	1
pederasty	1
nuremberg	1
gaul	1
trier	1
tyrannius	1
poitiers	1
synodis	1
aquileia	1
thrace	1
illnesses	1
abstained	1
classics	1
apollinaris	1
laodicea	1
heresy	1
bellini	1
penance	1
chalcis	1
thebaid	1
eremites	1
inhabiting	1
hebrews	1
nazarenes	1
nicole	1
rochester	1
brighton	1
bartending	1
tanning	1
stoollala	1
genitalia	1
surname	1
employers	1
marbles's	1
miley	1
cyrus	1
wrecking	1
ridiculousness	1
smosh	1
unveiled	1
professionalized	1
shane	1
dawson	1
kermie	1
siriusxm	1
youtuber	1
kermit	1
montmartre	1
spouse	1
friedkin	1
viva	1
fellowship	1
fernandel	1
meurtres	1
sinners	1
gabin	1
showgirl	1
gangster's	1
moll	1
touchez	1
grisbi	1
truffaut	1
buckley	1
folies	1
anatole	1
restaurateur	1
oldham	1
lancashire	1
vichy	1
paternal	1
mazirat	1
allier	1
tombstone	1
anouilh's	1
antigone	1
conservatory	1
jeanne's	1
avignon	1
turgenev's	1
theatre's	1
troupe	1
populaire	1
rard	1
philipe	1
hirsch	1
bonacci	1
cocteau's	1
infernale	1
shaw's	1
pygmalion	1
malle's	1
amants	1
truffaut's	1
starring	1
antonioni	1
notte	1
orson	1
welles	1
uel	1
kazan	1
tycoon	1
rainer	1
werner	1
fassbinder	1
querelle	1
wim	1
wenders	1
victors	1
manoel	1
gebo	1
l'ombre	1
stanislavsky	1
janis	1
summa	1
cum	1
laude	1
ministered	1
tarahumara	1
translators	1
undertook	1
calvary	1
ecumenical	1
evangelical	1
althea	1
lucille	1
sprague	1
fernandez	1
miranda	1
attache	1
brussels	1
synopsis	1
constituent	1
structuralism	1
componential	1
nida's	1
philologists	1
elaborated	1
intelligibility	1
decoding	1
correspondences	1
typifies	1
structural	1
gloss	1
reproducing	1
meaningfully	1
tristan	1
cardenas	1
duo	1
broadcasting's	1
forester	1
uncredited	1
bully	1
welling	1
auditioned	1
welling's	1
macgyver	1
kate	1
trey	1
lipton	1
olsens	1
thriller	1
quaid	1
elisha	1
cuthbert	1
chad	1
wb	1
paranormal	1
genre	1
fourteenth	1
cw	1
mtv's	1
kinkade	1
o'toole	1
padalecki's	1
genevieve	1
realist	1
bastien	1
lepage	1
cortese's	1
hometown	1
colton	1
shep	1
odette	1
resides	1
misha	1
beto	1
candid	1
abba	1
sanctified	1
cenobitic	1
hagiography	1
diocese	1
esna	1
praying	1
enviably	1
comforter	1
reprimands	1
steward	1
witnessing	1
reprimand	1
sickly	1
solitude	1
forgave	1
normalcy	1
phnoum	1
placate	1
facto	1
assertive	1
shuffling	1
twe	1
splashy	1
roughest	1
inadvertently	1
naw	1
watermelon	1
geri's	1
handlebar	1
mustache	1
oth	1
seriograph	1
alreet	1
alroot	1
sholids	1
splish	1
subtract	1
itty	1
bitty	1
rosebud	1
sled	1
suspense	1
swollen	1
siete	1
dah	1
dih	1
skeleton	1
clods	1
burners	1
coals	1
horseshoe	1
trimmer	1
shoer	1
horseshoes	1
clydesdales	1
shires	1
ponies	1
this'll	1
elves	1
stai	1
hon	1
fruitcake	1
hatched	1
meditate	1
pamphlet	1
diatribe	1
scholastic	1
theology	1
papacy	1
purgatory	1
razor	1
heartily	1
evalu	1
dunderheads	1
obs	1
pico	1
mirandela	1
houseman	1
pronouncements	1
biblically	1
reconcilable	1
pelagianism	1
prevenient	1
attaining	1
conceptualizing	1
condemns	1
saves	1
infallible	1
divinely	1
damnation	1
dogma	1
preconditions	1
prefers	1
adjusts	1
whosoever	1
paradox	1
predestined	1
omnipotent	1
doris	1
bale	1
toi	1
schwa	1
mister	1
asthmatic	1
bronchitis	1
bron	1
probably've	1
dangerou	1
pediatrician	1
hospitalize	1
mmm	1
overheats	1
babinos	1
alr	1
nephews	1
gino's	1
gino	1
understan	1
psychotherapist	1
za	1
there'll	1
tickled	1
grandpa	1
slobber	1
drooling	1
crusade	1
pf	1
hugging	1
frontal	1
spiraled	1
ottle	1
chipped	1
crumbs	1
symbolized	1
whi	1
myth	1
alluded	1
insanity	1
intellectually	1
guider	1
cataloging	1
exper	1
soulless	1
stair	1
steppers	1
remake	1
chevy	1
trashed	1
mmkay	1
hamburger	1
iguana	1
nickelodean	1
goodies	1
yucky	1
talkboys	1
circled	1
casper	1
oja	1
oija	1
ouiji	1
impacted	1
recheck	1
biotaling	1
anesthesia	1
distemper	1
bandage	1
amoxi	1
pred	1
calculator	1
tibia	1
hock	1
anasthesia	1
tranquilize	1
healed	1
lindsey	1
castration	1
thir	1
snoozing	1
slap	1
y'all	1
denominator	1
twos	1
where's	1
tha	1
interiors	1
ucsb	1
lessen	1
plo	1
deduct	1
reve	1
deduction	1
stu	1
boils	1
anacapa	1
independents	1
remodels	1
agility	1
subcontractor's	1
mitchell's	1
worker's	1
sigler	1
stetson	1
entertainers	1
backdrops	1
memorialized	1
dodds	1
kristen's	1
crashing	1
neighbor's	1
pops	1
lorraine	1
alexis	1
alanah's	1
smothers	1
stith	1
medina	1
simplify	1
frenchtown	1
impaired	1
gabapentin	1
sacramental	1
caste	1
sagotra	1
interpretative	1
parsi	1
incrementally	1
construe	1
founds	1
rightly	1
solicitor	1
navtej	1
dialogical	1
bouquet	1
lgbtq	1
fraternity	1
premised	1
bosco	1
chelsea	1
mccombs	1
battleground	1
disclosures	1
undisclosed	1
tethered	1
fire's	1
crux	1
causation	1
spark	1
serpentine	1
egress	1
inhalation	1
deadbolted	1
negligent	1
gustafason	1
institutionalize	1
spotlighted	1
rehearsal	1
unlawfully	1
unmuted	1
preclusion	1
dismissal	1
persisted	1
violated	1
undisputedly	1
piggybacks	1
elevate	1
disservice	1
rodney	1
brandt	1
frampton	1
amicus	1
briefs	1
landlords	1
bridger	1
progeny	1
ambiguous	1
appellant's	1
interrupt	1
weave	1
drafter	1
drafter's	1
junkyards	1
gustafson	1
prohibits	1
erroneously	1
counsel's	1
evidentiary	1
limine	1
closes	1
foreclosed	1
undermined	1
adheres	1
unrepentant	1
reaffirms	1
monetize	1
recognizing	1
upends	1
banishes	1
violates	1
contradicts	1
copyright's	1
repugnant	1
dramatization	1
nonprofit	1
infringing	1
invoke	1
hawai	1
noho	1
lalo	1
scap	1
lauralee	1
riedell	1
bissen	1
teruya	1
jungwook	1
wookie	1
aloha	1
judiciary's	1
lelo	1
shanlyn	1
kawashima	1
courthouse	1
erred	1
replete	1
dictating	1
vacature	1
punitive	1
constitutions	1
unattended	1
attaches	1
divorcing	1
conced	1
concede	1
chattels	1
permeated	1
boundary	1
conflating	1
deoccupy	1
honolulu	1
reclaim	1
conceding	1
sweep	1
concord	1
rasmussen	1
middlesex	1
abutter	1
contended	1
construing	1
abutters	1
easement	1
onl	1
legislature's	1
inverse	1
adjudication	1
kafka's	1
contends	1
effectuated	1
doctorow	1
langu	1
writinglife	1
distracted	1
myriad	1
delirious	1
lurks	1
artistically	1
doled	1
discretionary	1
parenting	1
steals	1
pleasurable	1
frazzled	1
whelmed	1
workload	1
mot	1
knitters	1
knitting	1
potters	1
ceremonious	1
coax	1
realtime	1
interruption	1
rss	1
skype	1
causalargument	1
laity	1
prerequisite	1
tobin	1
galbraith	1
mcgovern	1
hayek	1
legislators	1
alaskans	1
dividend	1
enrollment	1
sizable	1
airwaves	1
midlife	1
retiree	1
shortage	1
agrarian	1
unequally	1
birthright	1
fiftyfive	1
landowners	1
monetized	1
feat	1
infrastructures	1
widen	1
devour	1
plutocracy	1
dreaming	1
suffrage	1
changer	1
nicco	1
valuesbased	1
verch	1
caching	1
strategically	1
forethought	1
distantly	1
foodies	1
substitutes	1
ushering	1
undersung	1
distributor	1
widgets	1
knick	1
knacks	1
sustains	1
processors	1
nutritious	1
saleable	1
readily	1
risky	1
stewardship	1
innovators	1
multiplier	1
kicks	1
enfranchising	1
bona	1
fide	1
expands	1
touted	1
broadline	1
distributors	1
redesign	1
scatter	1
truer	1
disenfranchisement	1
sway	1
spurned	1
nagging	1
counterparts	1
stigma	1
connotations	1
precipitous	1
fringe	1
nutritive	1
conveys	1
ubiquitousness	1
tastical	1
resonate	1
goodwill	1
batches	1
grocers	1
oryana	1
cherry	1
ware	1
benzie	1
csas	1
isabelle	1
heaps	1
myrna	1
catching	1
lakshmi	1
breakfreefromplastic	1
hydraulic	1
fracturing	1
cooperative	1
pickers	1
pune	1
exporting	1
straws	1
landfills	1
incinerator	1
ihs	1
markit	1
permian	1
extracting	1
petrochemical	1
exported	1
dizziness	1
fatigue	1
motoko	1
gemma	1
doldrums	1
grapples	1
cyborg	1
hacker	1
inhabits	1
unfolds	1
handlers	1
ensuing	1
yoshida	1
jolts	1
navigating	1
elon	1
laces	1
iain	1
echoing	1
symbiosis	1
breakthroughs	1
optogenetics	1
illuminating	1
oftenhidden	1
unpacking	1
hackable	1
implants	1
cybernetic	1
augmentations	1
malfunctions	1
robotic	1
navigate	1
athlete	1
oscar	1
prosthetic	1
stirred	1
barred	1
competed	1
campos	1
defibrillator	1
angst	1
machina	1
tease	1
ghosts	1
innovate	1
unt	1
discriminates	1
undergraduates	1
pinpoint	1
decisionmaking	1
ivies	1
fitzsimmons	1
expansive	1
hardships	1
concludes	1
undervaluing	1
disproportion	1
amiss	1
coaches	1
seniors	1
bassoon	1
glean	1
overrated	1
faust	1
incoming	1
discard	1
selects	1
cultivate	1
pitching	1
favored	1
misses	1
ignores	1
deems	1
downsides	1
underselects	1
understandings	1
ascend	1
discourses	1
perplexed	1
artsandculture	1
intellectualproperty	1
adler	1
deborah	1
lola	1
infatuated	1
labors	1
resemble	1
fundamentalism	1
morally	1
shuts	1
avarice	1
bullies	1
campfires	1
composers	1
campfire	1
royalties	1
ruckus	1
scouts	1
resorting	1
legged	1
heartlessly	1
twine	1
outcry	1
unauthorized	1
syndrome	1
dolls	1
adios	1
outlaws	1
clampdown	1
spurred	1
jammers	1
damper	1
litigating	1
bono	1
rebuke	1
groundless	1
unreasonable	1
godzilla	1
phoneme	1
zilla	1
davezilla	1
lizard	1
prefix	1
mcvegan	1
mcsushi	1
mcmunchies	1
equestrian	1
priceless	1
demagogue	1
subtitle	1
pundit	1
abrams	1
beechwood	1
hemsley	1
privatizers	1
encroaching	1
reimburses	1
unprofitable	1
restriction	1
shipments	1
propublica	1
citigroup	1
exulted	1
dwarfing	1
commodities	1
auctioning	1
ryan's	1
chaffetz	1
unload	1
detroit's	1
sewerage	1
dwsd	1
hepatitis	1
patented	1
mythology	1
takers	1
overpaid	1
pervasive	1
mastery	1
frigidity	1
nosedive	1
matched	1
sociodemographic	1
modifiable	1
psychiatry	1
suny	1
barss	1
rediscovered	1
untrendiest	1
pharrell	1
strolling	1
realtors	1
heberling	1
enticing	1
coffeeshop	1
clogging	1
pleasures	1
baldwin	1
racially	1
communitywide	1
batesville	1
lea	1
kthypryn	1
popping	1
dementia	1
colon	1
lauds	1
vivek	1
pta	1
bullard	1
keynote	1
wheelchairs	1
fatality	1
gil	1
penalosa	1
dips	1
dangled	1
joyous	1
profanity	1
stuffing	1
oneself	1
fireplaces	1
nipping	1
yams	1
glock	1
punctuated	1
smyth	1
rifle	1
eggnog	1
undershirt	1
neckhole	1
armholes	1
naughty	1
strangle	1
slung	1
obese	1
jolly	1
mumbling	1
sunless	1
snowscape	1
hdtv	1
landmine	1
pans	1
gingerbread	1
coated	1
jingle	1
chimed	1
nutcrackers	1
moroz	1
humpty	1
unclipped	1
girdle	1
serrated	1
edged	1
merry	1
lightness	1
liking	1
maturity	1
tortured	1
shins	1
giggling	1
resentful	1
summed	1
insecurities	1
revelations	1
storybooks	1
believable	1
aura	1
frowns	1
developmentally	1
disentangle	1
hovers	1
straightening	1
draping	1
mouthing	1
smiles	1
shelby	1
shetland	1
sheepdog	1
unwrap	1
crumples	1
hunches	1
tugging	1
gulping	1
crouches	1
mia	1
sniffling	1
inhaler	1
dreadful	1
buzzy	1
likable	1
sighs	1
roughhousing	1
parched	1
cloudless	1
paused	1
polished	1
spattering	1
plucked	1
humus	1
wispy	1
vapour	1
marbled	1
dart	1
downfall	1
torrents	1
climaxed	1
thunderous	1
roar	1
overflowed	1
lawn	1
cascading	1
canes	1
wriggled	1
lapping	1
planks	1
raft	1
drumming	1
leant	1
fraying	1
frolicking	1
lapped	1
rocking	1
floated	1
gazed	1
rooftops	1
dissolving	1
rippled	1
splashed	1
nipped	1
mermaids	1
flapping	1
scaly	1
oncoming	1
swam	1
tantalising	1
flick	1
elbows	1
clambered	1
clinging	1
chimney	1
sheltering	1
downpour	1
deepest	1
greys	1
flecked	1
galloped	1
gnarled	1
chimneys	1
scrambled	1
encrusted	1
barnacles	1
cockles	1
fearsome	1
patch	1
deeping	1
troughs	1
crests	1
galleon	1
masts	1
tarred	1
timbers	1
groaning	1
prising	1
speckled	1
knotted	1
bursting	1
jewels	1
finery	1
pillagings	1
riverboatmen	1
shrouds	1
graveyards	1
plowed	1
farmland	1
brocade	1
disrepute	1
synonymous	1
sipping	1
dockworkers	1
mah	1
jongg	1
crooked	1
rouge	1
caked	1
creases	1
incensed	1
bony	1
crow	1
hanks	1
soot	1
veined	1
acrid	1
foolish	1
oozed	1
charred	1
ringed	1
fermented	1
heady	1
heap	1
loaves	1
olives	1
amorphous	1
crocheting	1
noons	1
tumbling	1
unsuspecting	1
hurtled	1
graveyard	1
doubtless	1
panicked	1
starfighter's	1
abate	1
calibration	1
frontline	1
battleships	1
loomed	1
starfighters	1
swarming	1
locusts	1
advisable	1
pursuers	1
sweating	1
scrambling	1
cockpits	1
helmets	1
hurtle	1
imperium	1
pandorans	1
senate's	1
visions	1
clad	1
negating	1
facial	1
menacing	1
scowl	1
pierce	1
rye	1
lurch	1
harrowing	1
robotically	1
ladder	1
buckled	1
switches	1
taxied	1
hideous	1
narcotic	1
unwonted	1
tipped	1
resistless	1
oceans	1
baleful	1
embowered	1
blossoms	1
fluttered	1
opiate	1
despairingly	1
arched	1
carven	1
sinister	1
maddened	1
lure	1
vistas	1
idols	1
pagodas	1
bendings	1
litten	1
whispered	1
bade	1
marshes	1
reeds	1
nameless	1
unvocal	1
longed	1
nets	1
secrets	1
festoons	1
descend	1
fain	1
dripping	1
conquering	1
stench	1
unplaced	1
churchyards	1
gnaw	1
shewing	1
rim	1
eikon	1
moonlight	1
vile	1
ooze	1
slinking	1
leering	1
treacherous	1
unhesitantly	1
stinking	1
shallows	1
weedy	1
oversite	1
swelling	1
biceps	1
bewildered	1
alzheimer	1
uncomprehendingly	1
bares	1
crepey	1
hangs	1
swabs	1
antiseptic	1
numb	1
lidocaine	1
streaked	1
winces	1
couches	1
retriever	1
trusts	1
bundy	1
scramblers	1
rorschach	1
vampires	1
fireflies	1
paglino	1
outcasts	1
developmental	1
predisposed	1
nearsightedness	1
acne	1
susceptibility	1
narcotics	1
optimized	1
twencen	1
handiwork	1
playground	1
punching	1
mongrel	1
polly	1
hesitantly	1
attackers	1
defiance	1
tender	1
superlative	1
friend's	1
sandbox	1
sentry	1
empathized	1
incapacitated	1
insults	1
weaklings	1
instinctively	1
engineered	1
superboys	1
deduce	1
inspirational	1
lauding	1
underdog	1
assailants	1
audibly	1
crunched	1
braver	1
twitched	1
ducked	1
panted	1
coursed	1
splattered	1
moaning	1
fours	1
you'da	1
fists	1
unclenched	1
glistening	1
fuckwad	1
ep	1
epilepsy	1
scooped	1
willett	1
crossword	1
clang	1
radiators	1
swish	1
taxis	1
slush	1
reverie	1
squawk	1
thump	1
shoo	1
dashed	1
gaily	1
smacking	1
lever	1
piteous	1
squeak	1
swirl	1
poked	1
sugarcane	1
exfoliating	1
trembling	1
dammit	1
stomped	1
footprints	1
ichor	1
baths	1
mcmasters	1
equinox	1
goddamn	1
boiler	1
buzzers	1
cleansing	1
navel	1
sprites	1
bruise	1
rook	1
mouthed	1
picnickers	1
driveby	1
trimmed	1
gazing	1
admiring	1
crease	1
snorted	1
sighed	1
regretting	1
carroll's	1
lust	1
biked	1
stamping	1
tristram	1
shandy	1
forefinger	1
tatters	1
sodden	1
gnawed	1
halt	1
itching	1
handkerchief	1
swallowed	1
insect	1
leprechauns	1
winked	1
noggins	1
owwww	1
howled	1
moans	1
yacks	1
whisper	1
poke	1
justine	1
larbalestier	1
clung	1
swayed	1
vibrated	1
unheeding	1
dials	1
levers	1
futurity	1
peculiar	1
palpitating	1
greyness	1
prodigious	1
puzzled	1
alternations	1
brooded	1
glared	1
darkling	1
ceased	1
momentary	1
glowed	1
brilliantly	1
speedily	1
slowing	1
tidal	1
inky	1
blackness	1
overhead	1
starless	1
brighter	1
scarlet	1
projecting	1
moss	1
lichen	1
sloping	1
breakers	1
lurid	1
oppression	1
mountaineering	1
rarefied	1
slanting	1
fluttering	1
hillocks	1
dismal	1
shivered	1
yonder	1
uncertainly	1
antenn	1
carters	1
whips	1
stalked	1
metallic	1
corrugated	1
ornamented	1
ungainly	1
greenish	1
blotched	1
palps	1
lingua	1
offworlders	1
listless	1
anneal	1
kumar	1
clans	1
mam	1
scathalos	1
outrunners	1
offworlder's	1
stabros	1
startled	1
fadel	1
easthampton	1
bizarre	1
unmediated	1
surrealist	1
ernst	1
une	1
semaine	1
bont	1
collaged	1
unleavened	1
paschal	1
dante	1
allegory	1
resurrection	1
puzzles	1
gladdened	1
idly	1
trumpets	1
crazed	1
overslept	1
sword	1
plaque	1
fading	1
hermes	1
balm	1
mathias	1
krumbholz	1
adaptations	1
medicate	1
aphid	1
honeydew	1
laced	1
fatalities	1
aphids	1
antyscience	1
pun	1
discusses	1
newman	1
studymate	1
mantids	1
patrizia	1
d'ettorre	1
nickinator	1
nicktendo	1
trunks	1
drilled	1
exposing	1
bernardini	1
reactive	1
ingested	1
spectrophotometer	1
plated	1
petridishes	1
agar	1
experimenter	1
extrapolate	1
amassed	1
inducted	1
mcbride	1
midwest	1
jubilee	1
taom	1
buxton	1
magi	1
fest	1
cavalcade	1
ffff	1
gish	1
budd	1
revolutionizing	1
bestseller	1
dranove	1
mit	1
quid	1
beefing	1
remilitarization	1
czechoslovakia	1
deterrent	1
commandant	1
favoring	1
hoop	1
scheffer	1
guarantor	1
debating	1
fizzle	1
diverted	1
frothy	1
fecal	1
byproduct	1
anal	1
webcomic	1
rauschenberg	1
baileys	1
angostura	1
godiva	1
slate	1
ventured	1
pucker	1
legalizing	1
bestiality	1
spreadingsantorum	1
promulgate	1
bing	1
filth	1
purveyed	1
mimicked	1
popularize	1
bailey's	1
jezebel	1
mildly	1
publicity	1
marymegan	1
undiscovered	1
andrill	1
shrouded	1
intriguing	1
antifreeze	1
encountered	1
formaldehyde	1
transcriptome	1
metabolome	1
metabolically	1
beasts	1
luminescence	1
florescent	1
dissecting	1
magnification	1
microtome	1
nematocysts	1
scopes	1
specimen	1
anatomical	1
edwardsiella	1
clones	1
antarctic	1
mcmurdo	1
anemone's	1
bdsm	1
dungeon	1
snippets	1
accouterments	1
startup	1
rents	1
bookkeeping	1
gals	1
mistresses	1
profiles	1
amalgamation	1
so's	1
recentchangescamp	1
shakataganai	1
site's	1
hyperlink	1
noticeably	1
readership	1
mediawiki	1
admins	1
disadvantages	1
meetups	1
charities	1
offsets	1
wikilove	1
civility	1
empowering	1
breadth	1
ehow's	1
gpl	1
gnu	1
wta	1
masculinity	1
televised	1
regionally	1
glamorous	1
mediated	1
podcasters	1
conrad's	1
akma	1
crystallize	1
acoustically	1
delinquent	1
dostoyevsky	1
austen	1
agatha	1
macaulay	1
babington	1
engels	1
manifesto	1
arthur's	1
celebrates	1
commercialish	1
onerous	1
tome	1
xml	1
medalist	1
captained	1
twenties	1
coffeehouses	1
autograph	1
overshadowed	1
walt	1
telegram	1
bugle	1
victory's	1
battled	1
cheer	1
mightily	1
playoffs	1
eggshells	1
staggered	1
clinched	1
sny	1
birdman	1
journalism	1
snappy	1
whittle	1
photojournalism	1
chet	1
clem	1
reactionary	1
portrayal	1
hackneyed	1
overdone	1
businesslike	1
siegel	1
likened	1
subdued	1
scripted	1
sadistically	1
shimon	1
etcetera	1
ageless	1
hannibal	1
alps	1
cleopatra	1
dwells	1
prejudices	1
limitless	1
gnp	1
doomed	1
continuation	1
kibbutz	1
kinneret	1
tiberias	1
jerusalem's	1
terme	1
trento	1
carrol	1
psychoanalysis	1
cheat	1
creational	1
opus	1
scapes	1
turtle	1
tragedies	1
narrator	1
microscopically	1
seti	1
may's	1
iotm	1
rendering	1
vilt	1
discoverer	1
extraterrestrial	1
parenthetically	1
pov	1
jpl	1
digress	1
astrophysics	1
ares	1
meteorites	1
stratosphere	1
compress	1
galileo	1
ulysses	1
eberhard	1
gruen	1
markus	1
landgraf	1
millionth	1
submicron	1
carbonyl	1
accelerator	1
venturing	1
stinebower	1
carbons	1
lionel	1
trieste	1
whil	1
youpeople	1
dutchman	1
vaisseau	1
phantome	1
singers	1
silhouette	1
etings	1
onthurday	1
atethere	1
shaganon	1
subcommission	1
smsll	1
guthe	1
geographer	1
abaut	1
detoured	1
pauvre	1
twelfth	1
sainte	1
chapelle	1
staind	1
altho	1
beautifulwith	1
reinstein's	1
milkshakes	1
sundaes	1
glaces	1
ices	1
icecreams	1
yyone	1
hazy	1
thismorning	1
distressed	1
indignities	1
murdoch	1
innings	1
telegraph	1
shouts	1
occupants	1
masse	1
unwisely	1
diverge	1
adelaide	1
coulthard's	1
murdoch's	1
implored	1
sufferer	1
hornby	1
deliverer	1
howling	1
entreaties	1
nem	1
whereupon	1
groans	1
unadvisedly	1
curiously	1
bowled	1
slyly	1
behaved	1
fomented	1
abetted	1
bookmakers	1
objecting	1
discourtesy	1
uncricketlike	1
permitting	1
quell	1
constituted	1
grievances	1
dishonored	1
disparagement	1
dissimilarity	1
endurance	1
magnanimity	1
progressed	1
puritanical	1
methodistic	1
hypocritical	1
pharisaical	1
stealthy	1
selfish	1
praisers	1
scatterers	1
follo	1
wers	1
pickpockets	1
gamblers	1
mistrust	1
degenerated	1
parchment	1
exemplification	1
convalescent	1
patriotism	1
dreamy	1
skulk	1
footing	1
beecher	1
cheeves	1
prospering	1
settles	1
improbable	1
hasty	1
scribbled	1
epistle	1
abrogated	1
murmur	1
excepting	1
deigns	1
presumption	1
omissions	1
unkind	1
undertakings	1
mudd	1
brownson	1
mortgage	1
fairest	1
unanimous	1
rewrote	1
repays	1
renegotiate	1
indomitable	1
convertible	1
unnecessarily	1
impede	1
dispossesses	1
conducive	1
telephones	1
sewers	1
allocating	1
enhancing	1
economizing	1
resale	1
speculators	1
sidestepped	1
justly	1
endowments	1
insoluble	1
undersigned	1
syracuse	1
grapefruit	1
bonde	1
refrig	1
shutter	1
eck	1
adelle	1
hullo	1
wila	1
kittie	1
thurs	1
probabition	1
comps	1
crum	1
prom	1
davison	1
vespers	1
stumbled	1
misalette	1
epis	1
commonion	1
extras	1
fattening	1
xxx	1
coed	1
icky	1
measly	1
smackers	1
nance	1
hasn	1
fouling	1
roomers	1
picnics	1
experiance	1
raser	1
schenectady	1
mystic	1
conn	1
dory	1
streett	1
commate	1
maid	1
hooks	1
flashlights	1
nylons	1
pinkerton	1
townies	1
bitching	1
housemother	1
rooming	1
muck	1
sirs	1
astounded	1
revelation	1
dedham	1
besmirched	1
gossip	1
repudiating	1
misquoting	1
posthumous	1
cruelly	1
enclosures	1
defamers	1
jpc	1
deceptions	1
trickery	1
unreliability	1
repudiation	1
tribune	1
iht	1
charu	1
datelined	1
refutations	1
salient	1
sensationalistic	1
voluntariness	1
extravagant	1
assaults	1
exaggerations	1
congruence	1
duly	1
presided	1
precipitated	1
parliamentarians	1
nannied	1
perpetrators	1
undemocratic	1
pontificate	1
decimated	1
rajiva	1
wijesinha	1
welcomes	1
speedy	1
enactment	1
import	1
readier	1
impeding	1
urgency	1
freer	1
falter	1
reexamine	1
impel	1
reassessment	1
reexamination	1
marshal	1
expedite	1
imports	1
activate	1
sufficiency	1
disquieting	1
retaliatory	1
cavour	1
paget	1
customary	1
barnard	1
oul	1
weary	1
spectator	1
fanciful	1
poetical	1
characterization	1
effaced	1
shortening	1
impertinence	1
paler	1
pinturricchio	1
hyppolita	1
brenta	1
countess	1
papafava's	1
villas	1
giulia	1
bassi	1
combinazioni	1
amiability	1
lenox	1
wharton	1
fla	1
artesian	1
phoneering	1
happiest	1
irregardles	1
scribners	1
oclock	1
chopping	1
conclave	1
crows	1
mocking	1
chunked	1
shag	1
armadilla	1
plentiful	1
hoeing	1
belidve	1
scripts	1
rhaps	1
questi	1
mules	1
gleason	1
compost	1
irritate	1
palms	1
ottley	1
negro	1
traightening	1
dungarees	1
photographing	1
hibbs	1
favors	1
taft	1
favorably	1
makke	1
messing	1
launder	1
zora	1
snags	1
teenagers	1
afghanistan's	1
technlogy	1
kamen	1
alireza	1
mehraban	1
matchup	1
gabonese	1
estonian	1
afghans	1
rodaba	1
noori	1
interplay	1
hostility	1
robogee	1
fuad	1
warship	1
stateless	1
untied	1
criticised	1
malaysia's	1
najib	1
razak	1
smugglers	1
thailand's	1
inspires	1
reposted	1
lamont	1
incarceration	1
amneh	1
hastag	1
potus	1
alia	1
salem	1
sehar	1
wounding	1
suleiman	1
amr	1
ikhbariya	1
bloodied	1
uncrowded	1
khaled	1
maeena	1
gazette	1
holiest	1
enlarge	1
headley	1
zip	1
defectors	1
kendrick	1
cooperated	1
interrogative	1
investigator	1
blacked	1
pricy	1
plied	1
characterizing	1
tiziano	1
lugli	1
beghe	1
penitentiary	1
lifehood	1
cheng	1
che	1
mak	1
adpl	1
defeating	1
npp	1
lam	1
ting	1
baggio	1
eunice	1
yung	1
keung	1
horace	1
demosisto's	1
kong's	1
cyd	1
demosisto	1
bpa	1
pik	1
siu	1
proletariat	1
tse	1
tam	1
passion's	1
kwong	1
yu	1
chow	1
shiu	1
surveying	1
polling	1
taikoo	1
queues	1
sprawled	1
hamill	1
donned	1
booker	1
catbird	1
illustrator	1
johnnie	1
hamill's	1
conroy	1
joker	1
ubisoft	1
arkham	1
manor	1
nightwing	1
esports	1
unbeaten	1
brazillian	1
gameplay	1
raffles	1
ghostbusters	1
klingon	1
brampton	1
symbiote	1
spidey	1
stormtroopers	1
costumed	1
rigid	1
exuberant	1
superheroes	1
widow	1
digimon's	1
digi	1
destined	1
cassandra	1
peekaboo	1
fawn	1
kingdom's	1
roadshows	1
project's	1
standfor	1
pole	1
monument	1
rationale	1
complying	1
gawker	1
dubbed	1
xvii	1
skirmish	1
waging	1
anon	1
gigaloader	1
bombarding	1
sic	1
overload	1
malformed	1
pigmy	1
clambake	1
hitwise	1
waits	1
explorer's	1
slipping	1
ie's	1
accounted	1
safari	1
blip	1
markup	1
hacked	1
secunia	1
xp	1
outlived	1
usefulness	1
bonaire	1
paris's	1
jaquier	1
clearwater	1
rehabilitation	1
yonhap	1
maniacs	1
dprk	1
perpetrated	1
reckless	1
foolhardy	1
loudspeaker	1
pyongyang	1
counteractions	1
yeoncheon	1
retaliated	1
lull	1
militaries	1
hau	1
ceremoniously	1
centerpiece	1
zodiac	1
circumference	1
swords	1
hubs	1
swamped	1
exhausting	1
exodus	1
ntu	1
shandao	1
dwindled	1
unimpeded	1
streamlined	1
hmc	1
searcher	1
solent	1
burnell	1
asylee	1
hopefuls	1
eritrea	1
rishi	1
sunak's	1
streamline	1
leaked	1
individual's	1
meritocratically	1
boris	1
yvette	1
damning	1
gangs	1
crossings	1
banning	1
france's	1
rald	1
darmanin	1
suella	1
unsustainable	1
barrister	1
yeo	1
campaigner	1
caitlin	1
clumsy	1
unthinking	1
jeopardised	1
unwieldy	1
enver	1
minister's	1
whereby	1
arrives	1
debutants	1
nizhny	1
shin	1
wook	1
joo	1
conceded	1
aguilar	1
chan's	1
equalise	1
sweden's	1
fisht	1
yannick	1
carrasco	1
debutans	1
mertens's	1
panama's	1
thibaut	1
courtois	1
doubled	1
bruyne's	1
eden	1
hazard's	1
nacer	1
chadli	1
axel	1
witsel	1
panamanian	1
hernan	1
dario	1
volgograd	1
jesse	1
lingard	1
goalkeeper	1
mouez	1
hassen	1
farouk	1
mustapha	1
defender	1
ferjani	1
sassi	1
equalising	1
nabil	1
maaloul	1
ordinated	1
jamarat	1
pillar	1
stoning	1
rites	1
pilgrams	1
personnel	1
stampedes	1
deadliest	1
ghaza	1
masjid	1
haram	1
collasped	1
instituto	1
gonzaga	1
friedrichstrasse	1
cassation	1
recognising	1
bogliasco	1
genova	1
movimento	1
stelle	1
luca	1
pastorino	1
nursery	1
santo	1
spirito	1
immacolata	1
tuscany	1
imu	1
monti	1
criterion	1
stefania	1
giannini	1
claudio	1
vincenti	1
toccafondi	1
roberto	1
maroni	1
cei	1
episcopal	1
nunzio	1
galantino	1
ideologized	1
micromega	1
rationalist	1
agnostics	1
uaar	1
miharris	1
acphillips	1
cultivating	1
organizers	1
gelatin	1
jkthom	1
mccutchan	1
seeded	1
artifacts	1
snbehnke	1
maurer	1
treasurer	1
mauer	1
steichen	1
northwestern	1
evanston	1
illinois	1
weatherspoon	1
elaine	1
superstars	1
unc	1
capote	1
songwriter	1
carly	1
socialize	1
rhodes	1
wenner	1
benedetti	1
italy's	1
repubblica	1
rubell	1
finkelstein	1
makos	1
felice	1
quinto	1
vitas	1
gerulaitis	1
nicklaus	1
halston	1
unknowns	1
cynthia	1
fayetteville	1
touchstones	1
buzzwords	1
braysmith	1
ansel	1
mapplethorpe	1
helmut	1
booths	1
polaroid's	1
annie	1
cowboys	1
businessperson	1
commercialize	1
kiara	1
diety	1
smacked	1
playfully	1
noting	1
kool	1
gumball	1
velvet	1
wig	1
goers	1
mobiles	1
reuse	1
analysed	1
coauthor	1
colette	1
projections	1
undernourishment	1
covariation	1
estimation	1
pollutants	1
nclan	1
heagle	1
dicot	1
peanut	1
monocot	1
sorghum	1
droughts	1
cleanup	1
croucher	1
greeks	1
zeus	1
hera	1
poseidon	1
aphrodite	1
athena	1
pagan	1
wicca	1
hellenic	1
polytheism	1
fragmentary	1
stickhandle	1
urges	1
gamble	1
hyper	1
pathological	1
dependance	1
repetitive	1
phobic	1
neurobiology	1
ssris	1
reuptake	1
inhibitors	1
quantification	1
neuroimaging	1
ocd	1
relativistic	1
cavendish	1
supposing	1
emitted	1
exposition	1
syst	1
monde	1
densest	1
supernova	1
collide	1
postulated	1
hawking	1
enigma	1
riddle	1
trumped	1
toren	1
kerr	1
dreamworks	1
shrek	1
assed	1
manhood	1
cartoony	1
tropic	1
movie's	1
chapman	1
swapped	1
chapman's	1
nerds	1
animators	1
judd	1
apatow	1
penned	1
bookings	1
desks	1
chaotic	1
vocabulary	1
insular	1
writer's	1
conan	1
leno	1
michaels	1
standup	1
chops	1
punchlines	1
fleshed	1
collaborator	1
performer	1
depersonalizing	1
reali	1
flop	1
funniest	1
liven	1
unquote	1
workarounds	1
disable	1
plugin	1
distros	1
desist	1
director's	1
messer	1
podcatcher	1
ils	1
parka	1
mukluks	1
listener	1
iug	1
pug	1
bibrarian	1
storytime	1
skylar	1
weirdo	1
edits	1
freebooting	1
another's	1
bristle	1
shoplift	1
hyperbole	1
chatgpt	1
bard	1
voltage	1
paperclips	1
preconception	1
hal	1
nebulous	1
defuses	1
inhaled	1
stances	1
permissions	1
schadenfreude	1
uncontroversial	1
unilaterally	1
altman	1
testifying	1
bankman	1
crypto	1
grifter	1
reddest	1
corbyn	1
searchability	1
tomato	1
tedious	1
leftovers	1
zucchini	1
noodling	1
wavelength	1
malardians	1
worldwarii	1
projectlondon	1
projectlondonmovie	1
novelists	1
soundtrack	1
chomping	1
bumped	1
gencon	1
screener	1
grassroots	1
pax	1
myopic	1
geez	1
geekseekers	1
premiering	1
chopsockyboom	1
tremendously	1
monster	1
muskokas	1
bulldozes	1
annexes	1
landscaped	1
sod	1
resent	1
multigenerational	1
blasting	1
somebody's	1
mers	1
antivaxxers	1
crawled	1
mutate	1
guesswork	1
sequencing	1
clamped	1
reformulated	1
arisen	1
petri	1
fulfilment	1
vitalized	1
commended	1
deepening	1
albania's	1
enforcing	1
corridors	1
osce	1
odihr	1
neighbourly	1
telecommunications	1
appreciates	1
unmik	1
soren	1
jessen	1
balconies	1
poach	1
precision	1
domestically	1
airbox	1
drones	1
sdgs	1
unite	1
sectoral	1
devise	1
singularity	1
jawaharlal	1
nehru's	1
trackless	1
misfortunes	1
discovers	1
celebrate	1
triumphs	1
sorrrow	1
incessant	1
knit	1
indivisible	1
illwill	1
slumber	1
clings	1
fateful	1
materializes	1
rejoice	1
sorrowstricken	1
burdens	1
embodying	1
aloft	1
lighted	1
unworthy	1
strayed	1
imprint	1
humility	1
unhappily	1
sharers	1
endeavour	1
fullness	1
communalism	1
furthering	1
reverent	1
afresh	1
commend	1
gasped	1
ignited	1
reckoning	1
brutality	1
floyd's	1
tragically	1
president's	1
nadler	1
erase	1
ahmaud	1
arbery	1
senselessly	1
alesandro	1
prayerfully	1
prayerful	1
lapse	1
apathy	1
advocated	1
defund	1
misrepresentations	1
paramount	1
accountability	1
gianna	1
summons	1
anxieties	1
heartbreaks	1
gilded	1
yearning	1
kivu	1
disquiet	1
pv	1
unfolded	1
madagascar	1
maldives	1
congo	1
convening	1
persisting	1
interferences	1
thwart	1
displacements	1
miscalculation	1
restraint	1
crises	1
easing	1
channelled	1
extremism	1
disarmament	1
dysfunction	1
geopolitical	1
avert	1
maiden	1
citadel	1
gorman	1
unfinished	1
tempered	1
inauguration	1
throes	1
dismantle	1
heeded	1
hooligans	1
adversaries	1
desecrated	1
mistruth	1
consequential	1
upstage	1
hickenlooper	1
ascendance	1
staunch	1
segregationists	1
rabbi	1
housewife	1
biblical	1
tremble	1
reverence	1
boldness	1
forcefully	1
persevere	1
unfaithful	1
destabilizing	1
quitter	1
abhorrent	1
vindication	1
rediscover	1
affirming	1
thanking	1
schonwetter	1
embraced	1
senegal	1
reputed	1
ranja	1
accelerating	1
purposing	1
cornerstones	1
mtps	1
progression	1
align	1
mdgs	1
mainstreamed	1
livelihoods	1
kenyans	1
attainable	1
resonates	1
berkman	1
graduands	1
murungi	1
nairobi	1
emulating	1
modalities	1
penetration	1
emulate	1
optimize	1
dilworth	1
hoffman	1
mahady	1
nix	1
herman	1
byrne	1
gratified	1
unveiling	1
alondra	1
marvels	1
unobstructed	1
deploying	1
sunshield	1
shutters	1
galaxies	1
fathom	1
embodies	1
observatory	1
miraculous	1
anybody's	1
sweated	1
chevrolet	1
rapists	1
should've	1
destabilize	1
statistic	1
arsenal	1
mexico's	1
saltillo	1
resented	1
indentured	1
slaveholders	1
distrusted	1
holley	1
plaskitt	1
empresario	1
haden	1
evict	1
nullified	1
outraged	1
fredonia	1
sabine	1
revolutionaries	1
resumption	1
disband	1
reconvened	1
quashed	1
reneging	1
surrendered	1
tejanos	1
besieged	1
hopelessly	1
fiercely	1
bowie	1
frontiersman	1
speculator	1
davy	1
crockett	1
survivor	1
freed	1
gentilz	1
announces	1
winker	1
clifford	1
inherited	1
anthropology	1
exclamation	1
unconsciously	1
happenstance	1
adoptive	1
wordlessly	1
absorbed	1
winks	1
standardized	1
arguably	1
keyword	1
manifests	1
xishan	1
qinkuang	1
guqin	1
zither	1
tranquillity	1
subtlety	1
miao	1
sublime	1
burke	1
immanuel	1
kant	1
enchanting	1
representationalism	1
neoformalism	1
essentialist	1
paves	1
functionalism	1
institutionalism	1
historicism	1
limelight	1
homogeneous	1
empiricists	1
physiology	1
perceives	1
acquiesce	1
deformity	1
dutton	1
darwinian	1
endlessly	1
remembering	1
kahneman	1
waking	1
errands	1
psychologists	1
impulses	1
groupings	1
categorizing	1
piaget	1
tolerance	1
individualized	1
routines	1
honorific	1
steadfast	1
evernote	1
entrepreneurs	1
conform	1
futuristic	1
outlandish	1
unproven	1
propensity	1
characteristic	1
disruptions	1
innovator	1
christensen	1
reconfigured	1
negates	1
redefined	1
margins	1
bedrooms	1
fleck	1
pageturnpro	1
amazonaws	1
cpbj	1
benner	1
nytimes	1
industrys	1
explanatorily	1
redundant	1
metaphysical	1
naturalist	1
relatedly	1
astonishing	1
empirically	1
mirroring	1
purged	1
correctness	1
enoch	1
unjustified	1
klenk	1
normative	1
gratification	1
hindering	1
purposefully	1
passively	1
dod	1
dropout	1
attainment	1
matthews	1
doi	1
pmid	1
dismiss	1
aphorisms	1
perspiration	1
reread	1
accomplishes	1
bering	1
chromosome	1
lends	1
southward	1
domestication	1
sustenance	1
andes	1
topographic	1
cradled	1
mesoamericans	1
polytheistic	1
bloodletting	1
edifices	1
eclipses	1
solstices	1
astronomers	1
interpreting	1
overarching	1
diffuse	1
obsidian	1
crafted	1
woven	1
ornaments	1
cacao	1
whipped	1
pottery	1
venta	1
aqueducts	1
irrigate	1
reclaimed	1
worshipped	1
pantheons	1
aztecs	1
quetzalcoatl	1
boulders	1
weigh	1
highlands	1
columbian	1
multiethnic	1
resultant	1
belize	1
honduras	1
perfected	1
copan	1
tikal	1
astronomical	1
observatories	1
castillo	1
mayan	1
glyphs	1
folding	1
codices	1
landa	1
dwellings	1
anasazi	1
universals	1
mug	1
yak	1
cuisines	1
fascinates	1
bourdain	1
sumner	1
ethnocentric	1
disdain	1
uneducated	1
imposition	1
colonized	1
uncultured	1
savages	1
overlooking	1
disorientation	1
sociology	1
nightly	1
unsettling	1
captivated	1
unanticipated	1
behave	1
participatory	1
hesitated	1
snowshoe	1
mortification	1
caribou	1
nonmaterial	1
embracing	1
relativist	1
egalitarian	1
genital	1
sociologists	1
rectify	1
xenocentrism	1
xeno	1
zee	1
deem	1
nobler	1
warping	1
warped	1
accelerations	1
linkages	1
shish	1
fireplace	1
dorm	1
specifies	1
pinpointed	1
gist	1
curving	1
electron	1
starship	1
skyscrapers	1
diagrams	1
imaginations	1
warp	1
simulating	1
pebble	1
deviating	1
sag	1
hundredths	1
hundredth	1
accepts	1
separates	1
halves	1
interquartile	1
abnormality	1
pimple	1
patches	1
galore	1
pillowcases	1
skincare	1
grappling	1
hormones	1
zooming	1
unearthed	1
bettering	1
obsess	1
realer	1
hunkering	1
deadlines	1
reconvene	1
stretchy	1
ootd	1
coursing	1
sorority	1
penne	1
shitting	1
harry's	1
emotionally	1
sizzle	1
jasmine	1
socials	1
jasthenurse	1
sounding	1
shortness	1
symptom	1
circulates	1
chills	1
temperature's	1
stabilize	1
sinuses	1
headache	1
olfactory	1
gargling	1
tiktoks	1
gatorade	1
cayenne	1
tart	1
saltiness	1
textures	1
tfs	1
uhm	1
pomodoro	1
kat	1
memory's	1
redownload	1
tiring	1
bts	1
megumi's	1
megumi	1
tulips	1
donut	1
shawntas	1
wintertime	1
nourished	1
shawnta	1
buttery	1
stylers	1
nutrient	1
botanicals	1
horsetail	1
scents	1
braid	1
rosemary	1
counteracts	1
jellies	1
muddy	1
soles	1
trailhead	1
highline	1
overcast	1
uphi	1
mary's	1
whoo	1
hoo	1
healthiest	1
windy	1
gillette	1
mcgrath	1
swatch	1
cosmetics	1
doorbell	1
matte	1
ofra	1
rubbed	1
crusty	1
ashton	1
anastasia	1
beverly	1
pencils	1
chocked	1
packaging	1
slash	1
pearls	1
bronzy	1
melon	1
shades	1
lash	1
mako	1
aerosol	1
gator	1
crocodile	1
loopy	1
wands	1
hogwarts	1
prettier	1
insanely	1
pellegrino	1
yaay	1
nonna's	1
brava	1
giuliana	1
grazie	1
how'd	1
crunch	1
crunchy	1
mesmerized	1
aww	1
tuck	1
signifies	1
opportune	1
pill	1
trimester	1
headspace	1
daunting	1
gloom	1
midwife	1
checkups	1
app	1
aversions	1
beige	1
starchy	1
carbs	1
craves	1
nauseous	1
lagged	1
cloudy	1
thingy	1
lagoon	1
calmest	1
winery	1
gooseberry	1
limes	1
lemons	1
when's	1
grapes	1
perold	1
stellenbosch	1
cinsault	1
plum	1
biasing	1
peppery	1
backbone	1
currant	1
shavings	1
cherries	1
wooh	1
sips	1
merlot	1
franc	1
malbec	1
verdot	1
spier	1
mourv	1
dre	1
viognier	1
chatnam	1
jogs	1
roaring	1
forties	1
steeped	1
civilisation	1
outcrops	1
volcanic	1
massacred	1
enslaved	1
seasonally	1
freighters	1
serviced	1
harbours	1
wharf	1
berthage	1
flashest	1
warranted	1
meander	1
spiritually	1
momori	1
rakau	1
scenicly	1
anchorage	1
buffs	1
taonga	1
utilise	1
tommy	1
horomona	1
rehe	1
commemorate	1
manakau	1
lakefront	1
moniker	1
rightfully	1
marvelled	1
rust	1
prowess	1
cleveland's	1
chock	1
beginnings	1
boasted	1
playhouse	1
healthspace	1
aerospace	1
omnimax	1
jake	1
quickenloans	1
cavaliers	1
wolstein	1
tarjeta	1
turista	1
passports	1
mxn	1
visacuba	1
barbuda	1
barbados	1
benin	1
herzegovina	1
dominica	1
grenada	1
liechtenstein	1
montenegro	1
namibia	1
kitts	1
nevis	1
lucia	1
grenadines	1
serbia	1
turkmenistan	1
aeromexico	1
publicized	1
havana	1
bridge's	1
paramus	1
corridor	1
transplants	1
storefronts	1
fireworks	1
bordered	1
englewood	1
cliffside	1
leonia	1
accessed	1
weehawken	1
laguardia	1
teterboro	1
jfk	1
westchester	1
episcopalian	1
clustered	1
lemoine	1
babe's	1
encampment	1
greenery	1
enactments	1
lee's	1
borough	1
inwood	1
caffasso	1
yogurt	1
cafasso's	1
gourmet	1
caterers	1
pizzerias	1
delis	1
diners	1
gwadloup	1
creole	1
i'ile	1
papillon	1
sulphuric	1
touristic	1
haut	1
bas	1
bays	1
cliffy	1
uninhabited	1
untamed	1
pitre	1
gosier	1
sneakers	1
chateaux	1
l'americano	1
georges	1
mandel	1
morne	1
l'eau	1
anse	1
vigie	1
d'enfer	1
stripe	1
souffleur	1
geyser	1
abymes	1
l'instant	1
caraibes	1
baie	1
mahault	1
nightclub	1
bik	1
kreyol	1
soleil	1
ragga	1
rnb	1
carbet	1
distilleries	1
guadeloupe's	1
rums	1
fearless	1
panorama	1
guadeloupean	1
esfahan	1
nesf	1
tiling	1
carpets	1
boulevards	1
foothills	1
zagros	1
temperate	1
jolfa	1
churches	1
shahid	1
beheshti	1
ifn	1
mashhad	1
meidan	1
emam	1
bazaar	1
tiananmen	1
chaharbagh	1
saffavid	1
meydan	1
kohne	1
shahshahan	1
lotfollah	1
splendour	1
calligraphic	1
lotf	1
bahai	1
minarets	1
masjed	1
sassanid	1
portal	1
qapu	1
niches	1
reza	1
abbassi	1
pupils	1
floral	1
motifs	1
hasht	1
behesht	1
paradises	1
harem	1
incidentally	1
ambassadors	1
inscribed	1
murals	1
wootch	1
poland's	1
dzkie	1
voivodship	1
repositioning	1
europe's	1
repurposed	1
lofts	1
sightseeing	1
proximity	1
crossroads	1
motorway	1
ksi	1
yn	1
odzianin	1
odzianka	1
odzianie	1
plural	1
marketplace	1
soared	1
fortunes	1
craftsmen	1
fairs	1
expressions	1
tycoons	1
andrzej	1
wajda's	1
adys	1
reymont	1
litzmannstadt	1
piotrkowska	1
strasse	1
machinery	1
germans	1
plac	1
wolno	1
communism	1
wroc	1
emigration	1
dilapidation	1
starved	1
neglect	1
glance	1
agglomeration	1
capitalizing	1
jokingly	1
glitz	1
glamour	1
fa	1
ades	1
leitmotivs	1
catedral	1
ildefonso	1
contrasts	1
conquistadors	1
t'ho	1
palatial	1
conquistador	1
stonework	1
reused	1
henequen	1
trams	1
pasejo	1
champs	1
lys	1
twines	1
sleepy	1
siesta	1
breezes	1
drift	1
plazas	1
crawl	1
cenote	1
yucatan	1
calle	1
gobierno	1
su	1
region's	1
biologically	1
sonoran	1
scottsdale	1
glendale	1
peoria	1
gilbert	1
exurbs	1
summertime	1
sunscreen	1
reservoirs	1
irrigated	1
trendy	1
easterners	1
midwesterners	1
relocate	1
sunset	1
sunrise	1
terminals	1
hawaiian	1
jetblue	1
aerom	1
volaris	1
westjet	1
buckeye	1
skytrain	1
tatum	1
luxerious	1
conditionting	1
televisions	1
refrigerators	1
campsites	1
barbeque	1
dixam	1
sana'a	1
yemenia	1
durations	1
sharjah	1
qalansia	1
camel	1
dunes	1
endemics	1
dracaena	1
cinnabara	1
oozes	1
thrives	1
adenium	1
obesium	1
cucumber	1
comprising	1
baltic	1
hilltops	1
spared	1
submersion	1
milder	1
ornithology	1
tern	1
crabs	1
otters	1
badgers	1
stoats	1
porpoise	1
singe	1
ploughing	1
odense	1
spodsbjerg	1
lolland	1
mapped	1
havet's	1
havets	1
brovej	1
havsstien	1
considerate	1
guidebook	1
pamphlets	1
introductory	1
restocked	1
bjerrebyvej	1
vagabondtours	1
vindeby	1
revej	1
travelheels	1
tarpaulin	1
marstal	1
marina	1
vhf	1
berths	1
stubborn	1
pheasant	1
gallivanting	1
practised	1
inferiors	1
wai'd	1
waiing	1
lowering	1
dressers	1
blouses	1
sandals	1
wats	1
sleeved	1
sleeveless	1
topless	1
sunbathing	1
wat	1
arun	1
layman	1
disrespect	1
fakes	1
ozark	1
stereotype	1
barons	1
stately	1
mansions	1
trove	1
tul	1
sofas	1
tulsans	1
coffeyville	1
spans	1
roadway	1
vinita	1
muskogee	1
turner	1
cimarron	1
bypasses	1
hwy	1
arterials	1
alphabetical	1
allegheny	1
braden	1
designation	1
frisco	1
railroad	1
plat	1
compass	1
sapulpa	1
jenks	1
interconnected	1
paved	1
katy	1
osage	1
skiatook	1
nsu	1
tulsa's	1
land's	1
contours	1
depots	1
vying	1
minster	1
eboracum	1
romans	1
fortress	1
ouse	1
britannia	1
jorvik	1
yor	1
vik	1
coppergate	1
excavations	1
charms	1
ebor	1
multicultural	1
motorways	1
quickest	1
leeds	1
congested	1
northumberland	1
arterial	1
bootham	1
remodelling	1
junctions	1
jams	1
dotted	1
intolerant	1
eavesdrop	1
smugness	1
generalize	1
jealousy	1
enraged	1
revolve	1
frightens	1
behaves	1
intrudes	1
nosy	1
gossipy	1
inherently	1
zealous	1
way's	1
coolness	1
chatterbox	1
rivalries	1
annoyances	1
enmities	1
hubristic	1
harsher	1
clogs	1
basics	1
loosen	1
elongate	1
numbness	1
flexed	1
fingernail	1
completes	1
stickies	1
baggy	1
perfecting	1
elegance	1
correcting	1
barre	1
unusually	1
citral	1
lemony	1
decoration	1
perennial	1
basils	1
veins	1
annuals	1
perlite	1
vermiculite	1
dampen	1
germinate	1
sprinkle	1
spaced	1
bolting	1
lanky	1
prune	1
matures	1
stalk	1
outwards	1
pinching	1
reedy	1
caprese	1
mozzarella	1
airtight	1
hypnotize	1
who've	1
wiggle	1
squawking	1
clapping	1
clap	1
hypnotic	1
tonic	1
immobility	1
lowers	1
opossum	1
unconvincing	1
upside	1
fainting	1
infrequent	1
feathering	1
preening	1
wicked	1
tablespoon	1
unsweetened	1
caster	1
superfine	1
sunflower	1
molded	1
curdle	1
mixer	1
whisk	1
skewer	1
lunchboxes	1
apricot	1
syrup	1
substituting	1
macadamia	1
oils	1
pantry	1
neroli	1
rosewater	1
blossom	1
prankster	1
lighthearted	1
questioningly	1
dinging	1
cawing	1
explosion	1
mischievous	1
bobbing	1
dilly	1
dally	1
tarantula	1
scorpion	1
twister	1
flirts	1
smartly	1
indistinguishable	1
awkwardness	1
pleasantries	1
manic	1
albatross	1
playful	1
sorrows	1
hobbies	1
bourbon	1
rehab	1
stints	1
don'ts	1
deprecating	1
needy	1
loathing	1
caustic	1
sappy	1
wooing	1
flowery	1
gushing	1
smiley	1
hoaxes	1
shoving	1
cheating	1
smock	1
swallow	1
bathe	1
milliliters	1
funnels	1
basters	1
luminol's	1
atoms	1
partying	1
electrons	1
sulfate	1
ammonium	1
coroner	1
criminologist	1
alfa	1
aesar	1
sigma	1
aldrich	1
utensil	1
sanitary	1
lids	1
loo	1
vogelaviatiolaps	1
plurals	1
complication	1
fereder	1
fet	1
kamaow	1
vogel	1
aviatio	1
uncompleted	1
onomatopoeia	1
flap	1
khinssa	1
bever	1
casnondelibreaten	1
khincasnonbever	1
bevernondelibreatekin	1
khinssacasnondelibreatenibever	1
alphabets	1
llo	1
yah	1
shortcut	1
connotation	1
vowels	1
austere	1
acrimony	1
ebullient	1
embolden	1
gibberish	1
pictographs	1
proto	1
brim	1
stack	1
newsprint	1
smudge	1
selectively	1
mishandling	1
bottled	1
unpack	1
bottoms	1
reassemble	1
superstores	1
diaper	1
houseware	1
durable	1
stash	1
tripping	1
skydiving	1
malfunction	1
slipstream	1
entreat	1
malfunctioned	1
hooking	1
dislocate	1
companion's	1
steered	1
obstructions	1
skydivers	1
goddess	1
jude	1
unwilling	1
deity	1
afterlife	1
minuscule	1
fetched	1
rigger	1
kubler	1
landings	1
dislocated	1
paralyzed	1
downward	1
diver	1
cranium	1
procrastinating	1
procrastinator	1
overcoming	1
bogging	1
unproductive	1
daydreams	1
productively	1
allotted	1
heartedly	1
jk	1
rowling	1
wizarding	1
broom	1
hindrance	1
deflated	1
bludger	1
pegged	1
chaser	1
keepers	1
catches	1
snatches	1
broomsticks	1
muggles	1
bystander	1
shortened	1
snitches	1
iqa	1
blindfolded	1
coach's	1
wisely	1
capes	1
frisbee	1
incas	1
chisaya	1
implements	1
saponins	1
impart	1
quinoa's	1
nutty	1
simmer	1
exterior	1
dente	1
braised	1
seive	1
mushrooms	1
seasonings	1
cocktails	1
skittle	1
insides	1
flavour	1
mixes	1
refrigerate	1
syrupy	1
contamination	1
dissolve	1
dissolves	1
sourness	1
neurocognition	1
observational	1
retrospective	1
maturation	1
michiel	1
lib	1
communal	1
archivists	1
lis	1
ukb	1
koninklijke	1
bibliotheek	1
leiden	1
educative	1
competencies	1
consisting	1
automate	1
programmers	1
crunchers	1
tutorials	1
hartsell	1
gundy	1
mulligan	1
zotero	1
tadirah	1
taxonomy	1
biggs	1
carpentry	1
glennie	1
dulwich	1
overcompensate	1
deformed	1
interfered	1
undistinguished	1
unskilled	1
cricketer	1
eton	1
indisposition	1
maladies	1
distractedly	1
involvements	1
vividness	1
recollections	1
untenable	1
unremarked	1
claridge	1
vibrates	1
doubly	1
edleston	1
countenance	1
thyrza	1
elegies	1
hardening	1
offenders	1
liaison	1
edleston's	1
cam	1
hobhouse	1
whig	1
hodgson	1
corresponded	1
businessman	1
investing	1
reemerged	1
humored	1
deferentially	1
eccentric	1
regal	1
transbay	1
rename	1
stevenson	1
goscinny	1
selma	1
lagerl	1
gaiman	1
inadequacies	1
algoa	1
proclaim	1
ameliorate	1
evils	1
whimsical	1
undated	1
mobs	1
sects	1
summoned	1
depose	1
repose	1
complied	1
what'd	1
sabrina	1
bowling	1
bakesale	1
cuffs	1
ponytail	1
wednesdays	1
sawzall	1
hutter	1
what're	1
kn	1
hoe	1
loser	1
trounce	1
fortify	1
yakutsk	1
ooh	1
nebraska	1
petitioners	1
distress	1
secrataries	1
federally	1
delinquencies	1
cardona	1
mohela	1
disagreement	1
authorize	1
override	1
waivers	1
modifications	1
empowered	1
enumerating	1
necessitated	1
connotes	1
understatement	1
mci	1
scalia's	1
contesting	1
entirety	1
tweak	1
littlest	1
stoddar	1
stoddart	1
intervener	1
ramsey	1
aubin	1
calvert	1
bart	1
celeste	1
pollock	1
clarifying	1
dived	1
sirhan	1
affirmatively	1
propositions	1
definitively	1
doctrinal	1
coherence	1
impermissibly	1
unworkable	1
unmet	1
incompatibility	1
moran	1
pyle	1
ratych	1
bloomer	1
diplock	1
carelessness	1
arash	1
javanbakht	1
wooly	1
mammoth	1
cloudinary	1
psychiatrist	1
drastic	1
scavenge	1
stingy	1
scavenging	1
fatigued	1
suboptimal	1
opioid	1
overuse	1
treadmill	1
squats	1
bonuses	1
clutch	1
demon	1
prohibitive	1
computerized	1
contrivance	1
casts	1
savior	1
synonym	1
bureaucracies	1
crumble	1
herded	1
newt	1
gingrich	1
strangely	1
tocqueville	1
impersonal	1
liberate	1
keystroke	1
feds	1
garages	1
printer	1
cartridges	1
driveways	1
curbsides	1
voc	1
manuals	1
bamboo	1
huts	1
techno	1
romantics	1
hollows	1
glimmer	1
brooding	1
acolytes	1
devising	1
unvirtuous	1
kiddy	1
colas	1
arching	1
palmed	1
genuflected	1
drizzling	1
linoleum	1
softball	1
pail	1
rags	1
wrought	1
jagged	1
wrapper	1
madman	1
rasp	1
fling	1
labyrinthine	1
calculations	1
dwelt	1
bargains	1
clandestine	1
islander	1
tutor	1
bain	1
festooned	1
stocked	1
perfumed	1
brightest	1
skirt	1
nervously	1
sandal	1
flagstones	1
pelt	1
rarity	1
yells	1
wizard	1
roamed	1
tinimavet	1
medicinal	1
deinivel	1
pavit	1
strained	1
weaving	1
plaited	1
hauteur	1
plodding	1
cashews	1
cropped	1
knuckled	1
whispering	1
strutted	1
grinning	1
knelt	1
stared	1
murmuring	1
fleshy	1
awkwardly	1
phalin	1
appreciably	1
dissipate	1
evaporation	1
latent	1
condenses	1
scraping	1
landslides	1
phailin's	1
pushes	1
rainfall	1
evacuations	1
minimize	1
orchestrated	1
applauded	1
bhubaneshwar	1
symposium	1
gov't	1
karis	1
thad's	1
acquaintances	1
kindig	1
aywv	1
sandia	1
devin	1
thurlow	1
verse	1
corinthians	1
sweltering	1
ivanovic	1
luncheons	1
gossiped	1
inveterate	1
busman	1
vane's	1
alphonso's	1
deaf	1
mute	1
franco's	1
bilingual	1
ricans	1
beraded	1
suppressing	1
latins	1
acheson	1
ofamerican	1
moneyed	1
crowed	1
fallto	1
willhappen	1
jakarta	1
coronary	1
insufficiency	1
andon	1
rereading	1
johnson's	1
poets	1
sensibility	1
reissuing	1
chiaramonte	1
preface	1
robeson	1
paints	1
strokes	1
posit	1
contributors	1
transcript	1
videocast	1
intelligently	1
instituting	1
departmental	1
manageable	1
scaled	1
eberly	1
assoc	1
prosecuted	1
manju	1
manslaughter	1
shunned	1
pseudoscience	1
quackery	1
jambula	1
practising	1
malnutrition	1
nappy	1
qc	1
irritable	1
solace	1
shun	1
homeopaths	1
naturopaths	1
worsened	1
malnourished	1
corneas	1
molomby	1
massively	1
undiluted	1
dilutions	1
ritualised	1
shaking	1
placebo	1
report's	1
sleeper	1
tasmania	1
fortification	1
iodisation	1
cres	1
stunted	1
deafness	1
dietary	1
contributory	1
reacting	1
foetus	1
infant's	1
pernicious	1
iodise	1
idd	1
cretinism	1
characterised	1
preventable	1
lydia	1
buchtmann	1
loaf	1
bauchtman	1
mu	1
nsw's	1
breastfeeding	1
neuropsychological	1
festive	1
unseco	1
intangible	1
bilbao	1
sahar	1
xenophobia	1
bangla	1
pronounce	1
copywriter	1
charukola	1
batons	1
hindustani	1
smackdown	1
howdy	1
wrists	1
wh	1
sakes	1
wrestler	1
wrestle	1
wrestled	1
belie	1
shotgunning	1
yamazaki	1
yori	1
solemnly	1
appertaining	1
swore	1
rooted	1
kinship	1
plainly	1
deflect	1
impeached	1
undertaking	1
subpoenaed	1
uphold	1
clyburn	1
lobbying	1
slim	1
partisanship	1
adduced	1
abided	1
hatfield	1
mondale	1
reverend	1
moomaw	1
proportions	1
inflations	1
thrift	1
crushes	1
mortgaging	1
upheavals	1
borrowing	1
ills	1
bastion	1
heal	1
industrialists	1
shopkeepers	1
clerks	1
cabbies	1
bigotry	1
freeing	1
runaway	1
bounty	1
idealism	1
elect	1
governors	1
councils	1
deprived	1
expelled	1
outweighs	1
boxborough	1
hereditary	1
queens	1
kingdoms	1
emirates	1
oligarchy	1
totalitarianism	1
oligarchic	1
sparsely	1
competency	1
crater	1
coolest	1
perimeter	1
thrifting	1
serene	1
audubon	1
vlogging	1
tracers	1
technetium	1
tracer	1
sentinel	1
excision	1
ultrasound	1
radiology	1
ath	1
birthplace	1
acropolis	1
synoikismos	1
wealthiest	1
unrest	1
areopagus	1
draco	1
draconian	1
solon	1
clisthenes	1
byzantian	1
crusades	1
fruitful	1
attica	1
facelift	1
pedestrianized	1
thissio	1
nafplio	1
regained	1
harking	1
urbanized	1
rash	1
onset	1
foreseeing	1
gridlock	1
awakening	1
gentrification	1
forging	1
heatwaves	1
smoggy	1
azure	1
diesel	1
underwater	1
coral	1
barracuda	1
kayangan	1
nomadic	1
seafaring	1
subsistence	1
penon	1
shifted	1
manganese	1
warplanes	1
luzon	1
visayas	1
miners	1
linapacan	1
culion	1
scuba	1
gag	1
pleases	1
misogynist	1
repurposing	1
incongruous	1
topper	1
rehash	1
retell	1
personalize	1
memorize	1
sidetracked	1
relayed	1
entertainer	1
embellish	1
pauses	1
cutie	1
washboard	1
twisty	1
ness	1
denim	1
reapportion	1
fasteners	1
heartbeat	1
defy	1
distributes	1
detergent	1
racket	1
kawann	1
lineman	1
addison	1
bowler	1
nfl's	1
kony	1
ealy	1
linebackers	1
luke	1
carolina's	1
kurt	1
shutdown	1
touchdowns	1
steelers	1
divisional	1
xlix	1
patriots	1
afc	1
intercepting	1
manning's	1
playoff	1
peyton	1
elway	1
xxxiii	1
grammy	1
gaga	1
anthem	1
marlee	1
matlin	1
asl	1
stripped	1
touchdown	1
bennie	1
fowler	1
ogr	1
saski	1
momus	1
cabaret	1
schiller's	1
melodram	1
wojciech	1
awski	1
upati	1
ekstraklasa	1
polonia's	1
konwiktorska	1
relegated	1
pzpn	1
mariavites	1
vogt	1
jt	1
burmistrz	1
powiats	1
grodzki	1
lublin	1
sk	1
pozna	1
wse	1
mln	1
eur	1
pzpr	1
picardy	1
frankish	1
roumois	1
caux	1
seine	1
cotentin	1
pagii	1
gaels	1
orkney	1
swedes	1
danelaw	1
tancred	1
rainulf	1
aversa	1
toehold	1
sergius	1
naples	1
princely	1
guaimar	1
salerno	1
melfi	1
principality	1
capua	1
ennobled	1
drogo	1
magister	1
italiae	1
comesque	1
normannorum	1
totius	1
apuliae	1
calabriae	1
pechenegs	1
bulgars	1
seljuk	1
lombards	1
varangian	1
lombard	1
maniaces	1
frenchmen	1
vassal	1
sassoun	1
taron	1
anatolia	1
cilicia	1
euphrates	1
philaretus	1
brachamius	1
raimbaud	1
afranji	1
tarsus	1
italo	1
expedition	1
bethencourt	1
poitevine	1
gadifer	1
salle	1
canarian	1
lanzarote	1
fuerteventura	1
hierro	1
gascony	1
reinforced	1
castilian	1
colonists	1
showmanship	1
archetypal	1
resurgence	1
edison's	1
vail	1
illumination	1
dynamo	1
commutators	1
transmitting	1
transmitter	1
guglielmo	1
quipped	1
upheld	1
nullify	1
computation	1
amenable	1
algorithm	1
graphs	1
matrices	1
encoding	1
richer	1
recast	1
triples	1
corresponds	1
transitions	1
outputs	1
solves	1
solvable	1
dtime	1
bpp	1
bqp	1
corporal	1
caning	1
strapping	1
birching	1
lawful	1
atl	1
nasuwt	1
welsh	1
bachelor's	1
guru	1
mentorship	1
phowa	1
siddhi	1
bodhisattva	1
vow	1
tulku	1
thronged	1
wittenberg	1
galatians	1
babylonian	1
captivity	1
widened	1
pieties	1
doctrines	1
abrogation	1
idolatry	1
absolution	1
nuns	1
illegitimate	1
prefaces	1
woodcuts	1
cranach	1
papal	1
imagery	1
vernacular	1
tyndale's	1
precursor	1
hymns	1
evoked	1
esch	1
heinrich	1
voes	1
martyred	1
ein	1
neues	1
wir	1
heben	1
messenger's	1
flung	1
ibstone	1
tiddeman	1
beggars	1
undeveloped	1
spilling	1
oxnard	1
ventura	1
carlsbad	1
marcos	1
obispo	1
nuys	1
burbank	1
lakers	1
clippers	1
dodgers	1
padres	1
nhl	1
ducks	1
stubhub	1
bskyb's	1
dolby	1
soundtracks	1
epg	1
opentv	1
modems	1
pseudo	1
looping	1
orbital	1
analogue	1
eutelsat's	1
eurobird	1
eutelsat	1
setanta	1
ntl's	1
branded	1
shelve	1
freeview	1
wrongly	1
alec	1
shelbrooke	1
supplemental	1
alp	1
environmentalist	1
ballarat	1
bendigo	1
entrenched	1
announcements	1
toyota's	1
holden's	1
broadmeadows	1
trunk	1
drummers	1
privates	1
hms	1
woodriff	1
nantes	1
fontainebleau	1
norfolk	1
monacan	1
manakin	1
powhatan	1
chesterfield	1
naturalise	1
intermarried	1
piedmont	1
appalachian	1
kentucky	1
gallican	1
gallicans	1
cauvin	1
waldensians	1
luberon	1
olivetan	1
decidedly	1
calvinistic	1
affiliated	1
denominations	1
assimilation	1
surnames	1
artisans	1
pont	1
eleutherian	1
elector	1
brandenburg	1
theodor	1
fontane	1
tannenberg	1
galland	1
hans	1
arnauld	1
peri	1
combustible	1
variously	1
firebox	1
geothermal	1
porter	1
horsepower	1
supercritical	1
carnot	1
bottoming	1
reciprocating	1
energiprojekt	1
ab	1
harnessing	1
energiprojekt's	1
superheated	1
kwh	1
stators	1
rotary	1
stator	1
exhausts	1
variably	1
rotate	1
wilhelm	1
scheele	1
uppsala	1
wiltshire	1
antoine	1
discredit	1
phlogiston	1
corrosion	1
oxys	1
begetter	1
plastics	1
textiles	1
brazing	1
steels	1
propellant	1
dewar	1
linde	1
hampson	1
capturing	1
oxyacetylene	1
acetylene	1
compressed	1
disparity	1
spectrophotometric	1
wavelengths	1
nm	1
radiance	1
canopies	1
exploits	1
discriminate	1
vegetation's	1
reflectance	1
fluorescence	1
hyperbaric	1
heme	1
hemoglobin	1
anaerobic	1
bacteria	1
decompress	1
bubbles	1
inert	1
yom	1
kippur	1
refined	1
petrochemicals	1
macroeconomic	1
deflationary	1
rugged	1
entrepreneurship	1
congresses	1
expedient	1
doubtful	1
lamented	1
compacts	1
cressida	1
restraints	1
acura	1
infiniti	1
seamans	1
golovin	1
eor	1
houbolt's	1
ceaseless	1
publicizing	1
workability	1
msfc	1
wernher	1
braun	1
csm	1
ib	1
cdr	1
cmp	1
lmp	1
spacesuit	1
extravehicular	1
visor	1
fishbowl	1
undergarment	1
chaffee	1
motivational	1
spacesuits	1
sealing	1
simulated	1
asphyxiated	1
nafzger	1
lowry	1
tapes	1
kinescope	1
maastricht	1
amending	1
accession	1
cyprus	1
hungary	1
latvia	1
lithuania	1
malta	1
majorities	1
unelected	1
polities	1
teu	1
publicising	1
degressively	1
parliaments	1
parti	1
cologiste	1
verts	1
maladministration	1
ombudsman	1
censure	1
santer	1
kratia	1
demos	1
globalising	1
justice's	1
primacy	1
milanese	1
shareholder	1
gend	1
loos	1
reciprocity	1
overridden	1
amministrazione	1
delle	1
finanze	1
precedence	1
unconditionally	1
irrevocably	1
envisaged	1
tailored	1
floresta	1
nia	1
selva	1
amazonienne	1
amazoneregenwoud	1
broadleaf	1
ecuador	1
guyana	1
suriname	1
guiana	1
amazonas	1
planet's	1
rainforests	1
biodiverse	1
deforested	1
soybeans	1
leydimere	1
logged	1
epicenters	1
absorbs	1
larvae	1
rotifers	1
juveniles	1
parasites	1
salps	1
validated	1
retractable	1
fringed	1
tentilla	1
colloblasts	1
sticky	1
flattened	1
platyctenids	1
beroids	1
stiffened	1
spiders	1
cnidarians	1
bilaterians	1
cydippid	1
cretaceous	1
paleogene	1
monophyletic	1
millimeter	1
ctenes	1
devonian	1
emsian	1
putative	1
burgess	1
muscular	1
fossil's	1
vanes	1
ediacaran	1
eoandromeda	1
putatively	1
metazoa	1
multicellularity	1
homeoboxes	1
wnt	1
pathway	1
congruent	1
anomaly	1
diverging	1
hox	1
nielsen	1
hmong	1
laotian	1
entrepreneur	1
millionaire	1
kerman	1
thorne	1
brookhaven	1
elm	1
revitalize	1
neighborhood's	1
subdivision	1
dogg	1
clovis	1
huntington	1
atascadero	1
mendota	1
reedley	1
upgrading	1
clearance	1
precludes	1
addressable	1
application's	1
reassembled	1
byte	1
arpanet	1
sita	1
hln	1
udp	1
pdp	1
minicomputers	1
architectures	1
powerhouse	1
osi	1
implementations	1
nsf	1
arbor	1
tymnet	1
telenet	1
ethernet	1
tcp	1
merit's	1
nsfnet	1
lambdarail	1
nlr	1
boosting	1
stagnated	1
pestilence	1
sufferers	1
miasma	1
recurrence	1
isolates	1
orientalis	1
medievalis	1
hanseatic	1
twigg	1
cantor	1
pandemics	1
characterise	1
hemorrhagic	1
archaeologist	1
barney	1
sloane	1
fleas	1
typhus	1
smallpox	1
septicemic	1
lengthen	1
exhumed	1
clerkenwell	1
wills	1
amsterdam's	1
norway's	1
algiers	1
constantinople	1
visitations	1
geologic	1
epochs	1
subsections	1
asterisks	1
holocene	1
faunal	1
darwin's	1
fossilization	1
localization	1
lateral	1
facies	1
strata	1
cores	1
reconstruct	1
hydrocarbon	1
fielding	1
rayhan	1
hypothesizing	1
sina	1
polymath	1
kuo	1
formulated	1
geological	1
stratum	1
silt	1
eroded	1
sediments	1
instituted	1
eastwards	1
segedunum	1
wallsend	1
wall's	1
arbeia	1
vallum	1
rearward	1
incursion	1
pictish	1
newcastle's	1
laing	1
latticed	1
arches	1
lindisfarne	1
footballer	1
gascoigne	1
venom	1
reckoned	1
originators	1
skyclad	1
walkyier	1
thrash	1
sabbat	1
britain's	1
gateshead	1
regio	1
nexus	1
tynemouth	1
hylton	1
sunderland	1
antennae	1
polytechnic	1
polytechnics	1
museum's	1
manufactures	1
marlborough	1
somerset	1
kensington	1
gottfried	1
semper	1
brompton	1
tsui	1
qing	1
metre	1
buddha	1
lacquer	1
porcelain	1
cloisonn	1
enamel	1
portraits	1
watercolour	1
lacquerware	1
xuande	1
fashionable	1
harrods	1
redistributed	1
viewable	1
blake	1
landseer	1
wilkie	1
mulready	1
frith	1
millais	1
hippolyte	1
delaroche	1
constable's	1
bequest	1
wain	1
fungai	1
gheeraerts	1
beccafumi	1
fioravante	1
ferramola	1
brueghel	1
dyck	1
ludovico	1
carracci	1
verrio	1
battista	1
canaletto	1
hayman	1
pompeo	1
batoni	1
sandby	1
etty	1
danby	1
parkes	1
bonington	1
alphonse	1
legros	1
troika	1
coloring	1
dots	1
minimalist	1
graphical	1
pittard	1
timeslot	1
night's	1
lineup	1
soundmarks	1
fanfare	1
jingles	1
kintner	1
intervene	1
fcc's	1
indecision	1
laboratories	1
receivers	1
fcc	1
wabc	1
wabd	1
premiered	1
midseason	1
spelling's	1
charlie's	1
three's	1
laverne	1
benson	1
mork	1
mindy	1
repertory	1
hearst	1
aired	1
nighttime	1
nickelodeon	1
onggirat	1
alliances	1
rte's	1
keraite	1
clouding	1
parentage	1
morganatic	1
drifted	1
consolidating	1
proclamation	1
shaman	1
kokochu	1
ascent	1
dalan	1
balzhut	1
horrified	1
harmed	1
captives	1
cauldrons	1
eliciting	1
qara	1
khitai	1
edsen	1
khoroo	1
yan'an	1
dongshan	1
dafo	1
dian	1
kumbum	1
ta'er	1
shi	1
xining	1
khan's	1
bier	1
remade	1
empire's	1
gedei	1
xia	1
khwarezmids	1
invasions	1
samarkand	1
urgench	1
khuzestan	1
hulagu	1
sacked	1
hulagu's	1
ghazan	1
rashid	1
hamadani	1
merv	1
nishapur	1
batu	1
kievan	1
rus	1
annihilated	1
pskov	1
pht	1
specialised	1
specialise	1
regulates	1
zakar	1
zi	1
rhazes	1
zahrawi	1
abulcasis	1
sublimation	1
servitoris	1
recipes	1
simples	1
sabur	1
sahl	1
pharmacopoedia	1
kitab	1
saydalah	1
indications	1
cairo	1
wafid	1
medicinis	1
universalibus	1
particularibus	1
mesue	1
medicamentis	1
simplicibus	1
abenguefit	1
abano	1
veneris	1
muwaffaq	1
arsenious	1
oxide	1
silicic	1
potassium	1
vitriol	1
automation	1
prescriptions	1
nursing	1
omnicare	1
pharmerica	1
pharmacies	1
pharmaceuticals	1
kickback	1
ama	1
autoimmunity	1
hyperactive	1
hashimoto's	1
thyroiditis	1
rheumatoid	1
mellitus	1
lupus	1
erythematosus	1
immunology	1
glucocorticoids	1
hyperglycemia	1
osteoporosis	1
methotrexate	1
azathioprine	1
inhibit	1
cyclosporin	1
inhibiting	1
transduction	1
differentiated	1
effector	1
ctls	1
lymphocytes	1
elicit	1
intruding	1
cortisol	1
catecholamines	1
impairments	1
oxidative	1
immunoglobulins	1
molecule	1
jawless	1
lamprey	1
hagfish	1
vlrs	1
antigen	1
pathogenic	1
antibodies	1
specificity	1
amino	1
sugars	1
pathogen	1
concealed	1
antigenic	1
mutates	1
trypanosoma	1
brucei	1
antibody	1
virion	1
outermost	1
cloaked	1
peterloo	1
percy	1
shelley	1
imagines	1
stirrings	1
nonviolence	1
masque	1
exert	1
hungarians	1
ferenc	1
peaceable	1
zinn	1
espoused	1
boycotts	1
dodging	1
coercive	1
brownlee	1
plowshares	1
gcsb	1
waihopai	1
padlocking	1
sickles	1
deflate	1
domes	1
anarchists	1
infringe	1
camden	1
misdemeanor	1
pleading	1
cheerfully	1
differs	1
purchaser	1
compiles	1
telecom	1
subsectors	1
specialties	1
nominally	1
specification	1
indisputably	1
prohibitum	1
exemptions	1
tertiary	1
tuition	1
subsidized	1
concurrent	1
examinations	1
cbse	1
cisce	1
nenbse	1
missionaries	1
recognises	1
topeka	1
desegregate	1
preparatory	1
harvard's	1
divestment	1
shantytown	1
blockaded	1
consul	1
strictures	1
carping	1
unsophisticated	1
hancock	1
quincy	1
rutherford	1
sebasti	1
colombian	1
manuel	1
rican	1
jos	1
figueres	1
calder	1
salinas	1
gortari	1
miguel	1
tsakhiagiin	1
elbegdorj	1
alejandro	1
ying	1
jeou	1
johnston	1
jayant	1
sinha	1
noli	1
trudeau	1
antonis	1
samaras	1
netanyahu	1
benazir	1
shaun	1
ignatieff	1
murtaza	1
sanam	1
abul	1
maal	1
muhith	1
puntland	1
abdiweli	1
luzzatto	1
gardner	1
contiguous	1
duval	1
timucua	1
wacca	1
pilatka	1
seminole	1
charted	1
ren	1
goulaine	1
laudonni	1
saturiwa	1
pedro	1
avil	1
ejection	1
augustine's	1
solidified	1
sprawl	1
haydon	1
hurricanes	1
dora	1
mph	1
crisscrossed	1
frances	1
costliest	1
bonnie	1
tornado	1
beryl	1
limiting	1
branko	1
milanovic	1
scarcer	1
galor	1
zeira	1
apprenticeship	1
redistributive	1
shocks	1
imf	1
spells	1
robustly	1
elasticity	1
halve	1
pique	1
versatile	1
screwdriver	1
mortally	1
reoccurring	1
programme's	1
unearthly	1
waterfield	1
moffat	1
undergoes	1
billie	1
piper	1
freema	1
agyeman	1
harkness	1
barrowman	1
eleventh	1
gillan	1
rory	1
darvill	1
sync	1
oswald	1
arcs	1
mackie	1
incidental	1
blake's	1
haunting	1
simpson's	1
horns	1
nimon	1
cameo	1
talons	1
weng	1
conductor	1
trevor	1
doomsday	1
productions	1
trustees	1
ives	1
bordering	1
shepley	1
rutan	1
coolidge	1
holabird	1
roche	1
collegiate	1
patterned	1
modeled	1
oxford's	1
magdalen	1
hutchinson	1
replicates	1
eero	1
ludwig	1
mies	1
rohe	1
durrell	1
regenstein	1
brutalist	1
netsch	1
owings	1
merrill	1
ratner	1
palevsky	1
expansions	1
restorations	1
rika	1
depository	1
postgraduate	1
orthogenic	1
hyde	1
administers	1
interdisciplinary	1
satya	1
nadella	1
mf	1
corzine	1
arley	1
cathey	1
doctoroff	1
suisse	1
brady	1
dougan	1
morningstar	1
cubs	1
ricketts	1
thatcher	1
stigler	1
becker	1
samuelson	1
fama	1
graduates	1
theorist	1
sowell	1
alumnus	1
treasury	1
mishandled	1
inauspicious	1
typhoon	1
pyrrhic	1
unsuitable	1
chen	1
kinh	1
qu	1
liam	1
zhao	1
zhong	1
daoist	1
bandits	1
tributary	1
ayurbarwada's	1
chancellor	1
baiju	1
zhi	1
promulgated	1
steppe	1
taidingdi	1
throne	1
regicide	1
han	1
khitans	1
jurchens	1
khitan	1
liao	1
jurchen	1
bingzhong	1
yao	1
censorial	1
zhongshu	1
privy	1
censorate	1
shangshu	1
wuzong	1
humoral	1
yin	1
wuxing	1
avicenna's	1
mote	1
entailed	1
international's	1
eacc	1
kibaki	1
pnu	1
odm	1
stipulated	1
withdraws	1
ruto	1
xi	1
jinping	1
unicef	1
malindi	1
mombasa	1
kilifi	1
diani	1
prostitution	1
prostitutes	1
ratified	1
rugby	1
champions	1
steeplechase	1
kalenjin	1
ndereba	1
rudisha	1
tergat	1
ngugi	1
hoesung	1
gizouli	1
bolin	1
wg	1
bau	1
reaffirming	1
wwf	1
misquoted	1
icsi	1
tar	1
prominently	1
millennial	1
documentary	1
pollack	1
huang	1
lowery	1
overlaid	1
dealings	1
lockstep	1
opposing	1
linear	1
doubted	1
phagocytic	1
vacuole	1
lipid	1
bilayer	1
phagosomal	1
synthesized	1
cytoplasm	1
cyanobacterial	1
plastids	1
plastid	1
glaucophyte	1
rhodophyte	1
chloroplastidan	1
abbreviated	1
ctdna	1
cpdna	1
plastome	1
liverwort	1
dnas	1
glaucophytes	1
underrepresented	1
chromalveolate	1
persist	1
chloroplast's	1
diatoms	1
heterokontophyte	1
chromalveolates	1
misconceptions	1
cyanobacteria	1
infolding	1
vesicle	1
homologous	1
uniqueness	1
factorization	1
factorizations	1
rabin	1
aks	1
polynomial	1
mersenne	1
decimal	1
digits	1
polignac's	1
schinzel's	1
brocard's	1
legendre's	1
r's	1
minimality	1
indecomposability	1
subfield	1
finite	1
whence	1
decomposed	1
indecomposable	1
nontrivial	1
manifolds	1
ostrowski's	1
underlines	1
bingen	1
bonn	1
equaled	1
uplift	1
fortresses	1
millingen	1
aan	1
rijn	1
waal	1
nederrijn	1
predates	1
subsoil	1
thaw	1
shrinking	1
meltwater	1
subsidence	1
coasts	1
transgressionally	1
decreed	1
demilitarised	1
resentment	1
hitler's	1
appeasement	1
devolved	1
backbenchers	1
promoter	1
tram	1
airdrie	1
bathgate	1
westminster	1
ministerial	1
msp	1
disqualification	1
msps	1
apolitical	1
halliday	1
esposito	1
javed	1
ghamidi	1
hayri	1
abaza	1
illiberal	1
detriment	1
facilitation	1
prohibitively	1
dowry	1
favourably	1
neglectful	1
rhetoric	1
jinnah	1
iqbal's	1
strongman	1
gaafar	1
nimeiry	1
cadre	1
loyalists	1
daesh	1
caliphate	1
nominal	1
geographers	1
halford	1
identities	1
textual	1
orient	1
rationalized	1
depicted	1
romanians	1
unauthorised	1
luxuries	1
schumpeter	1
thorstein	1
veblen	1
angell	1
marxist	1
interwar	1
reflections	1
lending	1
manpower	1
whitefield	1
tumas	1
stallsworth	1
liberating	1
redeeming	1
unfermented	1
sacrament	1
opposes	1
inaction	1
righteous	1
sacraments	1
itenerate	1
pastors	1
liturgists	1
administrators	1
commissioning	1
charters	1
rupert's	1
hudson's	1
stockaded	1
pecaudy	1
relieve	1
venango	1
generously	1
williamsburg	1
scouting	1
coulon	1
tomahawk	1
tanaghrisson's	1
contrecoeur	1
musket	1
loudoun	1
abercrombie	1
trio	1
montcalm	1
seconded	1
vis	1
bourlamaque	1
aristotelian	1
cosmology	1
aristotle's	1
projectiles	1
arrows	1
archer	1
projectile's	1
continuum	1
disparate	1
orbits	1
celestial	1
faraday	1
maxwell	1
electromagnetism	1
quantum	1
fermions	1
exchanging	1
bosons	1
similarity	1
formulation	1
unobserved	1
higgs	1
neutrino	1
oscillations	1
supersymmetry	1
physicists	1
gr	1
object's	1
parabola	1
vector	1
lorentz's	1
magnetism	1
diagonals	1
shear	1
diagonal	1
deformations	1
tensile	1
stresses	1
compressions	1
