في	8676
من	6245
على	3846
أن	2260
ان	1998
إلى	1983
الى	1604
التي	1532
عن	1344
مع	1216
فى	1164
بين	927
الذي	852
ما	849
هذه	794
هذا	784
خلال	732
مصر	713
لا	704
بعد	687
و	597
عام	592
وقال	576
مليون	549
اليوم	542
كان	532
المتحدة	522
ذلك	498
دولار	495
لم	481
المصرية	474
كما	471
أو	471
رئيس	448
الحكومة	438
العام	422
وزير	398
قد	390
الرئيس	387
العراق	384
كل	382
غير	377
إن	376
قبل	366
المصري	355
كانت	337
هو	336
تم	331
حيث	316
حتى	314
منذ	312
أنه	311
الماضي	304
يوم	302
مجلس	297
الخارجية	297
الولايات	288
جنيه	287
عدد	265
هناك	264
بعض	264
العربية	261
انه	258
الدول	257
حول	249
وقد	247
الذين	245
المنطقة	242
شركة	237
ب	237
مايو	237
أي	234
ومن	231
فيها	227
ـ	226
وفي	223
وهو	221
يمكن	217
الدكتور	215
السوق	214
مثل	212
نحو	211
لكن	208
الحالي	205
دون	205
هي	202
وكان	201
جديدة	201
الاتحاد	198
الشركات	196
أكثر	194
منطقة	191
العالم	189
الوزراء	188
مليار	188
لبنان	185
قال	185
الدولة	180
ضد	177
الدولية	175
بها	175
التجارة	175
إسرائيل	175
محمد	174
مما	173
النفط	172
أخرى	172
الشرق	171
التى	170
فيه	170
الفلسطينية	169
يكون	168
يتم	167
خاصة	166
بما	165
جنوب	163
والتي	161
اف	160
لها	160
العمل	160
او	158
زيادة	158
عملية	156
بسبب	155
دول	155
الأمريكية	155
سنة	154
له	151
منها	150
الخاصة	150
السبت	149
الوقت	149
ألف	149
سعر	148
اسرائيل	147
القاهرة	147
عدم	145
الحرب	144
المقبل	144
ولا	144
العامة	144
البلدين	143
السعودية	142
مقابل	142
داخل	142
عليها	142
الصين	141
وزارة	140
العالمية	140
لدى	140
بغداد	140
الجديدة	140
الأعمال	139
وهي	138
البنك	138
الحزب	136
واضاف	136
مشروع	135
الدولي	134
حزب	134
لن	134
المركزي	134
الفترة	133
عبد	132
الوطني	132
الثلاثاء	132
فقط	132
شركات	132
بأن	131
امس	130
مدينة	130
الحياة	130
الشركة	130
وجود	130
العلاقات	129
مصادر	129
مجال	129
الله	129
تلك	128
وأضاف	128
عدة	127
مجموعة	126
عندما	126
ثم	126
عليه	126
تكون	124
رغم	124
فيما	121
السلام	121
بناء	121
بشكل	121
وأن	121
فإن	121
لـ	120
التعاون	119
وكانت	118
السابق	118
حين	118
ثلاثة	117
الاقتصادية	117
إلا	117
أكبر	117
نهاية	116
البلاد	115
به	115
إذا	115
سنوات	113
تحت	113
العراقية	113
الاول	113
أمام	113
جميع	112
المناطق	112
الشعب	112
البنوك	112
اي	111
مبارك	111
الآن	111
شمال	110
وأشار	110
الدولار	110
كبير	109
عبر	108
ليس	108
دولة	108
كبيرة	108
الشهر	107
اكثر	107
الفلسطيني	107
البرلمان	107
وذلك	107
العديد	107
الأوروبي	107
نفسه	106
آخر	106
وعلى	106
بن	106
حجم	106
ولم	105
الثاني	105
ارتفاع	105
الجيش	105
المجلس	105
أسعار	105
الامن	104
وقت	104
باسم	103
عقد	103
أحد	103
التجاري	103
اتفاق	102
الاستثمار	102
سوق	101
الوضع	101
وكالة	101
وضع	101
الأول	101
أكد	101
نظام	100
أول	100
أيضاً	100
واشنطن	99
رجال	98
بي	98
القوات	98
حالة	98
المشروع	98
الصادرات	98
الأوسط	98
الجمعة	97
ملايين	97
عمل	97
الخاص	97
فترة	96
اللجنة	96
الفلسطينيين	96
بنسبة	96
التقرير	96
الوطنية	95
الاستثمارات	95
الاميركية	94
العراقي	94
الامم	94
حكومة	94
الجديد	94
السلطة	94
الثانية	93
الا	93
جانب	93
وكذلك	93
المدينة	93
الإسرائيلي	93
الاولى	92
الاتفاق	92
قطاع	92
تنفيذ	92
قرار	91
ولكن	91
منظمة	91
شهر	91
الداخلية	91
جديد	91
الاقتصاد	91
السياسية	90
القانون	90
الطريق	90
اخرى	89
كانوا	89
الطاقة	89
الدفاع	88
الشرطة	88
بدأت	88
مساء	88
عند	88
الإسرائيلية	88
الأمريكي	88
وأكد	88
أفريقيا	88
المقبلة	87
ذات	87
إدارة	87
الأولى	87
سبتمبر	86
الغواصة	86
القرار	86
لجنة	86
برنامج	86
شارون	86
إنه	86
لأن	85
ضرورة	85
أنها	85
الأمر	85
ايضا	84
الاسرائيلية	84
علي	84
مؤتمر	84
قيمة	84
وان	84
المؤتمر	84
أجل	84
الإسلامية	84
الذى	84
فرنسا	83
اعلن	83
الصناعية	83
زيارة	83
نسبة	83
جاء	83
العربي	83
الأسبوع	83
تقرير	83
السوري	82
انها	82
بشأن	82
الأمن	82
نائب	81
حال	81
وقالت	81
الروسية	81
مستوى	81
ايران	81
الاقتصادي	81
صحيفة	80
التجارية	80
هيئة	80
الامريكية	80
قانون	80
حركة	79
شرق	79
فقد	79
المعارضة	79
القدس	78
بالنسبة	78
عمليات	78
الماضية	78
سيتم	78
القطاع	78
تحقيق	77
اذا	77
المحلية	77
الكويت	77
أعلن	77
بيان	76
مصدر	76
الدين	76
دمشق	76
الأخيرة	76
عشر	75
السياسي	75
غزة	75
سورية	75
احد	74
حوالي	74
البيان	74
الجانب	74
السارس	74
سوريا	73
يجب	73
بل	73
العرب	73
سي	73
والذي	73
الأخرى	73
بليون	73
وأوضح	73
المعلومات	72
اول	72
مركز	72
بينما	72
أعمال	72
بلغت	71
الانتخابات	71
استخدام	71
الحرة	71
الرسمية	70
قمة	70
رفع	70
نتيجة	70
أبو	70
حالياً	70
الحكومية	69
النظام	69
حسين	69
عاما	69
بلاده	69
اللبناني	69
السودان	69
المدارس	69
باول	69
الأزهر	69
يوليو	68
الحدود	68
امام	68
عرفات	68
بيروت	68
الحوار	68
واحد	67
السلطات	67
حاليا	67
دور	67
اللبنانية	67
المسؤولين	67
المحلي	67
المالية	67
قام	67
المحكمة	67
بـ	67
قوات	66
الف	66
المصدر	66
المئة	66
طهران	66
طريق	66
بوش	66
الفائدة	66
العالمي	65
فتح	65
قضية	65
منهم	65
بكين	65
رمضان	65
يعني	65
إجمالي	65
صدام	64
الحكم	64
مرة	64
ديفيد	64
المصادر	64
لكل	64
اجتماع	64
دعم	64
الكثير	64
تقدم	64
تقديم	64
أما	64
المستثمرين	64
يونيو	63
الخميس	63
البريطانية	63
العسكرية	63
الوزير	63
بداية	63
وما	63
هنا	63
المنتجات	63
السيد	63
أمس	63
أحمد	63
السعودي	62
الحاكم	62
مسؤول	62
ضمن	62
المشروعات	62
البحر	61
حد	61
الاحتلال	61
د	61
ظل	61
مشيراً	61
الصرف	61
وهذا	60
الاسرائيلي	60
طلب	60
المشاركة	60
إطار	60
الإخوان	60
بنك	60
روسيا	59
باريس	59
واوضح	59
لمدة	59
الجنوبية	59
مدير	59
بلغ	59
يكن	59
تصريحات	59
النار	59
العاصمة	59
القرن	59
الجزائر	59
عشرة	59
مصرية	59
أعضاء	59
المال	59
الصناعة	59
تموز	58
وسط	58
الاربعاء	58
لهم	58
الاثنين	58
المرحلة	58
بعدما	58
سواء	58
وزراء	58
جامعة	58
انخفاض	58
إذ	58
الأجنبية	58
الإنتاج	58
تقوم	57
الاميركي	57
وصل	57
اعادة	57
تطوير	57
يقول	57
خارج	57
الوفد	57
ادارة	57
منه	57
الأراضي	57
خصوصاً	57
عبيد	57
رفض	56
جهة	56
معظم	56
لكنه	56
استمرار	56
الثالث	56
المسلمين	56
الفرنسية	56
المجتمع	56
الطلب	56
ذكر	56
المجال	56
الغاز	56
إحدى	56
الأوروبية	56
الجماعة	56
سوف	56
بالإضافة	56
غرب	55
الجوية	55
تعمل	55
الان	55
بدأ	55
النظر	55
لهذه	55
المركز	55
السيارات	55
نفس	55
قائمة	55
الصناعات	55
حسن	54
الكبرى	54
واحدة	54
وتم	54
لندن	54
سيكون	54
ليبيا	54
المزيد	54
النواب	54
هؤلاء	54
المصريين	54
برميل	54
خطة	54
لمصر	54
الجامعة	54
المجموعة	53
منح	53
فان	53
يذكر	53
لقد	53
نقل	53
مختلفة	53
تطبيق	53
الشيخ	53
الحديد	53
النقد	53
أيضا	53
تعد	53
الاخيرة	52
برس	52
اطار	52
الصينية	52
الشمالية	52
حرب	52
صباح	52
يتعلق	52
وليس	52
قالت	52
القضية	52
لما	52
إنشاء	52
فرانس	51
وقف	51
الدراسة	51
المائة	51
مشيرا	51
موسكو	51
كافة	51
الاجتماع	51
طن	51
الجنيه	51
كامب	50
الجاري	50
السكان	50
السنة	50
كشف	50
مختلف	50
بهدف	50
اوبك	50
إعادة	50
ذكرت	49
الفرنسي	49
القومي	49
محاولة	49
وذكر	49
المقرر	49
طائرة	49
الطائرة	49
ورئيس	49
ف	49
جورج	49
تشرين	49
موقف	49
المشتركة	49
صناعة	49
واكد	49
اجل	49
خبراء	49
الكهرباء	49
الأرض	49
الحركة	49
النمو	49
غالي	49
الامريكى	49
السنوات	48
تركيا	48
ايلول	48
أ	48
ليست	48
المياه	48
المستوى	48
الجمعية	48
تشكيل	48
حقوق	48
البرنامج	48
قوة	48
بينهم	48
السورية	48
الموقف	48
الخبراء	48
السلع	48
الهيئة	48
إقامة	48
البترول	48
الصحة	48
اتفاقية	48
الرئيسية	47
المفاوضات	47
اعلنت	47
نصف	47
الدور	47
ثلاث	47
م	47
اكد	47
الانباء	47
ستكون	47
خفض	47
الجهود	47
الحالية	47
الاحد	46
كلينتون	46
لهذا	46
واشار	46
بريطانيا	46
بان	46
رسمي	46
نيويورك	46
تبلغ	46
تراجع	46
المتوقع	46
بنحو	46
يمثل	46
إضافة	46
الأسعار	46
ابريل	45
مكافحة	45
مفاوضات	45
القمة	45
اذ	45
تحديد	45
معلومات	45
فريق	45
الساعة	45
عقب	45
البناء	45
سياسية	45
الأموال	45
طرح	45
الخارج	45
الارهاب	45
خمسة	44
التوصل	44
الصحيفة	44
نفسها	44
دي	44
نتائج	44
الامر	44
مصري	44
الفريق	44
الاوسط	44
تضم	44
انتخابات	44
تمثل	44
مدى	44
التنمية	44
مباشرة	44
يقوم	44
محكمة	44
سوى	44
بقيمة	44
جداً	44
أدى	44
الأساسية	44
التبادل	43
بينهما	43
دورة	43
ر	43
خط	43
العقوبات	43
ظهر	43
الخام	43
ديسمبر	43
يناير	43
ستة	43
بدء	43
القوى	43
باكستان	43
دخول	43
الدينية	43
القادم	43
الأسواق	43
يصل	43
معدل	43
أقل	43
تجارة	43
أوروبا	43
شراء	42
واعلن	42
اعضاء	42
رسمية	42
كوريا	42
الرغم	42
بذلك	42
عرض	42
كأس	42
مشكلة	42
الادارة	42
اضافة	42
وراء	42
مهمة	42
تعتبر	42
تصل	42
الغربية	42
النائب	42
يوجد	42
سياسة	42
اتخاذ	42
المملكة	42
بأنه	42
لديها	42
الإنسان	42
السياسة	42
لوكالة	41
اثر	41
محادثات	41
الاعمال	41
يزيد	41
عناصر	41
عليهم	41
قوله	41
مارس	41
متر	41
عنه	41
عربية	41
لقاء	41
وذكرت	41
المركزية	41
حل	41
الحصول	41
قطر	41
التعامل	41
الجنوب	41
مشترك	41
العاملين	41
الجانبين	41
أفضل	41
التمويل	41
آلاف	41
مناطق	40
النساء	40
المسؤول	40
فشل	40
طويلة	40
الطيران	40
البحرية	40
عنها	40
اسم	40
الصحف	40
فرص	40
السفير	40
التابعة	40
حسب	40
صادرات	40
وبالتالي	40
الناس	40
المقاومة	40
عاماً	40
العمال	40
المهندس	40
المعرض	40
ناحية	40
حدود	39
وصلت	39
اجراءات	39
الثلاثة	39
يعد	39
شكل	39
كانون	39
سبيل	39
الاجتماعية	39
دفع	39
وحتى	39
حكم	39
درجة	39
فلسطينية	39
المنظمة	39
بالفعل	39
أثناء	39
كبيراً	39
المالي	39
وفقاً	39
انهم	38
شخص	38
جزيرة	38
دراسة	38
اعلان	38
تتم	38
النووية	38
واعتبر	38
اطلاق	38
كامل	38
وقع	38
فرصة	38
علاقات	38
خلالها	38
مكتب	38
الكتاب	38
هل	38
وبعد	38
قيام	38
يعمل	38
وحدة	38
عضو	38
رأس	38
تمويل	38
معدلات	38
يوسف	38
السعر	38
مشروعات	38
الصينى	38
غدا	37
خسائر	37
يورو	37
وقعت	37
وفق	37
شبه	37
تنظيم	37
الطائرات	37
تسعى	37
بحر	37
المستقبل	37
اغسطس	37
اتحاد	37
آب	37
اكبر	37
النقل	37
لو	37
الجمهورية	37
تحمل	37
مواجهة	37
الشرقية	37
بينها	37
رسالة	37
قدم	37
القادمة	37
الاتصالات	37
الطبيعي	37
حق	37
قامت	37
الإدارة	37
تغيير	37
ومع	37
أيام	37
الأجنبي	37
إنتاج	37
اقتصادية	36
تشكل	36
احتمال	36
عسكرية	36
سابق	36
خارجية	36
سكان	36
العملية	36
عمر	36
شبكة	36
خطاب	36
قتل	36
مسألة	36
المدن	36
الكبير	36
الشباب	36
المتوسط	36
يبلغ	36
تونس	36
مجالات	36
مقارنة	36
الإجراءات	36
الأميركية	36
معرض	36
مصلحة	36
الواردات	36
حزيران	35
الروسي	35
قرب	35
ونقلت	35
مطار	35
باراك	35
خصوصا	35
الهند	35
وتابع	35
عامي	35
ال	35
قسم	35
العراقيين	35
مشتركة	35
سؤال	35
تحرير	35
وغيرها	35
العملات	35
الوزارة	35
وفقا	35
المواد	35
وعدم	35
أزمة	35
بحيث	35
الأمين	35
للتعاون	35
المنظمات	35
الإسلام	35
أهمية	35
الزراعية	35
الماضى	35
المنافسة	34
مقتل	34
السابقة	34
اليهود	34
تعرض	34
سلام	34
محمود	34
المانيا	34
القدم	34
الايراني	34
العودة	34
نشر	34
الجهاز	34
حوالى	34
دقيقة	34
وطالب	34
تتضمن	34
جزء	34
الاستقرار	34
لذلك	34
حدث	34
المتعلقة	34
القضايا	34
الآخر	34
الشريف	34
أصبح	34
سنوياً	34
السياسات	34
إليها	34
الأكثر	34
الدولى	34
اعمال	33
قطع	33
البلدان	33
تزال	33
النهائي	33
التركية	33
قيمتها	33
ياسر	33
ساعة	33
يبدو	33
توفير	33
منع	33
جدا	33
وشدد	33
الموضوع	33
الاسبوع	33
الثالثة	33
مرحلة	33
نحن	33
كتب	33
حسبما	33
ولاية	33
بشار	33
كذلك	33
جمعية	33
يؤكد	33
حسني	33
استئناف	33
تجاه	33
الواقع	33
البحث	33
الكنيسة	33
الخليج	33
العليا	33
صندوق	33
الطبية	33
حصلت	33
شأن	33
العرض	33
الاسكان	33
يأتي	33
اتجاه	33
نظراً	33
التصدير	33
الرسوم	33
عاطف	33
شيخ	33
هم	33
الأمم	33
وأشارت	33
الذهب	33
أمريكا	33
اثنين	32
مستشفى	32
منتصف	32
عقود	32
الضغط	32
وفد	32
فلسطين	32
لكنها	32
عودة	32
الوحدة	32
الشعبية	32
المكتب	32
بهذا	32
بيع	32
بحلول	32
جون	32
بكل	32
خاص	32
المجالات	32
بهذه	32
فوق	32
يعرف	32
لمجلس	32
حالات	32
حماس	32
المحامين	32
العمليات	32
أعلى	32
معها	32
ماهر	32
بزيادة	32
تصدير	32
إلغاء	32
الأفريقية	32
الهندية	32
العنف	31
الملك	31
خمس	31
عمان	31
احمد	31
مرات	31
الانقاذ	31
وبين	31
القيام	31
تشمل	31
سبق	31
الحادث	31
شهدت	31
اقامة	31
ابو	31
لان	31
اما	31
المشكلة	31
افريقيا	31
جمهورية	31
الديموقراطية	31
سيما	31
رقم	31
وصول	31
نسمة	31
برئاسة	31
الموارد	31
سليمان	31
المؤسسات	31
يزال	31
حرة	31
لصالح	31
لبحث	31
دعوة	31
الغذائية	31
يؤدي	31
الصحية	31
سياسي	31
ارتفعت	31
المواطنين	31
رسوم	31
أعلنت	31
المرأة	31
لتصل	31
بشكلٍ	31
متن	30
قائد	30
للمرة	30
الاف	30
الجمارك	30
لكرة	30
الطرفين	30
ملف	30
التركي	30
وجاء	30
اربعة	30
تشهد	30
للرئيس	30
بالقرب	30
الاسلامية	30
تبدأ	30
قضايا	30
كبار	30
بحث	30
للنفط	30
المشترك	30
تأثير	30
الـ	30
بدون	30
الحديث	30
لرئيس	30
المختلفة	30
أكدت	30
جمال	30
بأنها	30
الصغيرة	30
لتحقيق	30
يتجاوز	30
الزيادة	30
المثال	30
جانبه	30
الإسلامي	30
القمح	30
امريكى	30
عادةً	30
قادة	29
التحقيق	29
مطلع	29
تابعة	29
تعزيز	29
كبيرا	29
انتهاء	29
استقرار	29
الرئيسي	29
الزيارة	29
اكتوبر	29
الاخرى	29
موعد	29
الثلاث	29
الرهائن	29
لوس	29
جهاز	29
صدر	29
ولن	29
كي	29
المصانع	29
ربما	29
القائمة	29
الوكالة	29
ارض	29
المناخ	29
بصورة	29
الواقعة	29
مقاطعة	29
تدخل	29
قرارات	29
قطاعات	29
المرشحين	29
سبب	29
المعارض	29
مشاكل	29
عهد	29
أخيراً	29
البورصة	29
عدداً	29
نهر	29
للاستثمار	29
وإن	29
المساواة	29
التعليم	29
تكلفة	29
إسرائيلية	29
أوبك	29
يعتبر	28
التاريخ	28
الدبلوماسية	28
الاسد	28
نظيره	28
تكن	28
حديث	28
الدورة	28
طالب	28
تواجه	28
المنتخب	28
ثانية	28
عقده	28
الليبية	28
القذافي	28
الشرعية	28
السيطرة	28
انفجار	28
حدوث	28
الخدمات	28
الديموقراطي	28
قناة	28
حملة	28
زعيم	28
سلسلة	28
مصطفى	28
ووزير	28
جولة	28
الداخلي	28
الكبيرة	28
السويس	28
صغيرة	28
عراقية	28
سنويا	28
الصندوق	28
الأكبر	28
الامريكي	28
أنهم	28
ويرى	28
صحيح	28
إيران	28
أشار	28
مشاريع	28
أشهر	28
إجراء	28
خريطة	28
شينخوا	28
العراقى	28
بجروح	27
يعود	27
للدولة	27
يعلن	27
بطريقة	27
والولايات	27
للحكومة	27
الايام	27
رجل	27
مكان	27
زار	27
الجزيرة	27
تقرر	27
الحد	27
الوحيدة	27
الاتصال	27
الشمال	27
اليابان	27
مشاركة	27
طرابلس	27
يشكل	27
الشيشان	27
الانتخابية	27
المحيط	27
مليارات	27
شيء	27
الظروف	27
تاريخ	27
موقع	27
يبدأ	27
ومصر	27
القديمة	27
خاتمي	27
جلسة	27
الاسرائيليين	27
فبراير	27
واضحة	27
علينا	27
الحكومي	27
صالح	27
القوة	27
حديد	27
أسعد	27
القيادة	27
تماماً	27
مواقع	27
الأوضاع	27
القاعدة	27
ضخمة	27
توجد	27
بدلاً	27
إصدار	27
السياحة	27
الجاهزة	27
الخضراء	27
وفى	27
شخصا	26
المتحدث	26
يرى	26
قيادة	26
الاجتماعي	26
القضاء	26
اعتبر	26
حذر	26
نوع	26
واضافت	26
نشرت	26
انباء	26
العسكري	26
كورسك	26
الخطوط	26
منتخب	26
حوار	26
كنت	26
اللقاء	26
حصل	26
العاملة	26
وسائل	26
للعراق	26
محطة	26
المشاكل	26
مجموعات	26
لشركة	26
يوميا	26
بشدة	26
الحملة	26
يضم	26
علم	26
استراتيجية	26
بطرس	26
العقود	26
الملابس	26
حاجة	26
أيامك	26
عديدة	26
كشفت	26
إليه	26
البنية	26
لديه	26
فكرة	26
ارتفع	26
استثمارات	26
مؤكداً	26
الأخير	26
الشامل	26
أيه	26
قبرص	26
صرح	26
أساس	26
تأتي	26
الإصلاح	26
سارس	26
الفلسطينى	26
بحسب	25
وبريطانيا	25
سقوط	25
وهم	25
عشرين	25
للامم	25
لكي	25
تي	25
محددة	25
دولية	25
ودعا	25
كلمة	25
اننا	25
دعا	25
الاتجاه	25
مباراة	25
الرقم	25
ورغم	25
مالية	25
للغاية	25
الرابع	25
تصريح	25
المؤسسة	25
لحود	25
بضرورة	25
مراكز	25
توسيع	25
للحزب	25
اليومية	25
التلفزيون	25
النفطية	25
حماية	25
نواب	25
الغرب	25
البرلمانية	25
المقابل	25
الاستخبارات	25
عامل	25
تتجاوز	25
المصدرة	25
قرر	25
تبادل	25
نطاق	25
قبول	25
أربعة	25
حكومته	25
باب	25
مجرد	25
والتنمية	25
لجان	25
الحريري	25
التطورات	25
المرض	25
وغير	25
وهناك	25
الموازنة	25
لزيادة	25
زادت	25
النقدية	25
لمكافحة	25
الإعلام	25
نمو	25
صرف	25
أكتوبر	25
الناتج	25
التسليح	25
اى	25
حصول	24
نيسان	24
الموقع	24
ايام	24
واسعة	24
الاردن	24
لمنع	24
بيل	24
للمشاركة	24
محافظة	24
للحصول	24
طائرات	24
اللازمة	24
بمناسبة	24
يسمح	24
تهدف	24
النصر	24
ولو	24
الليبي	24
افراد	24
مربع	24
الخدمة	24
الغذاء	24
القوانين	24
جهود	24
اليه	24
نوفمبر	24
اشخاص	24
سجل	24
والتجارة	24
فهو	24
عامة	24
مؤكدا	24
الشؤون	24
وكشف	24
المسلحة	24
القارة	24
الدعم	24
تستخدم	24
واسع	24
الجهات	24
تزايد	24
مساعدة	24
سبعة	24
قائلا	24
ممكن	24
مذكرة	24
جنود	24
ممارسة	24
يتعين	24
المساعدات	24
المستشفى	24
الثقة	24
أجهزة	24
العلاقة	24
عبارة	24
التأمين	24
تمت	24
المصارف	24
لإقامة	24
لتنفيذ	24
تأسيس	24
موضوع	24
إعلان	24
والنسيج	24
وإذا	24
مجدداً	24
نشاط	24
مساحة	24
تقريباً	24
العجز	24
عز	24
طنطاوي	24
كم	24
المقاولات	24
يتضمن	23
يوما	23
افتتاح	23
توقيع	23
الايرانية	23
اثناء	23
ساعات	23
يزور	23
وقوع	23
الجوي	23
طاقم	23
فلسطيني	23
ختام	23
لعدم	23
الامين	23
سباق	23
وصرح	23
فعل	23
تتعلق	23
غالبية	23
المكان	23
الحديثة	23
خطوط	23
محطات	23
شأنها	23
اعقاب	23
مقابلة	23
نفط	23
غضون	23
التفاوض	23
النهاية	23
ثمة	23
هجوم	23
تطور	23
التشريعية	23
يصدر	23
وجه	23
المعنية	23
الجارية	23
عاد	23
اللواء	23
المغرب	23
تتراوح	23
يجري	23
الاجراءات	23
جراء	23
تزيد	23
العشرين	23
المدير	23
مؤخرا	23
منظمات	23
الاعضاء	23
مقر	23
قريباً	23
الحال	23
أمريكية	23
كثيرة	23
والغاز	23
الوحدات	23
العقارات	23
والصلب	23
الشبكة	23
أمن	23
تحسين	23
توجيه	23
للولايات	23
المبادرة	23
القيمة	23
التقليدية	23
للبنك	23
الاتفاقية	23
الكهربائية	23
اليورو	23
مسئول	23
العقد	22
احدى	22
قتلوا	22
الرياض	22
تريد	22
الملكية	22
رفضت	22
لنا	22
قيد	22
تنمية	22
تستطيع	22
صفر	22
الوسطى	22
الطاقم	22
سوء	22
لدينا	22
الممكن	22
قاعدة	22
لعام	22
يبحث	22
بيد	22
بطولة	22
يحدث	22
خالد	22
الكونغو	22
لضمان	22
الفصائل	22
سيدني	22
اختيار	22
يتوقع	22
الملف	22
الرياضية	22
بمثابة	22
زالت	22
قريبا	22
يدعو	22
صحافي	22
لشراء	22
قررت	22
موافقة	22
رئاسة	22
الجنود	22
البعض	22
حساب	22
ثاني	22
ارييل	22
بوقف	22
وزيادة	22
ادى	22
الغرف	22
معه	22
مؤسسة	22
الهندي	22
اهمية	22
الحصار	22
المستشفيات	22
ونحن	22
الشعبي	22
العزيز	22
محافظ	22
اجراء	22
الحالة	22
النيابة	22
بعدم	22
والعراق	22
وحسب	22
وكل	22
السودانية	22
تلقى	22
ألا	22
الأسد	22
بهم	22
والعمل	22
دائرة	22
البيانات	22
عالية	22
الدخل	22
مصنع	22
لافتاً	22
الأميركي	22
بالجنيه	22
مؤسسات	22
تتمتع	22
أداء	22
تحدث	22
أسواق	22
والده	22
المرة	22
أهم	22
وأكدت	22
غرفة	22
احتياجات	22
الاستثمارية	22
الأولية	22
بورصة	22
الأعضاء	22
إجراءات	22
وسوف	22
الربع	22
فاجبايى	22
المستشار	21
التوجه	21
الجنرال	21
بلدة	21
وجنوب	21
ومنذ	21
نقاط	21
بالكامل	21
يملك	21
بواسطة	21
طرف	21
الثقافة	21
تبحث	21
لاعب	21
ذاتها	21
سعيد	21
الافريقية	21
الوحيد	21
الاطراف	21
علاقة	21
جيدة	21
الامارات	21
بات	21
سيؤدي	21
بزيارة	21
قوية	21
تملك	21
وعن	21
الاعلام	21
تحتاج	21
بقوة	21
معينة	21
هما	21
اللاجئين	21
الوصول	21
اميركا	21
الصادرة	21
الصدد	21
حقق	21
شباب	21
كرة	21
نقطة	21
زيارته	21
استبعاد	21
الموجودة	21
كونغ	21
الاراضي	21
مسؤولون	21
الهدف	21
اجتماعات	21
البدء	21
صورة	21
اليونان	21
استمر	21
تحقق	21
تشغيل	21
المبلغ	21
الضرائب	21
يؤثر	21
عائلة	21
قدر	21
المطلوبة	21
الأزمة	21
جاءت	21
المسيحية	21
أمريكي	21
بمدينة	21
الاجانب	21
القدرة	21
ظاهرة	21
القروض	21
وزاد	21
الرأي	21
لتمويل	21
وأنه	21
المواقف	21
الاجنبية	21
أعداد	21
لأي	21
يحتاج	21
موضحاً	21
وتوقع	21
معاهدة	21
الثنائية	21
فضلاً	21
المدنية	21
العملة	21
الصهيونية	21
الطبيعية	21
الأحزاب	21
والمنتجات	21
المباحثات	21
قرشا	21
المصرفي	21
العصر	21
لأنه	21
أرض	21
الإسرائيلى	21
اللائحة	21
سلالة	21
جاكسونفيل	21
وعدد	20
فرض	20
الثورة	20
بول	20
التابع	20
السادس	20
للفلسطينيين	20
العدل	20
موسى	20
لمنظمة	20
قصيرة	20
التقى	20
لمواجهة	20
ريال	20
مبدأ	20
الجميع	20
اخر	20
رؤساء	20
مضيفا	20
الرسمي	20
اشهر	20
انجليس	20
نظر	20
سان	20
الصفقة	20
الاهتمام	20
رسميا	20
مستقبل	20
نيجيريا	20
فهي	20
كتاب	20
البنزين	20
المجاورة	20
انقاذ	20
تشير	20
الحق	20
هونغ	20
المعدنية	20
بقيادة	20
القريبة	20
الفضائية	20
ينبغي	20
تظهر	20
مسؤولية	20
روما	20
القليلة	20
قادرة	20
الاستفادة	20
العالي	20
احتلال	20
الحفاظ	20
النيل	20
الميزان	20
الأنشطة	20
جماعة	20
يعتقد	20
والدول	20
التجمع	20
الارتفاع	20
الأقل	20
خطوة	20
الصحي	20
توقف	20
فائدة	20
القابضة	20
ليصل	20
بسعر	20
مليوناً	20
الطرق	20
لأنها	20
الدمار	20
كيف	20
سابقاً	20
الخط	20
المرضى	20
جنيف	20
كلية	20
الجزء	20
الاخوان	20
وأعلن	20
أصل	20
الانتهاء	20
الإدارية	20
الطب	20
إطلاق	20
إنها	20
المصرفية	20
الترشيح	20
خان	20
الاساسية	19
يقل	19
الاوروبية	19
عسكري	19
ذاته	19
آخرين	19
تقريبا	19
ثمانية	19
البضائع	19
الزعيم	19
كلا	19
الاذاعة	19
الهواء	19
فرق	19
بارنتس	19
الفنية	19
دورا	19
الارض	19
الفلسطينيون	19
دخل	19
مراقبة	19
بالاضافة	19
افضل	19
العائد	19
ويتوقع	19
تعيين	19
ورفض	19
لديهم	19
سحب	19
شروط	19
وجهة	19
كميات	19
مواد	19
تتولى	19
القول	19
وهذه	19
نسخة	19
تعديل	19
والصناعة	19
الشورى	19
القومية	19
اولى	19
الضفة	19
النشاط	19
الحظر	19
حيال	19
تعود	19
والسعودية	19
الفساد	19
مسؤولين	19
ضوء	19
علماء	19
بمقدار	19
ونقل	19
قرية	19
فيهم	19
الطلاب	19
تعاون	19
معهم	19
الأنباء	19
وخاصة	19
تفعيل	19
بمنطقة	19
مدة	19
كيفية	19
تجارية	19
الأمير	19
يتطلب	19
الدم	19
أصحاب	19
الاسمنت	19
مياه	19
الخطة	19
الطعن	19
برامج	19
أية	19
البيئة	19
جرى	19
طلبات	19
الدخول	19
المفوضية	19
الإرهاب	19
الإعلان	19
السياحية	19
لأول	19
وإنما	19
استيراد	19
لحقوق	19
وإلى	19
الإنترنت	19
الهندى	19
الطاعون	19
الالمانية	18
اعتقال	18
يصبح	18
السفارة	18
المدني	18
وروسيا	18
فلاديمير	18
نقلت	18
النووي	18
الكوري	18
حياة	18
وارتفاع	18
تقع	18
انتشار	18
اسيا	18
حادث	18
عباس	18
انتهت	18
الواحد	18
السريع	18
صفوف	18
اندونيسيا	18
الرهينة	18
الفيليبين	18
ووصف	18
ومنها	18
قوى	18
يتمتع	18
سكانها	18
كيلومترا	18
بذل	18
افاد	18
الكريم	18
المنتج	18
الخطوة	18
جاك	18
التوقعات	18
التيار	18
الدراسات	18
منصب	18
يحق	18
فيلم	18
مصانع	18
والتعاون	18
لقائه	18
كشمير	18
تصفيات	18
دولي	18
ونصف	18
لوقف	18
جرت	18
الصباح	18
بسرعة	18
النصف	18
آسيا	18
مجلة	18
لعقد	18
نجاح	18
بصفة	18
هدف	18
المباشرة	18
فمن	18
للتنمية	18
المدى	18
الاتفاقيات	18
التونسي	18
وأوضحت	18
المشاركين	18
الشأن	18
محل	18
حرية	18
الأمني	18
رفح	18
القانونية	18
الأيام	18
الأمنية	18
التقارير	18
الحقيقية	18
بلايين	18
السكنية	18
للبيع	18
عالمية	18
فؤاد	18
للتصدير	18
تداعيات	18
المحتلة	18
مراجعة	18
العملاء	18
نظرية	18
التنفيذي	18
المسألة	18
مجموع	18
ضرب	18
عنوان	18
بالتعاون	18
معركة	18
لدعم	18
منتجات	18
والدكتور	18
وبعض	18
العيون	18
جذب	18
واردات	18
القديم	18
الأدوية	18
صناعية	18
الأمريكيين	18
بالقاهرة	18
المرتبة	18
الإجمالي	18
أبريل	18
المسئولين	18
معاً	18
إسرائيلي	18
خارطة	18
الصناعي	18
بلا	18
أوائل	18
الإمبراطورية	18
هى	18
الاوروبى	18
البلاستيدات	18
اميركية	17
تؤكد	17
لحماية	17
ويجب	17
رئيسا	17
وفاة	17
الامير	17
الحالات	17
هامش	17
المخدرات	17
منهما	17
الامور	17
الكورية	17
ولبنان	17
تجري	17
الحرارة	17
تؤثر	17
كلم	17
لرفع	17
مباشر	17
التنفيذية	17
القياسي	17
الفرصة	17
مدريد	17
المقررة	17
الموسم	17
سيد	17
يسعى	17
ازاء	17
تأمين	17
باستثناء	17
الصحراء	17
صاحب	17
وافقت	17
حققت	17
يهدف	17
شهاب	17
المائية	17
ورأى	17
لاعادة	17
الكتب	17
المحتمل	17
عشرات	17
للاتصالات	17
محاولات	17
البابا	17
طريقة	17
اليها	17
بد	17
توقع	17
قصر	17
الجنسية	17
سبل	17
البريطاني	17
العمالة	17
الوزارات	17
ل	17
الرياح	17
ولكنها	17
الفور	17
لتحديد	17
الدستور	17
اسمه	17
المبكر	17
شافيز	17
الرئاسة	17
حدة	17
طول	17
بعضهم	17
السماح	17
مصالح	17
انشاء	17
لمناقشة	17
حضور	17
طوال	17
تحويل	17
قدرة	17
حظر	17
العهد	17
تخضع	17
للدول	17
فهم	17
الآخرين	17
التزام	17
استعداد	17
الأمور	17
الحرس	17
أولى	17
الدعوة	17
خطوات	17
تقول	17
البلد	17
رد	17
ففي	17
درس	17
التدخل	17
قطعة	17
أم	17
التنسيق	17
بالرغم	17
ودول	17
بكثير	17
سلطة	17
مرض	17
المشاريع	17
الزواج	17
للسوق	17
بنظام	17
سداد	17
وشركات	17
الإيراني	17
الغزل	17
الخامات	17
بمعدل	17
أبرز	17
دائماً	17
اللغة	17
السبب	17
دبي	17
الأحوال	17
لمساعدة	17
الهجوم	17
لإنشاء	17
الاستيراد	17
تتجه	17
الاستراتيجية	17
القضاة	17
للشركات	17
متعددة	17
الاستمرار	17
أبناء	17
الفرص	17
أوضح	17
بوزارة	17
لإنتاج	17
الإسرائيليين	17
الأربعة	17
الودائع	17
الحاد	17
النقب	17
يوان	17
إيطاليا	17
الوطنى	17
صحفى	17
الانتاج	17
الالتهاب	17
وزيرا	17
مونتينيغرو	17
الأكسجين	17
الصادر	16
المصالح	16
اسبانيا	16
استمرت	16
التجار	16
تسمح	16
للعمل	16
واوضحت	16
ضحايا	16
عددا	16
لنقل	16
مواقف	16
فلسطينيين	16
بدا	16
عاصمة	16
اوروبا	16
مستعدة	16
جيمس	16
الاميرال	16
تحول	16
مواصلة	16
تعرضت	16
والفلسطينيين	16
القائم	16
ويضم	16
يشار	16
يريد	16
المهمة	16
المباراة	16
يحقق	16
كثيرا	16
بدلا	16
تسليم	16
التوالي	16
هولندا	16
ضم	16
الاسلام	16
الاعمار	16
المسؤولية	16
ولفت	16
احداث	16
المراكز	16
يعقد	16
آل	16
الاعتماد	16
خطيرة	16
الرئاسية	16
بلدية	16
وقبل	16
والعشرين	16
تعليق	16
ويقول	16
حصيلة	16
حمد	16
يقضي	16
للاتحاد	16
يستطيع	16
مستشار	16
عين	16
صدرت	16
صدور	16
تقارير	16
الاعتراف	16
عجز	16
شباط	16
صلاح	16
استقبال	16
بمشاركة	16
بلد	16
التحرك	16
الخامس	16
سيارات	16
رحلات	16
مساعد	16
باستخدام	16
الاستقلال	16
كوفي	16
الثامن	16
تصدر	16
اكتشاف	16
للشركة	16
تشجيع	16
فحسب	16
واضح	16
مارك	16
السلاح	16
نجحت	16
القصف	16
الخرطوم	16
القضائية	16
العلاج	16
ترك	16
للبحث	16
الاسعار	16
السنوية	16
اسعار	16
المطروحة	16
أفراد	16
فرقة	16
التغيير	16
وطنية	16
مناخ	16
تلقت	16
شاملة	16
القرآن	16
ضمان	16
المتقدمة	16
لتطوير	16
بخلاف	16
ظهرت	16
البترولية	16
الغربي	16
يوماً	16
دراسات	16
التخصيص	16
الهندسية	16
المنسوجات	16
تجاوز	16
وإعادة	16
الضخمة	16
بقية	16
أسلحة	16
يساعد	16
أيلول	16
البصرة	16
العدو	16
تغير	16
حكومية	16
خلفية	16
قوانين	16
مناقشة	16
التجربة	16
بمجلس	16
وشركة	16
المصدرين	16
التوسع	16
اقتراح	16
الحكيم	16
الرد	16
نور	16
الأجهزة	16
مدرسة	16
المباشر	16
إما	16
لذا	16
الحاجة	16
وأعضاء	16
والملابس	16
برفع	16
الأردن	16
ملياراً	16
الحديدية	16
السفن	16
الشيوخ	16
الديمقراطية	16
بالسارس	16
إنجلترا	16
متحدث	15
قنبلة	15
ست	15
منصبه	15
يد	15
تسعة	15
تفاهم	15
المحادثات	15
الاخير	15
خلاف	15
فيتنام	15
رئيسي	15
الجنوبي	15
النقاط	15
باستمرار	15
وحدات	15
الصعيد	15
يشمل	15
الروماني	15
سلاح	15
عمق	15
تعتزم	15
المساعدة	15
درجات	15
صعيد	15
وفرنسا	15
ليكون	15
البطولة	15
للصحافيين	15
شارك	15
يمكنه	15
تشارك	15
تدريب	15
ويبدو	15
معربس	15
بحضور	15
بوجود	15
اسبوعين	15
يعملون	15
خطورة	15
ت	15
اتخذت	15
كبرى	15
دولارا	15
تحصل	15
لكنهم	15
ذي	15
تجمع	15
ورجال	15
البلدية	15
والصحة	15
حاول	15
والحكومة	15
يبقى	15
التاسع	15
صحف	15
قريبة	15
وضعت	15
اشارة	15
مقدمة	15
والكويت	15
قبيل	15
مليونا	15
نقابة	15
المعتقلين	15
انان	15
الخطاب	15
تضمن	15
بيانات	15
يتحدث	15
طرحت	15
جمع	15
تحرك	15
المنتظر	15
المسؤولون	15
اهم	15
البرازيل	15
لاحق	15
خلق	15
وسوريا	15
الكويتي	15
التخطيط	15
عبدالله	15
جابر	15
طلبت	15
وجهات	15
قدمت	15
أهداف	15
الانسانية	15
سنتين	15
المستقلة	15
الرؤية	15
واعادة	15
المخصصة	15
التركيز	15
القرارات	15
الأجانب	15
طبية	15
التهديد	15
المقدمة	15
تمكن	15
الفلوجة	15
والاستقرار	15
نظرا	15
ظروف	15
المسيحيين	15
اعتبار	15
علاوة	15
الإنفاق	15
للقطاع	15
خدمات	15
ضغط	15
المتخصصة	15
العقاري	15
التراجع	15
الأجل	15
التحتية	15
منافسة	15
وحذر	15
حصة	15
الانتفاضة	15
آلية	15
سياسات	15
التقدم	15
معتبراً	15
أمر	15
الكيماوية	15
يثير	15
بطاقة	15
اجتماعاً	15
صادراتها	15
يشير	15
العصور	15
أصبحت	15
ضغوط	15
شامل	15
كولن	15
وأضافت	15
مرور	15
الزراعة	15
الهجمات	15
توقعات	15
الخليجية	15
استثمارية	15
ترتفع	15
يهدد	15
طاقة	15
الجماعات	15
الانخفاض	15
التحالف	15
توزيع	15
مدارس	15
الباكستانية	15
الجمركية	15
التمثيل	15
المدرسة	15
جديداً	15
الجامعي	15
أغسطس	15
الخصوصية	15
الإغراق	15
بالمنطقة	15
صفقة	15
الأهداف	15
أسرة	15
تسجيل	15
القرية	15
الآثار	15
وشمال	15
الاوبك	15
بجامعة	15
غاز	15
الإنتاجية	15
أنحاء	15
تعتمد	15
الحجاب	15
للطاقة	15
الرئوى	15
الامريكيين	15
تسلا	15
المشطيات	15
نيوكاسل	15
ترفض	14
جنرال	14
التكنولوجية	14
الاشخاص	14
المحلات	14
البعث	14
شرعية	14
رسم	14
الرحمن	14
توجه	14
الرجال	14
بحيرة	14
العاصفة	14
مستمرة	14
وسبق	14
لتصبح	14
ايهود	14
ووضع	14
قبالة	14
رفيع	14
لاجراء	14
التحرير	14
وتعتبر	14
غادر	14
الكرة	14
فيينا	14
نادي	14
انقرة	14
الانتقال	14
مبلغ	14
نهائي	14
جان	14
النزاع	14
كينشاسا	14
لدول	14
الاقليمية	14
ذهبية	14
جونز	14
آذار	14
جولو	14
بانه	14
كارثة	14
اجنبية	14
اللبنانيين	14
اللجان	14
اميل	14
الامنية	14
تايمز	14
وخلال	14
الجمهوري	14
مئات	14
اسلامية	14
العلماء	14
عرب	14
الصعود	14
تخفيف	14
بحاجة	14
عددهم	14
سن	14
تعلن	14
نساء	14
تقل	14
دخلت	14
آثار	14
بريتيش	14
اعرب	14
القريب	14
عكس	14
العدد	14
الخلاف	14
الكامل	14
البشرية	14
الاعتبار	14
المحافظ	14
الديني	14
بالمئة	14
يحدد	14
الخروج	14
ناطق	14
صنع	14
دير	14
بتقديم	14
اليمين	14
لوزارة	14
القتلى	14
الباب	14
انتقادات	14
الاردنية	14
كنيسة	14
صحة	14
والدفاع	14
عادل	14
المسيح	14
المفروضة	14
العامين	14
السوداني	14
المفروض	14
محامي	14
بني	14
شرطة	14
لتقديم	14
إعداد	14
كثيراً	14
الغرض	14
الليلة	14
ميناء	14
لفترة	14
تبقى	14
حقيقية	14
المشتبه	14
العابدين	14
الأمة	14
طالما	14
القطاعات	14
والمؤسسات	14
تأجيل	14
أحدث	14
وأنها	14
الطلاق	14
الناحية	14
تدعو	14
قواتها	14
جملة	14
التنفيذ	14
لتعزيز	14
يسمى	14
والطلب	14
العقارية	14
آليات	14
لشركات	14
متوسط	14
فلا	14
المحافظات	14
للصناعات	14
الصلب	14
وفيما	14
للأمم	14
الموافقة	14
قائلاً	14
تراجعت	14
تركز	14
المطارات	14
بدءاً	14
وربما	14
الألعاب	14
ابن	14
شهور	14
الركاب	14
زيد	14
بعنوان	14
مبادرة	14
البحوث	14
السنوي	14
الأطراف	14
ونفى	14
الخسائر	14
الألماني	14
الحقوق	14
ودعم	14
الراهنة	14
ومحمد	14
يخدم	14
ممثلي	14
موازنة	14
تأخذ	14
دينية	14
اليخوت	14
الحوافز	14
الدولتين	14
تستهدف	14
رؤوس	14
الصراع	14
وعندما	14
المطاف	14
وحول	14
البداية	14
لجميع	14
البرامج	14
المخطط	14
الدروس	14
أسباب	14
حزمة	14
إنهاء	14
المستوردة	14
الأفريقي	14
أعقاب	14
بالسوق	14
أقصى	14
الألمانية	14
المسئول	14
أضاف	14
أموال	14
لاحقاً	14
أنا	14
السكاني	14
الفيدرالية	14
تكنولوجيا	14
الصعيدي	14
إمكانية	14
مرضى	14
الأحكام	14
وهى	14
البريطانى	14
جمالى	14
فياض	14
النظرية	14
الكربون	14
أيضًا	14
سكاي	14
واشارت	13
التكنولوجيا	13
الاحوال	13
يومين	13
اصابة	13
بتهمة	13
الكويتية	13
ردا	13
واصابة	13
ليل	13
جندي	13
بوتين	13
العثور	13
الضحايا	13
ضبط	13
البريطانيين	13
شيئا	13
متنها	13
العبرية	13
واسرائيل	13
البالغة	13
اليابانية	13
حاملة	13
المتاحة	13
لانقاذ	13
شديد	13
الوسائل	13
اتصال	13
تطالب	13
الياباني	13
تهديد	13
قريع	13
المناسب	13
نيقوسيا	13
تماما	13
الايطالي	13
نهائيات	13
لعب	13
التأكيد	13
استغلال	13
دعت	13
موارد	13
لوضع	13
ضمانات	13
زال	13
روبرت	13
عامين	13
الدوري	13
اوتي	13
تجارب	13
عادة	13
مراحل	13
لاستقبال	13
والاتصالات	13
تطورات	13
مكاتب	13
خلاله	13
الانترنت	13
غ	13
لتأمين	13
صغير	13
لتوفير	13
تتوقع	13
طبقا	13
الرابعة	13
اجهزة	13
ثقة	13
الانفجار	13
افينتاخادو	13
الثمانينات	13
غرار	13
ويمكن	13
الفوز	13
مسلحة	13
باتجاه	13
الصحيح	13
امير	13
كمال	13
استعادة	13
اتهم	13
الكنيست	13
تفيد	13
تايلاند	13
ثمن	13
تفاصيل	13
وتبلغ	13
المؤهلة	13
الاعلان	13
جيش	13
المقامة	13
السكك	13
وزيرة	13
قيمته	13
المجموعات	13
المستحقة	13
التعبير	13
والبريطانية	13
العدوان	13
الطن	13
انحاء	13
دين	13
المقاطعة	13
ويبلغ	13
عما	13
تكوين	13
ماليزيا	13
يعتمد	13
انتخاب	13
جدول	13
تسبب	13
الحي	13
الخليل	13
موضع	13
الالتزام	13
البحري	13
للشباب	13
فهد	13
خدمة	13
والعالم	13
الماضيين	13
للعالم	13
مساعدات	13
بالعراق	13
بواقع	13
الجمهور	13
منزل	13
للسلام	13
آي	13
الأربعاء	13
العائلة	13
طلاب	13
اقتصادي	13
جدوى	13
مهم	13
لبعض	13
تنفيذها	13
القبض	13
وكالات	13
ممن	13
الاوضاع	13
عراقيين	13
المدنيين	13
التعديل	13
إقرار	13
وأعرب	13
الداخل	13
السوداء	13
ونيجيريا	13
مشاورات	13
ندوة	13
يجعل	13
وتحديد	13
النتائج	13
سيادة	13
مطلعة	13
زين	13
المبارك	13
الجهاد	13
صواريخ	13
خطط	13
للمشروع	13
الاتهامات	13
هامة	13
التكامل	13
الطبي	13
القرموطي	13
المعروض	13
تتمثل	13
الديون	13
ألفاً	13
أولاً	13
مجمع	13
قيادات	13
إبراهيم	13
بأي	13
الصهيوني	13
أفادت	13
شيراك	13
القطع	13
الحصص	13
المصنع	13
المستخدمة	13
الرقابة	13
طرق	13
الأساسي	13
المستمر	13
رأسها	13
تدمير	13
البحرين	13
عربي	13
معارضة	13
الاتهام	13
العمومية	13
التحديات	13
عبدالعزيز	13
أظهرت	13
لدفع	13
الإطار	13
كون	13
ثابت	13
وعلمت	13
ويتم	13
الأتراك	13
القبارصة	13
ترى	13
الشيء	13
الجامعات	13
المحاكم	13
الأحداث	13
رموز	13
لنظام	13
والاقتصادية	13
تؤدي	13
مزيد	13
جودة	13
كينيا	13
قرنة	13
شهوان	13
شالوم	13
شيكاغو	13
حقيقي	13
الحروب	13
التشريعات	13
الأعداد	13
أمين	13
أنفسهم	13
الواضح	13
مصريون	13
مؤخراً	13
يقرب	13
فحص	13
لاسيما	13
للمشروعات	13
الإيداعات	13
صافي	13
النامية	13
الناصري	13
التكلفة	13
وإسرائيل	13
النعيمي	13
الخبرة	13
الفرنسيين	13
خليج	13
رايس	13
ألمانيا	13
المعاهدة	13
انخفض	13
الأسهم	13
عراق	13
بقرار	13
الميلاد	13
شانغهاى	13
الشجاعية	13
الحضرية	13
الحيوانات	13
أنجلس	13
ام	12
الاسواق	12
الاسباني	12
وبدأت	12
اميركي	12
طالبت	12
غياب	12
بطلب	12
الحوادث	12
البيت	12
الابيض	12
جي	12
اقل	12
النوع	12
شريك	12
الكندية	12
الصحافيين	12
عنهم	12
عادت	12
ايار	12
الاوروبي	12
بأسعار	12
احياء	12
تعرف	12
اجلاء	12
والطاقة	12
الخامسة	12
بمساعدة	12
روس	12
مدرب	12
اللاعبين	12
انتقال	12
دفعة	12
مليوني	12
قدرها	12
حادة	12
مسابقة	12
الضرورية	12
الضغوط	12
المراقبين	12
الدرجة	12
اربع	12
زاد	12
المعايير	12
مادة	12
الفحص	12
ظهور	12
الافراج	12
عيد	12
سيف	12
معمر	12
الشراء	12
للانتخابات	12
غور	12
معهد	12
سيفان	12
لتحسين	12
الاتحادية	12
المحليين	12
التصويت	12
كثير	12
لمراقبة	12
الرجل	12
تغييرات	12
تسلم	12
وانتقد	12
النهائية	12
قتيلا	12
قانونية	12
عصر	12
السيارة	12
سرعة	12
واذا	12
يتيح	12
تزداد	12
فقال	12
الراهن	12
الدوحة	12
القطري	12
البالغ	12
خدام	12
لسوريا	12
الجولان	12
المحافظة	12
ضمت	12
رحلة	12
الوثائق	12
الاصلاح	12
الدقيقة	12
ازمة	12
بيت	12
فلسطينيون	12
وعقد	12
وكيل	12
اسلام	12
ثالث	12
الثقافية	12
المادة	12
مصير	12
العناصر	12
عروض	12
ضربة	12
وضعها	12
تل	12
وبحسب	12
يكشف	12
الجزائري	12
الاعلى	12
الشبان	12
تحدد	12
الممنوحة	12
وبدا	12
الاطار	12
الشمالي	12
وسيتم	12
يقود	12
سابقة	12
صادر	12
يظهر	12
المستقبلية	12
الحرم	12
فازت	12
تعقد	12
الجلسة	12
وكشفت	12
القاضي	12
مرتين	12
والخدمات	12
اللجوء	12
للمنافسة	12
المطلوب	12
اية	12
لتكون	12
ممكنة	12
تسمى	12
والذين	12
الثانوية	12
الولاية	12
الحين	12
الاستراتيجي	12
لك	12
رؤية	12
التفكير	12
مواطن	12
الأسابيع	12
لحركة	12
أسابيع	12
يتعرض	12
العدالة	12
مبنى	12
التوقيع	12
صحفية	12
يفترض	12
القمر	12
كاملة	12
الخارجي	12
كمية	12
يمر	12
التنافسية	12
للجيش	12
وتأتي	12
التعذيب	12
أوروبية	12
مماثلة	12
وتوفير	12
التطور	12
حرارة	12
المتهمين	12
الإسكان	12
تحريك	12
تخصيصها	12
سكنية	12
وحماية	12
أرباح	12
الهيئات	12
تقف	12
الفوضى	12
تطلق	12
اصدار	12
لسورية	12
دوراً	12
لتنمية	12
المزايا	12
المقدم	12
المعدات	12
الدولارية	12
طرحها	12
بجنوب	12
التصريحات	12
صور	12
وحدها	12
جعل	12
ورد	12
يعيشون	12
الأسباب	12
للحد	12
نقص	12
للمنطقة	12
ويعتقد	12
بروتوكول	12
طبيعة	12
أمنية	12
عصام	12
أميركا	12
التهديدات	12
سلطان	12
محدودة	12
والشركات	12
سياق	12
والرئيس	12
تعاني	12
الاسكتلندي	12
العالية	12
مساحتها	12
متكاملة	12
الجمعيات	12
للمنتجات	12
جهات	12
الكردية	12
التنظيم	12
أحداث	12
كول	12
الفقر	12
أوضاع	12
الهجرة	12
مستويات	12
الغرفة	12
إفريقيا	12
جبال	12
سعره	12
مهما	12
محلية	12
المقدس	12
المصابين	12
الإصلاحات	12
إسماعيل	12
باعتباره	12
الشرقاوي	12
باتحاد	12
لإسرائيل	12
المضاربة	12
إغلاق	12
التالية	12
الإسكندرية	12
الكونجرس	12
كفاءة	12
مرشح	12
الفصل	12
عمله	12
كجم	12
ومنطقة	12
للبترول	12
والهند	12
أشكال	12
مرشحي	12
المتحف	12
إزاء	12
غالباً	12
العقدة	12
رومانيا	12
جين	12
المجمع	12
أربع	12
الأطفال	12
جوزيف	12
أوقات	12
العالمى	12
بى	12
الاراضى	12
متحف	12
الثانى	12
لى	12
إسترليني	12
الإمبراطور	12
لوثر	12
المعني	12
عددها	11
يرفض	11
الاسبانية	11
القتال	11
بلجيكا	11
الاميركيين	11
حوادث	11
الصحافي	11
الحرائق	11
للتوصل	11
السبع	11
قرابة	11
عنف	11
مخيم	11
كندا	11
عنصر	11
يريدون	11
هوية	11
بدعم	11
حذرت	11
العائلات	11
اقترح	11
اللقاءات	11
الادنى	11
للفوز	11
فوز	11
البحارة	11
موضحا	11
عوامل	11
تقدمت	11
ايجابية	11
تلعب	11
يلتقي	11
عمرو	11
الشرقي	11
علما	11
ابرز	11
وستكون	11
فاروق	11
رفضه	11
يشهد	11
الاقل	11
بعثة	11
وطني	11
يمكنها	11
سليم	11
تبين	11
الخصوص	11
بطل	11
بدور	11
والصين	11
الموجود	11
ستيفن	11
موجودة	11
اسماعيل	11
يكفي	11
واعترف	11
وبالنسبة	11
تضمنت	11
القواعد	11
شؤون	11
مرتفعة	11
الحضور	11
الساعات	11
نريد	11
دائما	11
السابع	11
لاحقا	11
يضمن	11
الذهبية	11
ذهب	11
استثمار	11
سيارة	11
العلوم	11
دار	11
التأثير	11
وقتل	11
نصيب	11
الناطق	11
نظم	11
متوجها	11
القسم	11
حكومي	11
محتشمي	11
الغالبية	11
جبهة	11
دعوى	11
حافظ	11
وغيرهم	11
شهد	11
تسوية	11
اندلاع	11
الانسحاب	11
لاسرائيل	11
مدنية	11
عيان	11
تكشف	11
فاجبايي	11
جيد	11
يحاول	11
رئيسة	11
جدية	11
يوازي	11
السياسيين	11
رأى	11
صيغة	11
يستبعد	11
المصريون	11
تتعرض	11
كراكاس	11
تحتوي	11
تتيح	11
امله	11
المستوطنات	11
الصعب	11
الصيف	11
باباندريو	11
نبيل	11
شاب	11
تخفيض	11
بوضع	11
يتولى	11
معروف	11
تقام	11
الجبهة	11
وحزب	11
لتحرير	11
ورقة	11
استجابة	11
الوطن	11
ضباط	11
تصبح	11
المبدأ	11
ترغب	11
للقيام	11
ولي	11
المباني	11
افغانستان	11
أجنبية	11
التعديلات	11
نسب	11
بمركز	11
اسقاط	11
المسلحين	11
المستهدف	11
قصف	11
وانه	11
رصد	11
الانتخابي	11
هلال	11
الشمس	11
ليلة	11
بخصوص	11
وتطوير	11
والدولية	11
يطالب	11
سرية	11
أشخاص	11
والثقافية	11
اساس	11
عطية	11
الفيلم	11
شأنه	11
تخصيص	11
تبدو	11
رغبة	11
الشديد	11
ولذلك	11
رعاية	11
والاجتماعية	11
ويأتي	11
الفضاء	11
الوفيات	11
لبرنامج	11
مطالبة	11
لماذا	11
تنشيط	11
مبرر	11
حصص	11
أنواع	11
السيولة	11
مشروعاً	11
بأنهم	11
موحد	11
تنوي	11
حلمي	11
نجاحاً	11
عاجلة	11
لإعادة	11
أطلقت	11
قراراً	11
الخزانة	11
والمعلومات	11
للتجارة	11
أصول	11
الفني	11
المعروفة	11
يقدم	11
رسمياً	11
النقابة	11
ضعف	11
الصلة	11
جريدة	11
شعب	11
تعني	11
التالي	11
النقاش	11
الفكرة	11
الحرية	11
والتعليم	11
المواضيع	11
الجانبان	11
الارهابية	11
والنقل	11
النجاح	11
إمكان	11
المتعثرين	11
شعبة	11
الوجود	11
بلدان	11
وأيضاً	11
السياح	11
نسبتها	11
القطن	11
حرص	11
تقسيم	11
عائدات	11
تجاري	11
السعوديين	11
للدولار	11
دام	11
الكلام	11
قادر	11
وهل	11
صحية	11
أسس	11
الاطباء	11
بعيد	11
إصابة	11
إعمار	11
الأرباح	11
وسيلة	11
أدت	11
توفر	11
إسرائيليين	11
التشاور	11
التضخم	11
الإيطالية	11
حمدي	11
للبضائع	11
اكستريور	11
بالبنك	11
وبلغت	11
مباحثات	11
المعونة	11
لقانون	11
العظمى	11
وتشمل	11
الأساس	11
باعتبار	11
وصف	11
دونالد	11
البدو	11
صناعي	11
أغلب	11
للطن	11
أعرب	11
الخلايا	11
وثيقة	11
العنصري	11
غسيل	11
الدستورية	11
شارع	11
يقع	11
واخيرة	11
والتى	11
المسافرين	11
بالمائة	11
الاوربى	11
اللبنانى	11
كارولينا	11
اللصوص	11
التركى	11
الأمازون	11
تيموجين	11
الصيدلة	11
هارفارد	11
افادت	10
شدد	10
عقوبات	10
الساحة	10
الكاتب	10
الالماني	10
قواعد	10
اسابيع	10
مرفأ	10
ادت	10
واصيب	10
مغادرة	10
المسائل	10
اشار	10
بحثا	10
المهاجرين	10
هانوي	10
لمشروع	10
كيم	10
مشروعا	10
اوضح	10
هنري	10
امكان	10
بقاء	10
العوامل	10
غرق	10
كريس	10
وزيري	10
القاها	10
بشان	10
حلول	10
يعطي	10
التشريعي	10
علاء	10
مازن	10
تأكيد	10
اللقب	10
الملاعب	10
جديدا	10
مسيرة	10
لانه	10
الاهلي	10
زامبيا	10
وجدد	10
العسكريين	10
المتمردين	10
انا	10
مشيرة	10
تثبت	10
سجلت	10
الايطالية	10
تولى	10
ردود	10
تأمل	10
الواردة	10
لبناني	10
السيدة	10
ممثل	10
باتت	10
لتشكيل	10
افتتح	10
زعماء	10
شك	10
تنطلق	10
بانها	10
مقعدا	10
اعتبارا	10
الموضوعات	10
سلامة	10
شعر	10
جزر	10
تطبيقها	10
اواخر	10
بموجب	10
نيوز	10
الروس	10
لاطلاق	10
والاستثمار	10
المرشح	10
الشكل	10
التجارب	10
ستبدأ	10
دليل	10
العمر	10
قاع	10
وعبد	10
اليمن	10
تدهور	10
نقاش	10
اليهودي	10
رضا	10
الصحافة	10
سفير	10
حرمة	10
دقائق	10
واليابان	10
سمير	10
طريقها	10
لعدد	10
طيار	10
البطالة	10
غد	10
الاكثر	10
الاحكام	10
ومنع	10
شهود	10
توفي	10
الحاخام	10
الغارات	10
الكونكورد	10
الخلافات	10
لعملية	10
اتال	10
فضلا	10
استهلاك	10
صعبة	10
هاتفيا	10
نص	10
تمديد	10
ترتبط	10
احتياطات	10
ستتم	10
اقيمت	10
بوتفليقة	10
شوارع	10
تحولت	10
سطح	10
المهم	10
الفنزويلي	10
جولته	10
المشروبات	10
شملت	10
باقي	10
المنتجين	10
يشتبه	10
ويجري	10
يرغب	10
وتضم	10
شعث	10
جهته	10
يشعر	10
اليمنية	10
البرية	10
واتهم	10
تستمر	10
الرسالة	10
معسكر	10
البشير	10
مستوطنة	10
الموظفين	10
جدة	10
استقلال	10
بالعمل	10
القلق	10
حفل	10
المسجد	10
العضو	10
مفتوحة	10
والى	10
يمكنك	10
مناسبة	10
عليك	10
الشخصية	10
وبناء	10
اتصالات	10
فرع	10
ربط	10
مقدمتها	10
بصدد	10
شن	10
اخرين	10
الطبيب	10
نوعها	10
بالغة	10
العلمية	10
مثلا	10
العلمي	10
وتنظيم	10
مبادئ	10
يشبه	10
دوائر	10
شديدة	10
العناية	10
وتحقيق	10
الاقتراع	10
الحجر	10
بدعوى	10
فجر	10
مؤكدة	10
السلمية	10
محاكمة	10
جادة	10
تتخذ	10
فإنه	10
تمتلك	10
بقدر	10
فترات	10
بنود	10
الخمس	10
بعمليات	10
البيع	10
للاستثمارات	10
حاد	10
والصناعات	10
يتبع	10
اجمالي	10
المرافق	10
تصفية	10
بنوك	10
إشارة	10
تتطلب	10
حقول	10
انتاج	10
الصورة	10
رويترز	10
رداً	10
يختلف	10
يطرح	10
يستخدم	10
مختار	10
كلفة	10
هيكلة	10
المبالغ	10
كنعان	10
الأسلحة	10
وعضو	10
دائم	10
السياق	10
مقاومة	10
ترد	10
الآسيوية	10
يجوز	10
يقف	10
النموذج	10
جميعاً	10
خطر	10
الجو	10
اعترف	10
تدابير	10
فعالة	10
الطرف	10
نوعاً	10
الوباء	10
بعيداً	10
الحلول	10
ديون	10
تسهيل	10
تربط	10
الحريق	10
شهادة	10
مناهضة	10
للمساعدة	10
بعضها	10
سعد	10
نية	10
بيعها	10
التعدين	10
السندات	10
باعادة	10
المخزون	10
مسار	10
القبرصية	10
التدريس	10
شخصية	10
فعلاً	10
للشعب	10
أدلة	10
الاقتراح	10
أرقام	10
ارتفاعاً	10
إضافية	10
ودعت	10
علمت	10
ويذكر	10
يعانون	10
واحداً	10
والمالية	10
الموانئ	10
المتبادلة	10
طبقاً	10
يتراوح	10
حديثه	10
قليلة	10
تعكس	10
الشحن	10
مطالب	10
الإجراء	10
المضاربين	10
صعوبة	10
الحقيقي	10
الصرافة	10
المواجهة	10
ترشيح	10
النخبة	10
الزمني	10
للجنة	10
احترام	10
أسئلة	10
أصدر	10
حرم	10
أنباء	10
الحدودية	10
إصلاح	10
أواخر	10
للجامعة	10
للشؤون	10
المواقع	10
النسبة	10
الزرقاء	10
الإسلاميين	10
واتحاد	10
ويشير	10
فدان	10
بمقاطعة	10
بإلغاء	10
انخفضت	10
تشريع	10
بالدولار	10
راشد	10
بانخفاض	10
الأشهر	10
للبنوك	10
الدولاري	10
أذون	10
المنزلية	10
الأطباء	10
القيادات	10
لخفض	10
يعادل	10
المعروف	10
باعتبارها	10
بمصر	10
الموساد	10
الأقباط	10
مالي	10
الاسم	10
تدعم	10
الإقليمي	10
خور	10
العمية	10
المنتجة	10
المذكرة	10
أعطى	10
أبيب	10
إحاطة	10
الأدنى	10
للمواطنين	10
إيجاد	10
قابلة	10
أفريقي	10
ومنتجات	10
أراضي	10
الإلكتروني	10
التصنيع	10
القيود	10
لصناعة	10
دلتا	10
الأسمنت	10
باركليز	10
أردوغان	10
سيطرة	10
لكون	10
الصاج	10
أوكتين	10
الحالى	10
اجمالى	10
الغابات	10
المصرى	10
المهنية	10
نيودلهى	10
فلوريدا	10
أوكرانيا	10
ترامب	10
أستراليا	10
المناعة	10
بتغير	10
الميثودية	10
برلين	9
تصنيع	9
مواجهات	9
نووية	9
يغادر	9
المعهد	9
ربع	9
الجنسي	9
النهار	9
سقف	9
سفينة	9
امر	9
سيلتقي	9
تران	9
التقليدي	9
علاقاتها	9
اكدت	9
يقيمون	9
تعهد	9
الترتيبات	9
انسحاب	9
لتجنب	9
آن	9
انترفاكس	9
جهتها	9
توماس	9
كوستا	9
تلقي	9
لعمليات	9
الاسطول	9
بالقول	9
فاز	9
اتفاقات	9
ايجاد	9
ينتظر	9
وصوله	9
بالوكالة	9
لويس	9
تكمن	9
شهرين	9
التشكيلة	9
المباريات	9
يشارك	9
المشكلات	9
ابراهيم	9
الجولة	9
الاصابة	9
باطلاق	9
الاسرة	9
بموجبه	9
ويعتبر	9
صعوبات	9
يحصل	9
ويؤكد	9
فاشلة	9
وعاد	9
ميدالية	9
الاولمبية	9
اولمبياد	9
واستمرار	9
الالعاب	9
يدفع	9
جاكرتا	9
الاقليمي	9
دبلوماسية	9
سيتوجه	9
الانتقالي	9
الجناح	9
والثانية	9
فرضية	9
جاهزة	9
المحدد	9
الضوء	9
النيابية	9
المرونة	9
طه	9
ياسين	9
كورب	9
هذين	9
وخصوصا	9
اسهم	9
الترويج	9
المقاتلين	9
مخصصة	9
يمكننا	9
الظهر	9
وبدأ	9
حاكم	9
سياف	9
يشغل	9
يوحنا	9
الكلمة	9
مخاطر	9
الاطفال	9
كونها	9
دورية	9
الخبر	9
قتيل	9
الشاب	9
وقطع	9
تحسن	9
خليفة	9
العطية	9
المحطة	9
اللذين	9
الاكبر	9
نعرف	9
المقدسة	9
لائحة	9
خلافات	9
مترا	9
حياته	9
بلاد	9
المتوفرة	9
وقامت	9
تهدد	9
باشرت	9
اسرائيلية	9
غالبيتهم	9
يطلب	9
عاش	9
استهدفت	9
جريحا	9
كونكورد	9
لغة	9
ارهابية	9
بحكم	9
الكهربائي	9
قزوين	9
مساهمة	9
يأمل	9
التحقيقات	9
معروفة	9
الحلقات	9
انواع	9
الهاتف	9
اسرائيليين	9
الماء	9
جيدا	9
يوضح	9
هجمات	9
الغازية	9
التمييز	9
وجدت	9
سلبية	9
ويقوم	9
السيادة	9
الاسلامي	9
اشتباك	9
معربا	9
الثنائي	9
عقدت	9
بنفس	9
بعث	9
مائة	9
الليبيين	9
الانتظار	9
الهلال	9
الرحلات	9
ارسال	9
الضباط	9
مسائل	9
لاتخاذ	9
تنتهي	9
الكشف	9
كلف	9
الاحمر	9
كافية	9
اتصالا	9
عالم	9
مناسب	9
جيداً	9
اعوان	9
البقاء	9
التونسية	9
وتونس	9
السجون	9
تجاوزت	9
امريكية	9
منازل	9
سيئة	9
تساؤلات	9
لسنة	9
عمره	9
إحداث	9
اقناع	9
السرعة	9
الأفراد	9
معاريف	9
يمنع	9
يخص	9
حامد	9
كلمته	9
مكاسب	9
حب	9
عرضه	9
لأسباب	9
اشتباكات	9
جهد	9
إنهم	9
مناقشات	9
بسيطة	9
تتبع	9
صفقات	9
الأشخاص	9
تبني	9
العضوية	9
والبحث	9
حيز	9
يوفر	9
الاجتماعات	9
الأحيان	9
المساهمة	9
السلبية	9
الوقود	9
ينعكس	9
قروض	9
المبيعات	9
بمعنى	9
مساندة	9
وبلغ	9
تقدر	9
الأهلي	9
إنتاجها	9
مواطنين	9
للسلطة	9
وفلسطين	9
المشاورات	9
للسياسة	9
مهماً	9
إس	9
اعتباراً	9
قرشاً	9
المليون	9
النسيج	9
الآلات	9
الدولرة	9
كيلومتر	9
القصيرة	9
لقب	9
غازي	9
معالجة	9
نرى	9
بالقوة	9
سويسرا	9
الطفل	9
الجسم	9
محاربة	9
عموماً	9
تتحرك	9
وضمان	9
أنظمة	9
حديثة	9
تصميم	9
الكردستاني	9
مخاوف	9
المؤشرات	9
لطلب	9
الخطوات	9
طالبان	9
الحكومات	9
اباد	9
لواشنطن	9
الجدد	9
المستثمر	9
ممثلة	9
مفهوم	9
القانوني	9
القرض	9
اليونانية	9
عضوية	9
وعد	9
بزعامة	9
الانضمام	9
وأفادت	9
قضى	9
اتفاقاً	9
لخدمة	9
المدفوعات	9
تجاهل	9
إيرادات	9
إزالة	9
معين	9
نهائياً	9
المستثمرون	9
الإقبال	9
رئيسية	9
وسيكون	9
ثابتة	9
سمح	9
دولاراً	9
السياحي	9
استيرادها	9
للدخول	9
تعطي	9
للإصلاح	9
أساسي	9
يسير	9
التموين	9
البينية	9
الحريات	9
الطلبات	9
تعويم	9
قنوات	9
تختلف	9
الفكرية	9
معظمها	9
النقدي	9
يحمل	9
الخيار	9
عوض	9
الطبيعة	9
الماس	9
بتكلفة	9
المعادن	9
الإحصاءات	9
الهضيبي	9
الملامح	9
ورفع	9
كيلو	9
ظلت	9
اختبار	9
باستثمارات	9
والأجنبية	9
لتأسيس	9
برأسمال	9
التقنية	9
الائتمان	9
الادخار	9
وبذلك	9
بالشركة	9
تعاملات	9
التحكم	9
مؤقتة	9
الإقراض	9
بالبنوك	9
النقابات	9
أحزاب	9
الأم	9
أجريت	9
الكشح	9
المرجح	9
لابد	9
الأصل	9
هدنة	9
الناخبين	9
الإطلاق	9
والمغرب	9
جنيهاً	9
القناة	9
البريد	9
ترجمة	9
تساعد	9
الأنظمة	9
الجدار	9
الأفكار	9
صياغة	9
خيار	9
مزايا	9
حوافز	9
غسل	9
وزيراً	9
المحور	9
بالذكر	9
الجلبي	9
الوثيقة	9
سيناء	9
أحياناً	9
المستمرة	9
الهدنة	9
مستقرة	9
بالصين	9
الصناعى	9
الصحى	9
الفرنسى	9
الاسيان	9
شنتشن	9
الاقتصادى	9
تويوتا	9
ك	9
شخصاً	9
مدار	9
استراليا	9
غابات	9
التاي	9
اليان	9
المنخفضة	9
الأسود	9
النهر	9
سويف	9
إي	9
بدو	9
سانت	9
التوربينات	9
فريسنو	9
المناعي	9
العصيان	9
الراين	9
رخصة	8
دبابة	8
تنتج	8
العشر	8
وطلب	8
بحجة	8
شعبية	8
يطلق	8
سعود	8
مهام	8
ومجلس	8
وحيد	8
استغرقت	8
تتهم	8
حريق	8
جنوبي	8
شرقي	8
وتيرة	8
اعتقد	8
الكارثة	8
يتمكنوا	8
قادما	8
يحظى	8
العائلية	8
الكوريتين	8
داي	8
والفرنسية	8
الاسابيع	8
اصبح	8
الاخر	8
بحارة	8
خطير	8
كلها	8
جرحى	8
القوية	8
اركان	8
المفترض	8
للوقاية	8
التاريخية	8
اسرائيلي	8
بيلين	8
كنا	8
مسالة	8
بنجاح	8
المبعوث	8
النهائيات	8
الانكليزي	8
اللعب	8
والامارات	8
الحمراء	8
جدد	8
الحر	8
خسر	8
السفر	8
خشية	8
اطراف	8
تغ	8
لاستمرار	8
واعرب	8
الاموال	8
موقفها	8
الشروط	8
باقري	8
طراز	8
لاسباب	8
حلت	8
صاحبة	8
تنص	8
تناول	8
ينوي	8
مضمون	8
كسر	8
مستقلة	8
بالتالي	8
رابع	8
ماري	8
ميشال	8
المحامي	8
نجل	8
العقيد	8
دفعت	8
واقامة	8
المصالحة	8
ايتار	8
تاس	8
ستشهد	8
لمتابعة	8
متابعة	8
التعليق	8
ستقدم	8
الاستعدادات	8
المسؤولة	8
قوي	8
مقياس	8
انطلاقا	8
لتسهيل	8
ينص	8
للسكان	8
مسؤولي	8
المبكرة	8
فيديو	8
الحادي	8
جائزة	8
الشخصي	8
براس	8
تفتح	8
ويضيف	8
الصوت	8
مكتبة	8
تصنيف	8
خسرت	8
خلف	8
حاجز	8
بفضل	8
للتحقيق	8
سوري	8
جبران	8
وتقديم	8
الجدل	8
شقيق	8
صبري	8
تقليص	8
اختلاف	8
طيران	8
اللتين	8
الرحلة	8
الطيار	8
الاسكندرية	8
تحديات	8
التحركات	8
العامل	8
الازمة	8
المتزايدة	8
ينطلق	8
السد	8
التصفيات	8
تفسير	8
ايغور	8
وادي	8
الجرائم	8
السجن	8
العلم	8
بعدها	8
توصيات	8
الملاحة	8
موجود	8
اعتقلت	8
معتبرا	8
نيو	8
الحركات	8
تزويد	8
التسهيلات	8
الاضرار	8
استقبل	8
طارق	8
عزيز	8
التحضير	8
يخشى	8
اعوام	8
لحزب	8
الحملات	8
الاصولية	8
وهما	8
التوطين	8
عرضت	8
وردا	8
المقر	8
اعتماد	8
متى	8
يقدر	8
سابقا	8
نفى	8
جلسات	8
السن	8
تتناول	8
بغية	8
التوتر	8
الكافيين	8
مقربة	8
اليهودية	8
المستوطنين	8
السوريين	8
استبعد	8
خسارة	8
اليوناني	8
بالطبع	8
للمنظمة	8
توازن	8
يستقبل	8
نايف	8
معايير	8
استقالة	8
ستعقد	8
وليبيا	8
خطابه	8
الحسابات	8
الاشارة	8
المحاولة	8
فرنسية	8
وبحث	8
القادة	8
الهويدي	8
برصيد	8
ترتيب	8
تتعامل	8
عضوا	8
بتجميد	8
عراقي	8
حث	8
سوتومايور	8
قلب	8
اجواء	8
وبينما	8
وسجل	8
الحلف	8
الغابة	8
مركبة	8
للجدل	8
تشارلز	8
اعترفت	8
الشفافية	8
طبيعية	8
رانييري	8
أمراً	8
تعيش	8
تجد	8
ببعض	8
وردت	8
بعدة	8
الاستجابة	8
تردي	8
الفرعية	8
المحيطة	8
بوادر	8
يطالبون	8
أسماء	8
الشئون	8
ثبت	8
وتشير	8
الهدوء	8
استخدم	8
تساهم	8
البدنية	8
لتطبيق	8
انصار	8
تضع	8
للخارج	8
مازالت	8
والسلام	8
البر	8
موائد	8
المناسبة	8
وبيت	8
تفاقم	8
ماذا	8
تعديلات	8
المتابعة	8
لقطاع	8
العاشرة	8
السينمائية	8
العظيم	8
حي	8
الموصل	8
أساسية	8
أثار	8
مثلما	8
السرية	8
الأشياء	8
البسيطة	8
الأمان	8
التحول	8
الحاضر	8
شاهد	8
الرعاية	8
توافق	8
تلتزم	8
النقض	8
الوقاية	8
نوعية	8
الميزانية	8
الشتاء	8
العادية	8
الاستهلاك	8
سلوك	8
تمر	8
العقار	8
الفاخر	8
العرفي	8
الفجوة	8
انهيار	8
عواصم	8
أبرزها	8
الخطر	8
انتاجها	8
فهمي	8
قرض	8
مركزاً	8
قيادي	8
حرباً	8
وسلم	8
تصعيد	8
ستقوم	8
مراقبين	8
يستمر	8
ضخ	8
الاقتراض	8
تداول	8
بدرجة	8
المملوكة	8
الشركتين	8
سيصل	8
لبناء	8
الأصول	8
توطين	8
الانشطة	8
وانخفاض	8
والمعدات	8
يومياً	8
القنوات	8
والأجانب	8
برج	8
بدقة	8
يواجه	8
مسلم	8
تقليدية	8
اتفق	8
صار	8
منصور	8
توسع	8
حمل	8
دفاع	8
سيعود	8
الانتحارية	8
تجعل	8
سميث	8
ميل	8
طفل	8
توليد	8
جزءاً	8
انتهاك	8
فضل	8
السعي	8
بالطائرة	8
فاعلية	8
وتركيا	8
تهريب	8
وتبادل	8
الموجهة	8
المبادئ	8
ورداً	8
لفرض	8
محتملة	8
لتفعيل	8
والأردن	8
العادل	8
وسورية	8
ووسائل	8
والمياه	8
لادن	8
المتطرف	8
كله	8
شهدتها	8
ضربت	8
جماعات	8
بنهاية	8
وتهدف	8
سعودية	8
الشريعة	8
أوساط	8
تقبل	8
الرأسمالية	8
شراكة	8
وتنفيذ	8
المتهم	8
متخصصة	8
أصدرت	8
ويقضي	8
النية	8
ويتضمن	8
وافق	8
كيلومتراً	8
التعاطي	8
العقبات	8
المستوردين	8
زكي	8
علماً	8
بوضوح	8
لتركيا	8
يفضل	8
قدرات	8
التوازن	8
لسنوات	8
الحراسة	8
بنفسه	8
اجتماعه	8
مستقل	8
أوجه	8
أعباء	8
ايفانوف	8
غربية	8
أرجاء	8
سياحة	8
الوافدة	8
مصدراً	8
تبييض	8
المواصفات	8
للسلع	8
برنامجاً	8
غيار	8
والتصدير	8
لتشجيع	8
يعاني	8
أقر	8
المقترح	8
ويشارك	8
وتعد	8
المتمردون	8
السائد	8
سرعان	8
داخلي	8
كونه	8
عارضت	8
اقرب	8
التفاهم	8
علامات	8
فصل	8
وبما	8
ادعاء	8
بالتأكيد	8
تسببت	8
للوصول	8
الزمان	8
السنيورة	8
نموذج	8
المديونية	8
استناداً	8
الطوائف	8
القتل	8
الزمن	8
يقترح	8
المسيحي	8
داخلية	8
وهيئة	8
الجوار	8
السبعينيات	8
الأمانة	8
الشهور	8
ملابس	8
السريعة	8
يجد	8
أصوات	8
والمنسوجات	8
والسودان	8
وأمريكا	8
صحفي	8
بإجراء	8
لإجراء	8
ومستلزمات	8
الأقطان	8
تحتل	8
الإداري	8
الأبيض	8
الزراعي	8
لإدارة	8
القرنشاوي	8
الآليات	8
حقيقة	8
الأسبق	8
بالعملة	8
الأقصى	8
الأوعية	8
الادخارية	8
المتوسطة	8
وأرجع	8
الخليجي	8
بجانب	8
الثلاثي	8
البعثة	8
أماكن	8
خليل	8
أصيب	8
الاحتفال	8
ألفا	8
طناً	8
للعام	8
أليس	8
الدوائر	8
الإيطالي	8
موسم	8
المخابرات	8
سوهاج	8
المتميزة	8
إننا	8
واجهت	8
الصف	8
أشارت	8
امدادات	8
الاحتياطات	8
للبرميل	8
الطويل	8
الطريقة	8
الاحتياجات	8
الإسبانية	8
اهتمام	8
يفتح	8
عاجل	8
أين	8
سلمية	8
قضائية	8
دعاة	8
تتطلع	8
تعارض	8
اقتصاد	8
اتفاقيات	8
الرخام	8
يساهم	8
أوراسكوم	8
الدراسية	8
ذو	8
إقالة	8
حصيرة	8
المقام	8
التعرف	8
واضحاً	8
أسعارها	8
مكعب	8
سيقوم	8
الإمارات	8
صادراتنا	8
أولئك	8
العنصرية	8
لزيارة	8
وإيطاليا	8
التدفقات	8
أحكام	8
الصيني	8
التأمينات	8
براءات	8
الاختراع	8
قوانغدونغ	8
العسكرى	8
الايرانى	8
والسيطرة	8
حى	8
دمر	8
وباء	8
ويلز	8
الخيول	8
بأنفسهم	8
الزائر	8
المعشر	8
اجرى	8
لعلاج	8
المعركة	8
الريفية	8
المدرسية	8
كاليفورنيا	8
اتشيه	8
وجون	8
التعقيد	8
الباطن	8
شجرة	8
قانوني	8
فايزر	8
تايتان	8
سيمنت	8
بوسع	8
مراد	8
والعديد	8
تسمية	8
الثمانينيات	8
الرطبة	8
البكتيريا	8
وقتٍ	8
وجيزة	8
حدٍ	8
الأطلسي	8
إسبانيا	8
ويليام	8
باللغة	8
آلة	8
فيكتوريا	8
ن	8
تمكنت	7
مجددا	7
فون	7
اغتيال	7
انقلاب	7
الاردني	7
ميثاق	7
واسفرت	7
صنعاء	7
البلغارية	7
وشارك	7
الثماني	7
حياتهم	7
امرأة	7
الاعتداء	7
الاشهر	7
سبقت	7
لمثل	7
قدرت	7
الباص	7
الحدودي	7
عثر	7
بريطاني	7
الصينيون	7
لعدة	7
كوري	7
انسانية	7
الراحة	7
بوابة	7
المضرب	7
زيمبابوي	7
التايلاندية	7
طائراتها	7
هشام	7
مواطنه	7
كورويدوف	7
تخشى	7
خير	7
قتلى	7
يدل	7
غرقت	7
فرناندو	7
غاية	7
وطلبت	7
لتفادي	7
فعلا	7
الموحدة	7
سيزور	7
نجوم	7
المؤقت	7
الاشراف	7
تخرج	7
الاندية	7
اصيب	7
ايطاليا	7
تستعد	7
اوكرانيا	7
النادي	7
ومنهم	7
بالذات	7
المدرب	7
بحق	7
الجماهير	7
لوساكا	7
بسحب	7
الممثلة	7
للحرب	7
شغل	7
هبوط	7
فكان	7
يصب	7
فور	7
مسجلة	7
المتبعة	7
متقدمة	7
ثالثة	7
خلفا	7
تناولت	7
تقيم	7
حازم	7
طبيعي	7
طرابلسي	7
والدة	7
الخيرية	7
السفينة	7
معرفة	7
التصميم	7
نتج	7
الحدث	7
بالاتحاد	7
ورؤساء	7
المذكورة	7
منشآت	7
عملها	7
فصلا	7
الفيديو	7
واشاد	7
وتقع	7
تام	7
فوكس	7
يعيش	7
بدفع	7
تغطية	7
الموالية	7
نائبا	7
للقانون	7
شاركوا	7
المراقبة	7
واليوم	7
تحدثت	7
زوجته	7
مشددة	7
وكيف	7
بالتوقيت	7
ميشيغان	7
اوردت	7
الستة	7
بقي	7
الكبار	7
نهايتها	7
بحجم	7
الرقمية	7
السؤال	7
منطقتي	7
مسلحين	7
وحل	7
متنوعة	7
السيدات	7
والثاني	7
الطقس	7
اجتماعا	7
حضره	7
المحتل	7
قدرتها	7
اخرون	7
فشلت	7
لمكتب	7
السابقين	7
عقدها	7
المفتي	7
غريب	7
اعداد	7
سقطت	7
الاربعة	7
يحذر	7
والقطاع	7
رواتب	7
والاتحاد	7
وقطر	7
مونديال	7
هيكل	7
الاحتمالات	7
فروا	7
يواجهون	7
بالسجن	7
الشريط	7
ونشرت	7
وعرض	7
جميعا	7
وجهها	7
عشية	7
لشؤون	7
المحتجزين	7
تصاعد	7
والمانيا	7
يلعب	7
ينجح	7
للانباء	7
يومي	7
ساحة	7
استخدمت	7
رضوان	7
بالمعنى	7
يستند	7
ايرويز	7
مستعد	7
ابي	7
وحث	7
الحكوميين	7
وجاءت	7
مصريين	7
امين	7
اعلى	7
بعملية	7
عمليا	7
ركاب	7
اقليم	7
مخصص	7
لدراسة	7
فورت	7
للبرلمان	7
بري	7
اعربت	7
المستهلكين	7
مبيعات	7
تسويق	7
انتظار	7
والامن	7
الهيكل	7
الفاصلة	7
يعتبرون	7
مرتبط	7
الموقعة	7
شحن	7
القديس	7
منا	7
احزاب	7
استثنائية	7
شمس	7
لدخول	7
وتابعت	7
نبيه	7
لخوض	7
للعودة	7
اسرع	7
باتخاذ	7
تحاول	7
تلبية	7
الاهلية	7
للسعودية	7
الصعوبات	7
سمحت	7
العاشر	7
ا	7
نبأ	7
الاثار	7
للاعلام	7
المنزل	7
مطلوب	7
للدفاع	7
الاحداث	7
لحضور	7
الاعداد	7
حقه	7
الكاريبي	7
وفدا	7
تاريخية	7
المستقبلي	7
نجم	7
تتمكن	7
القائد	7
يقومون	7
يتوجه	7
نفقات	7
دارفور	7
الفا	7
الوزاري	7
قلق	7
القياسية	7
الاحتياطي	7
الانسان	7
جميعها	7
طيبة	7
التدريب	7
دوري	7
بصرف	7
إثارة	7
العاطفية	7
ذمة	7
الأبحاث	7
تورط	7
المتضرر	7
سامراء	7
وحمل	7
بمقر	7
المطالب	7
التسوية	7
وأوروبا	7
عمرها	7
الفاخرة	7
الانفجارات	7
الصدر	7
ونحو	7
وحده	7
معنى	7
سلطات	7
نهائية	7
حسابات	7
المدة	7
دائمة	7
احكام	7
ساهم	7
الاشتراكي	7
لمن	7
مروان	7
العمومي	7
أوراق	7
المادية	7
الفكر	7
النزاعات	7
شمالي	7
إثر	7
ملاحقة	7
قاعة	7
نصر	7
محسن	7
تواصل	7
غربي	7
تتحمل	7
الأساليب	7
صوت	7
الممارسات	7
السيئة	7
يرجع	7
بمختلف	7
مكانة	7
اذن	7
وتحدث	7
بحوالي	7
القلب	7
العيش	7
حركات	7
العادة	7
التحضيرية	7
المواطن	7
الامتناع	7
فيصل	7
الركود	7
المعروضة	7
للقضاء	7
نوعه	7
الساحل	7
الأسرة	7
تنفذها	7
السكانية	7
مدن	7
ثروة	7
لإنهاء	7
إحالة	7
ثورة	7
لجذب	7
للغاز	7
أنصار	7
الحل	7
تعليمات	7
للاجئين	7
بارز	7
الفنادق	7
مشدداً	7
الرغبة	7
الكيان	7
ضروري	7
بقبول	7
موفاز	7
تسهيلات	7
دفعها	7
النقال	7
إم	7
تدفع	7
بياناً	7
احتكار	7
مستقبلاً	7
ثماني	7
شركتين	7
تسير	7
وإيران	7
فعاليات	7
لإصلاح	7
وجذب	7
وخفض	7
التشغيل	7
مصرفية	7
لانشاء	7
يربط	7
ويصل	7
وآسيا	7
اللازم	7
الانفاق	7
ستطرح	7
أستاذ	7
ولعل	7
استطاع	7
يسيطر	7
أبدى	7
وجد	7
فجوة	7
للعرب	7
ملفات	7
ومحاولة	7
خضر	7
الأخبار	7
والعسكرية	7
عزل	7
السبعينات	7
الأحمر	7
اختفاء	7
تمنع	7
الرصيد	7
الخسارة	7
الثقيلة	7
تولي	7
الصحيحة	7
الحيوية	7
تحديث	7
المضادة	7
أنقرة	7
للكويت	7
للقوات	7
باقر	7
فيليب	7
رفيق	7
والنفط	7
الاعتداءات	7
أضرار	7
والطيران	7
عثمان	7
الشعوب	7
للسيطرة	7
ذا	7
يدعى	7
المذكور	7
طويلاً	7
التعويض	7
والتدريب	7
سلباً	7
بالعودة	7
بإعادة	7
وغيره	7
بدائل	7
اعطاء	7
لوزير	7
انضمام	7
كليات	7
الوظائف	7
سعودي	7
لتوسيع	7
فروع	7
العراقيون	7
التنظيمات	7
الكندي	7
برلمانية	7
والزراعة	7
ياباني	7
تغيرت	7
الاسلحة	7
أسهم	7
تمنح	7
ملحوظ	7
لفت	7
المعوقات	7
المرتفع	7
الواحدة	7
المتعاونة	7
تمهيداً	7
قديمة	7
انعكس	7
سلع	7
بنسب	7
أولوية	7
طويل	7
الصعبة	7
أجزاء	7
مبالغ	7
الخفض	7
معوقات	7
تصديرها	7
أساساً	7
خطبة	7
الخلل	7
لاستعادة	7
جاذبية	7
بيرنز	7
معاداة	7
رأي	7
مداه	7
اللحظة	7
لهما	7
انتهى	7
فنحن	7
نتنياهو	7
السيناريو	7
نعمان	7
وبخاصة	7
والاقتصادي	7
السنتين	7
للمؤتمر	7
صارت	7
إدارية	7
وأنا	7
اسماء	7
الطائفة	7
ق	7
بك	7
العثمانية	7
كتابة	7
لجامعة	7
الكاثوليك	7
رأيه	7
جسر	7
فيروس	7
الطويلة	7
بشمال	7
إنتاجه	7
سياسياً	7
مخطط	7
المجالس	7
الأسر	7
المدرسين	7
علاج	7
المراقبون	7
تردد	7
للحفاظ	7
النسيجية	7
حفني	7
وصناعة	7
الحبوب	7
المنعم	7
فتحي	7
الاعتمادات	7
وتصل	7
للمصريين	7
رأسمال	7
قنطار	7
بطاقات	7
الشعبة	7
الأفضل	7
الحاصلات	7
عضواً	7
بالنقد	7
ادخارية	7
للاستفادة	7
والحد	7
وسعر	7
الضريبي	7
بخفض	7
بهاء	7
متعدد	7
الشاملة	7
صفوت	7
تطويرها	7
بالمرض	7
شاركت	7
وإقامة	7
بكميات	7
الرقص	7
الجماعية	7
مسلمين	7
للمسلمين	7
يستغرق	7
الإيرانية	7
الفتيات	7
إقليمي	7
الحجم	7
والعلاقات	7
أخذ	7
المرتبطة	7
بفعل	7
غنية	7
للعديد	7
الكميات	7
السنين	7
بالنفط	7
فريد	7
نووي	7
مسبوقة	7
أهل	7
إسلامية	7
أعتقد	7
استفتاء	7
عريضة	7
المسئولون	7
زراعة	7
المساحة	7
واستعادة	7
والبترول	7
بالدول	7
واعتماد	7
للمستثمرين	7
توريد	7
والاستفادة	7
الكمية	7
حلها	7
بالجزائر	7
أثر	7
الإنجليزية	7
للعلوم	7
وأفريقيا	7
المعدل	7
بالسودان	7
وفشل	7
والمتوسطة	7
للصادرات	7
أدنى	7
إرسال	7
الرومانية	7
أمله	7
اسمها	7
المؤقتة	7
وكذا	7
أكاديمية	7
منفصل	7
ملامح	7
تتبنى	7
النطاق	7
التطبيق	7
الذاتي	7
جوائز	7
ارتداء	7
ساركوزي	7
مؤشر	7
ساحل	7
حملتها	7
نظامه	7
الساحلية	7
مزارع	7
المنتدى	7
البخارية	7
المدنى	7
أى	7
يلى	7
سى	7
الاسرائيلى	7
دو	7
فلسطينى	7
بجراح	7
الغزو	7
التلاميذ	7
يو	7
فرانكس	7
بلير	7
الديمقراطيين	7
اسكتلندا	7
الموسيقية	7
كولومبيا	7
المكسيك	7
كونج	7
تونغ	7
غزو	7
الكويتى	7
بيتش	7
بودغوريتشا	7
الموسيقي	7
صربيا	7
الصاروخ	7
كاسترو	7
الجنايات	7
البراءة	7
الستينيات	7
النباتات	7
السلالة	7
موسيقى	7
تتكون	7
وارسو	7
النورمان	7
البث	7
دييغو	7
البخار	7
الأنواع	7
تاين	7
دومونت	7
المغول	7
الصيادلة	7
إعصار	7
كوبلاي	7
الميثوديين	7
ليوبارد	6
شرودر	6
الدبابة	6
سانتا	6
يعرض	6
تجار	6
السوفياتي	6
صاروخ	6
دامت	6
يفرج	6
العاهل	6
باقامة	6
والحزب	6
مدني	6
وايران	6
شخصين	6
حرائق	6
قتلا	6
الموت	6
تكثيف	6
طوكيو	6
صباحا	6
العطلة	6
اجريت	6
اللواتي	6
للرجال	6
جثة	6
الابحاث	6
تلغراف	6
حافلة	6
الصينيين	6
واكدت	6
المحققين	6
الحمض	6
اذار	6
شمل	6
اير	6
كورية	6
جونغ	6
توحيد	6
تلتقي	6
تبذل	6
النفس	6
مونتريال	6
بلاك	6
ميغ	6
موقعها	6
عقدا	6
الاهمية	6
لتزويد	6
الانظمة	6
بعقود	6
المغربي	6
وفاز	6
مارتن	6
زالوا	6
استقرت	6
ومضى	6
العواصف	6
وافادت	6
مجهزة	6
احدث	6
انطونيو	6
للسماح	6
الضروري	6
والفلسطينيون	6
قريبون	6
مضى	6
اسئلة	6
الحمر	6
اب	6
شلومو	6
نفق	6
رأسهم	6
الاطلاق	6
خوسيه	6
مهاجم	6
ملعب	6
هلسنكي	6
الاعوام	6
بمبلغ	6
عرضا	6
تؤمن	6
ابطال	6
تمثلت	6
برفض	6
اللهجة	6
رحب	6
بمبادرة	6
مرارا	6
المكلفة	6
لبدء	6
تابع	6
تسيطر	6
انتقل	6
يفرض	6
فنية	6
مسيرته	6
يتمكن	6
تواجدها	6
مشاركتها	6
امكانية	6
شهرا	6
تجربة	6
ثوان	6
السباق	6
برشلونة	6
بيريز	6
اثارة	6
معادية	6
لاعلان	6
يتوصل	6
وعلم	6
ككل	6
اساسية	6
جيبوتي	6
الصومال	6
مجتمع	6
المنشآت	6
الموعد	6
تأخير	6
اضافية	6
اعطى	6
جزءا	6
الاعلامي	6
يمتد	6
منصة	6
المشتركين	6
المتوقعة	6
يعتزم	6
والجيش	6
طبقات	6
تتسم	6
مقار	6
وسان	6
نادرة	6
وبرامج	6
ديزني	6
ملياري	6
سهم	6
بيانها	6
الاركان	6
لروسيا	6
بضعة	6
الجبلية	6
واحدا	6
تصويت	6
غروزني	6
سلم	6
امنية	6
معا	6
التربية	6
بقوله	6
تعيينه	6
الكتابة	6
مصرعهم	6
المتكررة	6
الدلتا	6
مانيلا	6
يشرف	6
مضاعفة	6
انطلاق	6
الربيع	6
هاوس	6
الموسيقى	6
تنشر	6
الورق	6
التكهن	6
صدارة	6
ولها	6
فوزها	6
السادسة	6
قتلت	6
غابة	6
نشرتها	6
ثانيا	6
المتواصل	6
الرئاسي	6
والاقتصاد	6
حسم	6
الامل	6
اليمينية	6
والمسلمين	6
حجر	6
الائتلاف	6
الشيعي	6
الارقام	6
فتوى	6
فلسطينيا	6
خبير	6
مئة	6
العشرة	6
وجورج	6
استطاعت	6
سينا	6
المحافظين	6
وتشهد	6
اخيرا	6
سيولة	6
مهددة	6
والهيئات	6
سيشارك	6
الاسيوية	6
موجة	6
انفجارا	6
اجنبي	6
سيرغييف	6
بحارا	6
بحري	6
مخلفات	6
صلاة	6
لحظة	6
الانتهاكات	6
الاسرائيليون	6
رهائن	6
الانتقادات	6
فورا	6
هيئات	6
ووكر	6
جيم	6
والتقى	6
واعلنت	6
ليبية	6
الدولارات	6
ستبقى	6
خطأ	6
اسبوع	6
وتطالب	6
وكوريا	6
ذاتي	6
لطهران	6
رسالته	6
يستهدف	6
تحتفظ	6
العدوانية	6
دقيق	6
وتمويل	6
يومية	6
صحافية	6
تستبعد	6
تبعد	6
يعيد	6
تحطمت	6
الرهينتين	6
تباع	6
تعلم	6
الفعل	6
ازداد	6
عودته	6
كبسولة	6
هيئتي	6
اتخذ	6
وبولندا	6
المساعد	6
رجب	6
المجلة	6
اولبرايت	6
اللاتينية	6
هوغو	6
المناقشات	6
للجمعية	6
اوزبكستان	6
وقوات	6
الارهابيين	6
تحظى	6
يسبب	6
شركتي	6
فلم	6
وجودها	6
مماثل	6
قادته	6
مجاورة	6
اليد	6
المقبلين	6
دولتهم	6
يمضي	6
تحميل	6
وقعه	6
والحرية	6
بادرة	6
يقيم	6
مهدي	6
الثامنة	6
ادخال	6
العقوبة	6
يتمثل	6
الشوط	6
فما	6
الامني	6
ووصفت	6
للجانب	6
شعبنا	6
الاطلسي	6
لتنسيق	6
بتحديد	6
شرط	6
استعداده	6
ميتشل	6
تحركات	6
اكتشف	6
تطلب	6
البنتاغون	6
ولكنه	6
طلبا	6
كتابه	6
ويهدف	6
قدمتها	6
وحضر	6
التهاب	6
محدد	6
تظاهرات	6
ستجري	6
تمتد	6
المصرف	6
مقرا	6
القليل	6
كولين	6
ميزانية	6
الحمل	6
الأصدقاء	6
فوائد	6
سريعة	6
حيوي	6
تهتم	6
للمال	6
عبئاً	6
للحرس	6
بنابل	6
حالته	6
التحريات	6
المظنون	6
اليهم	6
ممارسات	6
العشرات	6
تعتقد	6
رام	6
واتخاذ	6
نوايا	6
لضغوط	6
الرباعية	6
خروج	6
تركت	6
حصر	6
مباني	6
عراقيون	6
سقطوا	6
اليومين	6
الافريقي	6
النسائي	6
بالقانون	6
ولايات	6
الزاوية	6
للتنسيق	6
احسن	6
التوجهات	6
وطرق	6
ولايته	6
تقتصر	6
بحالة	6
عملهم	6
روح	6
تستقبل	6
العقيدة	6
النحو	6
الإفطار	6
عالمي	6
بخير	6
أسفر	6
تجنب	6
اسلوب	6
بالشكل	6
الكافي	6
الديمقراطي	6
الفلاحين	6
والمناطق	6
التغطية	6
والاجتماعي	6
فئات	6
النقطة	6
أفلام	6
عطلة	6
تقنية	6
عنيفة	6
الضربات	6
أفاد	6
الإشارة	6
عودتهم	6
غيرها	6
والمدن	6
أميركية	6
غوانتانامو	6
النقاب	6
محاكم	6
سجن	6
تثير	6
متاح	6
أمور	6
الفعالة	6
السامية	6
وتحمل	6
لوحة	6
تتغير	6
للمستشفيات	6
الاصلاحات	6
الامراض	6
الفرد	6
بارتفاع	6
صحي	6
العروض	6
متاحة	6
تشجع	6
وأثناء	6
تواجد	6
مظاهر	6
اتباع	6
كوسيلة	6
نسبياً	6
والمقاولات	6
محدودي	6
تأسيسه	6
أقساط	6
عقارية	6
الثروة	6
مزيداً	6
مشتقات	6
بورسعيد	6
سامح	6
حكومات	6
بشن	6
الأردنية	6
للقوى	6
فوراً	6
والقوى	6
يرفضون	6
كتائب	6
والشرطة	6
نعمل	6
الثمانية	6
محدود	6
وارد	6
الأعلى	6
والسياسية	6
لعبت	6
شهادات	6
الشهادات	6
وقتها	6
المحمول	6
والتعمير	6
والسياحة	6
فعلياً	6
سيمون	6
كلياً	6
يقام	6
حجمها	6
النسبية	6
المستورد	6
ضريبة	6
شهرياً	6
مترو	6
لتغطية	6
لسلطة	6
أياً	6
جهوداً	6
تحقيقه	6
لحم	6
المعاصرة	6
قلعة	6
ينتمون	6
تفعل	6
الاندونيسية	6
استطلاع	6
السعادة	6
وظهر	6
الانفصال	6
يحيى	6
بانكوك	6
هاشم	6
الطوارئ	6
الأسس	6
يسمع	6
كيو	6
الحربية	6
والارهاب	6
والأمن	6
ستستمر	6
موظفي	6
نقبل	6
افتتاحه	6
عرف	6
جدار	6
نجد	6
طارئة	6
جلسته	6
قدمه	6
وصلوا	6
مسبقة	6
الطعام	6
وأعلنت	6
الايرانيين	6
الأسرى	6
أنهما	6
وضعتها	6
للجميع	6
وتسهيل	6
والكهرباء	6
برو	6
الحاكمة	6
الديبلوماسية	6
اغلاق	6
خبر	6
لمركز	6
أس	6
والنائب	6
مبادرات	6
العولمة	6
مؤشرات	6
الدعوات	6
والثالث	6
الاسكتلندية	6
الادعاء	6
المحاكمة	6
الجهة	6
تأثرت	6
التحايل	6
ثبات	6
ونظراً	6
قدره	6
المحاماة	6
والبالغ	6
نقد	6
تجارياً	6
لحل	6
الضريبية	6
اليونانيين	6
مراقبون	6
أثينا	6
اهتماماً	6
وجوب	6
يا	6
أظهر	6
للثورة	6
دجلة	6
لنهر	6
اثنان	6
سري	6
ساد	6
إسلامي	6
انخفاضاً	6
المعونات	6
المانحة	6
لمشاريع	6
والصرف	6
ووقع	6
المنفذة	6
لتلك	6
والسوق	6
احتمالات	6
قديم	6
نكون	6
الأوساط	6
أراضيها	6
نشاطات	6
التقديرات	6
قادتها	6
تفرضها	6
الملونة	6
اليخت	6
الزمنية	6
تدفق	6
تندرج	6
لإصدار	6
معارض	6
الجمركي	6
تستحق	6
أساليب	6
التسعينات	6
وتتضمن	6
لطرح	6
إجمالية	6
وجهت	6
للقاهرة	6
البطاطس	6
يتعارض	6
الجودة	6
المبذولة	6
يدور	6
رئيسياً	6
ص	6
القبول	6
محاسبة	6
بالضرورة	6
المفتوحة	6
للنظام	6
اليساري	6
ممثلين	6
جيل	6
الشارع	6
تقضي	6
زاوية	6
يتوقف	6
اليسار	6
ودولية	6
انتصرت	6
ولذا	6
بمنع	6
براءة	6
يدرك	6
الحميد	6
يتناول	6
زمن	6
الاستشهادية	6
المؤتمرات	6
شرح	6
الخزينة	6
للجمارك	6
رسائل	6
دوره	6
المضافة	6
نسبته	6
جوانب	6
مثال	6
للشرق	6
عقيدة	6
متعلقة	6
سبع	6
يتردد	6
يدعم	6
مزرعة	6
نعم	6
حوله	6
وكلاهما	6
السلمي	6
استثناء	6
للحوار	6
الشعبين	6
الكنائس	6
يكونوا	6
والمنظمات	6
ازدياد	6
استقطاب	6
يعزز	6
ترجع	6
المخالفات	6
وتمثلت	6
جريمة	6
الشخصيات	6
زهدي	6
يمثلون	6
الأصوليين	6
وقدم	6
صارمة	6
مجانية	6
للتعبئة	6
والإحصاء	6
الضعف	6
العقاقير	6
صعود	6
يتمتعون	6
وقاد	6
إبقاء	6
أيمن	6
فهذا	6
الكيماويات	6
وصرحت	6
تكاليف	6
النفاذ	6
نزاعات	6
واللحوم	6
تفشي	6
الدفع	6
يقبل	6
السداد	6
تصديرية	6
التعاملات	6
لوجود	6
للزراعة	6
بإنشاء	6
كلام	6
الصنف	6
وقود	6
عربياً	6
تضاعف	6
للسياسات	6
لأسعار	6
الأرقام	6
منخفض	6
انتقالية	6
عقوبة	6
للطيران	6
شريف	6
المركبات	6
ارتكاب	6
المنصب	6
أقوى	6
مصرفيون	6
الانتربنك	6
ويرجع	6
أوعية	6
وتشجيع	6
لسوق	6
التسعينيات	6
أصحابها	6
لبنك	6
تقليل	6
الليبرالي	6
بيومي	6
القادمين	6
فسوف	6
تحليل	6
دم	6
وطالبوا	6
ود	6
الموائد	6
الاختفاء	6
القرى	6
اللطيف	6
الياميش	6
تحالف	6
سعى	6
أجانب	6
ضوابط	6
الغالب	6
الإمام	6
أطفال	6
أسفرت	6
المخاوف	6
شنودة	6
علامة	6
بارزة	6
سرور	6
وظل	6
أطلق	6
زواج	6
المحللين	6
إقليمية	6
والثروة	6
حقائق	6
حفر	6
يتكون	6
هائل	6
فعلى	6
بتوفير	6
خام	6
مفتوح	6
وتزايد	6
فرضت	6
لعمل	6
البيئية	6
بولاية	6
العنوان	6
الإعلامي	6
تشن	6
وصفه	6
يكاد	6
يأخذ	6
بريمر	6
الأصلي	6
ذكرته	6
المبنى	6
أسبوعين	6
طالباً	6
جامعات	6
أقام	6
الأوروبيين	6
برغم	6
القاعة	6
وتقدم	6
قراءة	6
نقوم	6
فإنها	6
تنظر	6
وإدارة	6
تنازل	6
للعراقيين	6
معاني	6
للصين	6
أثيوبيا	6
إدخال	6
لأوروبا	6
الصالحة	6
جنيها	6
الأثر	6
المسجلة	6
لهيئة	6
لأسواق	6
للأردن	6
المفوض	6
الدراسي	6
الجنة	6
والسكر	6
ميزان	6
الخبير	6
إليهم	6
توائم	6
منخفضة	6
تغطي	6
المؤيدين	6
منتج	6
سيطرت	6
والجزائر	6
عالمياً	6
الطبقة	6
هائلة	6
التسويق	6
ميجاوات	6
للشبكة	6
قطب	6
تستورد	6
الاستثماري	6
بالعالم	6
العيار	6
صيام	6
سياحي	6
الري	6
قضائي	6
ومما	6
سوزان	6
محور	6
اللون	6
كتلك	6
قائلة	6
الآخرون	6
عملاء	6
وارداتنا	6
النظم	6
رأسه	6
نشاطاً	6
أربكان	6
مكثفة	6
مقتطفات	6
المسرح	6
حائط	6
البراق	6
العليم	6
واصل	6
محلات	6
عانت	6
الحساب	6
بروتوكولات	6
للتطبيق	6
ينتهي	6
للرئاسة	6
نوح	6
البارزة	6
حقهم	6
تيلكوم	6
التعريف	6
يوافق	6
لمشاركة	6
تجميع	6
للطلاب	6
أركان	6
أقسام	6
حديثاً	6
هكتار	6
للصحفيين	6
دى	6
الفراغ	6
شرقى	6
رقمية	6
جافتين	6
قديمتين	6
الذاتية	6
أمستردام	6
اعمار	6
رسمى	6
الكويتيين	6
منغوليا	6
اوغندا	6
تفويض	6
اليتاليا	6
دولتين	6
تاو	6
الروسى	6
أعمار	6
وريتشارد	6
تعريف	6
هونج	6
التصوير	6
دا	6
الطبيين	6
المشردين	6
الراديو	6
بيهارى	6
وقام	6
جوه	6
القبرصى	6
بولندا	6
الباكستانى	6
انهاء	6
منازلهم	6
هنالك	6
لونغ	6
الكحول	6
عدا	6
باليرمو	6
رودريغيز	6
غاندي	6
وكأس	6
ميلز	6
غرين	6
رحمي	6
صقلية	6
حديقة	6
تشكلت	6
أقدم	6
جوهر	6
الاقباط	6
المركبة	6
تاكيس	6
المنيا	6
ديربان	6
نوعا	6
الجاذبية	6
الأمطار	6
الجزر	6
تأسست	6
إل	6
النرويج	6
أكسيد	6
الجزيئات	6
بجائزة	6
البروتستانتية	6
ماركوني	6
أصناف	6
الضواحي	6
الهوغونوتيين	6
لمصدر	6
ميلاً	6
المحرك	6
المضيف	6
إنترنت	6
تخمين	6
اسواق	5
لاغوس	5
المواجهات	5
اسفرت	5
يحاولون	5
يبحثون	5
لابنه	5
الاسبق	5
الفيصل	5
المجيد	5
للجمهورية	5
الاتفاقات	5
معارك	5
اللاذقية	5
تكرار	5
منزله	5
الملفات	5
للنزاع	5
صلب	5
الشريك	5
رجلا	5
وادى	5
نسمح	5
المعاملة	5
بالمثل	5
باعمال	5
تمكنوا	5
ولكنهم	5
مسقط	5
وحصل	5
الدوام	5
مؤتمرا	5
للخطوط	5
للقاء	5
صفحة	5
العداء	5
ترتيبات	5
اشراف	5
التصعيد	5
لضبط	5
بفوزها	5
والاميركية	5
والجنوب	5
المجر	5
النمسا	5
الدفاعية	5
يونس	5
خوان	5
رهن	5
مخزون	5
كليبانوف	5
اسطول	5
التحدث	5
بالغواصة	5
والنروج	5
سواحل	5
والارجنتيني	5
السويسري	5
الذكرى	5
الباردة	5
المنقسمة	5
تفادي	5
هاتفي	5
يانغ	5
للاذاعة	5
يرد	5
يزورها	5
الغاية	5
للمدينة	5
دبلوماسي	5
صورتها	5
ودية	5
واوروبا	5
البرازيلي	5
الذهبي	5
السويد	5
وفتح	5
موقفه	5
اسامة	5
مادية	5
طلبه	5
اعتداء	5
حنفي	5
محليا	5
اعتراض	5
وبات	5
افتتحت	5
المتعثرة	5
دعمها	5
انتهاكات	5
مراقب	5
النقص	5
اللمسات	5
بممارسة	5
سام	5
ولعب	5
وممثل	5
تشهدها	5
تشكيلة	5
قراره	5
الاسباب	5
يترك	5
مغادرته	5
الاماراتي	5
انتقاء	5
الجامايكي	5
ماكدونالد	5
اثار	5
التحكيم	5
الحارس	5
الهولندي	5
للفريق	5
وبدء	5
المحتجزة	5
ثروت	5
يديرها	5
والقانون	5
بدوره	5
فصائل	5
الطوربيدات	5
لاسطول	5
الضاهر	5
لتعويض	5
الحاصل	5
الاعلامية	5
الارادة	5
والبناء	5
يدركون	5
الانماء	5
بانهاء	5
والمتابعة	5
الطوارىء	5
ويقع	5
سير	5
لليوم	5
مردوخ	5
عقبة	5
التدابير	5
مؤتمره	5
زلزال	5
نيوزيلندا	5
والعلوم	5
موقعه	5
اضرار	5
اداء	5
كرافت	5
وتملك	5
انشطة	5
والانشطة	5
متواصلة	5
الاستشارية	5
مايكل	5
سيرغي	5
الموالين	5
الشيشانية	5
المعارك	5
للجنود	5
يستطيعون	5
نار	5
حزبه	5
المندوبين	5
والحدود	5
وتحت	5
شعار	5
يحضر	5
خطابا	5
تكساس	5
وانتقل	5
انبوب	5
لقي	5
الانبوب	5
احراز	5
بجهود	5
لبلاده	5
الاميركيون	5
الرقمي	5
طريقه	5
القصص	5
طبع	5
المعلوماتية	5
ببيع	5
يحتوي	5
الجيل	5
ستدخل	5
الودية	5
يستضيفها	5
سيرينا	5
بقيت	5
ميامي	5
الفارق	5
السويسرية	5
جبل	5
بيرسول	5
مسافة	5
يرئس	5
شكلتها	5
حيثيات	5
سيبدأ	5
الشرع	5
وعملية	5
واضحا	5
بالقدس	5
التخلي	5
احتلتها	5
زعيما	5
حجة	5
اختير	5
الاصلاحية	5
الاصلاحي	5
مفتي	5
لكننا	5
غواصة	5
تستضيفها	5
اطلق	5
وعمان	5
الشام	5
وافاد	5
الاستانة	5
استكمال	5
رواتبهم	5
ببطولة	5
وتستمر	5
تليها	5
التمهيدية	5
ذهابا	5
الرادار	5
عسكريين	5
تسرب	5
تفسر	5
ارجئت	5
مراسل	5
لاصطحاب	5
برلمان	5
بدات	5
ووصلت	5
الهولندية	5
ضبطت	5
ينقل	5
الامة	5
بحد	5
زرع	5
الفرقة	5
اصحاب	5
وتتميز	5
ناخيتشيفان	5
والدينية	5
الفتاح	5
وجرح	5
شعبه	5
والمطالبة	5
لحقت	5
البعثات	5
تعترف	5
تعداد	5
العبوة	5
ومناطق	5
اهداف	5
كوروييدوف	5
الليل	5
اصاب	5
ستشارك	5
بحرية	5
وعرفات	5
الماليزية	5
ايدي	5
لتوطين	5
لمصلحة	5
لايران	5
جزائري	5
نستطيع	5
مدعومة	5
حملات	5
فساد	5
اسرائيليون	5
المتقاعد	5
جانبها	5
بالاشتراك	5
تفوق	5
ببناء	5
ديفيس	5
التصريح	5
ناقش	5
رغبتهم	5
قلقة	5
الدائرة	5
حدثت	5
للارهاب	5
والجرحى	5
وانما	5
منتجي	5
الاقبال	5
تمييز	5
ضئيلة	5
وبان	5
مرونة	5
متهم	5
اولي	5
تفاوض	5
لقرار	5
استراتيجي	5
يهودية	5
انتقد	5
اليابانيين	5
ضربات	5
لقطر	5
ترحيب	5
بور	5
ترفع	5
سيارته	5
باستقبال	5
يعبر	5
اختتم	5
الينا	5
واقترح	5
مصرف	5
وجامعة	5
المستويات	5
الهادفة	5
اليمني	5
العلامات	5
يقرر	5
تنازلات	5
ستمثل	5
طالبا	5
لنحو	5
القصير	5
وختم	5
هكذا	5
تعهدت	5
نجيب	5
التسجيل	5
حينها	5
التشيكي	5
تدريبات	5
استهدف	5
بضمان	5
الانساني	5
العاجلة	5
هدفي	5
نقلا	5
اليوغوسلافي	5
بالمشاركة	5
عادلة	5
مستشفيات	5
بتاريخ	5
ومقاومة	5
الشغب	5
هاني	5
غرف	5
الاميرة	5
الحسين	5
تتضح	5
الشفاء	5
لتلقي	5
الضابط	5
الخلاص	5
المناسبات	5
كانا	5
قاد	5
والبحر	5
حلف	5
للروس	5
لاختيار	5
للاتفاق	5
للبلدين	5
للدعوة	5
تتوافر	5
مارغريت	5
ولدت	5
ولد	5
تتدخل	5
المرتقبة	5
تحل	5
بمن	5
الاخرين	5
تأخر	5
طائرته	5
تقدمها	5
معدات	5
استخدامها	5
العميقة	5
سكرتير	5
ديانا	5
جيفسون	5
قضت	5
المسلم	5
حمدين	5
التظاهرات	5
المعلمين	5
للصندوق	5
يتخذ	5
احتجاز	5
سيعقد	5
الحضارات	5
والمتوسط	5
الجواب	5
اختراق	5
تشلسي	5
حديثا	5
اندية	5
وبقي	5
للخروج	5
للحركة	5
السرطان	5
أفكار	5
تنجح	5
مشكلات	5
الغضب	5
تعيد	5
ثقافية	5
شعور	5
الأمل	5
التغيرات	5
العدلية	5
يفيد	5
هندي	5
ادلى	5
بمواصلة	5
انظار	5
صابر	5
جماعية	5
قدموا	5
تجوب	5
قصد	5
المحامون	5
الترتيب	5
للمجلس	5
ستعمل	5
المعطيات	5
لمنطقة	5
سريعا	5
التوقف	5
المتهمة	5
المنازل	5
اصيبوا	5
بنيران	5
رائع	5
ماجد	5
مصغرة	5
وينص	5
معاملة	5
ديموقراطية	5
ومقره	5
ملتزمة	5
الهادي	5
المرصد	5
المنح	5
ويعد	5
غروب	5
شعبان	5
لرصد	5
سيرتفع	5
كلما	5
تدعيم	5
نشاطها	5
ناصر	5
جنبلاط	5
اسلحة	5
العماد	5
وأجهزة	5
الأربع	5
مفادها	5
يرجح	5
أحدهم	5
الوفاق	5
قرطاج	5
سائر	5
الفضيل	5
عديد	5
الحضارية	5
القسام	5
الصواريخ	5
مغلقة	5
قسام	5
التقدمي	5
هام	5
المكاسب	5
تحققت	5
ولاحظ	5
الكفيلة	5
جموع	5
صناديق	5
تقلص	5
الجماهيري	5
الأفلام	5
الغنية	5
أننا	5
تصوير	5
جمهور	5
امتداد	5
مصرع	5
امريكيين	5
تحطم	5
كمين	5
مكثف	5
الاشتباكات	5
وأصيب	5
الخالص	5
واستخدام	5
التعرض	5
أسلوب	5
أفغانستان	5
تعتبره	5
أثارت	5
إحراز	5
الجيدة	5
الفوائد	5
زمام	5
الحقائق	5
منظومة	5
والمشاركة	5
رواد	5
حظيت	5
ومتابعة	5
تحيل	5
التفاعل	5
اصوات	5
المنتشرة	5
قدمته	5
سيشهد	5
اجتماعية	5
طب	5
تأثيرات	5
اقسام	5
لمعالجة	5
الحرص	5
المسنين	5
تنبع	5
تتميز	5
لبيع	5
المستلزمات	5
المستهلك	5
أسبوع	5
معتدل	5
التصرف	5
المشط	5
المعتدل	5
انطلقت	5
ودون	5
يجدوا	5
نجح	5
للأفراد	5
الافراد	5
لمحدودي	5
سيساعد	5
والشعبي	5
مساكن	5
ومحطات	5
مساحات	5
المتر	5
شقة	5
بقانون	5
والبنوك	5
للتخصيص	5
وشملت	5
المحاولات	5
سماح	5
عمال	5
غضب	5
تنفذ	5
الإسراع	5
سنوية	5
تأهيل	5
أقيم	5
بالطاقة	5
القصوى	5
لانتاج	5
العميد	5
متهماً	5
المرور	5
مقرراً	5
الثلثاء	5
المتظاهرين	5
وتبين	5
التحريض	5
رفضها	5
الاعتقالات	5
صلة	5
بث	5
مأزقاً	5
محادثاته	5
الأركان	5
شاؤول	5
مخالفة	5
خارجي	5
بضمانها	5
وقررت	5
للنقل	5
الشكوك	5
موحدة	5
صوغ	5
تقترب	5
بكلفة	5
والعرب	5
السخنة	5
القطار	5
وله	5
جو	5
عموم	5
رموزها	5
الاستماع	5
آراء	5
لقاءات	5
الشراكة	5
اقتصادياً	5
مقدمها	5
وتناول	5
غيرهم	5
النبي	5
التراث	5
يزورون	5
تتحدث	5
والمنطقة	5
والمصالح	5
السواحل	5
وائل	5
وجوده	5
زايد	5
والحفاظ	5
يتحمل	5
بلسان	5
للبنان	5
وضعف	5
طلباً	5
سريعاً	5
التطبيع	5
فهل	5
توليه	5
النظرة	5
بيكر	5
الاختلاف	5
أعربت	5
وليست	5
مشاهد	5
الحساسة	5
وأفاد	5
عملت	5
الصنع	5
ساهمت	5
ومكافحة	5
الجريمة	5
تضمين	5
تعرقل	5
معتبرة	5
تتراجع	5
نرفض	5
تدرس	5
مصممة	5
الظرف	5
النفق	5
يستغل	5
بلادهم	5
وتدرس	5
يسعون	5
والسياسي	5
التقاليد	5
أنابيب	5
لارسن	5
فارس	5
تقويم	5
عقبات	5
تعترض	5
وتوسيع	5
والاستثمارات	5
توجيهات	5
والاعلام	5
بنيامين	5
بوست	5
حربية	5
ألقاها	5
وخارجها	5
شعراوي	5
الندوة	5
الجنسيات	5
شعوب	5
اجتماعها	5
لمناهضة	5
وموريتانيا	5
المغاربي	5
عشاء	5
المقرحي	5
حكمت	5
المنورة	5
حددت	5
النبوي	5
مربعاً	5
قرارها	5
والمستشفيات	5
التخصصات	5
رفعت	5
أميركي	5
عقداً	5
وتحويل	5
وركز	5
مطالباً	5
الاجمالية	5
الخبرات	5
واتفق	5
وإمكان	5
والمعادن	5
تطرح	5
لتلبية	5
سندات	5
للتعاطي	5
بجدية	5
الظاهرة	5
وواشنطن	5
وطرح	5
وإعداد	5
والبنك	5
الدوليين	5
هدد	5
ذكره	5
إعطاء	5
سياستها	5
توقيت	5
الربط	5
بحثت	5
امور	5
والتخطيط	5
لأحد	5
السابعة	5
مسعود	5
الأكراد	5
يقودها	5
حبيب	5
آخرون	5
احتياطي	5
محيي	5
تخص	5
واعتبرت	5
القطب	5
العريان	5
احتجاجاً	5
جرائم	5
تظاهرة	5
ووقعت	5
الشرب	5
المهني	5
توقعت	5
مدحت	5
حسانين	5
ويمثل	5
يؤيد	5
عملاً	5
تنتظر	5
للاقتصاد	5
تنفيذه	5
ريتشارد	5
الطرح	5
عملاقة	5
الباكستاني	5
فريدة	5
عشوائية	5
أعطت	5
الرسم	5
إذن	5
النوعية	5
للسياحة	5
مميزة	5
مجالاً	5
لتوجيه	5
الخصم	5
لحين	5
السادات	5
اموال	5
موزعة	5
بأموال	5
المنشأ	5
قوائم	5
والمواد	5
والتوسع	5
البعد	5
أساسياً	5
ستحصل	5
اضعاف	5
الخطأ	5
لسعر	5
يتحرك	5
الكامنة	5
بالمناطق	5
جهودها	5
المصير	5
الجهد	5
يركز	5
ينظر	5
للجنيه	5
فعلية	5
الاستدانة	5
الرهان	5
القرنة	5
المسلح	5
وعند	5
تخدم	5
الخوف	5
انفسهم	5
الثوري	5
حيوية	5
اصبحت	5
باسمه	5
فكرية	5
المحتوى	5
للصراع	5
ومؤسسات	5
اوضاع	5
يحملون	5
الانقسام	5
الانفتاح	5
حاولت	5
الصمود	5
القاسية	5
الحماية	5
بدعوة	5
يؤمن	5
استبدال	5
النفقات	5
مر	5
مستمر	5
تصور	5
ومجموعة	5
تبيع	5
الخيل	5
طائفية	5
الجسر	5
السود	5
النص	5
وكم	5
نقيب	5
للكتاب	5
تشابمان	5
يؤمنون	5
القرنين	5
لايجاد	5
بالفرنسية	5
المادي	5
لوالده	5
العلمانية	5
بعيدا	5
متري	5
وفاته	5
طاولة	5
قصير	5
الواجب	5
أبواب	5
السيدا	5
الايدز	5
ومنظمات	5
النقيب	5
بعدد	5
البلمند	5
تعاوناً	5
تثبيت	5
عنان	5
وسبل	5
والقضاء	5
مستقبلية	5
والسلع	5
يخضع	5
بالحكومة	5
يعكس	5
يجدون	5
بالجامعة	5
كرم	5
النوم	5
خزانة	5
وحين	5
لطفي	5
أمراض	5
لمرضى	5
ممدوح	5
يستبعدون	5
إيجابية	5
وتساءل	5
المعيشية	5
نخبة	5
والأدوية	5
للأسواق	5
وإنتاج	5
لتسويق	5
يماني	5
جمركية	5
للشئون	5
بشرط	5
لتحويل	5
الغمراوي	5
بالإسكندرية	5
تطوراً	5
متوقعا	5
وأقل	5
صرافة	5
تراخيص	5
لدرجة	5
الأزمات	5
تتوقف	5
تأسيسها	5
قيامها	5
أصدره	5
وبنك	5
يظل	5
وثلاثة	5
بتوريد	5
تنامي	5
الإسترليني	5
نسبيا	5
تدني	5
والبالغة	5
مازال	5
الائتمانية	5
ببنك	5
مسبقاً	5
والأسعار	5
التهرب	5
تجميد	5
للحديد	5
إتاحة	5
أدوات	5
المقارنة	5
التوقيت	5
مرتفع	5
تفكير	5
أبعاد	5
الزيارات	5
وإتاحة	5
الصحفيين	5
والوفد	5
جمعة	5
والسياسات	5
شنت	5
إحصاءات	5
باحتياجات	5
الأعوام	5
الوفاء	5
الأوراق	5
الاستعانة	5
تستفيد	5
الأحياء	5
تبرز	5
أراد	5
والأقباط	5
أصيبوا	5
المسلمة	5
محام	5
بفتح	5
الميراث	5
والمعروف	5
ينظم	5
عكسية	5
أشياء	5
البنود	5
بعينها	5
سفراء	5
جعله	5
الخضر	5
أهدافها	5
بالإسلام	5
السوفييتي	5
الامدادات	5
أعرف	5
تأليف	5
وارتفعت	5
والبنية	5
أمير	5
لانخفاض	5
هندية	5
بشركة	5
بالتحديد	5
ميلا	5
ثلثي	5
أقرب	5
المختصة	5
حجازي	5
الجبير	5
حدد	5
لحرب	5
جوية	5
ستشكل	5
سيتيح	5
إنما	5
عدوان	5
بعين	5
الانتصار	5
والخاص	5
قلة	5
إمكانات	5
يبعد	5
قللت	5
إيلات	5
والموانئ	5
استجواباً	5
الاستجوابات	5
الحج	5
أسامة	5
فئة	5
أخطاء	5
الدعاوى	5
نشاطه	5
الناجحة	5
للدراسات	5
تبعه	5
واستيراد	5
يفعل	5
إلقاء	5
لاجئ	5
قيل	5
لقادة	5
قمر	5
القدرات	5
الكاملة	5
الغطاء	5
بتنظيم	5
اللاحقة	5
إقامته	5
والشؤون	5
أفريقية	5
وتنسيق	5
لإزالة	5
العمرانية	5
المتطورة	5
لأكبر	5
يدرس	5
تعاقدت	5
الأرضية	5
للكهرباء	5
الصفقات	5
الصمت	5
وضرورة	5
تدريس	5
قاموا	5
ينفي	5
سيطر	5
نائباً	5
ووجود	5
بمراجعة	5
التحسن	5
أرصدة	5
ذروتها	5
لمقاطعة	5
ووجه	5
وأهمها	5
التوائم	5
أدوية	5
أجنبي	5
صباحي	5
شئون	5
وحوافز	5
بدورها	5
بالغاز	5
للمقاولات	5
إيجابي	5
إبرام	5
بحوث	5
فلسفة	5
أوسع	5
وتضمن	5
والمصانع	5
المرتفعة	5
للمعلومات	5
تجدر	5
لتدعيم	5
لاستضافة	5
التشيك	5
الأهرام	5
التكاليف	5
فاتف	5
وأخيراً	5
ثلاثين	5
القرون	5
البهائية	5
تقريراً	5
الدخيلة	5
لمؤتمر	5
الأمراض	5
الفاصل	5
أراض	5
ملكية	5
الأصليين	5
الاختلافات	5
ساعدت	5
الجواد	5
دولارات	5
للخامات	5
وتمثل	5
وإجراء	5
الاستخدام	5
والباقي	5
كايرو	5
الاستحواذ	5
سلفان	5
ناشط	5
بالإمكان	5
خاصاً	5
المحللون	5
قالوا	5
تراجعاً	5
الجدوى	5
بمعدلات	5
للبلاد	5
وحجم	5
ضخم	5
الكثيرين	5
جنيهات	5
يواصل	5
قليلاً	5
أرباحه	5
وذات	5
المكتبة	5
المرغوب	5
عبارات	5
نافعة	5
وليام	5
الأثناء	5
وشرق	5
التوريث	5
الاستفتاء	5
التقييم	5
المجمد	5
إقدام	5
السفراء	5
حوض	5
الحقيقة	5
احتلت	5
مساهمات	5
بالمدن	5
الإضافية	5
مئوية	5
البوريني	5
كبريات	5
بدأوا	5
قصوى	5
زنزانته	5
رئيساً	5
يرتدي	5
بتكاليف	5
للتر	5
للأجانب	5
أنشئت	5
استيعاب	5
المزرعة	5
تهم	5
النحاس	5
بشبكة	5
الأمريكى	5
لنظرية	5
اصلية	5
لجثتين	5
الاصلية	5
لياونينغ	5
قياس	5
الجافة	5
السعودى	5
دمج	5
صالة	5
المضائق	5
الرئيسى	5
لعائلة	5
المتحدثة	5
رامسفلد	5
توغلت	5
عوز	5
سترو	5
باتل	5
وانغ	5
يقارب	5
بناؤه	5
المطار	5
تفتيش	5
الصحفى	5
النفايات	5
التنفيذى	5
سيمنز	5
اللانمطى	5
كورسيكا	5
باركو	5
لاستئناف	5
السورى	5
واسلحة	5
خاتمى	5
مفوض	5
اسر	5
للقوة	5
يسجل	5
يفكر	5
التقسيم	5
يغطي	5
يجتمع	5
الجارى	5
هوى	5
بالنيابة	5
سارنا	5
دبليو	5
رامسفيلد	5
الكريكيت	5
الرياضة	5
كونا	5
المعرفة	5
الاسرى	5
موزمبيق	5
تساو	5
اطفاء	5
رفسنجانى	5
الشيعة	5
ج	5
وفرت	5
البيض	5
حصلوا	5
شرب	5
لي	5
المدفعية	5
الجماعي	5
ثلاثي	5
الاقصى	5
بيلزبوري	5
دياجيو	5
سبيت	5
نهائياتها	5
سلف	5
الثابتة	5
طلاس	5
اختبارا	5
ابراهيمي	5
اندريوتي	5
منفصلة	5
كوبا	5
الشهير	5
تأثيراً	5
الأشكال	5
المتجددة	5
الحية	5
أراضيهم	5
الصوتي	5
مآدب	5
الافطار	5
إقليم	5
كركوك	5
محرك	5
التفضيلية	5
الأوكراني	5
بالعديد	5
ماكاو	5
بالسكان	5
الرائع	5
الصور	5
إيقاف	5
مكانٍ	5
وسمك	5
مباشرةً	5
الألب	5
اللورد	5
تشينغ	5
باري	5
أعيد	5
دوق	5
فرانسيس	5
أمثلة	5
الاستعمارية	5
الإنجليزي	5
البوفيات	5
تورينغ	5
المدرّسين	5
تستعمل	5
المؤرخ	5
الهوغونوت	5
يُطلق	5
مربّعاً	5
للمشطيات	5
الأخت	5
الطبقات	5
تُعرف	5
الطاعونية	5
يرسينيا	5
المقياس	5
حصن	5
نوبل	5
جاموقا	5
جنكيز	5
سبعينيات	5
الصيدلية	5
القاتلة	5
بوسطن	5
كارولين	5
تاناغريسون	5
الزمكان	5
لتصنيع	4
دبابات	4
للخطر	4
لالمانيا	4
كروس	4
النيجيرية	4
ويدعو	4
اقالة	4
عبور	4
قيصر	4
عائلته	4
رياض	4
مؤسس	4
بريطانية	4
اكدوا	4
خطرة	4
اندلعت	4
الطارئة	4
للحل	4
وقرر	4
لمجموعة	4
اتسمت	4
يتعرضون	4
يساوي	4
تعرضوا	4
اشارت	4
المخيم	4
يزالون	4
باتريك	4
الجرحى	4
تضبط	4
الهيرويين	4
شرعي	4
تحفظات	4
لمسؤولين	4
صينيين	4
لاننا	4
عائلات	4
يرغبون	4
فوجيان	4
عينات	4
الفيتنامية	4
الحليف	4
سعيها	4
استضافت	4
كوالا	4
لمبور	4
سيول	4
قرن	4
اليوشن	4
اقارب	4
يعرفون	4
تقترح	4
ستتيح	4
بمثل	4
جانبي	4
الصدامات	4
الشائكة	4
ليون	4
ميلر	4
ارخيبوف	4
لصنع	4
وتسعى	4
وتجري	4
اس	4
اضافي	4
تحكم	4
انديانابوليس	4
كارلوس	4
الكرواتي	4
والاسرائيلي	4
واين	4
والاميركي	4
بسفينة	4
ايليا	4
باي	4
للانقاذ	4
باجراء	4
بالحرب	4
واللاجئين	4
برئيس	4
سر	4
باعلان	4
بطلة	4
البرتغال	4
لاعبي	4
مرمى	4
لوران	4
كييف	4
بالبقاء	4
واحمد	4
والنصف	4
صفوفه	4
نظير	4
مستقبله	4
زميله	4
الشهري	4
تسوبيل	4
يصر	4
فانها	4
انتقاد	4
وافريقيا	4
جددت	4
خرج	4
تمرد	4
يبشر	4
الوسيط	4
بحل	4
بالانسحاب	4
بانتشار	4
الانتشار	4
الخطير	4
قواته	4
تنتشر	4
انكلترا	4
بيليفيلد	4
الواسعة	4
نجاحا	4
شخصي	4
والاس	4
وانها	4
سباقي	4
تلاعب	4
عينة	4
تهمة	4
رود	4
تعويض	4
مواسم	4
غال	4
واعربت	4
مسلمة	4
علوي	4
والاسرائيليون	4
قرروا	4
وعددا	4
مقتنعة	4
ابنتها	4
يصادف	4
العذراء	4
للافراج	4
والاعتراف	4
يرتكز	4
عرتا	4
جناح	4
نقلته	4
داخلها	4
ويوجد	4
تعيق	4
التأخير	4
منافسات	4
يملكون	4
الاسيوي	4
لانها	4
صدمة	4
حدا	4
للبطولة	4
الاسراع	4
المنصة	4
صيف	4
فندق	4
الصحافيون	4
نشرة	4
مواضيع	4
للمنتخب	4
السادة	4
تلفزيونية	4
تخطي	4
ويستطيع	4
شاشة	4
الكومبيوتر	4
يده	4
ادارته	4
الزلزال	4
نورث	4
بينون	4
والامم	4
والاجراءات	4
تحسينات	4
المحطات	4
تلفزيون	4
وول	4
ستريت	4
وواحد	4
اند	4
لصحيفة	4
التلفزيونية	4
بعثت	4
الاستعداد	4
احلال	4
الدوما	4
ناخب	4
فتحت	4
نجا	4
حضر	4
شريط	4
اربعين	4
كينيدي	4
كرئيس	4
لكم	4
شكرا	4
لموسيقى	4
الروك	4
كليا	4
غالبا	4
الوراء	4
انهما	4
حياتي	4
رمزية	4
الفي	4
المتكرر	4
روبرتو	4
خولو	4
استعدادات	4
رياضة	4
النفسية	4
سراح	4
خانة	4
الانطلاق	4
قصة	4
النصوص	4
بوكس	4
الشهيرة	4
الحديقة	4
الفصول	4
ووعد	4
طرحه	4
لجيل	4
دقة	4
مثيرة	4
وبقيت	4
التصنيف	4
بسيط	4
مرتبة	4
بومرداس	4
عناصرها	4
دوران	4
اسلاميين	4
مستواه	4
ولدى	4
وتشارك	4
تنتمي	4
تأكد	4
عاجزة	4
التقاط	4
لاي	4
راس	4
الحليم	4
ميرو	4
سيبحث	4
بالتفريط	4
مقدسة	4
لليهود	4
المجاهدين	4
يتوقعون	4
المتزايد	4
اصل	4
مؤسسي	4
اوقعت	4
رفعها	4
المحافظون	4
مفتى	4
يجدد	4
تجديد	4
الممكنة	4
بالامكان	4
سلة	4
الفردي	4
البحار	4
حجرة	4
ستين	4
يصعد	4
التاسعة	4
المنتخبات	4
والوثائق	4
انفجرت	4
الطيارين	4
صفحاتها	4
تحلق	4
لقناة	4
هزيمة	4
انصاري	4
القاه	4
هدوء	4
تكثر	4
وباتت	4
والاهلي	4
الذهاب	4
كانتا	4
تشبه	4
الغلاف	4
العازل	4
كهربائي	4
الارجح	4
قعر	4
هبوب	4
يتضح	4
انظمة	4
وتلعب	4
اولئك	4
اللبنانيون	4
الشهود	4
لقوة	4
يقولون	4
احتج	4
بالرئيس	4
اوقع	4
الدبلوماسي	4
وزار	4
لانجاح	4
افريقي	4
المزورة	4
ضواحي	4
بيهاري	4
يتجزأ	4
آباد	4
يضع	4
استونيا	4
خوض	4
الملحق	4
اذربيجان	4
تسديد	4
وطهران	4
بتزويد	4
وبموجب	4
لموسكو	4
الصحاف	4
احتجاج	4
بعرض	4
لمبدأ	4
ذكرى	4
شكوى	4
لمواصلة	4
المتفجرات	4
عبوة	4
صنعت	4
ضحية	4
هانزا	4
الوسط	4
بيننا	4
مباريات	4
للتلفزيون	4
جارية	4
لاذاعة	4
كقوة	4
تحقيقات	4
اتخذته	4
توصية	4
والاسرائيليين	4
الفنلنديين	4
رفضنا	4
تمارس	4
تناقش	4
اتهام	4
خوزستان	4
وصور	4
الممثل	4
الدعارة	4
وتسمح	4
لاصدار	4
بتعليق	4
سيستمر	4
تملكها	4
الشركتان	4
بالمقابل	4
فلكي	4
المنظار	4
وبقية	4
ساوث	4
البسيط	4
لتسوية	4
صحافيين	4
والد	4
خيرية	4
الموفد	4
استقباله	4
منحهم	4
الزعماء	4
وتشكيل	4
لرؤساء	4
وقرغيزستان	4
تسلل	4
ادمان	4
المزاجية	4
يفسر	4
نتائجها	4
اقوال	4
اعراض	4
آمل	4
مستشارة	4
التمكن	4
وسقوط	4
متفجرات	4
يمهد	4
التوافق	4
تاجيل	4
ترسيم	4
يشر	4
توقفت	4
المنتخبين	4
مجهول	4
الباخرة	4
واضافة	4
بولس	4
ثقته	4
حضورهم	4
الاحمد	4
شخصيا	4
والقضايا	4
ثان	4
اعتراضات	4
مقررة	4
اوباسانجو	4
احتفالات	4
العيد	4
مشاركتهم	4
دعوا	4
يحكم	4
حجاج	4
الالفية	4
يدخل	4
قلت	4
ار	4
ندري	4
استغاثة	4
بلغة	4
نشرته	4
النيابي	4
ابتداء	4
اصلاح	4
جراحية	4
اختار	4
هدفا	4
رحلاتها	4
والعاملين	4
واليمن	4
بتصدير	4
للصناعة	4
محافظات	4
استنادا	4
الافتتاح	4
وزعت	4
فريقا	4
متأخر	4
ببرنامج	4
المبرمة	4
الكوبي	4
خافيير	4
المسابقة	4
بسهولة	4
المقداد	4
الدورية	4
عملات	4
شغب	4
امني	4
وعناصر	4
تطورت	4
ضابط	4
الارتباط	4
والا	4
ستتحول	4
استهلاكية	4
دعوات	4
قرارا	4
كوستاريكا	4
يؤكدون	4
اصدرتها	4
الاجهزة	4
الشيشاني	4
وتصدر	4
خصصت	4
ونظيره	4
لجمع	4
اقتنع	4
مستعدون	4
الشاه	4
قولها	4
والعودة	4
خلل	4
لمساعدتهم	4
بالكثير	4
تلفزيوني	4
لحسابها	4
حكومتها	4
الاوساط	4
التظاهر	4
الترابي	4
الاساسي	4
تدعى	4
اتهامه	4
الشوارع	4
تعبيرا	4
الرفض	4
كوهلر	4
يتألف	4
يعلم	4
ستظل	4
الاجمالي	4
للعقوبات	4
اعتبره	4
حاضرة	4
اشترط	4
ملموسة	4
انكماش	4
يتابع	4
قصارى	4
القابلة	4
وفلسطينيين	4
شعبي	4
لخلافة	4
المقصورة	4
الفرق	4
هبط	4
نفسك	4
رفيقك	4
أنت	4
الصعاب	4
تقنع	4
صديق	4
ويكون	4
حان	4
ناقشت	4
منك	4
التغلب	4
الدنانير	4
محققو	4
هاتفية	4
زمنية	4
ايقاف	4
اصدر	4
بوسط	4
لضرب	4
تمكين	4
لتكوين	4
الراغبين	4
للتضامن	4
بقصد	4
محاضرة	4
فرعي	4
للمحامين	4
بالفساد	4
طريقهم	4
الصيد	4
دينار	4
شاطئ	4
واما	4
الفتاة	4
فب	4
تتواصل	4
الغارة	4
وعشرة	4
الدبابات	4
وتقول	4
والعراقية	4
مسلحون	4
بالمدينة	4
والمدينة	4
برعاية	4
نفوذ	4
النيجيري	4
يوقع	4
انما	4
لخلق	4
يمارس	4
اعداء	4
المعنيين	4
المنصوص	4
بمجرد	4
الدستوري	4
وحركة	4
الاشتراكيين	4
المستفيدين	4
علمية	4
الاقتران	4
التوضيح	4
نقول	4
التكوين	4
المنظم	4
واقتراح	4
قطاعي	4
بدراسة	4
وضبط	4
وزارات	4
وهاجم	4
قنديل	4
النصح	4
يدعمون	4
عون	4
أثرية	4
الأحد	4
التراب	4
المزعوم	4
بالتنسيق	4
الجهوية	4
متوفرة	4
والتضامن	4
يلي	4
المواطنون	4
قيم	4
التضامن	4
المبادرات	4
وفاء	4
التونسيين	4
شهداء	4
وشارون	4
ليشمل	4
واصلت	4
مواطنون	4
مطلق	4
الفقرات	4
الصياغة	4
رشيد	4
تنسيق	4
المطلقة	4
اتخاذها	4
بتعزيز	4
داعيا	4
المسيرة	4
الباقي	4
باشا	4
مشاعر	4
القاعات	4
التسعة	4
المنطلق	4
سعت	4
الموزعين	4
السينما	4
المهرجان	4
سيناريو	4
البنات	4
سيظهر	4
وألمانيا	4
سيقدم	4
تتصاعد	4
تدور	4
لمدينة	4
جنديين	4
ضاحية	4
تفرض	4
قذيفة	4
مروحية	4
وكانوا	4
ويشار	4
طرد	4
استمرارها	4
شيوع	4
مواطنيها	4
تتجنب	4
قضيت	4
فكر	4
والاهتمام	4
العدوى	4
أطول	4
الصداقة	4
يتسبب	4
فإذا	4
الذات	4
والهوية	4
تكامل	4
اهتمامه	4
مهد	4
لقيام	4
وتوفر	4
ليتم	4
صانع	4
الحضاري	4
متميزة	4
انقطاع	4
بهويتها	4
مرت	4
ويحتاج	4
معناه	4
يتزامن	4
اولوية	4
للكشف	4
بصحة	4
يعنى	4
الشيخوخة	4
يتوفر	4
يضطر	4
أبوابها	4
بمكان	4
أمرا	4
وتجنب	4
وممارسة	4
اسعارها	4
الشرائية	4
الاخضر	4
استعمال	4
رصيد	4
وتراجع	4
الشقق	4
كمرحلة	4
سيثير	4
وينتظر	4
وقانون	4
سيساهم	4
كهرباء	4
نسبي	4
إقناع	4
سعياً	4
الوزارية	4
سيؤثر	4
التقاعد	4
وتسلم	4
المعاش	4
والوصول	4
جاسكو	4
والسلطة	4
للشرطة	4
والإمارات	4
النجا	4
شوطاً	4
هجوماً	4
نفيه	4
موت	4
تطاول	4
غالياً	4
أعلنه	4
سهل	4
بعضهما	4
التام	4
تحترم	4
امل	4
والقوانين	4
والقيم	4
الأخلاقية	4
يستعد	4
المدخرات	4
عائد	4
للنقال	4
للهاتف	4
أسوة	4
ووصل	4
مقاولات	4
للتشييد	4
للنظر	4
وشراء	4
يحتاجها	4
جزئياً	4
الأصوات	4
إيراني	4
الغزول	4
حظوظ	4
وغرفة	4
مستلزمات	4
استبعدت	4
بشير	4
والاجهزة	4
يراوح	4
ملكيتها	4
الدميري	4
تاون	4
مجتمعات	4
وعين	4
انفاق	4
حقل	4
مارون	4
مجموعته	4
رواية	4
جلال	4
اكتسب	4
تصريحاته	4
حينما	4
يتعدى	4
النازية	4
قيامه	4
ألغى	4
الجالية	4
المطالبة	4
بتنفيذ	4
نفت	4
أمني	4
تصحيح	4
الحسبة	4
الأدب	4
القائمون	4
حاتم	4
أقول	4
يهودي	4
ألبوم	4
ادعى	4
ارهابي	4
مقراً	4
الهائل	4
دورهم	4
المنفذ	4
نفذها	4
بأحد	4
اليورانيوم	4
بالمقارنة	4
محاضر	4
لرجال	4
الجيزة	4
خطف	4
التدخين	4
اللقاح	4
الباحثين	4
امامنا	4
المدربين	4
كامبوس	4
يناقش	4
والارقام	4
الاستناد	4
وراءه	4
للحياة	4
يُعرف	4
والتعبئة	4
والازدهار	4
واقع	4
التكييف	4
وبوش	4
لمفاوضات	4
أسقط	4
خارجيتها	4
زيارات	4
لمحاولة	4
كفيلة	4
يقر	4
اختفت	4
تأكيده	4
متطورة	4
كارل	4
صينية	4
وتعهد	4
العقلية	4
مشروعة	4
تنظم	4
وتصر	4
المفتشين	4
للحظر	4
يتراجع	4
الموظفون	4
الهزيمة	4
عميل	4
لبغداد	4
الكولونيل	4
المفقودين	4
توصلت	4
مبايعة	4
السهيل	4
العشائر	4
سد	4
حولت	4
فرضها	4
انعقاد	4
البياني	4
الختامي	4
المختصين	4
المتواصلة	4
وأبدى	4
غسان	4
والدعم	4
مجالها	4
تنظيمات	4
وقادة	4
برامجها	4
بالولايات	4
والشرق	4
تلاها	4
سفن	4
الوكالات	4
أف	4
ايه	4
لقبول	4
ايغاد	4
واسعاً	4
لاحلال	4
ونظام	4
لدولة	4
أمانة	4
يتزعمه	4
الاحتجاجات	4
المناهضة	4
تضامن	4
والآسيوية	4
الفعلية	4
إصرار	4
المتعددة	4
لجأت	4
محاور	4
هيمنة	4
والمجتمع	4
مأدبة	4
العوائق	4
وجهه	4
التحولات	4
العدة	4
وانشاء	4
لوحظ	4
بقضية	4
تتمحور	4
مدخل	4
باستئناف	4
ضاعت	4
متراً	4
الحاليين	4
وقتاً	4
ستساعد	4
بالتواطؤ	4
شركته	4
أوقفت	4
سجلات	4
سوقاً	4
الناجمة	4
وتؤكد	4
العلاجية	4
اطباء	4
وقدر	4
والإعمار	4
الدعوى	4
باو	4
توافر	4
خصص	4
عينت	4
ومساعدة	4
اتفقا	4
استرليني	4
المنتدب	4
التعاقد	4
للتنقيب	4
بمساحة	4
المسماة	4
بعائد	4
للمصارف	4
التقاضي	4
استعدادها	4
وقلة	4
الانهيار	4
ارسلت	4
مقدم	4
مصرياً	4
والحرب	4
رصدت	4
السواء	4
الحاجات	4
مصالحها	4
أدلى	4
تركية	4
أنقره	4
اعتراف	4
أرضاً	4
آفاق	4
الاتراك	4
بقضايا	4
المخصصات	4
لتصريحات	4
دورها	4
ودينية	4
العاملات	4
قصي	4
الآمنة	4
غطاء	4
ومعدات	4
موقفنا	4
نيابة	4
واستغلال	4
واجهة	4
عبدالمنعم	4
مأمون	4
العادلة	4
واستغرب	4
البارز	4
انتقلت	4
أقطاب	4
لتعديل	4
الخمر	4
مفاجأة	4
قبيلة	4
إسلامياً	4
للتعليم	4
ويتيح	4
الذكر	4
وتخفيف	4
حتمية	4
تؤيد	4
الإجابة	4
عسكرياً	4
المهام	4
امتدت	4
للناس	4
ضرورية	4
البورصات	4
والمساعدة	4
عرضتها	4
إقراض	4
يتحقق	4
بشراء	4
الأخضر	4
المتوقفة	4
للنقاش	4
إسلام	4
إيه	4
الخلفية	4
والجماعات	4
الجهادية	4
ووقف	4
تديرها	4
الأقاليم	4
البيروقراطية	4
وتتمتع	4
شواطئ	4
اراد	4
الايجابية	4
عملة	4
اوراسكوم	4
وبسبب	4
وتختلف	4
يتفق	4
والخصم	4
لوسائل	4
دخولها	4
لسداد	4
تخصص	4
وعددها	4
للعاملين	4
مستحقة	4
يُشار	4
محلياً	4
وتحويلها	4
ستضع	4
لاحتواء	4
تفتقد	4
تنطوي	4
واقتصادية	4
للعملة	4
لتغيير	4
أعدها	4
لمزيد	4
لاستقطاب	4
يلتزم	4
متواضعة	4
ماضية	4
بألا	4
شكلت	4
مجالس	4
قرش	4
أصدرتها	4
معنية	4
السياسيون	4
للتعامل	4
مصرفي	4
دولارية	4
ملحوظة	4
تظل	4
داخليا	4
الطائفية	4
اولا	4
يحل	4
لتبرير	4
التغييري	4
توحي	4
شحنة	4
استقر	4
تحديا	4
لرفض	4
لأكثر	4
المصطلح	4
السائدة	4
المقصود	4
معالم	4
فانوس	4
فعله	4
وعليه	4
الرمزية	4
ليبرمان	4
تركيز	4
سياسيا	4
سيحدث	4
جلياً	4
اعتاد	4
الخلط	4
والوزراء	4
ليسوا	4
المعارضين	4
مثلاً	4
عقلية	4
المنشود	4
توفيق	4
يرتبط	4
يصح	4
ملاحظات	4
بفوائد	4
ولآجال	4
لعرض	4
يتدخل	4
مظلة	4
التزامات	4
فائضاً	4
الاندماج	4
المسارات	4
تصرفات	4
بتحسين	4
والاستمرار	4
المصلحة	4
طوائف	4
لرئاسة	4
دستور	4
وتقوم	4
الرسول	4
الاستاذ	4
اللاهوت	4
ودولة	4
الوعد	4
الوعود	4
ونرى	4
يسوع	4
تضغط	4
لطالما	4
العكس	4
العثماني	4
موطن	4
مار	4
ويعيش	4
بهما	4
بلوغ	4
بطاركة	4
جمعت	4
والقى	4
دوما	4
محبة	4
التجمعات	4
يعتبرها	4
ومدير	4
وجمع	4
والمدارس	4
المجتمعات	4
شبيبة	4
أمناء	4
ومستشفى	4
جامعي	4
ورئيسة	4
النسائية	4
المسافات	4
غداً	4
والعنف	4
لقوات	4
للذهب	4
تقديرات	4
خلافة	4
والثقافة	4
الجنائية	4
مال	4
واستعمال	4
لشغل	4
السجناء	4
لمناسبة	4
العادلي	4
الدعاية	4
أعلنها	4
ينفذ	4
إجراؤها	4
واختيار	4
جدل	4
البطن	4
الأزواج	4
تجنيد	4
أعدته	4
وخبراء	4
وجدوا	4
أبحاث	4
وانتشار	4
استخدامه	4
بحثاً	4
أضعاف	4
إصلاحات	4
لاحظ	4
كونسورتيوم	4
بأكثر	4
المقترحة	4
وتكنولوجيا	4
وسيارات	4
واعدة	4
رأسمالها	4
الجلدية	4
والمستوردين	4
بدخول	4
سابك	4
والبصل	4
الهامة	4
أهمها	4
اللحوم	4
إتمام	4
مؤكدين	4
مستثمري	4
جمارك	4
الكوميسا	4
الإفراج	4
تعوق	4
تحددها	4
باتفاقية	4
المتكافئة	4
الاقتراحات	4
تشتمل	4
ورأس	4
مصنعاً	4
سعي	4
لأعضاء	4
العادي	4
للبيئة	4
العبوات	4
للتصنيع	4
لإضافة	4
الشعر	4
المتداولة	4
والصناعية	4
بتمويل	4
ارتكابها	4
الصيارفة	4
مهنية	4
الرقابية	4
الأجواء	4
تمهيدا	4
وستقوم	4
يقتصر	4
مثلت	4
خالية	4
تتركز	4
وزادت	4
استحداث	4
وقالوا	4
بمنح	4
لمدد	4
أعوام	4
للانضمام	4
التعريفة	4
والجنيه	4
قياسية	4
ارتفاعات	4
متتالية	4
المتعلق	4
تقديمها	4
عليهما	4
والإسترليني	4
سيفتح	4
تخطط	4
ومشروعات	4
عجزاً	4
والرخام	4
والغزول	4
حجماً	4
سلموا	4
بالأسواق	4
ارتباط	4
جعلها	4
الحذر	4
والنقدية	4
والضرائب	4
ملحوظاً	4
تغييراً	4
تقدماً	4
وأعربت	4
والتجاري	4
لجنوب	4
الوفود	4
أجرى	4
بلادها	4
وآليات	4
التصور	4
الشخص	4
وكبار	4
أوضحت	4
انحسار	4
وأحمد	4
تستهلك	4
والبيض	4
المعلنة	4
بالمدارس	4
مرشحاً	4
يجمع	4
التبرع	4
الريف	4
شهيد	4
كذب	4
القبطية	4
العياط	4
تحويلها	4
الخمسة	4
القبطيات	4
الخلع	4
ألقى	4
اعتبرت	4
للترويج	4
معقدة	4
وتعمل	4
خطية	4
إفطار	4
المسلمون	4
والبرلمان	4
رده	4
يسبق	4
ثلث	4
يرون	4
الطبعة	4
الإعمار	4
لأمريكا	4
جغرافيا	4
بدولة	4
الإقليمية	4
وتعميق	4
أحسن	4
عالميا	4
العقدين	4
جوهرية	4
الباحث	4
بالأضافة	4
بتحليل	4
مرتبطة	4
نشأت	4
التسلح	4
المؤكدة	4
يرتفع	4
حيويا	4
وتشكل	4
السعرية	4
ليرتفع	4
مناقشته	4
وشك	4
خصخصة	4
الملتقى	4
خامات	4
المرفأ	4
لتصدير	4
شحنات	4
كيلومترات	4
وتصاعد	4
يفوق	4
بتغيير	4
والقوة	4
ريغان	4
أنبوب	4
العقبة	4
تنطبق	4
لاستثمار	4
نفطية	4
فائض	4
فلن	4
تعالج	4
أوسطية	4
تلقتها	4
أخذت	4
بخطة	4
لإقناع	4
وغيرهما	4
أشد	4
نموذجاً	4
العد	4
لتهدئة	4
بمدى	4
بنية	4
الأمريكيون	4
المخصص	4
بالقطاع	4
المرشحة	4
لتوليد	4
استعداداً	4
إنشاؤها	4
الأهلية	4
أهلية	4
تبرعت	4
وأبو	4
جافة	4
السكة	4
للمناقشة	4
والي	4
الأوقاف	4
الطلبة	4
ترشيحهم	4
بالنظر	4
استبعادهم	4
حضارية	4
نفسي	4
نادراً	4
بالحزب	4
إصابته	4
الإجهاد	4
بحياة	4
الأسئلة	4
موجهة	4
التيارات	4
المنشورة	4
احتياجاتنا	4
أمل	4
يقال	4
شعيب	4
نتائجه	4
اتفقت	4
وثائق	4
رب	4
بالفيدرالية	4
المشابهة	4
الروزنامة	4
السهل	4
عملياً	4
بشرية	4
المحاسبة	4
الاستقبال	4
مدته	4
بالسعودية	4
حكمها	4
التفتيش	4
المخازن	4
تنزانيا	4
تكنولوجية	4
إمكانيات	4
للتمويل	4
لتطور	4
والنحاس	4
الجغرافية	4
المستهدفة	4
المقاولون	4
مصيلحي	4
والهيئة	4
والإجراءات	4
وقيام	4
للسيارات	4
الجزائرية	4
للعلاقات	4
الأمازيغية	4
حروب	4
الاستيلاء	4
واستند	4
إعلامية	4
العفو	4
الذخيرة	4
وأصبحت	4
التفجيرات	4
للأطفال	4
تخوض	4
بند	4
طرأ	4
بالبحيرة	4
ضريح	4
يعقوب	4
السلالات	4
عادية	4
ترحيبه	4
صلى	4
ورحب	4
ويستمر	4
اتخذتها	4
تشهده	4
أهدافاً	4
والمقاومة	4
والخاصة	4
والأسمنت	4
الفرع	4
ومشاريع	4
والإسكان	4
الكافية	4
بورصتي	4
الأداء	4
مكوناً	4
استثماراتها	4
المليار	4
التصديرية	4
وأيضا	4
إنتاجية	4
بإنتاج	4
وضمانات	4
يمنح	4
الإلكترونية	4
بالتوقف	4
إدوارد	4
لمصانع	4
وأجزاء	4
لكوريا	4
خبراتها	4
والمجوهرات	4
المجوهرات	4
الهنود	4
المستخدم	4
لتوريد	4
عيار	4
اقتضت	4
بغدادي	4
الأدوات	4
الطمي	4
يمتلك	4
الصويا	4
آمن	4
المعتقدات	4
بإعداد	4
البهائيين	4
مصادرة	4
تهديداً	4
القضائي	4
مريض	4
النفسيين	4
للعلاج	4
أنان	4
لبريطانيا	4
الشيوعية	4
للمؤسسة	4
موظف	4
الفروع	4
بغض	4
قفزت	4
الست	4
وانتهت	4
للمحاسبات	4
تقييم	4
سبكتر	4
بالضبط	4
بال	4
الصدفة	4
تأسس	4
نسل	4
رجائي	4
قوطان	4
دروس	4
والداخلية	4
مات	4
الإسرائيليون	4
للمقاومة	4
إدانته	4
موقفاً	4
وثيق	4
الثابت	4
المتلاحقة	4
اليميني	4
فهناك	4
نماذج	4
الأنفاق	4
اشترت	4
الآراء	4
اختلافات	4
القادر	4
مستثمرين	4
حائزي	4
المحدود	4
الموازية	4
ولهذا	4
قليل	4
لأنهم	4
النتيجة	4
أمامها	4
وإنجلترا	4
النسبي	4
وأتعاب	4
أعماله	4
حيازة	4
وأشاروا	4
الوبائية	4
تسود	4
الأهالي	4
معظمهم	4
بدأها	4
الاستجواب	4
والفاحشة	4
الشاعر	4
سرحان	4
للهيئة	4
الاحتجاج	4
وقعها	4
الدائم	4
لاستكمال	4
بنى	4
اختراع	4
الإيجابية	4
القطاعين	4
امتلاك	4
والنمو	4
الإذاعة	4
توريث	4
ساهموا	4
نيكولا	4
المسلمات	4
شاملاً	4
يقرروا	4
تضييق	4
مضيفة	4
نهار	4
رابطة	4
حافظت	4
ومنتجاته	4
والبرامج	4
لطلاب	4
بالبرلمان	4
دخولهم	4
لسياسة	4
حلفاء	4
تطبيقاً	4
الممتلكات	4
معسكرات	4
بمعلومات	4
مربعات	4
الحقل	4
هياكل	4
البيئي	4
المساهمات	4
لاجتذاب	4
للأعمال	4
المسال	4
نواة	4
الوزيران	4
المعلقة	4
الضمانات	4
التجاريين	4
والطباعة	4
المحدودة	4
الصغير	4
بإقامة	4
ترحب	4
الأوربى	4
اليونانى	4
عملا	4
قوانغتشو	4
التوالى	4
المقاطعات	4
الاجمالى	4
التايوانية	4
تشاينا	4
ايرلاينز	4
ثانى	4
اوبرايان	4
السياسى	4
بالحوار	4
مسؤولى	4
هاربين	4
صينى	4
مملكة	4
غربى	4
الوزارى	4
ومنوعة	4
رايدر	4
الزيتية	4
لاغراض	4
قادمين	4
ماء	4
برفقة	4
ديلى	4
التبت	4
جنين	4
يطا	4
كثيف	4
المجزرة	4
التوغل	4
كأول	4
يورك	4
مولير	4
كجزء	4
وقسم	4
للمستلزمات	4
طور	4
السير	4
الكونغولى	4
امتحان	4
جثمان	4
مجموعه	4
مقعد	4
مقاعد	4
اذاعة	4
بونومى	4
ميلانو	4
ديمقراطية	4
الكنديين	4
لتقييم	4
والعدل	4
متأخرة	4
اشادت	4
تفشى	4
الشعبى	4
الكورى	4
انفتاح	4
الاونة	4
سريع	4
هاما	4
حمراء	4
عربة	4
مدنين	4
الفيروس	4
سكرتارية	4
جدير	4
تستغرق	4
اللوم	4
العربى	4
الرسمى	4
قدما	4
مريضا	4
تشاو	4
شو	4
اليونيسيف	4
بتصريح	4
تهيئة	4
بالى	4
انفجارات	4
للمحكمة	4
المالى	4
واسبانيا	4
تتلقى	4
المواصلات	4
سينها	4
محادثة	4
ترست	4
بحوزة	4
المسلحون	4
لقى	4
حقوقه	4
بنجلاديش	4
المقيمين	4
وصفت	4
أرسل	4
للحدود	4
عرفت	4
سودانى	4
كيرياندونجو	4
خططا	4
دبى	4
فقرة	4
وارى	4
فجأة	4
اخبارى	4
والماء	4
وعلينا	4
يرفع	4
بضائع	4
الخلفى	4
وسياسة	4
الحربين	4
التنبؤ	4
كولومبو	4
نمور	4
جولات	4
النمط	4
وبحلول	4
كاروبى	4
الفلبينية	4
التقدير	4
للشرب	4
اوهايو	4
ايرفاين	4
كويرتن	4
الحفل	4
دعمه	4
كيلي	4
ببساطة	4
واد	4
المحاربين	4
اجانب	4
هدفه	4
فضية	4
برونزية	4
باحة	4
يوغوسلافيا	4
استقلالها	4
الخلابة	4
شودري	4
الانقلاب	4
ميلان	4
باخ	4
ديوكانوفيتش	4
ويطالب	4
الشاسعة	4
البحيرات	4
الجبال	4
ينتج	4
لصاروخ	4
وعبادي	4
المافيا	4
رودريغيس	4
الامطار	4
الضحية	4
امم	4
تستضيف	4
اياب	4
التمهيدي	4
للعدل	4
الثلاثين	4
استسلم	4
المحمولة	4
النهج	4
مسئولي	4
للقرآن	4
وحيداً	4
يعلون	4
الاكتتاب	4
عمران	4
ومصنوعاته	4
البرلمانيون	4
بفائدة	4
الكاظمية	4
وشارع	4
رائجة	4
لتشمل	4
بدلة	4
حقوقهم	4
عامر	4
البرادعي	4
متهمين	4
المريخ	4
للطعن	4
لمقعد	4
وخطوط	4
لافارج	4
الفاعلة	4
اتفاقي	4
المنشقين	4
المؤسسية	4
الأمد	4
المآدب	4
العهود	4
الخريجين	4
المشورة	4
والاستخبارات	4
الاشتراك	4
الأغلبية	4
آرنز	4
استقلالية	4
هروب	4
شخصان	4
براون	4
ربيع	4
إتش	4
انبعاثات	4
الكائنات	4
شخصٍ	4
أوسكار	4
ويظهر	4
أونتاريو	4
المرتبط	4
بالأداء	4
الكثيرون	4
فني	4
التربة	4
للفنون	4
المسح	4
مسرحية	4
البشر	4
مسلسل	4
نورمان	4
الأبنية	4
صممه	4
الأولمبية	4
الإغريقية	4
علاوةً	4
إخراج	4
كلاً	4
الاستخدامات	4
الأصلية	4
لولاية	4
نيوتن	4
شين	4
متزايد	4
الذكور	4
للفرد	4
البندقية	4
فورد	4
وينستون	4
تدير	4
الأغنية	4
رافيرتي	4
أيار	4
البولونيوم	4
كيشا	4
ألبانيا	4
أوباما	4
أتباع	4
أجبر	4
الأبجدية	4
المدافع	4
الحاسوب	4
الحاسوبية	4
أصغر	4
سنتي	4
المقدّس	4
انظر	4
الرابطة	4
الدقة	4
الأقوى	4
مليمتر	4
الاحتراق	4
البخاري	4
الشائعة	4
شائعة	4
جزيئات	4
النباتي	4
التطبيقية	4
المطيرة	4
مربّعا	4
الأهداب	4
الأسنان	4
التناظر	4
كيرني	4
الأولي	4
وغالبًا	4
هادريان	4
غرينجر	4
فكتوريا	4
وألبرت	4
نغمات	4
تقريبًا	4
المغولية	4
للخلايا	4
التائية	4
النظريات	4
الفقاريات	4
جـ	4
ذوي	4
المدارية	4
البشري	4
المربعات	4
أكسفورد	4
سلالات	4
للبلاستيدات	4
أولي	4
الإمبريالية	4
ويسلي	4
جومونفيل	4
ترنت	4
كونتروكور	4
أرسطو	4
القذيفة	4
ديناميكس	3
بربارة	3
رودولف	3
واستمرت	3
يتبنى	3
يتنازل	3
العرش	3
والاردن	3
قطيعة	3
مولد	3
وزعيم	3
انطون	3
الملكي	3
الشيوعي	3
اعتداءات	3
باحتلال	3
السعوديون	3
بلغاريا	3
صوفيا	3
للمركز	3
النيران	3
اصابته	3
المستبعد	3
الجسدي	3
مجمل	3
يتعرضن	3
واخيرا	3
للعنف	3
لايك	3
الاسعاف	3
وعددهم	3
تمشيط	3
وبينهم	3
كيلوغراما	3
ايفان	3
صنداي	3
يندرج	3
التحقق	3
الريبي	3
لفيتنام	3
الفيتنامي	3
دوك	3
لوونغ	3
تعرب	3
مؤيدة	3
للقضية	3
شطري	3
تنقل	3
والسعي	3
عندها	3
للعائلات	3
اجازة	3
تعتبرها	3
تتوجه	3
الاسلاك	3
مزودة	3
آنا	3
جوائزها	3
وفازت	3
فيرجينيا	3
التشيكية	3
البلجيكية	3
السويدية	3
الكولومبية	3
افريقية	3
للطائرات	3
غينادي	3
لتحديث	3
نظرنا	3
بالغ	3
وخسارة	3
وخرج	3
خسارته	3
الارجنتيني	3
والايطالي	3
كيفن	3
والفرنسي	3
سيباستيان	3
الغارقة	3
بالوضع	3
ودرجات	3
المهلة	3
للبقاء	3
بوسعها	3
اسباب	3
صعب	3
بالاوكسجين	3
والتحضير	3
صاروخا	3
ايا	3
اسفر	3
يان	3
بوب	3
براين	3
ميليغيني	3
الاسترالي	3
والتشيلي	3
غونزاليز	3
وودروف	3
ادريان	3
للتحرر	3
حربا	3
لجهة	3
بيونغ	3
يوسي	3
اين	3
مهندسي	3
تطال	3
دنيس	3
توضع	3
تطول	3
ويزور	3
لتحريك	3
ربه	3
المفاوضين	3
صائب	3
عريقات	3
العائق	3
بالفشل	3
تقسيمها	3
ابدت	3
دعما	3
صورته	3
ودخلت	3
لنهائيات	3
وهولندا	3
فيورنتينا	3
لوثار	3
حامل	3
لاعبين	3
حارس	3
جورجيا	3
وجزر	3
وبلغاريا	3
وبرزت	3
مشاركته	3
وتلقى	3
بمليون	3
التنازل	3
لعقوبات	3
تفكك	3
علنا	3
مشادة	3
العصبية	3
سببا	3
نهايته	3
طاهر	3
النجم	3
تاريخه	3
السنغال	3
السنغالي	3
صعبا	3
اعمالها	3
ضعيف	3
الاساس	3
المجتمعون	3
رواندا	3
مئتي	3
لاحتلال	3
وخمسة	3
قلقه	3
تجدد	3
عينته	3
واكتفى	3
كابيلا	3
معاقل	3
المتمردة	3
تشارلتون	3
كريم	3
بضم	3
اللاعب	3
اختبر	3
وتحديدا	3
ارمينيا	3
نمط	3
الكروية	3
لاوتي	3
مسيرتها	3
واللقاءات	3
كينغستون	3
جدلا	3
تتنازل	3
دانيال	3
اللعبة	3
اوقف	3
تناولها	3
بزمن	3
هيسب	3
انضم	3
برحيل	3
البرتغالي	3
رغبتها	3
دعمنا	3
واندونيسيا	3
بوينغ	3
زوجها	3
ابنته	3
الانتقالية	3
بالطريقة	3
ستعرض	3
برنامجها	3
بحدوث	3
ارتطام	3
المناورات	3
بيار	3
ادنى	3
تحتضن	3
ارادة	3
حس	3
سمعة	3
الضجة	3
لسان	3
قبله	3
ويشكل	3
اكمال	3
مرافق	3
عينه	3
التقنيات	3
اجتماعاتها	3
امبراطوريته	3
بصور	3
القارىء	3
باطن	3
وداع	3
انجازات	3
بحس	3
الزعامة	3
نائبه	3
خليفته	3
يضرب	3
علوم	3
ريشتر	3
ابداء	3
تسريع	3
للتقدم	3
الامام	3
واثنين	3
اتش	3
اقليمية	3
سيتي	3
لنيوز	3
سلعة	3
افاق	3
تنافس	3
نقدا	3
تفضيلية	3
البيوت	3
برسائل	3
التلفزيوني	3
اهبة	3
اوضحت	3
اليومي	3
وانهم	3
تلقوا	3
اقتراب	3
ألكسندر	3
لاجىء	3
النائية	3
وتعرض	3
الانفصاليين	3
الديموقراطيين	3
بدت	3
القى	3
ويغادر	3
هيلاري	3
الاوقات	3
اعماق	3
حفلة	3
الخاضعة	3
وزوجته	3
مواطني	3
جسرا	3
الازدهار	3
وعبر	3
تخفيضات	3
ضريبية	3
مشددا	3
الافضل	3
لافتات	3
حملته	3
وعلق	3
اعماله	3
للحملة	3
يصيب	3
مفاوضي	3
الفيليبينية	3
لانهاء	3
التايكواندو	3
لعبة	3
توج	3
ناجحا	3
تقدير	3
قواسم	3
مايكروسوفت	3
ديك	3
الالكتروني	3
وتزداد	3
وبيع	3
شهرة	3
واجهتها	3
الخريف	3
الاولية	3
الغيار	3
فرانسيسكو	3
مجلد	3
قريب	3
الكلاسيكي	3
وكتب	3
متحركة	3
القراء	3
وماذا	3
ورفعت	3
رصيدها	3
ويلعب	3
وليامس	3
المركزين	3
والعاشر	3
مسلحا	3
اسلاميا	3
نزل	3
حجز	3
ثالثا	3
طومسون	3
وقطعت	3
المسافة	3
الغلبة	3
روسي	3
وامير	3
القطرية	3
علاقاتهما	3
مستواها	3
توضيح	3
تخليتم	3
بغالبية	3
للمسيحيين	3
للغالبية	3
مستشاري	3
الراديكالية	3
تولت	3
والابحاث	3
الفارسي	3
اصلاحي	3
اغلقت	3
اضطرابات	3
ضده	3
فلسطينيي	3
والديار	3
عكرمة	3
فتواه	3
تقدموا	3
اخلاء	3
حفظ	3
بكامله	3
للناشئين	3
تركي	3
عثمانية	3
ومساعده	3
قبر	3
ودمشق	3
والشعب	3
اخبار	3
الشعراء	3
الاهالي	3
حملت	3
وصولا	3
شوقي	3
قصيدة	3
تصريحه	3
متهما	3
بعرقلة	3
وتسوية	3
فانه	3
تجمعات	3
ويبدأ	3
ستقام	3
ترجح	3
شق	3
غمرت	3
فقدت	3
كثب	3
مجهولة	3
الهوية	3
عالقين	3
واستغلت	3
لمباشرة	3
سلوفاكيا	3
والبرتغال	3
لبنانيا	3
للصلاة	3
بنا	3
النشيد	3
طوقا	3
امنيا	3
امتار	3
الاصولي	3
المتعاملين	3
الميليشيا	3
لحد	3
اتى	3
واخرى	3
وضم	3
والصحافيين	3
لاراضيه	3
حصولها	3
اعلنه	3
عبرت	3
بطول	3
قتيلين	3
احتل	3
وشهود	3
ليلي	3
ايروايز	3
ادوارد	3
ابرام	3
وغادر	3
والزعيم	3
ليبي	3
اوترخت	3
مزورة	3
تحركت	3
جنسية	3
نيودلهي	3
موجه	3
اعتقدت	3
المستحيل	3
مساعي	3
تتورط	3
تمسك	3
جامو	3
مستحيل	3
يتناقض	3
اوروبية	3
جديا	3
البطاقة	3
والدنمارك	3
تسحب	3
للقارة	3
امسية	3
بالكهرباء	3
تمتع	3
محلي	3
اتفاقا	3
وباراك	3
اطلع	3
القيم	3
ممتلكاتهم	3
تشنها	3
ومبادئ	3
وامن	3
بالتعويض	3
اراضي	3
وتدور	3
تراقب	3
بوشكين	3
الناسفة	3
مزيج	3
روستوك	3
الرباط	3
للشفاء	3
المحلة	3
هبت	3
الدقيق	3
ايجابي	3
تعبير	3
المكلف	3
الدافع	3
ابيب	3
بحملة	3
مضادة	3
الفنلندية	3
ترفيهية	3
للاطفال	3
متمردين	3
فيليبينيين	3
بعشرين	3
يعلنون	3
الاجماع	3
لمشكلة	3
الصيغة	3
نوقشت	3
الوثيق	3
والسورية	3
والفلسطينية	3
ويقيم	3
وخاتمي	3
يهاجم	3
هاجم	3
آية	3
شرائط	3
واستهلاك	3
لنشر	3
ثقافي	3
ارقام	3
والفنية	3
الانتحار	3
مفاوضين	3
وياسر	3
متحدثة	3
والاسكندرية	3
الصيفي	3
انزال	3
الغواصات	3
الكبسولة	3
بالعبور	3
عندئذ	3
سيجعل	3
ايدينغتون	3
تلقينا	3
طفيفة	3
علقت	3
الارضية	3
مرصد	3
كوكب	3
مصدرا	3
محتجزين	3
يتلق	3
بارسال	3
فدية	3
الماني	3
لمجلة	3
وتعزيز	3
قطعت	3
اتهمت	3
صريح	3
اعدتها	3
كافيا	3
بعمق	3
محتوى	3
موسع	3
التقليديين	3
واتخذت	3
لادارة	3
فنزويلا	3
سلطنة	3
بانضمام	3
لقمة	3
قلقها	3
الحكومتين	3
الصودا	3
يضيفون	3
الطفولة	3
عدمه	3
النيكوتين	3
يضيق	3
بالوقوف	3
اعتقل	3
ممر	3
تجسيد	3
ولكننا	3
بجولة	3
توصلوا	3
تأهل	3
لتصفيات	3
للعبة	3
الحكام	3
لفض	3
الاشتباك	3
الملعب	3
شاركا	3
اتفقوا	3
لسبب	3
الوكيل	3
الاقدام	3
الكرسي	3
يلقي	3
الفاتيكان	3
واثقا	3
التزاما	3
المسالة	3
التكيف	3
المفهوم	3
والامير	3
الاثر	3
زمني	3
عقودا	3
يتسنى	3
اولوسيغون	3
رفيعة	3
عائدا	3
قلوبكم	3
النجدة	3
التفاصيل	3
الالتحام	3
طاقمها	3
مكانها	3
المتوسطية	3
قليلا	3
البري	3
بعبدا	3
وسيبحث	3
ويعمل	3
ونادي	3
الطراز	3
خفيفة	3
اوقفت	3
سيلفا	3
يرحب	3
لاين	3
امن	3
رامي	3
عقيل	3
وقائية	3
لحصار	3
استثنائي	3
المتضررة	3
وبريطانية	3
قصفت	3
بالفرار	3
قواعدها	3
احصاء	3
ويومبلغاز	3
البلغاري	3
السلة	3
الاردنيين	3
والوحدات	3
والخليج	3
الملح	3
الممثلين	3
مونتوبان	3
بالنجاح	3
الوثب	3
المضمار	3
سعيدا	3
ابدا	3
سيقف	3
قضيتي	3
فوزا	3
مثيرا	3
طيفور	3
قضاء	3
فارق	3
الفارين	3
سرقة	3
ترافق	3
الاصلي	3
احتجاجا	3
وتدخلت	3
البنادق	3
تعزيزات	3
تسليمها	3
المصداقية	3
المخاطر	3
الانتخاب	3
الكونكاكاف	3
غواتيمالا	3
باولو	3
وتلقت	3
الرأس	3
سعوديا	3
مشتركتين	3
ستجتمع	3
مستعدين	3
صراحة	3
تجاوزها	3
الروائية	3
الحسن	3
انعدام	3
اقتصرت	3
توجيهها	3
سيمكن	3
للتأكد	3
الفرنسيون	3
بتغطية	3
موازية	3
تقني	3
بضع	3
نقدم	3
كويغلي	3
اضاف	3
هويته	3
راي	3
وليم	3
حوزتهم	3
سيصدر	3
كتابا	3
المالكة	3
وفاتها	3
صحيحة	3
بيانا	3
معارضتها	3
المقربين	3
سراييفو	3
الرئتين	3
وقدمت	3
وغربه	3
وغربها	3
محاكمتهم	3
راتب	3
لصندوق	3
مخصصات	3
للضرائب	3
لمراسل	3
ضرائب	3
تقريره	3
يجريها	3
التركيبة	3
الرفع	3
المجمدة	3
اتخذه	3
للاسعار	3
الكونغرس	3
التشاؤم	3
قادروف	3
غودرميس	3
المدعي	3
جثث	3
اتلتيكو	3
للحضور	3
الاداري	3
خصم	3
تركه	3
ساعد	3
صديقاً	3
والرعاية	3
حالتك	3
والنشاط	3
المتعة	3
الثور	3
متخصصاً	3
مقرب	3
إجازة	3
لديك	3
ستؤدي	3
وتكون	3
للضغط	3
يتفهم	3
للانفجار	3
وتظهر	3
القوس	3
تتطور	3
التزمت	3
أقاربك	3
سناً	3
المسئولية	3
الإفراط	3
نابل	3
فتحول	3
فوجئ	3
المشبوه	3
معطيات	3
قدمها	3
بالبحث	3
الموقوفين	3
قادم	3
المكشر	3
بالقتل	3
والطرق	3
ومدينة	3
السنية	3
مقاتلين	3
راح	3
ضحيتها	3
بتشجيع	3
الانتفاع	3
اقتناء	3
امكن	3
العاجل	3
صفاقس	3
اوائل	3
بحجب	3
قاطع	3
تعديلا	3
والقضائية	3
احباط	3
بالجنوب	3
ادخل	3
ضدهم	3
اعمارهم	3
وأضافوا	3
صفة	3
للمنازل	3
فتاة	3
خال	3
سيدة	3
ارهابيين	3
شنها	3
ضياء	3
يزعم	3
طابع	3
مدنيين	3
ومسلحين	3
بتفتيش	3
اطول	3
الاعتقال	3
ولكي	3
نجاحات	3
الحادية	3
والتشريعية	3
حملها	3
علمنا	3
عرضها	3
حصولهم	3
والقمر	3
بتوقيت	3
مكوث	3
يناهز	3
ونسبة	3
الرصد	3
توفرت	3
والمقاييس	3
وكلما	3
والتوجيه	3
مجالي	3
ودرس	3
اساسا	3
للمنشآت	3
قارة	3
حزبين	3
الناطقين	3
وليد	3
كتلة	3
بتدخل	3
بنزع	3
بالقرار	3
كتبت	3
المجازر	3
الاشتراكية	3
واصلاح	3
الاغتيال	3
المستقيل	3
حمادة	3
دعمت	3
وترى	3
بسليمان	3
يعتقدون	3
ضيعة	3
فلاحية	3
التأكد	3
أعوان	3
نظرهم	3
يسود	3
وات	3
المعظم	3
بكلمة	3
أيها	3
عليكم	3
الإيمان	3
الأمثل	3
والمجموعات	3
التهنئة	3
وخارجه	3
جباليا	3
السبعين	3
دمرت	3
جرافات	3
بتطوير	3
ستصل	3
فجرت	3
الفدائية	3
المزدوجة	3
الاوان	3
بلهجة	3
ودخل	3
موافقته	3
شكلها	3
وشكل	3
بموافقة	3
فلاحي	3
لمساندة	3
القروي	3
الفلاحة	3
والصيد	3
ميداني	3
تلازم	3
تطرق	3
متكاملا	3
السبل	3
باوضاع	3
للقدرة	3
الحاضرين	3
المكثف	3
التنموية	3
حققته	3
قيادته	3
لأيام	3
نعيش	3
وفني	3
تباعا	3
وأفضل	3
ومحمود	3
النضال	3
ننسى	3
فول	3
الفطر	3
المدخل	3
اللطيفية	3
لقصف	3
بقصف	3
استهداف	3
لجماعة	3
الأردني	3
برصاص	3
طبي	3
يجرى	3
ملابسات	3
التدريبية	3
للوجود	3
الاجنبي	3
تحذير	3
مأوى	3
القتلة	3
تلجأ	3
استنفاد	3
يصعب	3
يحتم	3
تزعم	3
لفترات	3
تجريد	3
أيديهم	3
مسؤولو	3
أسرى	3
متطرفة	3
والأمريكية	3
الانتباه	3
تحبهم	3
للمؤسسات	3
إعانات	3
بالسفر	3
الشائعات	3
والأسرة	3
الزائد	3
تتأثر	3
أنك	3
تترك	3
المعالم	3
تعنى	3
مجد	3
عززت	3
عناية	3
الوجوه	3
الرائد	3
الحيوي	3
لقيت	3
التقاء	3
ديبلوماسيون	3
الدائمة	3
لتمديد	3
حليف	3
والعلاج	3
للطب	3
للنهوض	3
الاختصاص	3
التشخيص	3
ومرض	3
والوقاية	3
الولادات	3
ولادة	3
يمارسون	3
نشاطهم	3
رياضية	3
دأبت	3
حلويات	3
يحد	3
الاختيار	3
التشجيع	3
أمامه	3
كاهل	3
لاحظت	3
طبيعيا	3
التخزين	3
ارتفاعا	3
للتعريف	3
صكوك	3
بنكية	3
شبان	3
تورطهم	3
سلعا	3
جعلت	3
المتراكمة	3
بسوق	3
ضعيفاً	3
والسياحي	3
وأصبح	3
المتعاقد	3
تراوح	3
منطقي	3
فعال	3
ترقب	3
جدلاً	3
سيعطي	3
المعارضون	3
وحال	3
الفقراء	3
للاسكان	3
ركزت	3
معروض	3
فيلا	3
الترفيهية	3
تأكيدات	3
اطلاقاً	3
سيظل	3
قائماً	3
المزودة	3
والمهندسين	3
تقر	3
صيانة	3
المبنية	3
الهدم	3
للمباني	3
أخيرة	3
الكوك	3
مديونية	3
إكمال	3
بديل	3
الفرن	3
الانتاجية	3
مناقصة	3
انشئت	3
أوابك	3
لتطويق	3
صدامات	3
تعتقل	3
احتواء	3
تلت	3
بحكومة	3
بالعاصمة	3
أسرع	3
النصيرات	3
تحريض	3
فتى	3
الرصاص	3
بالحجارة	3
طلقة	3
الظواهر	3
هاجمت	3
المساجد	3
قتال	3
اعتقالات	3
الناشطين	3
تقي	3
والتحركات	3
المتدهورة	3
جنوى	3
بآلية	3
رقابة	3
المتوترة	3
عشوائي	3
بعضاً	3
واصفاً	3
انتصار	3
إيفاد	3
دوليين	3
وأشاد	3
سولانا	3
قول	3
بالسلام	3
والفلسطيني	3
ضمنها	3
عرقلة	3
لشارون	3
وربط	3
سنوي	3
متغير	3
تمنحها	3
وتقرر	3
نظيف	3
الرخصة	3
دفعته	3
قانونياً	3
حاداً	3
حامية	3
الباقية	3
فنادق	3
والبري	3
بالقدر	3
الحصة	3
ابرزها	3
تضارب	3
القطنية	3
الاجل	3
تفصيلية	3
تشخيص	3
قصور	3
التسويقية	3
لاتحاد	3
الضريبة	3
سيمينز	3
كشريك	3
المعدلات	3
لسحب	3
ديونهم	3
ربطه	3
الفيوم	3
حاجات	3
القصة	3
أساتذة	3
أثره	3
الفن	3
القصصي	3
يكتب	3
صاحبه	3
الأساتذة	3
أشبه	3
الترجمة	3
الأدبية	3
الحكمة	3
الحاج	3
انطلاقاً	3
عميق	3
قدراً	3
والاسلامي	3
محتلة	3
الروابط	3
تنته	3
الارثوذكس	3
استنزاف	3
البطريرك	3
تنفي	3
وباستثناء	3
الإنجاز	3
ستعود	3
اللوبي	3
والانفتاح	3
ضعفها	3
وأبرز	3
إبعاد	3
والآثار	3
للدكتور	3
وأدار	3
الملكة	3
وعرضت	3
الهندسة	3
المعماري	3
العين	3
وأهمية	3
موضوعاً	3
القنبلة	3
والجمعة	3
فلسطينياً	3
خالياً	3
أصاب	3
خاطئة	3
المطلق	3
بدل	3
تضرب	3
خلافاً	3
بمحاولة	3
كسب	3
رخيصة	3
يشيران	3
خطراً	3
رجلاً	3
خلقت	3
أمنها	3
وأهم	3
انتحارية	3
اشتون	3
مدرباً	3
ابنه	3
يتصل	3
السويسريين	3
متباينة	3
عشق	3
الحب	3
والدته	3
مخبرية	3
أمان	3
أجسام	3
يلعبه	3
الحاسمة	3
شقير	3
ستانغ	3
الجوهر	3
تعادل	3
المسكري	3
متوقعة	3
الصلاحيات	3
درب	3
الريان	3
لتدريب	3
وحقق	3
والشباب	3
وتحتل	3
التضحية	3
المنطق	3
مثله	3
تحريرها	3
بأسرع	3
وتفكيك	3
التدهور	3
كونهم	3
اعتقدوا	3
المتشددة	3
تجسس	3
بفقدانها	3
يستخدمها	3
واعترفت	3
متزايدة	3
فاعليتها	3
خصيصاً	3
وانقرة	3
تسفر	3
والتركي	3
تصر	3
تحليلات	3
واجتهادات	3
مفتشي	3
عائقاً	3
جواسيس	3
للغذاء	3
يمكنني	3
أبداً	3
نشعر	3
يخل	3
يتعامل	3
أسوأ	3
وتمنع	3
تمولها	3
الأعداء	3
انفسنا	3
إياها	3
نفوق	3
الأسماك	3
مرسوم	3
تسبق	3
والاتهامات	3
الاسماك	3
بمغادرة	3
عدن	3
مثنى	3
والوقود	3
ايراني	3
رفات	3
المحاذية	3
الطرفان	3
تميم	3
وزع	3
جريحاً	3
مصفاة	3
موضحة	3
أبلغ	3
جذرية	3
ترتكز	3
والشامل	3
القصر	3
حمود	3
لترجمة	3
بتفعيل	3
واللبناني	3
الموحد	3
ومناقشة	3
والبحري	3
اشكال	3
الاهداف	3
وسفير	3
تقدمه	3
نزع	3
تدين	3
مسؤولا	3
سالم	3
والشعبية	3
أرييل	3
والتلفزيون	3
تعرضها	3
ضرورياً	3
شيلي	3
بالطائرات	3
فوضى	3
وتحول	3
أخبار	3
يلحق	3
وصورة	3
الرعب	3
بيرل	3
يابانية	3
جندياً	3
المفاجئ	3
الآلاف	3
الاتحادي	3
البنى	3
التجسس	3
يكفل	3
تلبي	3
النور	3
الحرمين	3
والعربية	3
يلبي	3
المتمثلة	3
لتوحيد	3
وتعقد	3
وبعيداً	3
ولفتت	3
ومواجهة	3
يقتضي	3
البديلة	3
الموريتاني	3
معاوية	3
ويحقق	3
التنافس	3
وتنشيط	3
الحقائب	3
قادمة	3
تسجيلها	3
وسمح	3
مجدي	3
تطويره	3
بالملايين	3
جسيمة	3
التعاونية	3
للتأمين	3
تاج	3
العمير	3
ناتجة	3
عوائد	3
كشفها	3
التلاعب	3
رادعة	3
دولياً	3
اعباء	3
لمراجعة	3
بتعويض	3
بسوء	3
التحكيمية	3
اللوائح	3
أقوال	3
غبريال	3
والمحامي	3
اصدرته	3
للشقق	3
المنامة	3
باتفاق	3
عيسى	3
البتروكيماوية	3
الترخيص	3
للمعادن	3
التنقيب	3
الاذون	3
للاكتتاب	3
الخمسية	3
وتوجد	3
مدتها	3
أثرت	3
بالشلل	3
للاستيراد	3
لاقناع	3
استرداد	3
جمعيات	3
العميل	3
قاله	3
والمصدرين	3
أنشطة	3
للملابس	3
تقوله	3
توازي	3
السلعي	3
والاستثمارية	3
أجاويد	3
بتركيا	3
علناً	3
ذاتياً	3
وقوة	3
قناعة	3
اختلفت	3
تسهم	3
فعلت	3
ستنضم	3
إرادة	3
وجهتها	3
تعليم	3
سار	3
شاء	3
للمرأة	3
الدكتورة	3
لإثبات	3
الطالبات	3
تعبر	3
قاض	3
غيره	3
يراد	3
مسيطراً	3
تعطيل	3
متكامل	3
التفوق	3
معطلة	3
وزارتي	3
للنساء	3
زهير	3
لاغتياله	3
وبغداد	3
بواشنطن	3
اقامتها	3
خطيراً	3
التماس	3
لسيطرة	3
بتهم	3
واستنكرت	3
حبس	3
اعتقلوا	3
اقتحمت	3
العبد	3
إسلاميين	3
لوك	3
الجزاء	3
السرقة	3
نظمت	3
الصباحية	3
المطيري	3
علاقته	3
بمناقشة	3
للضرب	3
وعشرات	3
كثيرون	3
الدرش	3
والمساعدات	3
توقيعه	3
والبقية	3
ميسرة	3
والري	3
للديون	3
معونات	3
دعماً	3
تتحول	3
الإيرادات	3
امتد	3
المتشددين	3
واتسمت	3
وحذرت	3
الضربة	3
وزعزعة	3
نيكولاي	3
الدائمين	3
بعثات	3
تضطر	3
بالاتفاق	3
سيطرتها	3
حدودها	3
تأييد	3
وبعدما	3
تهديدات	3
تبرر	3
مسمى	3
التأجيل	3
شديداً	3
تدوير	3
ديونها	3
ومحلية	3
برمته	3
مقايضة	3
ومستثمرين	3
بإمكان	3
توسعات	3
الناتجة	3
لحجم	3
العصرية	3
تستوعب	3
محللون	3
سيسمح	3
القدوم	3
مارسيل	3
الخضوع	3
تقلل	3
والتسهيلات	3
شاسعة	3
يخت	3
بإزالة	3
مارينا	3
الشكاوى	3
ساويرس	3
يجعلها	3
تحتها	3
يفسح	3
ايضاً	3
والبورصة	3
بشركات	3
توظيف	3
راجع	3
يحدده	3
الفعلي	3
الزيوت	3
أقرت	3
مرحلته	3
تتوزع	3
منحها	3
يقلص	3
لمستثمر	3
ادارية	3
ضريبياً	3
يستطع	3
السوقية	3
خاسرة	3
الاستغناء	3
الممتدة	3
العائدات	3
نوعين	3
زاروا	3
قوانينها	3
تمول	3
تسديدها	3
الأقصر	3
تبعتها	3
عملتها	3
المنع	3
الحمائية	3
يكمن	3
الوارد	3
مكة	3
دانفورث	3
السودانيين	3
تزامنت	3
يرأس	3
يحيي	3
وقضية	3
وتحاول	3
خيارين	3
بترك	3
للسلطات	3
هواجس	3
السيادية	3
دفة	3
المفقودة	3
للضغوط	3
وترك	3
قبولاً	3
لاختبار	3
طفرة	3
يجر	3
للوقوف	3
ونواب	3
الاكثرية	3
بطبيعة	3
يستطيعوا	3
يقابل	3
يتحدثون	3
والحوار	3
والخلاف	3
والوجود	3
ارضه	3
بلبنان	3
مقال	3
الاعتقاد	3
افتعال	3
يحسب	3
واميركا	3
تتعدى	3
التأثيرات	3
الحزبية	3
مصطلحات	3
للحريات	3
مشروعين	3
المعقدة	3
التحالفات	3
فكريا	3
فـ	3
المضمون	3
قائم	3
تنتقد	3
تقودها	3
لحالة	3
التحرر	3
الاعتراض	3
رؤيتها	3
وأحد	3
الهوة	3
كـ	3
لسنا	3
المضاد	3
طبعا	3
تخلو	3
مكتوم	3
تعزز	3
التساؤلات	3
قياسا	3
نطلب	3
فاذا	3
وتقليص	3
للوضع	3
لنجاح	3
تشكيلها	3
كتلته	3
لممارسة	3
حربه	3
معركتها	3
سقط	3
ملكي	3
وقعوا	3
الصحافية	3
والديموقراطية	3
وخصوصاً	3
يتكرر	3
تتكرر	3
قناع	3
محمية	3
الثمن	3
يسأل	3
الجمهوريين	3
للأسف	3
والوزير	3
والكاتب	3
ذاك	3
الفتنة	3
والشحن	3
الطائفي	3
طبول	3
بعده	3
يزداد	3
هموم	3
تجتاح	3
المقالات	3
المؤلف	3
الالتزامات	3
اكرم	3
والمدير	3
استهل	3
مبني	3
الفشل	3
دليلاً	3
درست	3
يبذل	3
وتداعيات	3
الجدية	3
مسؤوليات	3
محضر	3
مؤقتاً	3
التوظيف	3
تابت	3
والدين	3
فلو	3
والسرقة	3
لكانت	3
ولما	3
تنشأ	3
التفسير	3
فنيش	3
الجذور	3
تطرقت	3
اراء	3
الافكار	3
للمسيحية	3
حرفيا	3
مميزا	3
النهضة	3
نشأ	3
القس	3
الحقبة	3
حقبة	3
مفصلة	3
الوقائع	3
وخلص	3
تأثيرها	3
قزح	3
السلطنة	3
ذروة	3
والسياسة	3
والحركة	3
والمحبة	3
انسان	3
طلعت	3
لقيادة	3
العروبة	3
بشري	3
الريحاني	3
محاضرات	3
سأله	3
واجتماعية	3
مهنة	3
والريحاني	3
الشهرة	3
وكنت	3
للوطن	3
صديقه	3
الحقد	3
البطاركة	3
الكاثوليكي	3
مونس	3
المشاركون	3
الآتية	3
الديانات	3
وحقوق	3
واحترام	3
مدخلا	3
خضم	3
الروحية	3
أجواء	3
ثوابت	3
مخاطبة	3
وعودة	3
متقدم	3
منطقتنا	3
يبين	3
الملاحظات	3
والوزارات	3
جوزف	3
الاحصاءات	3
اجنحة	3
المنقولة	3
وموقف	3
الدمشقي	3
المجتمعين	3
مؤتمراً	3
التوجيهي	3
وثلاث	3
الدير	3
والساعة	3
الليبرالية	3
مطر	3
لعودة	3
ورأت	3
القارات	3
وتصفية	3
كلمتها	3
وتحدثت	3
نسأل	3
نحتاج	3
ورش	3
بنشر	3
بزعم	3
المحظور	3
للماس	3
والذهب	3
الإمارة	3
الثمينة	3
إقليميا	3
المعدن	3
إسطنبول	3
جغرافياً	3
شبيهة	3
هدفها	3
التكهنات	3
مقاليد	3
ومعالجة	3
والجمع	3
اختلاس	3
تحمي	3
خانقة	3
لشهر	3
وبالرغم	3
المنتمين	3
شيئاً	3
وقلل	3
المحسوبة	3
جداول	3
ويقدم	3
توضح	3
الإعداد	3
أصولي	3
العنصر	3
تهميش	3
التعليمية	3
بأسرها	3
وتفريغ	3
تهرب	3
أطباء	3
البولية	3
عادوا	3
توصل	3
السكر	3
وضغط	3
مطلقة	3
أثبتت	3
الإصابة	3
بخطوات	3
والإرهاب	3
إطلاقه	3
وتطور	3
يأملون	3
بإصلاح	3
المتبادل	3
للمحمول	3
بمقتضى	3
بمشروعات	3
وتصنيع	3
والأفريقية	3
الإمكانات	3
والمملكة	3
لتعاون	3
استعراض	3
وأخرى	3
تنفرد	3
الستار	3
والمصريين	3
البت	3
سلعية	3
والأسواق	3
والأجهزة	3
والأثاث	3
إخلال	3
واتفاقات	3
وتفعيلها	3
خاضعة	3
لمنتجات	3
بوزير	3
واستئناف	3
سيجتمع	3
منتجاتها	3
والحديد	3
ستقدمه	3
حمى	3
وإمكانية	3
إقامتها	3
بنكي	3
تحصيل	3
بتحصيل	3
لإحدى	3
الألبان	3
مخازن	3
صالحة	3
وقابلة	3
المستندية	3
والجمارك	3
المدونة	3
تنفيذية	3
المقترحات	3
فايزة	3
الواقعية	3
الناشئة	3
المصنعة	3
بالاستثمار	3
والعمالة	3
قاطعاً	3
كخطوة	3
وطن	3
تعبيره	3
بتخفيض	3
ويصدر	3
الشركاء	3
اضطر	3
صناع	3
والإسرائيليين	3
أكدوا	3
نسبية	3
لاقى	3
النخيل	3
رأسماله	3
استثماراته	3
أطنان	3
بجميع	3
للقطن	3
المتداول	3
المغازل	3
بغرض	3
الموزع	3
إصدارها	3
والمحلي	3
لأداء	3
الجملة	3
متوقعاً	3
تتعد	3
لأرقام	3
خرجت	3
مخالفات	3
يشترط	3
لفحص	3
المضاربات	3
الحصيلة	3
بتأجيل	3
أعضائها	3
التراخيص	3
ومعلومات	3
بالعلاقات	3
للشحن	3
المنتظمة	3
سويس	3
المترتبة	3
الزائدة	3
الإشارات	3
الأمامية	3
الصحراوي	3
وجريح	3
ودعوا	3
للقروض	3
ستحدد	3
وأكدوا	3
للتدخل	3
المساس	3
وهمي	3
ترشيد	3
والإصرار	3
وقطاع	3
قدرته	3
الشق	3
أغرب	3
ومازال	3
الممنوح	3
والسبب	3
والعملات	3
الريال	3
يخطط	3
متميز	3
للفائدة	3
مدخرات	3
وإجراءات	3
الآلية	3
مضت	3
الخشبية	3
والتشييد	3
أغلبهم	3
والفنانين	3
المهن	3
بنشاط	3
أمرين	3
الفوري	3
الوسيلة	3
المصرفيون	3
المودعين	3
ودائعهم	3
كرد	3
ميزة	3
إيداع	3
بصوت	3
والاستثماري	3
بمنظمة	3
مهتمة	3
ينال	3
اتجاهات	3
النظيفة	3
نمواً	3
المحظورة	3
يجريه	3
أكدا	3
إيجابياً	3
لاجتماع	3
إشهار	3
المؤسسين	3
المثقفين	3
أخطر	3
الميدان	3
ولسنا	3
السحايا	3
أخيرا	3
بذلتها	3
المسببة	3
للمرض	3
تحسباً	3
اقتراحات	3
وتخفيض	3
مسارات	3
للوزراء	3
ممرات	3
وغياب	3
لتعود	3
الأمراء	3
شكلاً	3
سوبر	3
شتا	3
يلاحظ	3
أقيمت	3
للأسعار	3
اقتحم	3
رفضوا	3
قوته	3
مثيل	3
الشحنة	3
تدريجياً	3
بمستويات	3
حصار	3
سراً	3
الإرشاد	3
فضيحة	3
مجاناً	3
عبوات	3
أزواج	3
لأمهات	3
مصريات	3
لحالات	3
النسب	3
الفقيرة	3
الإجرامية	3
دورته	3
وصلات	3
دافع	3
رمضاني	3
يفجر	3
المصور	3
فتنة	3
قرى	3
ونجحت	3
قبطياً	3
كنائس	3
لهؤلاء	3
بنتائج	3
يغري	3
ذوات	3
بالأساس	3
مناصب	3
لحساب	3
الجمع	3
تعوض	3
الأبناء	3
الزوجين	3
كاتدرائية	3
والعدوان	3
متساوية	3
أسطورة	3
العزلة	3
بثها	3
وانتهى	3
قولاً	3
وعملاً	3
الأذهان	3
الفهم	3
الداعية	3
وإسلامية	3
ووحدة	3
أنفسنا	3
مرشد	3
يلعبون	3
أوسطي	3
المشرق	3
بصفتها	3
خليجية	3
كوني	3
نبحث	3
بالطلب	3
الحفر	3
سيبقى	3
مقره	3
الكلي	3
بتطورات	3
لصادرات	3
الألفية	3
وتغير	3
بريتش	3
بيتروليوم	3
نفطها	3
تحدده	3
للمستهلك	3
لوزراء	3
معادن	3
الجيد	3
نفطي	3
حمولتها	3
وأعاد	3
ومرفأ	3
ومراكز	3
واصبح	3
باختصار	3
الاكتشافات	3
منتجة	3
الأنابيب	3
ويمتد	3
المكتشفة	3
وتنتج	3
ثروات	3
الاصول	3
بالشركات	3
عطاءات	3
شل	3
بالاعلان	3
للمقاولين	3
للوفاء	3
والتأمين	3
الادارية	3
المنظمتين	3
وأوابك	3
وتجديد	3
واقعية	3
مواجهتها	3
المصافي	3
يتحول	3
التلوث	3
تبسيط	3
لدمشق	3
الحتمية	3
غارات	3
هدفاً	3
الصاحب	3
تندلع	3
لاستخدام	3
وفرض	3
والجهاد	3
تريده	3
تفوقها	3
إصابات	3
ستستخدم	3
وتكثيف	3
عرضاً	3
مفاعل	3
يديعوت	3
أحرونوت	3
بالنقب	3
الإنشاء	3
لجمعية	3
بتوجيه	3
تضيق	3
التربوية	3
ميزانيتها	3
للإسراع	3
بعقد	3
والتوصل	3
انتباه	3
قدور	3
الحاويات	3
موانئ	3
المأزق	3
ونائبه	3
الإحاطة	3
وأرجعت	3
الباز	3
والدستور	3
الفئات	3
حريصة	3
برقيات	3
ونائب	3
الطلابية	3
وأحزاب	3
شريحة	3
فبعد	3
إسلامه	3
لله	3
الصلاة	3
يتذكر	3
لكني	3
يقين	3
يصلون	3
آنذاك	3
الاضطهاد	3
المحيطات	3
يعرفوا	3
تامة	3
يستكمل	3
الكلمات	3
نظمتها	3
صحته	3
المطلب	3
خلدون	3
تأكيداً	3
بحقيقة	3
يقصد	3
يعترف	3
يغير	3
الحرام	3
بيانه	3
دماء	3
المبررات	3
حكومتنا	3
والحكومات	3
الالتباس	3
أمينة	3
يرمي	3
بفرض	3
والديموقراطي	3
للإعلام	3
المتطرفين	3
ذريعة	3
الوعكة	3
والبرتقال	3
حوامل	3
الخصوبة	3
التزايد	3
والهبوط	3
الكلدان	3
والآشوريين	3
صريحاً	3
توفرها	3
الكردي	3
مظهر	3
أشاروا	3
والعرقية	3
اسماً	3
الداعين	3
ترسم	3
يطاول	3
بالإشراف	3
العبء	3
لمرحلة	3
المعاصر	3
بلدهم	3
الأسباني	3
ناجي	3
الأثرية	3
والتكنولوجي	3
وإنتاجه	3
حداد	3
بالوزارة	3
صيني	3
الأغذية	3
والتجارية	3
بمقتضاه	3
تخزين	3
توقيعها	3
للتحرك	3
بالتنوع	3
الأقطاب	3
الرسائل	3
التشييد	3
خدماته	3
تتوافق	3
والعقارات	3
الأفارقة	3
وتتشكل	3
طرحتها	3
لأعمال	3
البحيرة	3
مرحلتين	3
مستوردي	3
الميدانية	3
لمراكز	3
والجامعات	3
التجريبي	3
إشراف	3
والفاكهة	3
المحددة	3
قمح	3
باليورو	3
أشرف	3
للإنشاء	3
التواجد	3
إعفاء	3
ترعى	3
يستحق	3
اللاعودة	3
القدر	3
الاضطراب	3
مرشحة	3
بعيدة	3
وتغيير	3
بسيطاً	3
المشاعر	3
والرغبة	3
خافت	3
ديموقراطي	3
عراقياً	3
صعباً	3
الإقليم	3
يبيع	3
أهرون	3
مكتوبة	3
والدها	3
جهنم	3
فيقول	3
والسيارات	3
المراحل	3
وتتمثل	3
أفعال	3
حرفياً	3
يوجه	3
لنواب	3
بدر	3
بمذكرة	3
ينتقد	3
إحصائيات	3
القوي	3
إعلانه	3
الأهمية	3
والمقابر	3
وأوصى	3
الطعون	3
ستصدر	3
قبطية	3
المقابر	3
للتطبيع	3
جهلاء	3
جبان	3
بقناة	3
جائز	3
إسرائيلياً	3
أحداً	3
يتدخلوا	3
يتزايد	3
المواليد	3
أنجبت	3
لمعظم	3
يُستخدم	3
بوج	3
مستثمر	3
وإنشاء	3
إذاعات	3
بديلاً	3
متطلبات	3
تمويلها	3
وفرص	3
الكود	3
الحوض	3
ورومانيا	3
خسائرها	3
تعاقدات	3
تصيب	3
اجتاحت	3
وكافة	3
اتهامات	3
وباقي	3
جوهانسبرج	3
لرأس	3
والتكنولوجيا	3
تعظيم	3
وفترة	3
والألياف	3
قطن	3
لاستيراد	3
الضخم	3
يكرس	3
المماثل	3
حداً	3
سيخفض	3
إعفاءات	3
سترفع	3
الأسمدة	3
حامض	3
الكبريتيك	3
المركب	3
لتكنولوجيا	3
التلك	3
البويات	3
للمشكلة	3
والجهود	3
والآلات	3
والاتفاق	3
والأسمدة	3
استعرض	3
مكونات	3
الأرز	3
وعربات	3
المناقصات	3
بالفترة	3
المماثلة	3
بالتجارة	3
إحياء	3
يون	3
يطرأ	3
سيسهم	3
شي	3
المميزات	3
بالهند	3
لكافة	3
بالشرق	3
شفيق	3
الندوات	3
سيشاركون	3
وشيكة	3
البولي	3
بروبلين	3
للمملكة	3
البلاستيك	3
وتقيمه	3
ويشمل	3
ووزارة	3
العملاقة	3
والاستعمار	3
جاد	3
ومصادرة	3
أعده	3
التوحيد	3
انحرافات	3
لتنشيط	3
وأكبر	3
بمفردها	3
وتحسين	3
ارتباطاً	3
يضر	3
ساحور	3
قولهم	3
أملاك	3
التطوير	3
الأوسع	3
تستخدمه	3
الناتو	3
آخران	3
اثنتي	3
متوازية	3
وإنه	3
بحظر	3
وارداتها	3
والأرز	3
وتضمنت	3
بتشكيل	3
الجدول	3
الكيميائية	3
سيدعو	3
الأولوية	3
والمستلزمات	3
عنصرية	3
الطازج	3
الفائض	3
الدروباك	3
مبدئياً	3
وإلا	3
تقديمهم	3
الخطرة	3
العريضة	3
المغاربية	3
وتعرف	3
نوري	3
الرفاه	3
طيب	3
انتخب	3
ستون	3
تجاهها	3
مسؤولان	3
عراقيان	3
تشريعية	3
احتياط	3
الشابة	3
للأحكام	3
تصرف	3
إسرائيليون	3
أنفاق	3
لدراسات	3
المهندسين	3
فعالية	3
وقعتها	3
نفذ	3
فليس	3
بالأمن	3
يعنيه	3
الآونة	3
خرائط	3
إهدار	3
باستيراد	3
بتصريحات	3
عماد	3
وتنمية	3
لقروض	3
والمؤسسة	3
باللجنة	3
تشغل	3
الطاقات	3
واستثمارية	3
ولديها	3
المزارات	3
بفترة	3
الاستيرادية	3
الاقتصاديين	3
والين	3
سوداء	3
أصلاً	3
وعشرين	3
السبعة	3
فيرى	3
الأهم	3
صعد	3
التغييرات	3
المستثمرة	3
المهربة	3
تباين	3
عمولات	3
المكونة	3
المنتهية	3
الجوهرية	3
معرباً	3
عزام	3
وآخرون	3
المستقل	3
قادرين	3
وحصلت	3
شخصيات	3
والمشروعات	3
دخلوا	3
يدير	3
الفسق	3
والفجور	3
عاجز	3
غرابة	3
بمهمة	3
للاعتراف	3
وبفضل	3
يرضي	3
شلح	3
الأضرار	3
مراسم	3
بانسحاب	3
رمزاً	3
المحادثة	3
أواسط	3
التهجير	3
النخب	3
باشتراك	3
ووفقا	3
بإعطاء	3
الشرعي	3
ليبرالية	3
الكفاءة	3
الإسلامبولي	3
تتعارض	3
رفضهم	3
بقوانين	3
أستطيع	3
منابع	3
الرئيسين	3
رقابي	3
تلقاه	3
يحث	3
الوقوف	3
جل	3
حضارة	3
الراحل	3
تسلمه	3
المسار	3
تستند	3
التداول	3
إيجابيا	3
الحضري	3
يلزم	3
أرادوا	3
الحرفية	3
الجلود	3
مصطلح	3
الزيادات	3
ارتفاعه	3
فادحة	3
معقولة	3
ستواصل	3
لحسم	3
وتعديل	3
الربح	3
أعمالهم	3
يتصور	3
مدفوع	3
وفر	3
النباتية	3
والتقنيات	3
والمعارض	3
وتقييم	3
مواصفات	3
وثاني	3
للمصدر	3
وقاعدة	3
وتندرج	3
ويضمن	3
الخبز	3
تآكل	3
قررتا	3
نتانيا	3
فعلوا	3
يهود	3
بمشروع	3
يومه	3
الرضوانية	3
للتأثير	3
المؤكد	3
حددتها	3
والصحية	3
وتردد	3
للموافقة	3
باهتمام	3
التوزيع	3
الدرجات	3
يباع	3
الإسماعيلية	3
سيقام	3
ألفي	3
تستطع	3
ضعيفة	3
لخطر	3
النيجر	3
متولي	3
المزارع	3
المحاصيل	3
يعطى	3
بتأسيس	3
ضماناً	3
صناعات	3
لتبادل	3
المهارات	3
منتدى	3
والمجر	3
البلاستيكية	3
والورق	3
الهوائية	3
للتكامل	3
الخير	3
التموينية	3
الكوادر	3
تنتقل	3
مصداقية	3
قتالية	3
والمزيد	3
نشرتنا	3
التنوع	3
تمثيل	3
امريكا	3
بالبلاد	3
يأتى	3
الديمقراطى	3
الكردستانى	3
تأتى	3
لشئون	3
آى	3
الفيدرالى	3
اختتام	3
الحجرة	3
الحديدى	3
بغرب	3
تشو	3
جيلين	3
شينجيانغ	3
اسرة	3
الأنسجة	3
طريقا	3
تشانغ	3
ببعضها	3
بادارة	3
بالجزء	3
الخارجى	3
الاخبار	3
اجزاء	3
يلقى	3
المعروضات	3
أفكاره	3
بالالوان	3
خزان	3
عثرت	3
ببغداد	3
عنيف	3
مبكر	3
بالانفلونزا	3
تماثيل	3
الاردنى	3
اثرية	3
اصدرت	3
لسقوط	3
تاجرا	3
فيلبان	3
لاقامة	3
ون	3
جيا	3
حضوره	3
سرير	3
البلدة	3
وابل	3
وغزة	3
بغزة	3
طبى	3
الذراع	3
لحرية	3
اثينا	3
المأكولات	3
لهونغ	3
الشديدة	3
الكل	3
الفولاذية	3
شنيانغ	3
الغارق	3
المتقدم	3
الاسلوب	3
التدريبات	3
تدريبية	3
للوحدة	3
اقامت	3
تومى	3
الاصوات	3
انجلترا	3
الديمقراطيون	3
العرقية	3
وبشكل	3
مؤشرا	3
التجديد	3
مؤهل	3
القومى	3
حلم	3
ايجابى	3
موتورز	3
تتعاون	3
تاى	3
للمسافرين	3
ضابطا	3
وتيانجين	3
هوانغ	3
يتفقد	3
والاجنبية	3
المقاهى	3
السلوك	3
الفحوصات	3
باستور	3
لوائح	3
مهرجان	3
الاصيلة	3
يومى	3
بسيدى	3
اظهرت	3
طنا	3
واوكرانيا	3
كوتشما	3
توثيق	3
البيضاء	3
أسفها	3
يتوجب	3
التفويض	3
الرجلين	3
واصفا	3
مصيرهم	3
بناءة	3
وصريحة	3
مطروحا	3
معبرا	3
سيناقش	3
فيهما	3
الاماراتى	3
الشيوعى	3
تعازى	3
للمرضى	3
المشهراوى	3
ينشط	3
استعادتها	3
تحتاجها	3
والمراكز	3
ثاكسين	3
تومي	3
تشاور	3
لحفظ	3
محاكمته	3
المركزى	3
حسنى	3
رئيسيا	3
نوفا	3
مشتركا	3
للاجتماع	3
ديارهم	3
الماشية	3
وحاول	3
مدارسهم	3
الالمانى	3
لاسر	3
اتصل	3
مير	3
لفاجبايى	3
لاجوس	3
المحلى	3
سرقوا	3
للقبض	3
مهاجمة	3
سنغافورة	3
مصيره	3
ماريا	3
صحفيين	3
متأنية	3
للصحة	3
قبرصى	3
اليونانيون	3
فيدرالى	3
وديمقراطى	3
نتمكن	3
للسودانيين	3
لجعل	3
البرتغالى	3
واعتقد	3
يدوية	3
الامريكيون	3
اوربا	3
تراست	3
قويا	3
للهند	3
مطلوبة	3
أباد	3
للعب	3
وحثها	3
الوقوع	3
عميقة	3
الأوغندية	3
كازاهورا	3
والمجلس	3
التخفيف	3
البلغارى	3
اموريم	3
تيت	3
اجتمع	3
الناطقة	3
لتعطيل	3
الامنى	3
بطرق	3
مصرعهما	3
المشهد	3
تمثال	3
المظاهرات	3
جندى	3
نؤمن	3
شيد	3
اتمام	3
يابانيا	3
غادروا	3
مفوضية	3
العراء	3
المتمركزة	3
الجمهوريون	3
المنفى	3
بابادوبولوس	3
ارهابيا	3
موبيل	3
للغزو	3
للشرعية	3
راكبا	3
مفاجئ	3
للطائرة	3
بمطار	3
تاريخها	3
نشط	3
التنصت	3
معقول	3
بمدة	3
باى	3
بنقل	3
نقلهم	3
التاميل	3
بوساطة	3
شينج	3
مفاوضى	3
بالاسينجام	3
العزل	3
نعتقد	3
إلينا	3
تفتقر	3
بر	3
ومنغوليا	3
فلبينيا	3
ثمانى	3
اللذان	3
الركن	3
شقيقته	3
اشترى	3
سائق	3
لتنظيم	3
جاغوار	3
الفورمولا	3
والمؤتمرات	3
بريزبان	3
الزفاف	3
نمدار	3
بيليون	3
ودراسة	3
المقرب	3
الحزم	3
هراري	3
مسيكا	3
يملكها	3
انهى	3
استعداداته	3
احرز	3
وسيشارك	3
المواهب	3
حماد	3
شرخا	3
التايسك	3
فاينانشال	3
جورنال	3
تريكس	3
فيدجي	3
انقلابية	3
التعداد	3
وجونز	3
كورونا	3
راباييتش	3
فشمار	3
مربعا	3
يباشر	3
المجلسين	3
نوفي	3
الصربية	3
المؤيدة	3
وتاتي	3
التايغا	3
انتشرت	3
والتعويض	3
للوكالة	3
سينمائي	3
حددها	3
يقسم	3
الدفاعي	3
للتحقق	3
سكود	3
فبركة	3
عبادي	3
ووتش	3
مجاهدي	3
والزحف	3
يكلف	3
وحزيران	3
جوليو	3
بالمحكمة	3
لاوانه	3
العشاء	3
تعاد	3
تأهلت	3
ناميبيا	3
بنين	3
الغابون	3
مالاوي	3
وجدته	3
الكوبية	3
بمساع	3
داكار	3
لومي	3
بثوب	3
موغابي	3
وتولى	3
المرتقب	3
الموقت	3
الغزال	3
المتتالية	3
غشتاد	3
درسدن	3
بحثها	3
الاحتفاظ	3
الرسميين	3
بالحصول	3
قنابل	3
تصميمه	3
المستوطنون	3
صدى	3
فتوجه	3
الافارقة	3
حيرة	3
جنديا	3
استخدامهم	3
الجغرافيين	3
إيجاباً	3
بمسألة	3
لإيجاد	3
بالأمم	3
بمتطلبات	3
وأزمة	3
لانتخابات	3
مفيد	3
للإسلام	3
لرويترز	3
العطري	3
للجسم	3
المعتادة	3
وقائع	3
تروي	3
ابنة	3
لمساعدتنا	3
مزاعم	3
الجزئي	3
أصدرته	3
والنشر	3
المنهاج	3
لمعاهدة	3
احتلالها	3
الاعتراضات	3
خلت	3
كوزير	3
الدليل	3
الاستيطان	3
سكانية	3
شمالاً	3
جنوباً	3
المصوغات	3
الصاغة	3
الزبائن	3
أفريكا	3
وأكثر	3
للمؤتمرات	3
غامضة	3
التهم	3
معمول	3
الإدعاء	3
قاضياً	3
سيرتدي	3
بارتداء	3
المحاكمات	3
الإعدام	3
كقاض	3
منعت	3
للداخلية	3
ماي	3
تخصيب	3
لقيود	3
الذرية	3
المدرسي	3
الاستحقاق	3
بالإلغاء	3
ثغرات	3
لاكتشاف	3
نت	3
مرتضى	3
التملك	3
المناقصة	3
واقعة	3
الهبوط	3
السليم	3
مرشحيهم	3
بحماية	3
كفر	3
الابتدائية	3
لمنافسة	3
مختلفاً	3
الغريب	3
بحقوق	3
ــ	3
التجاوب	3
للقوانين	3
وافد	3
ستار	3
ينطبق	3
بدعة	3
يخرج	3
تاريخاً	3
تسميته	3
الكتل	3
تسجيله	3
إنعاش	3
الوعاء	3
الوجهة	3
نفي	3
للجان	3
الأسماء	3
الأضواء	3
الكلية	3
الدفعة	3
والأكثر	3
الامتياز	3
وتعيين	3
اتبع	3
الأوكرانية	3
حبيبة	3
القبائل	3
يتصرف	3
أيدي	3
التكاثر	3
الإنجاب	3
زوجات	3
انقراض	3
أتاحت	3
الاحتفالية	3
الإنساني	3
رمسيس	3
الثورية	3
والتجارى	3
الحى	3
ديان	3
الاحتياطيات	3
بالخروج	3
مناظرة	3
المناظرة	3
وفاتهم	3
بونش	3
التواصل	3
بأعدادٍ	3
لعبور	3
أخبر	3
صرحت	3
استشارية	3
بثلاث	3
هواتف	3
شيءٍ	3
فاي	3
تويتر	3
البذور	3
دوماً	3
للتصويت	3
الحظ	3
سيغال	3
الآنسة	3
الوكلاء	3
تحط	3
ميليس	3
قائلةً	3
دنفر	3
الأرضي	3
إف	3
الفرعون	3
أعمارهم	3
بالفحم	3
الأسترالي	3
مشاهدته	3
بتاتاً	3
الضوضاء	3
أنماط	3
سمك	3
يمكنهم	3
كبيرٍ	3
كجزءٍ	3
بيير	3
أون	3
السيئ	3
قوياً	3
المخرج	3
التنظيمي	3
المغناطيسي	3
تحوي	3
الجامعية	3
الأمثلة	3
الأخمينية	3
مورافيا	3
السفلى	3
مشتقة	3
القوقاز	3
كونت	3
الكاميرون	3
صيد	3
الثقافات	3
كلٌ	3
نطاقٍ	3
الرومان	3
الأثرياء	3
مثار	3
الحراري	3
صغيراً	3
التعرية	3
العمراني	3
بابوا	3
غينيا	3
كريستوفر	3
كولومبوس	3
معروفاً	3
أنشئ	3
بوغد	3
تحتمس	3
يومٍ	3
لياو	3
صوب	3
الحيواني	3
تزوج	3
القمرية	3
كيبلينغ	3
الإنسانية	3
الكاثوليكية	3
هزم	3
كاثرين	3
غرباً	3
مباشراً	3
أفضلية	3
الأفيون	3
ومعاهدة	3
هيتشكوك	3
الإعلانية	3
الدراما	3
وأربعة	3
منحنى	3
ياسمين	3
العموم	3
أغانٍ	3
المايا	3
عددٍ	3
ميشيما	3
بلانت	3
وشاركها	3
بطولته	3
جونسون	3
وجوزيف	3
رونا	3
اكتسبت	3
الأصغر	3
رايت	3
بالحكم	3
الذكي	3
زوج	3
الفنان	3
سخر	3
المترو	3
مسرح	3
فرساي	3
ألعاب	3
تصف	3
الجانبية	3
الحافة	3
إسبانية	3
البرونكوس	3
مانينغ	3
الرباعي	3
الفائزة	3
ياردة	3
البولندي	3
للفن	3
وفقًا	3
درينغوت	3
إديسون	3
السائل	3
للمدرّسين	3
نسبةً	3
طبقة	3
للكنيسة	3
قدّم	3
وفريق	3
أل	3
باستعمال	3
التفاعلية	3
ــــ	3
شعبيةً	3
القوميون	3
وغربي	3
أغلبية	3
وتويوتا	3
إنشات	3
هاجر	3
لوفيفر	3
أحفادهم	3
المحركات	3
التوربين	3
الشفرات	3
بالأكسجين	3
مشتق	3
الأحماض	3
وأنظمة	3
الأقمار	3
أبولو	3
المأهولة	3
التنازلي	3
التنقيحات	3
المطرية	3
وثنائيات	3
أسنان	3
الناعمة	3
المستحثات	3
الأحفورية	3
للبكتيريا	3
الحرّة	3
وتمتد	3
متزوجين	3
إكس	3
مضيف	3
لمضيف	3
الشبكات	3
بيستيس	3
جادل	3
يجادل	3
ميتال	3
أند	3
نورثمبريا	3
للمتحف	3
نقله	3
أصلها	3
تُعرض	3
الأزياء	3
وجيمس	3
والسير	3
وويليام	3
الترويجية	3
سابقًا	3
فنيي	3
الاستشاريون	3
المكتسب	3
للمناعة	3
للالتهابات	3
غالبًا	3
اللمفاوية	3
التكيفي	3
الفكية	3
المستضدات	3
الخلية	3
العصاة	3
بشرعية	3
الإنشاءات	3
نادرًا	3
الأكاديميات	3
كامبريدج	3
الرؤساء	3
بوتو	3
أوغسطين	3
الحصن	3
وبالمثل	3
السايبر	3
الماستر	3
بيرتوي	3
قِبَل	3
أنام	3
المغولي	3
الملخص	3
الأوزون	3
الأغشية	3
الطحالب	3
عقدة	3
كمجموع	3
يتدفق	3
ميوزي	3
الجليدي	3
الحلفاء	3
إقبال	3
هوبسون	3
المتحدين	3
الحكماء	3
دوكان	3
الأجسام	3
المقطع	3
العرضي	3
غيرهارد	2
تصنع	2
المعتبرة	2
لتبلغ	2
فيديريكو	2
ومنتجي	2
وانتاج	2
طائلة	2
وعسكرية	2
يخالف	2
شكري	2
القوتلي	2
امضى	2
منفاه	2
البكر	2
تطبيع	2
والفيلسوف	2
روجيه	2
الصلح	2
سعادة	2
يطيح	2
عارف	2
يلغي	2
يتخلى	2
والزيارة	2
زارت	2
لاول	2
رجلين	2
حيا	2
بورغاس	2
يصارع	2
الكسندر	2
طبيعته	2
الاطفاء	2
والف	2
ثورمونت	2
نرغب	2
للاراضي	2
ستجرى	2
اوكيناوا	2
ثنائية	2
بطابع	2
الاسبوعية	2
المنزلي	2
يطال	2
للعدالة	2
وثمانية	2
شملتهم	2
لاعمال	2
والرجال	2
للاعتداء	2
تاسعة	2
البرتا	2
باين	2
وتخشى	2
ويب	2
كابيتان	2
اندرييفو	2
باص	2
موضوعة	2
مواطنان	2
اوقفوا	2
تاشيرات	2
لممثلي	2
مختنقين	2
بالسماح	2
بالدخول	2
لاستجواب	2
الناجين	2
الباقين	2
المعاملات	2
انتقامية	2
بالتوجه	2
زارها	2
حاسم	2
التسرع	2
لعرفات	2
اسيويا	2
وجاكرتا	2
وطوكيو	2
وهبطت	2
كوريو	2
شمالية	2
تهبط	2
وسيلتقي	2
وغالبا	2
ايل	2
انذاك	2
مقفلة	2
اشكينازي	2
رشق	2
الحجارة	2
وندد	2
كورنيكوفا	2
الارجنتينية	2
والاسبانية	2
والسلوفاكية	2
هنرييتا	2
ناغيوفا	2
لون	2
اماندا	2
والنمسا	2
ستوقع	2
والشرقية	2
اسطولها	2
وتبدأ	2
متدنية	2
اميرال	2
وستشتري	2
تتلاءم	2
العيناوي	2
ارازي	2
بفوزه	2
السويدي	2
البرت	2
ليفي	2
ماريانو	2
جانلوكا	2
والاسباني	2
غروجان	2
البيلاروسي	2
ماكس	2
ميرنيي	2
والبلجيكي	2
ستيفان	2
ماتيو	2
والسلطات	2
الاسوأ	2
بسلسلة	2
امامهم	2
الاغاثة	2
لاسلكي	2
ممكنا	2
اشارات	2
التلفزيونات	2
نوويا	2
سيفيرومورسك	2
شمالا	2
النروج	2
كريستوف	2
والبرازيلي	2
مارين	2
ييري	2
والكرواتي	2
مايك	2
بانفراج	2
والخمسين	2
لخمسين	2
تعلق	2
واقرب	2
يعرفان	2
يتجهان	2
اوسلو	2
خلاقة	2
وكبير	2
عاصمتها	2
الشطر	2
واستنادا	2
تلميع	2
سمعتها	2
منتخبا	2
مرسيليا	2
خسارتها	2
فيغو	2
لمدرب	2
فولر	2
باير	2
سهلة	2
ويغيب	2
لاصابة	2
اربطة	2
الركبة	2
تغييرا	2
اختارها	2
كاماتشو	2
خاضت	2
ومنح	2
الصغرى	2
واستدعى	2
تخلى	2
وجها	2
سوني	2
دوليا	2
هيروشيما	2
وفنلندا	2
القلعة	2
ريان	2
يلق	2
قبولا	2
انتهائها	2
عرابي	2
المهاجم	2
الرجوع	2
خلافا	2
لموقف	2
مطالبته	2
الراتب	2
وقيمة	2
اختلف	2
الظهير	2
شادي	2
غرامة	2
صمم	2
ليرد	2
اعتباره	2
كلامية	2
غلبت	2
والغريب	2
اشرافه	2
افريقيتين	2
وللمرة	2
جواز	2
سفره	2
لدوري	2
تتوصل	2
تؤد	2
وتلا	2
فريدريك	2
تشيلوبا	2
اعادت	2
لاتفاق	2
الجبهات	2
قواتهم	2
ارجئ	2
والالتزام	2
اعتبروا	2
يريدها	2
وحلفاؤه	2
وموزمبيق	2
تشيسانو	2
مميز	2
وانا	2
بيروزي	2
اساسيا	2
زوجتي	2
مدربه	2
الاحترافية	2
اشراك	2
لاعبيه	2
وجهتي	2
ارغب	2
عقدي	2
مهتما	2
الانكليزية	2
ليوبليانا	2
العداءة	2
مرلين	2
السلوفينية	2
الساعية	2
الدورات	2
كعداءة	2
يتوقفان	2
حصرا	2
الحائزة	2
وبطولات	2
بيفيرلي	2
ينته	2
ستخوض	2
قراري	2
رايموند	2
لثبوت	2
خضعت	2
تعاطيها	2
البلجيكي	2
وحلت	2
انهت	2
وحسنت	2
الاميركيتين	2
فورتونا	2
سيتارد	2
شيمون	2
لكنني	2
استطيع	2
الجليد	2
التكتم	2
الاندونيسي	2
وصولها	2
سيجرى	2
بالافراج	2
مغادرتها	2
لفرانس	2
ستطلق	2
انطوان	2
الصومالي	2
انتقالي	2
بياض	2
سيشكل	2
مقرها	2
الراقدة	2
الدرس	2
بانفجار	2
الاولي	2
لهيكل	2
تاكيد	2
الصوتية	2
المنكوبة	2
فضلت	2
والجدية	2
انجاز	2
لبطولة	2
الصيانة	2
الاهم	2
خارجة	2
فهذه	2
مفترضا	2
الاشغال	2
الفرقاء	2
التنظيمية	2
اطلقت	2
مدوية	2
وتسريع	2
ستضم	2
وطالبت	2
وايضا	2
هاتف	2
المعسكرات	2
اعلام	2
عملاق	2
الجزئية	2
اجرائها	2
انترنت	2
ستباع	2
تصفحها	2
رقمي	2
يضعه	2
النيوزلندي	2
زلزالا	2
المفتوح	2
الهادىء	2
وايت	2
ايلاند	2
تفد	2
ومقاربة	2
بالليونة	2
نطبق	2
وتفادي	2
وتندد	2
بالتاخر	2
شراؤها	2
شكك	2
فروعها	2
ولوس	2
ستوفر	2
تيليفيجن	2
تقاس	2
التسلية	2
والت	2
فياكوم	2
بعضا	2
ادارتها	2
تفضيلي	2
مساهم	2
اقفل	2
المحلل	2
ألن	2
موجودات	2
تقاطع	2
وطرحت	2
دانيلينكو	2
المتاخمة	2
رأسيهما	2
الشيشانيين	2
وتدين	2
عبرة	2
يؤيدون	2
عملياتهم	2
لتمثيل	2
جمهوريتهم	2
وتتوقع	2
رقما	2
مذكرا	2
ماختشاييف	2
شيشاني	2
سلط	2
اطلقنا	2
انني	2
لدعمهم	2
السعيدة	2
الشرف	2
خطابها	2
ستايبلز	2
سنتر	2
مغلق	2
الكرام	2
المساء	2
الالتفات	2
اشادة	2
الطيب	2
المضيء	2
الرجلان	2
يختتم	2
الخلود	2
مندوبا	2
النقاشات	2
مؤتمرهم	2
يشفطون	2
غارديان	2
كالابار	2
ريفر	2
المآسي	2
بممثلي	2
جهودا	2
سيحاول	2
وسيرأس	2
مؤلفة	2
ويأمل	2
الرياضيين	2
الفضة	2
الحلم	2
خطيرا	2
المجازفة	2
منحني	2
سافر	2
الناشرون	2
يجرون	2
الآلي	2
المختص	2
ببرامج	2
النشر	2
شبيه	2
ابوابها	2
بأقصى	2
انجزت	2
كينغ	2
سايمون	2
شوستر	2
رومانوس	2
تلقيم	2
فيمكن	2
منشورة	2
الخمور	2
التكنولوجي	2
وعما	2
الطبخ	2
الادب	2
وثائقية	2
برسوم	2
ايديكم	2
سيختفي	2
احدا	2
المكتبات	2
ريجيو	2
الصدارة	2
الاشواط	2
فوزه	2
وشباب	2
المحترفات	2
سابعة	2
الاسبوعي	2
بلقب	2
قلصت	2
مارتينيز	2
ارتقت	2
سانشيز	2
ليندساي	2
جزائرية	2
اغتيلوا	2
وتيبازه	2
شنته	2
مدنيا	2
فر	2
كوتيديان	2
بالاستناد	2
توريس	2
ارون	2
ظهرا	2
ليني	2
دهشته	2
اصعب	2
المخضرمة	2
يشهدها	2
قوارب	2
مستقبليه	2
وزهير	2
مشارقة	2
موسعا	2
الوفدين	2
والقطري	2
جاسم	2
حقها	2
ستقوده	2
لالعاب	2
اصابتها	2
اني	2
ويكمن	2
بصيص	2
ستتمثل	2
وهن	2
وشكلت	2
وضمتها	2
اقترحت	2
الاماكن	2
للديانات	2
بالسيادة	2
بكاملها	2
وينتمي	2
روحانيون	2
مبارز	2
ونواة	2
مفاجئا	2
الاصلاحيين	2
مديرا	2
ويعكس	2
الاسلاميين	2
لانتخاب	2
القاسم	2
راديكالي	2
علق	2
استدعت	2
بتحريم	2
اصدرنا	2
راينا	2
التاكيد	2
التجنس	2
بالجنسية	2
الافرادي	2
البيولوجية	2
مليئة	2
والهيليوم	2
السطح	2
ستستغرق	2
الهادئ	2
معلقة	2
وتستطيع	2
كوالالمبور	2
سحبت	2
قرعة	2
باعداد	2
وثائقي	2
بكثرة	2
الطائرتين	2
بدأتا	2
اسطنبول	2
وبيروت	2
محاولته	2
الايوبي	2
الطائرتان	2
رحلتها	2
اهالي	2
هبطت	2
الابطال	2
بالتفاصيل	2
فقام	2
الديار	2
طنطا	2
والثورة	2
خامنئي	2
للتخطيط	2
تمنعها	2
شرائح	2
ونصفهم	2
والثلاثين	2
يتلقوا	2
لموسم	2
والعربي	2
لانفجار	2
احتمالا	2
اصطدام	2
الحربي	2
كورويودوف	2
شاشات	2
مرده	2
انابيب	2
المفاعل	2
الاصطدام	2
اصطدمت	2
اتت	2
سفنه	2
عاصفة	2
ارتطمت	2
بلغم	2
ببقاء	2
كرواتيا	2
وتشيكيا	2
ويوغوسلافيا	2
ايرلندا	2
عشرون	2
اتوا	2
مرجعيون	2
مسيحيا	2
واطفال	2
تجمعوا	2
تخفف	2
ميليشيا	2
حملوا	2
يرئسه	2
باشغال	2
تفريغ	2
رمال	2
تمهيد	2
قامتا	2
العباد	2
التقليد	2
مزار	2
جرافة	2
محتملين	2
موجز	2
الحادة	2
بالسعي	2
ابقاء	2
مفروضا	2
قطار	2
واربعين	2
الاحتفالات	2
ستعلق	2
متفائل	2
للمسؤول	2
وشكر	2
اهلهم	2
مسرورون	2
روني	2
كاسريلز	2
الملايين	2
متورطين	2
موكب	2
جاريا	2
مزدوجة	2
بالكلام	2
وبالوقوف	2
محذرا	2
سترتكب	2
فادحا	2
عقارب	2
السيف	2
دلهي	2
وارهاب	2
الانفصالية	2
التزامه	2
اراضيها	2
واندورا	2
تفتتح	2
ارضها	2
الاوفر	2
وقبرص	2
وابرز	2
منتخبات	2
المتنافسين	2
تزود	2
بانتظام	2
بتسهيل	2
شركاء	2
اميركيين	2
الكرملين	2
بينه	2
مواقفهما	2
الابرياء	2
الحائط	2
والسبت	2
وتدمير	2
بحقها	2
والثابت	2
يكفله	2
والاعراف	2
وسيادة	2
والمادية	2
والمعنوية	2
للعدوان	2
مواطنيه	2
ومشاركة	2
حكام	2
واعطاء	2
الذرائع	2
والبريطانيين	2
المنطقتين	2
واكثر	2
جريح	2
وضعته	2
طنين	2
ناسفة	2
كلغ	2
البارود	2
روسية	2
تمزق	2
زملائه	2
هدوئها	2
تتوفر	2
مقصورة	2
غرقها	2
موجعة	2
عظمى	2
سرعتها	2
واثر	2
لشرح	2
فنلندا	2
اركي	2
تيوميوجا	2
عنهما	2
الغربيين	2
اقترحته	2
ثمنا	2
المترتب	2
المستعدين	2
للمضي	2
لاحد	2
الترابط	2
يلتقيان	2
انقطعت	2
التنامي	2
واقراص	2
روم	2
بشيء	2
وضوحا	2
وضح	2
ساكنا	2
لصبر	2
وتشن	2
جمهوري	2
مقلقة	2
الاخلاقية	2
وتجاوزت	2
يقوده	2
ستستانف	2
وابدى	2
تفاؤلهم	2
جرس	2
الجرس	2
انزالها	2
طواقم	2
بفتحة	2
مبدئيا	2
ملمحا	2
الكابتن	2
تلتحم	2
الانحناء	2
تستعدان	2
اذونات	2
المتوافرة	2
التوصية	2
رايهم	2
تطير	2
نقلوا	2
ومعروف	2
اللتان	2
منظار	2
الكاب	2
نغوباني	2
للابحاث	2
بعدا	2
سيوفر	2
سالت	2
لطراز	2
وسيكلف	2
افراج	2
زامبوانغا	2
عائق	2
مساعده	2
ماليزيين	2
ولبنانية	2
افريقيان	2
فرنسيين	2
للانتقال	2
سونيا	2
الزروق	2
افرج	2
شبيغل	2
يعملان	2
برازيليا	2
مادلين	2
وستشمل	2
والهدف	2
الطابع	2
وادلى	2
الي	2
اشاد	2
لبرلمان	2
وقتا	2
يتسلموا	2
يجعلوا	2
للاعداد	2
العميق	2
الاوزبكية	2
والقرغيزستانية	2
بقلق	2
ويعلن	2
والقوات	2
عرضة	2
يحذرون	2
اميركيون	2
غريفيث	2
بالتاكيد	2
كولا	2
تجاوزوا	2
مستهلكي	2
المنبه	2
يشعروا	2
باعراض	2
اجرتها	2
ونعيش	2
حرجة	2
لبعد	2
وياتي	2
المختبر	2
اثبات	2
ناتج	2
قوتها	2
ارجاء	2
شرم	2
والابقاء	2
دفاعي	2
شددت	2
تنسحب	2
مستوطنات	2
تتخلى	2
القدسي	2
مجمعات	2
ضمها	2
للاحتفاظ	2
ويتأهل	2
وكرواتيا	2
تخطت	2
والسعودي	2
جزاء	2
فتحولت	2
بالايدي	2
واخلاء	2
مبارياتها	2
ففاز	2
بهوية	2
الفائز	2
يعتبران	2
ويريد	2
هيدرا	2
الاوروبيين	2
للمفاوضات	2
تتعلم	2
والاتفاقات	2
باخرة	2
هولندية	2
شواطىء	2
فرشور	2
وطفل	2
الزجاجية	2
ايطالي	2
توجهه	2
سيرا	2
الباحة	2
الكيلومترات	2
ينتظره	2
نتوقعه	2
يسحب	2
تابعين	2
والملك	2
سبأ	2
استعرضا	2
مغلقا	2
تكلف	2
تفويضا	2
كاراكاس	2
فنزويلي	2
للجزائر	2
اصلا	2
لرئيسها	2
الشبيبة	2
بحب	2
انتم	2
ولقي	2
استقبالا	2
حارقة	2
تخافوا	2
افتحوا	2
ابواب	2
نعلم	2
يطلبون	2
والبدء	2
تذكر	2
مارسيليا	2
نفوذها	2
الفندق	2
الحص	2
بسبعة	2
كهربائية	2
قطري	2
الصيفية	2
ويبتعد	2
ويكفي	2
اتباعه	2
هدافا	2
مسجلا	2
سالاس	2
تستانف	2
مانويل	2
لايف	2
يثق	2
والمدنيين	2
احتياجاتهم	2
الطائف	2
وعلي	2
افقد	2
تضررت	2
لاجراءات	2
اعتمدها	2
وواجهت	2
ناجمة	2
اجتياحه	2
نفطه	2
والادوية	2
الفرار	2
فيلتقي	2
والثالثة	2
الرياضي	2
لكنهما	2
اجمالية	2
الاستثناء	2
بوجهة	2
ونهج	2
تطبيقه	2
تناوله	2
براءتي	2
لمعرفة	2
شوهت	2
تفصله	2
موناكو	2
اجتياز	2
تدريجيا	2
تقتل	2
عصابة	2
بمداهمة	2
مقنة	2
بعلبك	2
لبث	2
لمديرية	2
داهمت	2
المدعو	2
بجرائم	2
بتطويق	2
عدلية	2
واتجار	2
بالسلاح	2
وترويج	2
بالتعادل	2
لاعبو	2
وجلس	2
المدرجات	2
الرئيسة	2
زميلهم	2
مشهد	2
الكراسي	2
بالهراوات	2
حاولوا	2
عنصرين	2
اسبابها	2
وتمكين	2
وانتشوب	2
والوسطى	2
بروكسل	2
تتقدم	2
المتخصصين	2
الانفصاليون	2
شيشانيا	2
مواليا	2
اصدره	2
الاعدام	2
تنفيذا	2
لاحكام	2
نفذتها	2
حسابا	2
اعمالهم	2
وفنية	2
الاوزسط	2
انعقدت	2
شائكة	2
للقدس	2
شاه	2
يفر	2
مصدق	2
مقربون	2
لاغتيال	2
ملك	2
التشاد	2
الرسام	2
شمعون	2
روث	2
منيت	2
يوجهون	2
ولتبرير	2
غالب	2
يرافقه	2
المندوب	2
مقررا	2
سعيا	2
تقديمه	2
كريغ	2
بالمساعدة	2
وبعث	2
سكرتيرا	2
سيرة	2
الراحلة	2
واستقال	2
مسبقا	2
بالتعليقات	2
وغالبيتها	2
وبعضها	2
ذكراها	2
يعي	2
مسجدا	2
سلمان	2
ومركزا	2
لثلاثة	2
الثلاثية	2
اظهر	2
مدرسية	2
مثيرين	2
الفشير	2
باستجواب	2
طالبة	2
النزول	2
الوان	2
محله	2
اساسي	2
المراجعات	2
ينشر	2
حساباته	2
خرازي	2
الوزيرين	2
تأييدها	2
جهده	2
للتخفيف	2
السلبي	2
وحض	2
صلاحية	2
بكد	2
للتفاؤل	2
لدي	2
البيضاوي	2
وبانه	2
اليأس	2
تجاوزات	2
وجرائم	2
ارتكبها	2
عسكريون	2
بالرصاص	2
فياللي	2
فالنسيا	2
واجرى	2
نتحدث	2
اردت	2
كالياري	2
مصاف	2
اشرف	2
نابولي	2
موسمين	2
عداد	2
للاشراف	2
بالكأس	2
وقاده	2
مقرباً	2
تبلي	2
بلاء	2
حسنًا	2
وبينك	2
والخيار	2
لأفكار	2
الجوائز	2
كن	2
ومختلف	2
الجوزاء	2
تفعله	2
احرص	2
تسرف	2
إنفاقك	2
مسئولياتك	2
وتتراكم	2
لتتجنب	2
معك	2
رغبتك	2
تافهة	2
العقرب	2
تقلب	2
إنك	2
والوقت	2
الجدي	2
تقديراً	2
الدلو	2
يوليها	2
بخيبة	2
الحوت	2
ابحث	2
عيارا	2
ناريا	2
وتسبب	2
لنفسه	2
لاحدى	2
الاستشفائية	2
مصاب	2
لمعلومات	2
الاعوان	2
الضيعات	2
الكائنة	2
بئر	2
باحواز	2
بشخص	2
باتجاهه	2
وألقوا	2
بتعرض	2
للنهب	2
ينجحوا	2
بعلاقتهم	2
وموازاة	2
بمقتضاها	2
فقاموا	2
تحريات	2
بسامرّاء	2
استقالتهم	2
الضلوعية	2
نقوله	2
استقالته	2
ينطلقون	2
خيول	2
كدفعة	2
بقروض	2
اطارات	2
لافتتاح	2
متجهة	2
مجاملة	2
وسوسة	2
لنفس	2
اصلاحات	2
يعتزمون	2
يتمخض	2
عينها	2
جمعوا	2
توقيعات	2
وحكومته	2
والاطاحة	2
وهدد	2
مرشحين	2
واجتماعات	2
بالإصلاحات	2
والاستجابة	2
الجسور	2
وتمارس	2
لمطالب	2
فشلوا	2
مهامهم	2
السلطتين	2
مهاجرين	2
شرعيين	2
خلسة	2
سيسيليا	2
وعلمنا	2
بالمياه	2
ويلقى	2
القيروان	2
وكما	2
رضيع	2
ترددت	2
تعمد	2
اصحابها	2
اجابة	2
التسلل	2
يداها	2
منزلها	2
مفتوحا	2
تفطنت	2
سألتها	2
كالعادة	2
الموالي	2
الزرقاوي	2
مفترض	2
قتيلان	2
اضرارا	2
داخله	2
مقاتلا	2
المطلوبين	2
موجودين	2
وسامراء	2
للزعيم	2
بسط	2
دوريات	2
واعضاء	2
وتشاد	2
بكر	2
اهلية	2
وازمة	2
متصل	2
للتوقيع	2
قرنق	2
لارتفاع	2
اسعاره	2
تقاسم	2
غرض	2
تزعج	2
الفدرالي	2
بالنظام	2
ليوم	2
ومتابعتها	2
استمارات	2
الاستمارات	2
لاعضاء	2
وغروب	2
بذات	2
مناخية	2
الفلكية	2
انتصاف	2
المرسوم	2
ستخرج	2
ويبقى	2
ودرجة	2
غربا	2
تحسنت	2
بالبرازيل	2
الغريبي	2
للتربية	2
الاطارات	2
والندوات	2
والنهوض	2
الاختصاصات	2
اضفاء	2
والامنية	2
والاعلامية	2
الموجه	2
باختيار	2
ومواصفات	2
تركيبتها	2
للمعارضة	2
فـي	2
التجاذب	2
احتفال	2
اقيم	2
يحمي	2
الدرزي	2
يشترك	2
ناحيته	2
رعد	2
فعليا	2
الشعار	2
يسميه	2
والعدالة	2
مكتبه	2
المسارعة	2
لاحداث	2
ضمنا	2
بخروج	2
لتدخلها	2
الاجواء	2
ورفيق	2
موسعة	2
ومعها	2
كهول	2
كنوز	2
مدفونة	2
بأحواز	2
وحجزوا	2
وطلاسم	2
مرجع	2
معلومة	2
مسامع	2
بحفريات	2
ونظرا	2
لأهمية	2
مصدرها	2
أيتها	2
المواطنات	2
بلادنا	2
باليمن	2
الصيام	2
والتقوى	2
وأداء	2
وأهل	2
المسامرات	2
ديننا	2
نستقبل	2
التوترات	2
والشعوب	2
المتوالية	2
لاهيا	2
انسحب	2
اجتياح	2
الشهداء	2
توغل	2
كلي	2
جزئي	2
إطلاقها	2
أبعد	2
كوادر	2
بالضفة	2
يحتلها	2
لهجمات	2
مطروحة	2
بشأنها	2
والادارة	2
وقيادة	2
اكتفت	2
وبحضور	2
والبحارة	2
الموصولة	2
واستعرض	2
السدود	2
الابار	2
وشاملا	2
الطموح	2
الغذائي	2
الواعدة	2
ضمانا	2
الريادة	2
الشقيقة	2
وتأجيل	2
الاحجام	2
مشاهدة	2
الافلام	2
تتماشى	2
جماهيريا	2
الاضحى	2
حميدة	2
لمحمد	2
ظهوره	2
بكار	2
بالاساس	2
سلمى	2
مروحيتين	2
أمنيا	2
عراقيا	2
هاون	2
أمريكيين	2
طاقميهما	2
وإصابة	2
غزوه	2
كربلاء	2
النشاطات	2
زعزعة	2
اخير	2
ابناء	2
الحسم	2
تعذيب	2
بكوبا	2
فردية	2
ونسبت	2
بالقاعدة	2
ومصادر	2
المتعاونين	2
منتظم	2
مثبت	2
مبهرة	2
مكبرات	2
مستوياتها	2
تحدثوا	2
الأوامر	2
آمنة	2
وتحتجز	2
عملياتها	2
وعربية	2
المفرج	2
ودي	2
ومفيدة	2
حياتك	2
الأقارب	2
يسدد	2
حميمة	2
الزملاء	2
ثرثرة	2
وعلاقات	2
الاستمتاع	2
بالحياة	2
تحب	2
تصاب	2
بعدوى	2
منزلية	2
استعد	2
تدع	2
وتغلق	2
الأبد	2
يضغطون	2
تتفق	2
آرائهم	2
خفية	2
نصائح	2
اولاها	2
للمواطن	2
والمستقبل	2
انبلاج	2
طيلة	2
والمساجد	2
ارتياحا	2
الفضاءات	2
يتطلبها	2
سيادته	2
بشر	2
التاريخي	2
ادراك	2
الايجابي	2
والمحافظ	2
والثقافات	2
بتونس	2
دونما	2
اعتزاز	2
بالهوية	2
الشاهد	2
جامع	2
الملزمة	2
ببنود	2
وغداة	2
اقدم	2
بالهيمنة	2
العيادات	2
تعميم	2
للامراض	2
المستجدة	2
السكري	2
وامراض	2
الكلى	2
الاقسام	2
امراض	2
وبالتوازي	2
صحيا	2
اقليمي	2
مسلك	2
البدني	2
السكن	2
ونشاط	2
يضفي	2
يحلو	2
المقاهي	2
بالمناسبة	2
واقتناء	2
وبأسعار	2
مبكرة	2
مستحقات	2
التسوق	2
اقفال	2
منى	2
وترشيد	2
الجهوي	2
بصفاقس	2
لفائدة	2
انتهاج	2
استهلاكي	2
التصدي	2
سلوكيات	2
الموسمية	2
تفاديا	2
يستحقه	2
متوازن	2
بالرقم	2
المجاني	2
ومزاياه	2
وتخصيص	2
التدخلات	2
والمحاضرات	2
ترسيخ	2
والتزويد	2
الاسهام	2
للتحكم	2
الافراط	2
كسدت	2
تجارتهم	2
دفاتر	2
للخلاص	2
واتضح	2
استطاعوا	2
فتم	2
المتهمون	2
ختم	2
صحبة	2
كريمة	2
يُتوقع	2
وبفائدة	2
الاسكــان	2
زيجات	2
لإقرار	2
جدواه	2
ومواد	2
للمساكن	2
وتعتقد	2
ويلزم	2
نما	2
لإدراج	2
معللين	2
تلحق	2
بالقائمين	2
وصرف	2
وهواتف	2
وطرقاً	2
بالمرافق	2
بنايات	2
توصيل	2
الزمالك	2
متوقفة	2
السلبيات	2
ونتج	2
عقارات	2
لصون	2
وصيانتها	2
بحثه	2
وأدرجت	2
مواده	2
وستسري	2
احكامه	2
الآيلة	2
للسقوط	2
تصفيتها	2
فحم	2
أعدتها	2
وإسقاط	2
وإعطاء	2
وتنهي	2
المحالون	2
أجور	2
يمثلان	2
الأفران	2
وتشغيل	2
الجميل	2
وتقدر	2
يخصص	2
وأبدت	2
ناشطين	2
ويُعتقد	2
والإسلامية	2
الإثنين	2
وأطلق	2
وأوقفت	2
بحال	2
تفجير	2
الحرجة	2
رشقوا	2
بإطلاق	2
نون	2
رندة	2
لهجوم	2
عبدالحليم	2
تواصلت	2
بتوافق	2
مقتضيات	2
البادئة	2
سترد	2
الأبرز	2
استطاعتنا	2
واتساع	2
اشتعالاً	2
ونوه	2
بمواقف	2
سهلاً	2
بواجبها	2
نفور	2
اعتقاده	2
ناجح	2
نسمعه	2
واستدرك	2
نالت	2
اذون	2
وتتيح	2
للمصرف	2
الاصدار	2
ويتمتع	2
الشهادة	2
حيازته	2
تلزم	2
حسمت	2
وتشغيلها	2
مشتركاً	2
جدالاً	2
مطالبات	2
وصناديق	2
للسنة	2
وتسويق	2
غذائية	2
وصناعية	2
والتعدينية	2
والسينما	2
للفنادق	2
هيلتون	2
الراغبة	2
اسمنت	2
حلوان	2
الاسهم	2
للغزل	2
انتاجية	2
وفداً	2
صناعياً	2
انتجت	2
الصناعيين	2
آيار	2
للاصلاح	2
تتدهور	2
يُقدر	2
فقدان	2
ودخولها	2
والوقوف	2
مقبلة	2
ولخص	2
للمنتج	2
تخلف	2
منسوجات	2
لشبكات	2
بالاتصالات	2
والتسويق	2
خفضت	2
سبيله	2
وتواجه	2
واضطر	2
تؤول	2
ورفح	2
شلاتين	2
إرساء	2
اسناد	2
الفائق	2
وخدمة	2
خوف	2
الاستثنائية	2
النثر	2
اللفظية	2
عبود	2
سواها	2
عرفتها	2
البياتي	2
وسواهم	2
برزت	2
الاربعينات	2
وعي	2
الماشطة	2
برهن	2
ارتكب	2
الحماقات	2
سنين	2
منحاز	2
وبهذا	2
انجز	2
للزيارة	2
نبرة	2
وقيادتها	2
تنضم	2
إلحاح	2
اجماع	2
سلفاً	2
توضيحاً	2
واكتفوا	2
بالانتقال	2
أموالهم	2
يخف	2
رغبته	2
وثمة	2
ألغي	2
الحجاج	2
الأماكن	2
وبهدف	2
وعضواً	2
تراث	2
متضمناً	2
وتصدرت	2
يناسب	2
المحتسب	2
لغتهم	2
اللغات	2
إزاحة	2
محلها	2
العباسية	2
والأدب	2
تزوجت	2
جهاد	2
أخباراً	2
حاولا	2
معبر	2
التهمة	2
توافرت	2
حنا	2
يخدمون	2
لخطفهم	2
تركيزها	2
نهاريا	2
نجاة	2
أكياس	2
اصابات	2
قاتلة	2
الموضوعية	2
وطالما	2
يعالج	2
لانهيار	2
آرييل	2
صلاحيات	2
سيحل	2
بدأنا	2
والأربعين	2
ركوب	2
ويزيد	2
وعشرون	2
انقلب	2
قارب	2
ويطلب	2
خفر	2
بأجهزة	2
المكالمة	2
وأبلغ	2
المتمركزين	2
برسالة	2
شملهم	2
الإستطلاع	2
يشعرون	2
يعيشوا	2
الشعور	2
معدو	2
مباحث	2
ميدان	2
عرفياً	2
لقاح	2
الإقلاع	2
والتخلص	2
الكوكايين	2
وقدرة	2
جرعات	2
ليثبتوا	2
فاعليته	2
مجرى	2
لمونديال	2
المشعل	2
طلال	2
اليمنى	2
ابعد	2
مناف	2
وصالح	2
العتيبي	2
استدعى	2
ظهير	2
هجومية	2
وسأسعى	2
ستستضيف	2
مشرف	2
مرافقته	2
وسيلتحق	2
انجاح	2
بدايته	2
تتناسب	2
الآمال	2
العماني	2
اقال	2
لظروف	2
والصحافة	2
طشقند	2
يدرب	2
المهندي	2
حاجي	2
باستقالته	2
التريث	2
الاستقالة	2
التعادل	2
ووافق	2
مساعداً	2
جذور	2
صاغية	2
بالافكار	2
والفرضيات	2
بالوقائع	2
المناقشون	2
جغرافية	2
اجماعي	2
المغامرات	2
إحلال	2
منطق	2
سور	2
شهير	2
مقدمات	2
الانصراف	2
ينحازون	2
تكييف	2
فيتم	2
لمنصبه	2
خارجيته	2
تدرك	2
الابن	2
والانحياز	2
نفوذه	2
لإقناعها	2
ومرة	2
مراراً	2
النصائح	2
دفاعاته	2
أسقطت	2
بريديتور	2
لسلاح	2
وتحلق	2
الحطام	2
انقطع	2
لشهداء	2
آتية	2
اقلاعها	2
لمهاجمة	2
الدفاعات	2
أضنه	2
اتفاقين	2
ومواطنيه	2
أذيع	2
والمجرمين	2
والمؤثرات	2
وهوياتهم	2
بتوقيع	2
الرافدين	2
وسيادتنا	2
والبلد	2
مني	2
الذكية	2
سلبياً	2
واي	2
لقدرته	2
المؤامرة	2
ظرف	2
الجاسر	2
النصاب	2
كاف	2
يليه	2
المشكوك	2
الامكانات	2
والتقنية	2
عليا	2
الكـــويت	2
للانتقاد	2
النائبين	2
ستدعو	2
امـــس	2
والتقارير	2
السريلانكيين	2
جواً	2
السفينتين	2
وأفيد	2
كثيرين	2
سفر	2
العمارة	2
والكرامة	2
وتواصل	2
تبادلا	2
انفراج	2
بالضلوع	2
عشائر	2
وايطاليا	2
والسويد	2
ابعاد	2
الممتد	2
للأمين	2
تيري	2
وقرارات	2
المعادية	2
البارزين	2
الاصرار	2
لوكورتييه	2
الداعم	2
الضمانة	2
داعياً	2
والموقف	2
وجدولة	2
والجوي	2
والمشاريع	2
والتعامل	2
الاخوة	2
نهيان	2
كابول	2
اناس	2
عاديون	2
ندعم	2
دان	2
زعيف	2
واننا	2
سانتياغو	2
لكبار	2
لتقويم	2
بيا	2
يمثله	2
لضحايا	2
الادلاء	2
يبق	2
وجودهم	2
اتضح	2
ناطقة	2
الصدمة	2
وضياع	2
ينقلون	2
سواد	2
وجوههم	2
وخرجت	2
تغرق	2
قصرت	2
مواقعها	2
هاربور	2
مدنياً	2
وإلحاق	2
وأدى	2
والقت	2
وتحليل	2
وتقويم	2
مهمات	2
جستنية	2
خادم	2
الشريفين	2
والقضية	2
المفتش	2
المساعي	2
موحداً	2
تخلي	2
رافقوه	2
اختياره	2
بالتحفظ	2
ضدها	2
ومركز	2
وافريقية	2
ومصرية	2
ووجهت	2
وعمل	2
إحكام	2
استسلام	2
مشاركين	2
مخططات	2
وتطويرها	2
ستنظم	2
ومصلحة	2
اولها	2
التزامهما	2
سيدي	2
تعثر	2
يراعي	2
الانتساب	2
الوحدوي	2
والنزاعات	2
متوازنة	2
بمفرده	2
تنموية	2
نزاع	2
لوكربي	2
الفرضية	2
هيثرو	2
مانلي	2
افادة	2
اقلاع	2
يحتمل	2
التدقيق	2
تحميلها	2
وانفجرت	2
زايست	2
برأت	2
الحقيبة	2
مالطا	2
بملف	2
الاستئناف	2
محامو	2
ابلغ	2
افادته	2
وتاليا	2
للمسجد	2
تقيمه	2
المزاد	2
الملاك	2
يضاف	2
تدر	2
البعيدة	2
وموافقتها	2
تجزئة	2
وخارج	2
التأمينية	2
للعملاء	2
وعمليات	2
للعقد	2
والحصول	2
وخدمات	2
علاجية	2
صحتها	2
اشتراكات	2
محفظة	2
تحد	2
المانيتين	2
برد	2
والتر	2
الدائري	2
اضطرت	2
وانهاء	2
ومثل	2
القيسي	2
وجرى	2
شاهين	2
ترافع	2
الأميركيون	2
والاجتهاد	2
للطرفين	2
وصدر	2
باجماع	2
المحامية	2
لوي	2
المقيم	2
غلف	2
انفست	2
دوكلاند	2
وحساب	2
مستثمريها	2
كاناري	2
تُقدر	2
تأجيرها	2
بروتوكولاً	2
والفضة	2
منجم	2
لاجل	2
انخفاضا	2
قرضاً	2
لاندونيسيا	2
اقر	2
وقيمتها	2
الرامي	2
مسعى	2
الجادين	2
والمستثمرين	2
اعتبارها	2
تخوف	2
وقفها	2
ودافع	2
سيدرس	2
نجاحه	2
تعميمه	2
مقدمهم	2
عبرها	2
وفروا	2
البديل	2
وشددت	2
ازالة	2
تدمر	2
وعلاج	2
التشوهات	2
الجاد	2
ستلحق	2
حددته	2
اعفاء	2
فكل	2
والتجار	2
يستورد	2
الاولوية	2
والمتوقعة	2
تراهن	2
بإلحاق	2
حكماً	2
يميل	2
الأفق	2
وتستند	2
اثاره	2
والحديث	2
للتراجع	2
خالصة	2
جدًا	2
وذكّر	2
برودي	2
لأزمة	2
يقفز	2
الحسبان	2
الدرب	2
سائرون	2
الشهرية	2
أخت	2
بنفسها	2
توجهات	2
فاعل	2
والتغيير	2
للمجتمع	2
بالثوابت	2
الاجازات	2
لفتت	2
لرعاية	2
حكراً	2
لاختراق	2
لواء	2
الاكراد	2
فكي	2
كماشة	2
وعزل	2
والعسكري	2
متمسكة	2
ثمناً	2
باهظاً	2
عواقب	2
فالمسألة	2
حشود	2
اعتقلا	2
الارشاد	2
غزلان	2
وحيازة	2
المذابح	2
اولاً	2
اعتقلتهم	2
يقضون	2
احدهم	2
والجيزة	2
وألقت	2
ثبوتية	2
وماجد	2
والمهندس	2
عاشور	2
البربري	2
كومبيوتر	2
صودرت	2
واستغربت	2
ستعتمد	2
والتطورات	2
بالعنف	2
الأحمد	2
باجراءات	2
ايثير	2
الإسلاميون	2
ستسقط	2
الطبطبائي	2
مستمرون	2
الليبراليون	2
تقريرها	2
للاشتباه	2
بالجريمة	2
أسبابها	2
القتيل	2
يرتكبها	2
محاميه	2
مالياً	2
ومشتركة	2
تنخفض	2
يربك	2
يواجهها	2
والفني	2
المزدوج	2
لنسبة	2
لسياسات	2
مقدارها	2
مستثمرة	2
مالها	2
وشدّد	2
بليوني	2
سلبي	2
التداعيات	2
بالفائدة	2
لتصفية	2
إفلاسها	2
والجمركية	2
سيحمل	2
فرنسي	2
الصقور	2
وضرب	2
يشرع	2
النداءات	2
مهمتنا	2
سلطانوف	2
فسيكون	2
المبررة	2
ستترك	2
تعقيد	2
ديبلوماسية	2
يشيرون	2
ليبلغ	2
وأبرزت	2
للمخابرات	2
لاستقرار	2
كردية	2
دولاً	2
واعتبرتها	2
وضوحاً	2
تهديدها	2
تؤجل	2
تسريب	2
تكليف	2
وتأجلت	2
وترافق	2
جدال	2
ستعيد	2
مشكوكاً	2
خللاً	2
الغاء	2
تنفذه	2
بمشاريعهم	2
يسددوا	2
مفاوضاته	2
انعكست	2
تشيد	2
حلاً	2
والقاهرة	2
المعادي	2
ايصال	2
وتقدمت	2
تتعهد	2
ماليا	2
عصرية	2
المتطرفة	2
والمؤيدة	2
شرف	2
وسيتضمن	2
نموذجية	2
الآسيوي	2
لاستيعاب	2
لأفغانستان	2
وحكومة	2
تخسر	2
دخلاً	2
تؤهلها	2
وصولاً	2
ريدة	2
ركوداً	2
النادرة	2
الميزات	2
رائدة	2
الباهظة	2
الابحار	2
لاخر	2
تيج	2
الجونة	2
يتلقى	2
استيائهم	2
لأبعد	2
ووقود	2
يختاً	2
المسابقات	2
اقامته	2
وعقدت	2
وشروط	2
مجمله	2
والعملة	2
والقطع	2
التمويلي	2
والذخائر	2
أدرجت	2
ومنحت	2
مهلة	2
والفساد	2
وعقب	2
تنظيمها	2
والدواء	2
بقواعد	2
الاعفاء	2
الاساليب	2
الكبريت	2
مراحله	2
اخيراً	2
وأدوية	2
والغزل	2
الغائها	2
مالك	2
المنسق	2
كأصول	2
تنوع	2
الخاسرة	2
لعشرين	2
معروضة	2
بالظروف	2
وتمت	2
للعروض	2
الكلفة	2
الإجمالية	2
وتعظيم	2
واستقطاب	2
تشريعات	2
نفذت	2
والأهم	2
إعفاءً	2
وتأجير	2
للقيمة	2
الدفترية	2
المتقدمين	2
تبع	2
تكريس	2
للطبقة	2
سياحية	2
متفق	2
وعملت	2
شجاعة	2
الثلث	2
وتجعلها	2
شكاوى	2
والجودة	2
اقتصاديون	2
اشتكى	2
نظيرتها	2
شهراً	2
بالاستثمارات	2
شفافة	2
تبرير	2
الجوانب	2
نحت	2
مغلوطة	2
بالكفاءة	2
بضعف	2
المكرمة	2
والقيام	2
إشراك	2
وكينيا	2
أبلغت	2
رفيعي	2
٥	2
دينغ	2
النوبة	2
مقترحات	2
الاربع	2
خطته	2
وشمل	2
المعلن	2
يحيط	2
القديسين	2
مهمته	2
الأقليات	2
عدت	2
تقريري	2
مضحكاً	2
ليتراجع	2
القبضة	2
الحاسم	2
بناءً	2
لتفاقم	2
عائداتها	2
وتصدير	2
تحويلات	2
تقييد	2
٣	2
ومحافظ	2
لآليات	2
مشابهة	2
المسموح	2
لتعاملات	2
يراهن	2
املاً	2
بارزين	2
لاحياء	2
خلية	2
منتهكة	2
تتحكم	2
خيال	2
مناخات	2
يوقف	2
حملاته	2
نعلن	2
التطرف	2
النعرات	2
تخريب	2
رهانات	2
رهان	2
ونصح	2
بتطور	2
التهويل	2
رابعا	2
الكتائب	2
بسوريا	2
استفراد	2
تذهب	2
فلماذا	2
بتوقع	2
الهجمة	2
اقصى	2
وتضيف	2
الورقة	2
والعلاقة	2
حينا	2
الستينات	2
ومشروع	2
والطويلة	2
المنظومة	2
مرادفة	2
مفلس	2
محافظةً	2
نقدية	2
نضيف	2
استهلك	2
التحدي	2
تحديدا	2
الليكودي	2
الجادة	2
قادرا	2
فكري	2
وسياسي	2
تفسيرات	2
للمواجهة	2
كاد	2
ديوجين	2
بفانوسين	2
وعود	2
ومنعه	2
والعقول	2
لبنانية	2
حواراً	2
الغريبة	2
العافية	2
بامكان	2
ويمكنها	2
المغلقة	2
نغالي	2
قلنا	2
المراهنة	2
نثق	2
بانفسنا	2
يثقوا	2
وينتج	2
سبقه	2
الايرادات	2
مفيدا	2
كمن	2
السائحين	2
اهل	2
بانهم	2
كلمتين	2
والثقة	2
الضيقة	2
يمينية	2
حجب	2
شينوي	2
تعليقا	2
قلبه	2
انتخابه	2
وصاعدا	2
ضيقة	2
والوسط	2
واللذان	2
طويلا	2
انتخابية	2
بذكاء	2
واليسار	2
مواقفه	2
المعتدلة	2
وقفزت	2
السماء	2
عارض	2
استغل	2
الانتقاد	2
وحصن	2
بازاء	2
سطحية	2
والمطالب	2
والتهديدات	2
فمع	2
التذكير	2
علا	2
تكليفهم	2
حصوله	2
حكوميين	2
المطلعة	2
اطلعت	2
المراجعة	2
لنفسها	2
الاستبداد	2
العرفية	2
النيات	2
اقلية	2
امامها	2
تتسلح	2
لقوانين	2
مفعول	2
رجعي	2
أكان	2
والجمهورية	2
مفترق	2
حلقة	2
وعرف	2
جمعها	2
والاختلاف	2
وطنه	2
يعيشها	2
والعراقي	2
لعل	2
عدنان	2
والبعض	2
ووزع	2
محتويات	2
بالحكومات	2
ذكية	2
باسرائيل	2
تارة	2
اظهار	2
بالدعوة	2
لترشيد	2
ابدى	2
ملاحظاته	2
المداخلات	2
تعزيزاً	2
لدين	2
بدين	2
متهاودة	2
للوزارة	2
بذلت	2
وفيها	2
الخصخصة	2
الانغلاق	2
يحفزنا	2
صدقية	2
بأننا	2
للاعتدال	2
وعزا	2
الماضيتين	2
استفهام	2
المطرد	2
يوصف	2
ستتدخل	2
نسعى	2
بالحق	2
تقتضيه	2
مصلحتنا	2
الياس	2
بتكليف	2
هلاك	2
وصلنا	2
منذر	2
وحيدر	2
زوراً	2
حقّاً	2
أقدمت	2
حقاً	2
حصراً	2
القيامة	2
المحسوبين	2
يردد	2
خيوط	2
ملح	2
موريس	2
الحرفي	2
فعالا	2
ترحيبية	2
صحيحا	2
الصهاينة	2
كشعب	2
الميعاد	2
تأكيدهم	2
للمسيح	2
وظهرت	2
معالمه	2
والسابع	2
هرمغدون	2
ويتحدث	2
معتقداتها	2
يقبلوا	2
خسروا	2
تفسيرها	2
خياراتها	2
نلاحظ	2
ينمو	2
استثماره	2
الكثيف	2
استباقية	2
والخارجي	2
الاعظم	2
خريف	2
شعراء	2
وجان	2
والمقاولين	2
محامياً	2
المرات	2
للمحامي	2
عظيماً	2
وآخر	2
اود	2
اعلنها	2
كبيرين	2
والقاضي	2
لتوّه	2
مؤثرة	2
احب	2
جرجس	2
الارز	2
دعني	2
المهاجر	2
والشهرة	2
الليمون	2
بلادي	2
والترتيب	2
بيئية	2
تنظيمية	2
للشخص	2
لكان	2
العاديين	2
الواصلين	2
برياح	2
الهالة	2
نعمة	2
غاب	2
محفوظ	2
الزين	2
دعبول	2
شدياق	2
فاضل	2
يزبك	2
كسم	2
المحاور	2
وحوار	2
وهجرة	2
أجمع	2
وتكريس	2
نواجهها	2
تطرف	2
تحولات	2
وقبول	2
المختلف	2
والنظر	2
محيطه	2
تلاه	2
لتصحيح	2
نظرة	2
الارتكاز	2
وقومي	2
وعناوين	2
لروح	2
دلالة	2
ازدواجية	2
والعكس	2
لفئات	2
ينتقدون	2
للعلماء	2
يوقعوا	2
التطرق	2
خلافية	2
الوصمة	2
والتمييز	2
عربيد	2
العتيري	2
الين	2
مصابا	2
ونساء	2
تعاطي	2
وجلسات	2
المواكبة	2
والانسانية	2
جنسيا	2
المصاب	2
الاونيسكو	2
وصندوق	2
حريات	2
بتنفيذه	2
الانشاءات	2
جاورجيوس	2
وثيقاً	2
وكلية	2
استكمالاً	2
لمعهد	2
مساءً	2
ونقيب	2
سيلفي	2
ونائبة	2
ميادة	2
عباسي	2
ليندا	2
دوغان	2
ماريان	2
معان	2
الجامع	2
والاحتلال	2
مكاناً	2
بالجرائم	2
والكاريبي	2
نتطلع	2
ولوقف	2
الممارس	2
الفلسطينيات	2
والعراقيات	2
نضال	2
يعانين	2
والثقافي	2
فرضته	2
معاناة	2
والنساء	2
الجوع	2
بطاريات	2
المشاة	2
بغزو	2
محتمل	2
يتوافدون	2
مقاتلي	2
نشرهم	2
للتجار	2
أبراج	2
لبورصة	2
ووفقاً	2
لتجارة	2
الأصفر	2
انضمت	2
درهم	2
والإصلاحات	2
المستوي	2
المحتملة	2
الثغرات	2
ضياع	2
أخلاقية	2
لصوص	2
العقاب	2
بأزمة	2
المعترض	2
والجامعة	2
تسدد	2
الدولتان	2
بتعيين	2
والإدارية	2
التعيين	2
والمعتقلين	2
شورى	2
أنور	2
أمضوا	2
سجون	2
وخرجوا	2
مقتنعين	2
توقعوا	2
بتصفية	2
أقرها	2
والمستقلة	2
أثيرت	2
والخطوات	2
دعاية	2
لآخر	2
الكريمة	2
الحبل	2
الجري	2
وبالذات	2
لعشر	2
شد	2
أصولية	2
الجماع	2
ويساعد	2
المقال	2
يرمز	2
التربوي	2
تكافؤ	2
خصوصية	2
وأصحاب	2
تتفاقم	2
المسالك	2
وأمراض	2
الذكورة	2
الحرج	2
دارت	2
والتحذير	2
الإفريقية	2
والتلوث	2
تنذر	2
نموه	2
فحذر	2
للمريض	2
المصاحب	2
المدخن	2
ربطها	2
تلميح	2
تبناه	2
ومساحة	2
معتقلين	2
صريحة	2
وتوجيهات	2
للجماعة	2
نفوذاً	2
والمعارضة	2
يراقبون	2
هويدي	2
واجب	2
تنازلت	2
وبزيادة	2
شيرت	2
بمجالات	2
الخدمي	2
وتجميع	2
والأوروبية	2
وتخزين	2
وتوزيع	2
الوادي	2
لاستثمارات	2
فرصاً	2
إحداهما	2
بالنقل	2
والعمرة	2
والحج	2
والبيئية	2
استراتيجيات	2
وسرعة	2
والمفروشات	2
والأحذية	2
الإضاءة	2
تحتم	2
بارتباطات	2
وتجمعات	2
البصل	2
لتعزيزها	2
والبولي	2
للعاصمة	2
لسرعة	2
وحظر	2
الأغنام	2
ائتمان	2
اشتراط	2
المورد	2
معززة	2
مطلباً	2
المنوفي	2
البنكية	2
بسلع	2
الأوفست	2
فواتير	2
موثقة	2
المنازعات	2
للمشكلات	2
بإعفاء	2
ضريبي	2
مدخلات	2
أخضر	2
وبعضهم	2
موضحين	2
ويقودها	2
بلاش	2
وتثير	2
مصدري	2
طبقت	2
الكويز	2
تصدره	2
يبحثها	2
شريطة	2
بالأرض	2
المرشدي	2
الصناع	2
تحكيم	2
شكواها	2
للحماية	2
مطاعم	2
لخارج	2
أنواعها	2
لمتطلبات	2
الملصقات	2
العطار	2
ارتباطات	2
الارتباطات	2
فيزا	2
البطاقات	2
وفسر	2
والمطاعم	2
طفيفاً	2
العائلي	2
يتغير	2
أيد	2
بطلبات	2
المقيدة	2
جمدت	2
أرصدتها	2
لحث	2
للصرافة	2
الإفلاس	2
وبدلاً	2
سريان	2
ستغلق	2
التجمد	2
والقرارات	2
والاستيراد	2
بدليل	2
للتشريعات	2
تلتها	2
بالدولة	2
النضج	2
التحصيل	2
للحاصلات	2
بررت	2
وتغطية	2
الضوئية	2
الشايب	2
تصنيعها	2
جسراً	2
برلمانيون	2
خيمت	2
استنزفت	2
أمواله	2
مسؤولاً	2
قروش	2
المعتاد	2
للشراء	2
منطقية	2
مشروطة	2
لطلبات	2
أثارتها	2
المشجعة	2
لقرارات	2
المستندي	2
أزمات	2
ولديه	2
الرسمة	2
ينكر	2
ونمو	2
تهدئة	2
اكتناز	2
توريط	2
مردود	2
بتلبية	2
بتعطيل	2
سيضع	2
صعودهما	2
استفادة	2
بالقرض	2
تعامل	2
آجال	2
وبسعر	2
وطويلة	2
صعوده	2
والسماح	2
واكتنازه	2
محسوبة	2
مستوياته	2
جريئة	2
وتمكنت	2
مخزناً	2
العشوائية	2
يحول	2
ويسمح	2
المعمول	2
الاستهلاكي	2
الفليبين	2
المتهربين	2
قيامهم	2
التصالح	2
ودفع	2
المقاييس	2
تقسيط	2
ائتمانية	2
حسام	2
سوسيتيه	2
بإدارة	2
مخاطرها	2
أجاب	2
تباينت	2
اعتبرها	2
تراجعا	2
المعترضون	2
تعميق	2
وودائع	2
يضعها	2
وسندات	2
بارتياح	2
والإقراض	2
بضبط	2
يسهم	2
رامز	2
الاعتبارات	2
ثمرة	2
والتنسيق	2
وستظل	2
وضخ	2
حققنا	2
إطلاع	2
بالمزيد	2
بريتوريا	2
مسدود	2
نفاذ	2
نظرائهم	2
كاواجوتشي	2
والمجالات	2
بالجيزة	2
منحة	2
المنحة	2
التقوا	2
والفقراء	2
جولتين	2
حزبي	2
يتبناها	2
للمساواة	2
ثقافة	2
والترويج	2
المستقلين	2
مثقفون	2
لفصل	2
للفرعونية	2
أصولها	2
الفرعونية	2
وطلعت	2
الألفي	2
الدايم	2
ومدرس	2
يتقدم	2
بأوراق	2
الأسبوعين	2
برنامجه	2
يلجأ	2
الانتماء	2
الناصر	2
وثورة	2
عرباً	2
مفتعلة	2
الملاريا	2
والمحافظات	2
إصابتهما	2
بعوضة	2
الجامبيا	2
الدواء	2
البعوضة	2
تزور	2
الناقلة	2
لدورة	2
بمرض	2
تخترق	2
يتأكد	2
فرد	2
بالمراجعة	2
مسئولين	2
يعملن	2
منهن	2
بالمعهد	2
أشهرها	2
الفتح	2
يحرصون	2
طليعة	2
بغرفة	2
بإحدى	2
المائدة	2
والمكان	2
عمارة	2
الرهيب	2
وكرة	2
محظور	2
ساعتين	2
تعرضهم	2
وبكر	2
جيوب	2
الفوانيس	2
والزبادي	2
اليامش	2
وبنفس	2
المبدئية	2
المحروسة	2
وعسل	2
تتكبدها	2
مناهج	2
علاقاتهم	2
بالأحزاب	2
تخليها	2
ناخبيهم	2
بإعلان	2
ومطالبة	2
قيادياً	2
خططاً	2
دستورية	2
لجرحى	2
بالدم	2
بالمستشفى	2
والمستندات	2
إبلاغ	2
بالأوراق	2
فقر	2
إحصائية	2
المصريات	2
وأبناء	2
المتزوجات	2
رعايا	2
وتليها	2
أسوان	2
لمنح	2
مقومات	2
مديرو	2
مديري	2
بشكوى	2
وأنشطة	2
بنشاطها	2
بأيدي	2
التحذير	2
وإثيوبيا	2
والصومال	2
تتنامى	2
ويرتفع	2
انهوا	2
والتليفزيون	2
لرد	2
الآمنين	2
ووصفها	2
عالماً	2
كلاماً	2
مصادمات	2
وأسفرت	2
للمناخ	2
أبلغوا	2
لمحافظة	2
ملاك	2
عياد	2
محروس	2
وتولت	2
لتوعيتهن	2
القمصان	2
مسيحي	2
بوليصة	2
الأسري	2
بعروض	2
حقوقها	2
تحايل	2
وتستهدف	2
تأمينية	2
والصغيرة	2
بصراحة	2
طبعاً	2
رائعة	2
أطفالاً	2
ومستقبل	2
ويقدر	2
وبالطبع	2
يعكفون	2
المؤلمة	2
حجاني	2
يطلع	2
أطلع	2
يؤم	2
والمثقفين	2
وشيخ	2
المصلين	2
والبر	2
لأننا	2
وأقباطاً	2
المجيدة	2
إيلي	2
شكيد	2
اللحظات	2
موعداً	2
بالموافقة	2
التفاؤل	2
للمجيء	2
الفاكهة	2
المرشد	2
وتأثيرها	2
للإخوان	2
وأين	2
والاستنكار	2
ومتى	2
ينادي	2
اجتمعت	2
إيماناً	2
القلوب	2
وفهماً	2
الجوارح	2
تملأ	2
الوضوح	2
والأعراض	2
وشؤونها	2
واحة	2
أولا	2
تضافر	2
والفهم	2
صوتها	2
عرفي	2
أجراها	2
وفتاة	2
للتخلص	2
لورانس	2
اندماج	2
وسياسية	2
بوجه	2
للتواجد	2
للتسوية	2
وانتقلت	2
وانطلاقاً	2
المعسكر	2
اختراقاً	2
قسراً	2
أكانت	2
الضخ	2
وماليا	2
للبلدان	2
الهيمنة	2
نشهد	2
تركيب	2
المخططات	2
ونقص	2
مخزونات	2
سيدفع	2
قلقون	2
عاملين	2
المتصلة	2
غيروا	2
قطرية	2
نقلتها	2
والبحرية	2
القطرى	2
تحليلا	2
للتطورات	2
بمستقبل	2
ويحدد	2
ومدى	2
الجيوش	2
وسجلت	2
الاحتياط	2
اللافت	2
وتوقعات	2
تتنبأ	2
نصفها	2
ستلعب	2
بمعظم	2
مجالا	2
بيوت	2
بانشاء	2
بمبادرات	2
التعديني	2
بانواع	2
استخراجها	2
اولية	2
التحويلية	2
التعدينية	2
والمقرر	2
يبنى	2
اقرار	2
وصاحب	2
بالقطاعات	2
الجيري	2
السيليكا	2
الرخص	2
الراشد	2
سيبسا	2
ناقلة	2
النفطي	2
مصافي	2
تتحقق	2
ناقلات	2
وكلها	2
لضخ	2
الإمدادات	2
محط	2
احتياطاتها	2
تنويع	2
النفوذ	2
لتقليل	2
نصيبها	2
تطرأ	2
هدفين	2
المطل	2
لاعتبارات	2
وطبقا	2
يسد	2
لوحدها	2
دولارين	2
احتياجاتها	2
موطئ	2
هوليداي	2
سيحصل	2
رونالد	2
اوكسيدنتال	2
بتروليوم	2
وخبرات	2
بيرتون	2
السبق	2
لاصلاح	2
تدفقات	2
بتروجت	2
للعمالة	2
ألفنية	2
عزمي	2
عمالته	2
ارساء	2
طاقتها	2
منظمتي	2
تذبذب	2
بتدفق	2
وتناولت	2
لموارد	2
والمستهلكين	2
والتنقيب	2
والإنتاج	2
وحددت	2
بنزين	2
تحقيقاً	2
وتحديداً	2
التحذيرات	2
والفصائل	2
رون	2
تمتص	2
لشن	2
ردة	2
بمستوى	2
تطمح	2
شهية	2
معادلات	2
تريدها	2
محذراً	2
بالخطأ	2
مفاجئة	2
مبررات	2
العكسي	2
والرد	2
سفيرها	2
قذائف	2
برية	2
الضاحية	2
كارثية	2
وقفت	2
ماليون	2
الخياط	2
للمستثمر	2
تأجير	2
منشآتها	2
وأجنبية	2
وأسبانيا	2
عازمة	2
وإبرام	2
البدائل	2
اعتزام	2
تعليماته	2
المساعدين	2
مقرات	2
ترتب	2
والإسرائيلي	2
متبادل	2
بلقاء	2
دغان	2
وإسرائيلية	2
ويفترض	2
للفصائل	2
شتاينيتز	2
الليكود	2
وسيط	2
معاد	2
لسكك	2
ينافس	2
اشدود	2
بمد	2
محملة	2
المتحدةـ	2
حاوية	2
عاجلاً	2
نفسيهما	2
برلماني	2
أولويات	2
أهميتها	2
ترحيل	2
المبدئي	2
والمستقلين	2
وأسئلة	2
يعادي	2
تيار	2
الفكري	2
فصيلاً	2
يفرق	2
بعينه	2
ووزراء	2
عزاء	2
أقامته	2
تتولاها	2
إدارات	2
برقية	2
الأصولي	2
باستبعاد	2
طلبة	2
لإلزام	2
انتقدت	2
يفتقد	2
ومؤثرة	2
الأستاذ	2
نطق	2
بالشهادتين	2
وأسلم	2
أسلم	2
والإسلامي	2
الأميال	2
صديقة	2
ربوع	2
أكن	2
مسلماً	2
قرارة	2
العبارة	2
جميل	2
تسمع	2
ورحلات	2
ميدانية	2
سعيداً	2
تجاهه	2
سواسية	2
نسمع	2
تأثراً	2
هاجروا	2
الإنجيل	2
ومهمتي	2
نشره	2
طمأن	2
لمجلسي	2
والشورى	2
بوعكة	2
يستأنف	2
حرارته	2
والعافية	2
وأعلنوا	2
وعكة	2
طابا	2
مكافأة	2
الإنمائية	2
تعديلاً	2
لقدرة	2
أنف	2
استمتعوا	2
بالسيئ	2
فالأسوأ	2
مؤلمة	2
يتكلم	2
يدوم	2
وأننا	2
بالديون	2
زحف	2
وبوضوح	2
يكبر	2
والنتيجة	2
يستقيل	2
لرجل	2
عقولهم	2
ضمائرهم	2
فالسعودية	2
الملاذ	2
الآمن	2
خائف	2
والملجأ	2
استباحوا	2
والمسجد	2
بأسيوط	2
استباح	2
عذاب	2
الأخطر	2
وناشد	2
مفاسد	2
الدهشة	2
التشكيك	2
لذاته	2
يبرز	2
تثيره	2
أحزابها	2
يفضي	2
ويرفض	2
تصريحاً	2
بتأييد	2
والتيارات	2
دستوري	2
النغمة	2
لتأجيل	2
تتمسك	2
تعليقاً	2
ألمت	2
اختارت	2
ليتولى	2
صفات	2
العالمين	2
الدافئ	2
يحمله	2
الأب	2
الركيزة	2
اللعينة	2
المضادات	2
بعنف	2
واتجهت	2
لصالحها	2
الاستطلاع	2
العملاق	2
بأعمال	2
باستحداث	2
كيان	2
نصاً	2
الشيعية	2
بأهمية	2
لتبني	2
ذاتية	2
يفهم	2
الألقاب	2
البرزاني	2
الأكاديمي	2
داعي	2
للفيدرالية	2
فيدرالية	2
الصفة	2
عرقية	2
تمارسها	2
الاستنتاج	2
للقرار	2
مكانه	2
للأمريكيين	2
ولايتها	2
مكلفة	2
التورط	2
مدعوماً	2
رفضاً	2
المعد	2
إدارته	2
بأمريكا	2
افترضنا	2
والإنسانية	2
هروبه	2
والمجازر	2
التحديث	2
منفرداً	2
لمواقف	2
خلفيات	2
أيديولوجية	2
وحسابات	2
يتولون	2
التعددية	2
شرفه	2
قدومه	2
الأمريكيتين	2
وتنميته	2
إقراره	2
بترو	2
لكلفته	2
غنيم	2
بإقرار	2
ونظرائهم	2
أفق	2
والأهلي	2
والتفتيش	2
الحاضرة	2
بنداً	2
ونوعية	2
الأحول	2
لزراعتها	2
وخدمية	2
جمركي	2
بمزايا	2
وبنية	2
وواردات	2
يستهان	2
والنقدي	2
والمحور	2
تراكم	2
تربطها	2
أحيان	2
الضيق	2
وإزالة	2
أطراف	2
الأغلب	2
بعام	2
استثماراً	2
فتشير	2
إنشائية	2
أعمالها	2
والمرافق	2
والقديمة	2
نموذجا	2
دخله	2
نظمته	2
بتنسيق	2
بالقارة	2
والألماس	2
كمواد	2
ارتفاعها	2
للإردب	2
حرجاً	2
التوريد	2
يشتري	2
أعلنته	2
الذرة	2
المجرى	2
أسيوط	2
للبريد	2
التتبع	2
وإدارته	2
بينا	2
بالإعداد	2
تتصدر	2
تلتقى	2
والجمعية	2
والحاصلات	2
الخضراوات	2
المجففة	2
المفروشات	2
والجانب	2
والقمح	2
شبكات	2
لتخزين	2
لأفريقيا	2
طبيعياً	2
وتتعاون	2
والتخفيضات	2
الكينية	2
وورش	2
ومواقع	2
مهندس	2
الإمكانيات	2
لديهما	2
بالسفارة	2
عامها	2
لإعلان	2
بترجمة	2
شدّد	2
ومرحلة	2
شربل	2
مزمنة	2
استقراره	2
إطاحة	2
والاحتكام	2
صمامات	2
الآلة	2
يفتقر	2
شطب	2
ترميم	2
وشبه	2
لحق	2
وها	2
وأحجام	2
الأدوار	2
انتحاريون	2
الإعلامية	2
الآداب	2
مقرر	2
عطا	2
للهدف	2
الإطلاع	2
بلغتهم	2
وشعب	2
متخصص	2
الخداع	2
الخفية	2
تسعيرة	2
يديه	2
والرحمة	2
صيحة	2
دراسية	2
بمكتب	2
تحارب	2
جنوداً	2
وأنهم	2
تستورده	2
لتنقية	2
ستضطر	2
معاركها	2
دفاعاً	2
وترتبط	2
وحققت	2
جانباً	2
بالديموقراطية	2
كنتيجة	2
تنفيذي	2
كثر	2
بقائه	2
المطالبات	2
والدليل	2
تعيينهم	2
أداة	2
للابتزاز	2
إدانة	2
أيرلندا	2
مفوضي	2
بمولد	2
وإلغاء	2
بقرية	2
عادي	2
معاصرة	2
عاديين	2
إسباغ	2
وجبناء	2
يرسل	2
حسناً	2
بالخيانة	2
حررت	2
أصدرها	2
المحتلين	2
مواليد	2
والسكان	2
توءم	2
والإقليمية	2
أيوب	2
بالقوانين	2
إنجاز	2
الجغرافي	2
الهيكلي	2
والتضخم	2
ايان	2
ضئيلاً	2
يتناسب	2
الناصريين	2
بتخصيص	2
للهيمنة	2
الخفي	2
بالتدخل	2
السافر	2
والعقل	2
مزايدات	2
ودفعها	2
حثيثة	2
تضعها	2
وتبذل	2
نواح	2
مساعيها	2
لانتزاع	2
للاستدانة	2
تكتفي	2
والحوافز	2
مماثلاً	2
ومعدل	2
الرأسمالي	2
تباطؤ	2
مساع	2
بقطاع	2
الاجتهاد	2
والغذائية	2
زراعي	2
زراعته	2
مسئولة	2
الزراعيين	2
بالأراضي	2
أوضاعهم	2
بتصنيف	2
لجودة	2
جاب	2
تشترط	2
لموازنة	2
والخروج	2
والأخشاب	2
المقاولين	2
ظبي	2
بإجمالي	2
أنشأ	2
أبرمت	2
للعقارات	2
علام	2
الأشغال	2
توقيعهما	2
ووضعت	2
التفاوت	2
فروق	2
لإجبار	2
شرسة	2
الطول	2
لتقرير	2
خصائص	2
وصفات	2
بخبرة	2
واتجاهات	2
كينج	2
نستوردها	2
تتطلبه	2
لإعداد	2
المحتملين	2
إقبالاً	2
المولدة	2
ممتازة	2
السحب	2
واشترط	2
أجنبيا	2
وتلبية	2
احتياجاته	2
تواضع	2
تجارتها	2
التزامها	2
للانخفاض	2
المنتظرة	2
والتجهيز	2
المغذية	2
جاذب	2
تحالفات	2
وقوية	2
للأسمدة	2
الكيميائي	2
لسد	2
تكفي	2
للاستهلاك	2
تشكيله	2
بشئون	2
والأجنبي	2
الدنف	2
فلتس	2
للفوسفات	2
الخامة	2
للبويات	2
برقم	2
وبدون	2
والصادرات	2
يشرح	2
وإصلاح	2
وهيكلة	2
واستعداد	2
والجرانيت	2
يتماشى	2
المتغيرات	2
للصرف	2
المولدات	2
بالخبراء	2
لجمهورية	2
وعدادات	2
والمحطات	2
المحولات	2
القياس	2
لرومانيا	2
لتسجل	2
أماناً	2
مو	2
تعزيزها	2
للزيادة	2
بانتعاش	2
سول	2
وتعريفهم	2
واعداً	2
باكستاني	2
نقلة	2
وباكستان	2
للسمعة	2
التيلة	2
البليت	2
سانجاي	2
كوتاري	2
الإعفاءات	2
قياسي	2
رقابية	2
علاقتها	2
لإعمار	2
والتغليف	2
والتربية	2
مسؤولة	2
حبيبات	2
ورجحت	2
والتشاور	2
للاتصال	2
ألمانية	2
الرائدة	2
لاستصلاح	2
فيضان	2
سيضيف	2
الجليل	2
والموارد	2
تمويله	2
لمواقع	2
للاستخدام	2
الهائلة	2
غذاء	2
بزيارات	2
يترسب	2
جدواها	2
والفلسفة	2
يرأسها	2
فوزي	2
شيوخ	2
والمسؤولين	2
ادعاءات	2
بتكفير	2
يصادر	2
كتاباً	2
لاتهامه	2
وتفريقه	2
ترأسه	2
طعن	2
وحفظ	2
يشككون	2
ظلم	2
دعاوى	2
إنجازات	2
الكم	2
فرغلي	2
العز	2
كاملاً	2
والأوضاع	2
النفسي	2
وأسعار	2
وطبيعة	2
حالاتهم	2
دخلهم	2
سبقتها	2
استيطاني	2
ببلورة	2
مخططاً	2
شعبها	2
ينتهك	2
الاستيطاني	2
الأسبوعية	2
مزموريا	2
النعمان	2
ضمتها	2
ويؤمن	2
أراضى	2
تفصل	2
ناتو	2
ديموقراطيات	2
نظرائها	2
وتتولى	2
للأمن	2
سأل	2
سئلت	2
كذريعة	2
المستشارين	2
المستشارون	2
الأوروبيون	2
المصرح	2
المدفوع	2
سدادها	2
وجاري	2
بمخازن	2
والموازنة	2
المهمل	2
مكتبي	2
مليارا	2
للواردات	2
أضافوا	2
والخضراوات	2
معدنية	2
وتركزت	2
قومي	2
للتوريد	2
المصريتين	2
والكوري	2
والجيولوجية	2
واستخدامه	2
إدراج	2
التركيب	2
تجهيزه	2
للثوم	2
وصادرات	2
مصنعة	2
للسفارة	2
بالترويج	2
المكون	2
الإدلاء	2
بموعد	2
المتفق	2
بمحاربة	2
حربها	2
المتشدد	2
أنتوني	2
وينير	2
الرعايا	2
للأحزاب	2
الأحرار	2
علاوي	2
البعيد	2
الأسلوب	2
اللوجستية	2
لثلاث	2
أصر	2
الرضا	2
وتنامي	2
توزع	2
واعتدال	2
خلايا	2
صراعها	2
للغرب	2
انقلبت	2
ويبرز	2
وخلفه	2
الخلافة	2
تبنت	2
النقشبندية	2
أجنحة	2
والطريقة	2
أسسها	2
أدخل	2
الفضيلة	2
تقارب	2
أعادت	2
التقارب	2
ورفضت	2
يبحثان	2
استخبارات	2
بالمعدات	2
بدران	2
يقدمها	2
وانتخاب	2
الصعوبة	2
تصعد	2
ينتمي	2
للحرم	2
لسلطات	2
بتسليم	2
باطل	2
نعترف	2
وسيظل	2
طالت	2
والاغتصاب	2
وشنت	2
كتابات	2
ومازالت	2
فماذا	2
الخيارات	2
وقنوات	2
مدفعية	2
مسئوليتها	2
سفارة	2
والاستراتيجية	2
بالأهرام	2
مختارات	2
تتعاطف	2
فلابد	2
متوتر	2
تشعر	2
فراغ	2
متبعة	2
للموقف	2
وحروب	2
بالتماس	2
تاريخياً	2
انتفاضة	2
تعرّض	2
للسلوك	2
باجتياح	2
بطرد	2
لاتهامها	2
موازين	2
فيؤكد	2
يستبعده	2
للعقلية	2
كلمات	2
أصولاً	2
للمخازن	2
لوحدات	2
ويشيرون	2
حراً	2
أتوقع	2
الإصلاحية	2
الخريطة	2
التعمير	2
مقبولة	2
وضعنا	2
مسئولية	2
التفرقة	2
أولهما	2
النهوض	2
التباطؤ	2
لأعداد	2
خبرة	2
مبكراً	2
وأجانب	2
لغرف	2
المراد	2
والغرف	2
لتحقيقها	2
وخلق	2
وزيادتها	2
بالاعتماد	2
والتطور	2
ينفذها	2
للأسبوع	2
التدريجي	2
الجنايني	2
المتحد	2
لصعوبة	2
بتثبيت	2
بمتوسط	2
قبلها	2
العطاء	2
حواس	2
والتطوير	2
المزلاوي	2
تولد	2
للعرض	2
ويستقر	2
والصغار	2
عال	2
وأفغانستان	2
الترقب	2
أوزالب	2
هبوطه	2
يهبط	2
وأساسي	2
مقسمة	2
التأخر	2
المستحقات	2
الازدواج	2
أموالها	2
متزامناً	2
والاتجاه	2
والأرصدة	2
والسندات	2
والاقتراض	2
بتدعيم	2
للأصول	2
قفزة	2
كريدي	2
آند	2
والعالمي	2
جذبها	2
وإقالة	2
متمسك	2
بسياسة	2
انفلات	2
والريال	2
وأدت	2
والأمر	2
معدلاتها	2
مقبول	2
معنيون	2
باجتماع	2
مضيفاً	2
تعيشها	2
الكتلة	2
وسيقدم	2
سعدة	2
والليبرالي	2
أميات	2
مصابون	2
بالإيدز	2
القراءة	2
ورصد	2
الإنمائي	2
المقاعد	2
تستنفد	2
الفيروسات	2
حكماء	2
صهيون	2
كراهية	2
للكتب	2
ألفها	2
لنص	2
النسخ	2
اليونسكو	2
مناصريه	2
بإرسال	2
ويفتقر	2
لاستبعاد	2
لمواقعهم	2
ولجانه	2
تدريجي	2
قيادية	2
وكلاء	2
والمواصلات	2
وقفوا	2
صلاحيتها	2
الموجودين	2
محروم	2
ينشئ	2
العبث	2
بآيات	2
وأحاديث	2
الشهاوي	2
طالبوا	2
وصايا	2
الفجور	2
أحاديث	2
أوصاف	2
المعشوقة	2
والأنثى	2
المنشورات	2
شبابها	2
واجبات	2
لبنات	2
توعد	2
يتطلع	2
تجعلها	2
أصلا	2
ويعرف	2
ينكره	2
تسهل	2
تفكيك	2
وخالد	2
تخفض	2
وفود	2
الأمام	2
يحرك	2
النصية	2
يسكن	2
واصلوا	2
الحوارات	2
كأن	2
العبارات	2
إجابة	2
الختامية	2
تأييده	2
الإجماع	2
بتحريك	2
الفضائيات	2
فورية	2
ومستقل	2
بتحويل	2
وسأل	2
أجوبة	2
كهذا	2
والبحرين	2
سترتفع	2
القسري	2
الهجرات	2
إعلام	2
أبرزت	2
ومحللون	2
الأشعل	2
رغبات	2
للابن	2
ورجح	2
إنسان	2
محو	2
أساء	2
إياه	2
فوجئنا	2
بحديث	2
لفرنسا	2
الاضطرار	2
وكأنه	2
الموضوعي	2
العقلاني	2
الصوم	2
أدري	2
يلتفت	2
واليهود	2
للثروات	2
تضيف	2
النقابيين	2
اعتراضاً	2
بالقيم	2
وليبرالية	2
وتفعيل	2
تكوينها	2
وقضايا	2
داعمة	2
وطارق	2
الشوربجي	2
يحظر	2
شئونهم	2
كدولة	2
يتخوف	2
لخطوات	2
المرجعية	2
مرزوق	2
إجبار	2
مرجعاً	2
الإيحاء	2
بصفته	2
برلمانات	2
وبيعها	2
مؤشراً	2
بالرخصة	2
بالحد	2
القطارات	2
ناشد	2
ودينه	2
فأين	2
يزعمون	2
الجنس	2
المراهقين	2
للطفولة	2
الإنجابية	2
للمراهقين	2
الإناث	2
ثانوية	2
الآباء	2
أضحت	2
تعززت	2
بتصريحه	2
إيهود	2
وكأن	2
تصب	2
تغيرات	2
وزنها	2
ومتأن	2
ستنظر	2
يتسم	2
مقررات	2
والمصري	2
وزارية	2
جلعادي	2
تداولات	2
لتداول	2
بالمجموعة	2
تقفز	2
الفارهة	2
تعويضاً	2
تعهداتها	2
التزم	2
مواءمة	2
ستنشأ	2
ينضم	2
ويسير	2
يتسق	2
ميز	2
بتلك	2
كتل	2
شمولاً	2
طرفاً	2
والمحافظة	2
والاستعداد	2
السخط	2
بمبادئ	2
والمساواة	2
وتكافؤ	2
لغزو	2
لشركاتهم	2
وتنص	2
تعريفه	2
وأنابيب	2
وتوافر	2
حسنين	2
بحلوان	2
للمسئولين	2
عاود	2
تتزامن	2
يتجه	2
المتخذة	2
يسوقها	2
المنتجون	2
انعكاس	2
الاحتكار	2
وحسبما	2
الارتفاعات	2
للصلب	2
الخارجة	2
مصروفات	2
والياباني	2
استقرارها	2
برايس	2
ولأول	2
المستشارة	2
سيعتمد	2
والخبرة	2
تخطى	2
بالعام	2
جديدين	2
غيارها	2
والإنترنت	2
بالصادرات	2
إنجليزية	2
ويتمثل	2
كيب	2
وبيوت	2
تحث	2
ودقيقة	2
أكده	2
معلم	2
وطالبة	2
ويتراوح	2
جلساته	2
رقماً	2
وتدهور	2
رغيف	2
المليارات	2
لوزيري	2
تخطيط	2
والرشوة	2
والتربح	2
التوفيق	2
بوصف	2
استيلاء	2
القمامة	2
وتحصيل	2
فاتورة	2
نزيف	2
لحوم	2
مشكوك	2
إغراق	2
أبطحي	2
أبدت	2
وتسير	2
وأطلقوا	2
طائفة	2
منتجع	2
الصافية	2
ببطء	2
الخمسينات	2
لتهجير	2
ظلوا	2
فلاح	2
حيناً	2
ذكاء	2
متقلب	2
بكامل	2
استقدام	2
أملاكهم	2
وقيامه	2
وتنظيف	2
للإجابة	2
ينهي	2
ملابسه	2
يشاهدون	2
الاقتراب	2
المناظر	2
الكومنولث	2
واستراليا	2
كياناً	2
مراين	2
لليخوت	2
لمسلسل	2
المبرر	2
الخردة	2
بالأسعار	2
وأوكرانيا	2
ولاتيفيا	2
وبالفعل	2
دراسته	2
لإلغاء	2
طاقات	2
بهيئة	2
الأجرة	2
موجوداً	2
والبنزين	2
يفصح	2
شلبي	2
والواردات	2
للتعرف	2
استضافة	2
سيتناول	2
بالمجلس	2
واستخداماتها	2
أخفقت	2
محدوداً	2
ولعدم	2
لتقتصر	2
فنون	2
ملموساً	2
والخبرات	2
والبذور	2
بأفريقيا	2
وكلف	2
بمعهد	2
كنائب	2
نباتات	2
كمزارع	2
والتفريغ	2
يتحملها	2
دمياط	2
تيسير	2
للمصانع	2
للمواد	2
خميس	2
المكملة	2
ضخماً	2
للاتفاقية	2
المنعقد	2
تجتمع	2
تسعير	2
المضغوط	2
للغازات	2
وأغطية	2
والأدوات	2
والنباتات	2
تقطيع	2
والزجاج	2
المشغول	2
مباحثاته	2
بالقضاء	2
نتعامل	2
والإغراق	2
ولمدة	2
الطويهر	2
مكاوي	2
مثلوا	2
لتكثيف	2
ونظم	2
بمشاريع	2
بالمبادرة	2
بالدفاع	2
أوربى	2
انتبه	2
والعلامات	2
ويأتى	2
مشهورة	2
الحيوى	2
البحرى	2
نانآو	2
الدلفين	2
بالبر	2
المسجل	2
جوا	2
غارنر	2
تيم	2
تقوده	2
علاقتهم	2
اسوشيتد	2
حوزة	2
موقتة	2
تبنى	2
ملء	2
الأمنى	2
سبنسر	2
ابرهام	2
الايجابى	2
والمستهلك	2
ليبى	2
الجزائرى	2
والتعدين	2
قضبان	2
والكيماوية	2
الأف	2
للهجوم	2
بليبيا	2
تخلق	2
لكى	2
الأفريقى	2
ط	2
متناهية	2
الصغر	2
المشتبهين	2
مؤقتا	2
سكك	2
هاينان	2
مرجعية	2
بشرق	2
مضيق	2
الكمبيوتر	2
الجثتين	2
ليويشون	2
توربان	2
فهى	2
لامرأة	2
المنغولية	2
برسم	2
استخرجت	2
بضواحى	2
هان	2
البروفيسور	2
اللينة	2
مجسمة	2
الجدير	2
الجثث	2
التشكيل	2
مسميات	2
والغاء	2
وتيسير	2
الموكولة	2
بالعاملين	2
دمجها	2
هاتان	2
مهامها	2
الاخصائيين	2
الملائم	2
الايطالى	2
تليفزيون	2
الاستواء	2
وجمهورية	2
ستوكهولم	2
للتعبير	2
ارثر	2
ويلنجتون	2
فولز	2
المطربة	2
اليانغتسى	2
نهائيا	2
أبطحى	2
هز	2
اجراها	2
الاثرية	2
الهزايمة	2
المسروقات	2
قديما	2
الشيعى	2
محفور	2
خشبية	2
لصدام	2
اشتملت	2
مخطوطات	2
المعقودة	2
ضمنهم	2
للاعلان	2
تشى	2
السانحة	2
دومينيك	2
ستؤيد	2
دولى	2
الآراضى	2
افتتاحية	2
للعمال	2
الخصائص	2
لاولئك	2
قوانغمينغ	2
تى	2
وبلدة	2
يلتقى	2
بامير	2
تواجدت	2
وحرب	2
عبروا	2
وصفها	2
أولية	2
وآلية	2
تصديها	2
للتوغل	2
مطلوبين	2
والآخر	2
ترافقها	2
تدميرا	2
اقتحام	2
والاسرائيلى	2
التدفق	2
والديمقراطية	2
بقتل	2
عمدا	2
صحفيا	2
صراع	2
عرفوا	2
رودس	2
مصور	2
رقبته	2
وسقط	2
الدماء	2
يصرخ	2
لتدمير	2
بأنهما	2
شارل	2
ولاسيما	2
الحريرى	2
نلتقي	2
تنتهى	2
وارقام	2
شيلى	2
والمشروبات	2
الماكينات	2
والطبية	2
حافلات	2
كبح	2
هوهيهوت	2
قانغ	2
عمدة	2
عسكريا	2
والممرضات	2
ينفصل	2
الاشجار	2
حينه	2
مشتر	2
الفعالية	2
المنشودة	2
بهونغ	2
جيان	2
المشترين	2
ترويج	2
ستصبح	2
للالواح	2
الدلفنة	2
آنشان	2
العمران	2
بشانغهاى	2
وطول	2
والابتدائية	2
أوغندا	2
عبدالسلام	2
واردة	2
طوابع	2
البيانو	2
شيامن	2
قو	2
لانغ	2
أبوردينة	2
للاطلاع	2
والاسرائيلية	2
تشييع	2
الأردنيين	2
يابانى	2
الأردنى	2
كتذكار	2
حقيبته	2
للملك	2
أشاد	2
اجماعا	2
كأكبر	2
واظهرت	2
وويلز	2
بريطانى	2
اضافيا	2
عزز	2
وبقى	2
يحققها	2
ازدادت	2
متواصل	2
ستطالب	2
وسيحل	2
للتطوير	2
يجعلنا	2
أملها	2
دليلا	2
سيتحتم	2
بالايجاب	2
كندى	2
الخيالة	2
وسيتوجه	2
وأستراليا	2
سفرهم	2
والسجون	2
الاوربية	2
مستوردة	2
تنفس	2
محمول	2
بالالتزام	2
كانوك	2
اياها	2
عاجلا	2
كونمينغ	2
محلى	2
ابرزت	2
ببكين	2
روه	2
حتفهم	2
الحدائق	2
الضرورى	2
جيو	2
السفريات	2
المدخنات	2
للرأى	2
والسيدات	2
اللاتى	2
الشيشة	2
لايقل	2
وسرعان	2
تعقيم	2
الاجرة	2
التعقيم	2
وولاية	2
والبيئى	2
والصحى	2
العلمى	2
امتيازات	2
الشبابية	2
والاستهلاك	2
عروضا	2
للخيول	2
سنتا	2
تصميمها	2
انتعاشا	2
شهدته	2
يتشاورون	2
الاقتصاديون	2
بوجوتا	2
الاقمار	2
اخطأت	2
بيرو	2
الهيروين	2
يالطا	2
يحسن	2
تبديد	2
بوفد	2
قضاة	2
أجويلار	2
للصحافة	2
رئاستها	2
مستقبلهم	2
نهائى	2
كوفى	2
أحدى	2
استمرارا	2
يسفر	2
نابلس	2
واشتبكت	2
استغرق	2
قادرون	2
ابلغوه	2
اقفلوا	2
واللبنانى	2
يدين	2
والذى	2
باحلال	2
وايجابية	2
ويخدم	2
ابوظبى	2
تسيتونج	2
اقام	2
مجلسا	2
لقوا	2
نيتشانغشان	2
تأكدت	2
ومعظم	2
دوامة	2
وجهته	2
مذبحة	2
ووقفة	2
شبعا	2
تخوم	2
يدخلون	2
تشيوان	2
قن	2
ووانغ	2
المشاهدة	2
بتتبع	2
بقصص	2
الرحمة	2
موظفو	2
روى	2
تركها	2
تاهيل	2
والتجمعات	2
لازالة	2
الحواجز	2
التايلاندى	2
حواجز	2
راديو	2
التوقيف	2
جارنر	2
تبادلى	2
ارهابى	2
يحظون	2
ونشر	2
ستسعى	2
ولابد	2
ستأخذ	2
باغلاق	2
سويرز	2
باستعادة	2
بإنهاء	2
والمسيحيين	2
الوقائية	2
بتفقد	2
ووحدات	2
الطبى	2
واجراءات	2
التنظيف	2
الأمامى	2
الاندونيسى	2
راشمان	2
دنباسار	2
انتارا	2
امروزى	2
الميدانى	2
تلقيت	2
صافى	2
بالربع	2
وارجع	2
وتتطلب	2
مليارى	2
وتعاون	2
شركائها	2
ذهبوا	2
كعمال	2
لابقاء	2
مواقعهم	2
بالمجان	2
ولجان	2
واجه	2
والمعلمين	2
سلمت	2
يلتحق	2
طوارئ	2
سكناهم	2
وطوال	2
ومسئولين	2
شروطها	2
بالسلطة	2
بتعازيهم	2
جيانغ	2
تسه	2
مين	2
والمستشار	2
جيرهارد	2
بالوقود	2
السامى	2
س	2
بنظيره	2
فيليبان	2
ايجور	2
مسلح	2
واعتقال	2
حرصه	2
المناجم	2
والضروريات	2
المطهرات	2
الخضروات	2
كيلوجرام	2
توسعت	2
إجمالى	2
الواقية	2
المطاعم	2
تشوك	2
تونج	2
التجارى	2
اجتماعهما	2
السنغافورية	2
ايرنا	2
المشروعة	2
تشوان	2
والمرضى	2
عاهل	2
للجانبين	2
دكا	2
جونج	2
ووك	2
لشعب	2
مد	2
الاجازة	2
فصول	2
والاذاعة	2
الزائرين	2
لاثينا	2
استخراج	2
ونصوص	2
عراقى	2
برهام	2
وعراقيين	2
ويقف	2
الكردى	2
يصف	2
لجهود	2
الرامية	2
للإرهاب	2
والحروب	2
كستللوريزو	2
ايجه	2
انانتناج	2
وفرضت	2
ايجابيا	2
جنوبى	2
يتفقون	2
للامن	2
مناقشتها	2
وامريكا	2
اتحادا	2
الهوكى	2
الرئيسيين	2
المتأنية	2
هادفة	2
العابر	2
روابط	2
هوارد	2
دمار	2
الانظار	2
توجهت	2
لكونها	2
توترت	2
ادانت	2
وساعدت	2
لهجة	2
التهدئة	2
الصحفي	2
والسؤال	2
تلميحات	2
تحسب	2
بادر	2
يترأس	2
الكتيبة	2
سيشرف	2
مسئولو	2
بامكانات	2
سيجذب	2
الميزة	2
كصناعة	2
للاحتياجات	2
ولى	2
الالية	2
طفلان	2
مستشفياتها	2
شاكر	2
زهراء	2
جراحة	2
تماثل	2
خضع	2
والبرازيل	2
اهتمامها	2
البرازيلى	2
بالبرتغالية	2
ايجو	2
عسكرى	2
تأهب	2
تعبئة	2
باجهوان	2
ملائم	2
الحيويين	2
كورى	2
والرخاء	2
لحكومة	2
لافتا	2
تنتهجها	2
كقاعدة	2
بقلم	2
باسقاط	2
النهب	2
وحرق	2
وانقطاع	2
للادارة	2
ومدن	2
ومثال	2
مواطنا	2
وتوقفت	2
والذخيرة	2
يؤدى	2
متوفر	2
بأول	2
للقبارصة	2
وساطة	2
نرحب	2
خفف	2
واطلع	2
متوجهة	2
مصابين	2
بنصف	2
اقلعت	2
مسافرا	2
التليفون	2
شينغ	2
المحبة	2
ريدموند	2
لحوالى	2
الفى	2
يفقد	2
دانييل	2
بالقلق	2
البنتاجون	2
كفاية	2
مدعاة	2
هاشمى	2
بتقرير	2
رافسنجانى	2
للتوتر	2
اردوغان	2
ذاتا	2
قانونا	2
اشد	2
مالا	2
تلعبه	2
محدودا	2
للسياسيين	2
المحمدية	2
هاز	2
سوتارتو	2
حثت	2
المكاتب	2
اكسون	2
للورق	2
هاجموا	2
للحلفاء	2
بالاحتياجات	2
الاغراض	2
بتعويضات	2
متبقية	2
مبعوث	2
داتوك	2
سيرى	2
واسرهم	2
بحوالى	2
العالميتين	2
للاجانب	2
شومر	2
مشتبه	2
اساليب	2
سيستغرقها	2
للوقت	2
شمالى	2
المروحية	2
تقلهم	2
مستشفيين	2
سريلانكا	2
كريستينا	2
روكا	2
وجبهة	2
ايلام	2
التاميلية	2
نرويجية	2
النمور	2
النرويجية	2
الباكر	2
لتلقى	2
يعانى	2
شيجياتشوانج	2
خبى	2
الرئوي	2
ماجواير	2
محليون	2
للقرويين	2
الاقارب	2
أعجب	2
القرويين	2
كيكايا	2
لفظتهم	2
جنودا	2
كاتنجا	2
مبوجى	2
مايى	2
المشرف	2
خشيتهم	2
شفائهم	2
واربعة	2
سريرا	2
هندى	2
المريض	2
أخبارى	2
دلهى	2
لطبيعة	2
ميترا	2
ذكرها	2
وبحوزتهم	2
الفلبينيين	2
الفلبين	2
لتحلية	2
لتكرير	2
وتحلية	2
الكوليرا	2
العذبة	2
مايرز	2
وبريمر	2
متشرد	2
عناء	2
المصورين	2
اكون	2
وروى	2
منعه	2
الفارغة	2
كونتية	2
تتسع	2
للمطالبة	2
روسيين	2
ماتفيف	2
التسمية	2
الايرلندي	2
سبيلبرغ	2
بورتي	2
سباقات	2
كثفت	2
المتمولين	2
هويت	2
وتقام	2
سهلا	2
الحرازين	2
فارداه	2
الجاني	2
المدعوين	2
حفلات	2
تنظمها	2
فارينا	2
غلوريا	2
بيجان	2
ومستوى	2
استثنائيا	2
كويتي	2
للانتاج	2
لاطفاء	2
لاخوس	2
لتوها	2
هوت	2
يتواصل	2
محاصرة	2
وتتزامن	2
للمجموعة	2
المنعقدة	2
بالتيانسكي	2
ستستغرقه	2
لغياب	2
بالامس	2
وكتبت	2
اللاءات	2
صحافة	2
تيبسه	2
اغتيل	2
مزارعين	2
الحقول	2
بيض	2
القدامى	2
الكؤوس	2
مناخها	2
والمالي	2
الانتقالات	2
الشيحان	2
وعبدالله	2
الخثران	2
العويران	2
لتجديد	2
النسخة	2
وسجله	2
بتسجيله	2
مالكوم	2
سيشل	2
عاشرة	2
دروري	2
فعثروا	2
الاوقاف	2
تشرف	2
غورنو	2
المحمية	2
الراكد	2
ستشتري	2
لقيمة	2
المكسيكية	2
واستطرد	2
بايدي	2
لفريق	2
نمت	2
الاولمبي	2
حلمه	2
هزموا	2
معادلة	2
بنفيكا	2
غوميش	2
انتقاله	2
بايبل	2
تشيكيا	2
خاض	2
بنما	2
جوهان	2
يحتفل	2
سلوبودان	2
ميلوسيفيتش	2
فيكوفيتش	2
المعيشي	2
ليحذر	2
فرعية	2
لميلوسيفيتش	2
هرسك	2
كوتور	2
وتقاسم	2
تطل	2
بطبيعتها	2
اقتصاديا	2
جميلة	2
جبلية	2
وبالامكان	2
وبني	2
ضفة	2
شاليهات	2
بخار	2
ضفاف	2
زوجان	2
اجتذاب	2
تمنى	2
الراية	2
لنهج	2
وتقرير	2
حشد	2
ليعيش	2
تربة	2
هزة	2
ارضية	2
للوفد	2
المفاوض	2
دورنا	2
بمرجعية	2
كوكالة	2
انتقادية	2
ساذجة	2
لقصة	2
وتصريح	2
والشركة	2
تاكيده	2
طبريا	2
لاحقة	2
مياهها	2
يتحدد	2
الشرعيين	2
عمالا	2
التعليمات	2
والتاكد	2
سليمة	2
لوصول	2
جماهير	2
تطابقه	2
اصلاحيين	2
تبث	2
فرهد	2
متسلسلة	2
فبرك	2
كاذبة	2
يحاكم	2
وكيفية	2
والقفز	2
حصان	2
ومدة	2
الحبيب	2
البوليساريو	2
بتبرئة	2
للعناصر	2
وظيفة	2
والتسبب	2
اصلاحه	2
امراة	2
الغزيرة	2
راشيفسكي	2
العنيفة	2
سحقت	2
سلك	2
توتر	2
افطار	2
مباراتها	2
بفارق	2
برنار	2
ويندهوك	2
ركلة	2
وكولين	2
بنجامين	2
ليبرفيل	2
ساو	2
بلانتير	2
والطفل	2
هافانا	2
فيديل	2
الغرق	2
بعودة	2
وزوجة	2
التاسيسي	2
ويتعين	2
الزامية	2
ارتور	2
لضم	2
احتاج	2
التدريبي	2
والبقاء	2
ضئيل	2
ائتلافية	2
متمردو	2
قوقريال	2
طلبنا	2
راغبين	2
مبان	2
المصنف	2
النازيين	2
بلغراد	2
لاستنفاد	2
وتبنت	2
هجوما	2
ابوجا	2
للبرامج	2
سنيه	2
مستوطنين	2
الرقاب	2
لحياته	2
غصن	2
الحادثة	2
الهالك	2
وتحرير	2
طرفه	2
افارقة	2
مبلغا	2
عـــلى	2
الورقات	2
سائل	2
ووجد	2
الخطط	2
كتيبة	2
بسرية	2
قلقهم	2
توني	2
لجورج	2
جيف	2
التباين	2
والتشريد	2
فنانين	2
وخرائط	2
الغطرسة	2
التناقض	2
الجغرافيا	2
ارميتاج	2
متجاوبة	2
مطلوباً	2
للإدارة	2
منتخبة	2
مركزية	2
الأولويات	2
مذكرته	2
الحاصلة	2
وبرنامج	2
بالعقود	2
الداخلة	2
الأرجح	2
يحصلون	2
ونفس	2
للنقد	2
أنشأه	2
نضمن	2
التعهد	2
استولى	2
لاذعة	2
مروراً	2
بالموانئ	2
الاتحادات	2
أغلق	2
والدولة	2
انتشاره	2
يتعاون	2
للتراث	2
أحبطت	2
لولا	2
الأيدي	2
وسلامة	2
دعمهم	2
حادا	2
ألفكرة	2
فأجاب	2
شكيب	2
يفوز	2
بتروكندا	2
الكونسورتيوم	2
بالسرعة	2
تحيط	2
بكافة	2
بنزلة	2
زكريا	2
اختصاره	2
سيقلل	2
اضطهاد	2
إسلامها	2
وارتداء	2
لقتل	2
والتصدي	2
تهديداتها	2
موشيه	2
بنوع	2
المناقشة	2
فإننا	2
يصرف	2
والبلاستك	2
يحتل	2
السيراميك	2
لفتح	2
انتزاع	2
وأرفق	2
والاستراتيجي	2
المتطوعين	2
وهيئات	2
ستعتبر	2
تدرج	2
طلبي	2
أفندي	2
هادي	2
واستمر	2
الكاوية	2
والمحاسبة	2
وإعلان	2
يسميهم	2
بالاسم	2
سؤاله	2
ميسر	2
مخالف	2
يفشل	2
متبادلة	2
للاحتلال	2
الخانق	2
وتتحرك	2
وتتفاوض	2
بموجبها	2
تكتلاً	2
عدنا	2
وحلول	2
البوسفور	2
للبحر	2
نزرع	2
والحلي	2
ويعود	2
أساور	2
وقلائد	2
البغداديات	2
الأوقات	2
الكاذبة	2
عافيتها	2
ميثم	2
مضمونة	2
ضعفي	2
والتوقعات	2
المالك	2
وورلد	2
الصناديق	2
لاجرانيا	2
والجهات	2
إبراز	2
سيصاحبه	2
التبليغ	2
لمحاكمة	2
يعجبه	2
وربطة	2
عنق	2
قفص	2
ستحاكم	2
تتألف	2
بريء	2
والمحكمة	2
المواطنة	2
علنية	2
موجودون	2
سراحه	2
الزي	2
أبرياء	2
إدانتهم	2
يرتدون	2
أشخاصاً	2
بإعدام	2
بإبقاء	2
نظامهم	2
مهنتي	2
أنتم	2
تسليمهم	2
حقائب	2
حكومياً	2
للاوقاف	2
لإيران	2
تجمد	2
دبلوماسيون	2
لنيويورك	2
كيري	2
استشارة	2
يوليه	2
بمعرفة	2
اعتمد	2
ويكرر	2
اتسعت	2
استقال	2
المشرفة	2
الطاعنين	2
سيطالب	2
الكُشح	2
فارون	2
والسجن	2
لأربعة	2
ويصا	2
ادانة	2
كهنة	2
واستبعد	2
عكست	2
توجهاً	2
خلط	2
نخلة	2
الحقوقي	2
الاستدلال	2
مجسات	2
جيولوجية	2
الجوفية	2
ويعطي	2
الكوكب	2
غضباً	2
الملي	2
تعلنها	2
القساوسة	2
تحالفها	2
أغراض	2
المقعد	2
الإشراف	2
المتعاقبة	2
عبدالشكور	2
مراكزهم	2
سبباً	2
مقعداً	2
طوسون	2
تنشط	2
المقبلتين	2
والديموغرافية	2
كانيلوبولوس	2
اثنتان	2
قمنا	2
ترمك	2
للاسمنت	2
مركزي	2
متطور	2
بنائها	2
المستحسن	2
نصدر	2
الاكتفاء	2
هيرقليس	2
الإهمال	2
أميال	2
ببرج	2
يساراً	2
وهكذا	2
استمع	2
بزاوية	2
بجوار	2
وركابها	2
عبدالمقصود	2
ميت	2
للترشيح	2
الموقعين	2
الفقرة	2
التذكاري	2
اوراق	2
ترشيحه	2
ظواهر	2
المدافعين	2
وآسيوية	2
وتجمع	2
ودولي	2
للأراضي	2
واعتباره	2
والقانونية	2
إنجازه	2
وأظن	2
ربح	2
وسكك	2
بالمقاومة	2
تجميدها	2
ارهابياً	2
يثر	2
والحريري	2
وأظهر	2
قانوناً	2
الأرصدة	2
فسر	2
قراراتها	2
وهروب	2
تحويله	2
مأمن	2
يشجع	2
بلوغها	2
الدنيا	2
القاضية	2
الكونية	2
فعلته	2
تكافح	2
تؤخذ	2
وحيث	2
للغضب	2
التعاطف	2
لمرة	2
الفخمة	2
جائع	2
وعدا	2
اليتامى	2
والمعاقين	2
حلوى	2
ليكوتا	2
خبيري	2
تاريخي	2
الإفادة	2
الإصلاحي	2
بثقة	2
لجانه	2
الإصلاحيين	2
وضوح	2
ورغبتهم	2
الناخب	2
والخزف	2
بمجمع	2
ومشروعاً	2
المساحات	2
فداناً	2
التوفير	2
استخدامات	2
الدفتر	2
بإحداث	2
استقراراً	2
حشاد	2
شفافية	2
الإرهابية	2
ألقاه	2
بتكرار	2
الفتاوى	2
أبعاداً	2
حرس	2
بالقواعد	2
دربت	2
مستشارين	2
بصناعة	2
أجراه	2
العلني	2
تدل	2
سئل	2
للمنصب	2
تبنيه	2
الستين	2
أحدهما	2
الدقائق	2
للبرادعي	2
لمح	2
ويسلم	2
باشناو	2
براكاش	2
كهذه	2
انتهيا	2
السلعية	2
فيلدس	2
إدارتها	2
بأسماء	2
أرسلت	2
صرفها	2
نظمها	2
وتساهم	2
باتباع	2
عيوب	2
أوديسا	2
مراعي	2
وأنشأ	2
الموزعة	2
قبائل	2
عاشوا	2
سيصدره	2
موجهاً	2
تزوجوا	2
جيروزاليم	2
حافة	2
وشرح	2
إسحاق	2
أوسلو	2
الطقوس	2
يصادرون	2
المجندين	2
يقتل	2
السخرة	2
التصنيفات	2
تصنيفات	2
الإصدارات	2
التقلبات	2
التوت	2
عورة	2
التقريران	2
معاكس	2
الهاوية	2
سببه	2
كبديل	2
إسكان	2
الفضيحة	2
ورطة	2
وانخفض	2
ساق	2
أيدته	2
للتاريخ	2
خلفه	2
وعاشوا	2
بكونها	2
الريس	2
مصنوعة	2
طواعية	2
العمود	2
الفقري	2
لأجهزة	2
جهازاً	2
بامتلاك	2
الزحف	2
وصفته	2
بالمطارات	2
والمشورة	2
الطرقات	2
محميات	2
الطيور	2
اكتشفت	2
للركاب	2
أغنى	2
مجتمعة	2
الصعيدين	2
تجتذب	2
الملاحظة	2
المعزولة	2
الصهيونى	2
للحقوق	2
ويحتمل	2
تذاع	2
للولاية	2
وشعبا	2
وتمكن	2
للحادث	2
سورانكوت	2
مسلحان	2
راجورى	2
هيل	2
أمرٌ	2
أوبر	2
وجمعية	2
بمرور	2
الفولاذ	2
منمن	2
عاتق	2
موقعٍ	2
تفاعلية	2
والإعلانات	2
مائية	2
سوقٍ	2
لبكين	2
لتظهر	2
إقفال	2
القلة	2
الكثرة	2
سبوتيفاي	2
التحليلات	2
مركبات	2
زرعت	2
حية	2
إضافياً	2
تارلو	2
عازف	2
عزف	2
جدته	2
متكررة	2
الباحثون	2
بالذكور	2
منقوص	2
بالورم	2
التحليل	2
المرء	2
أصابت	2
أنسجة	2
بيو	2
الورم	2
ترودو	2
آبوستفورد	2
كلاين	2
ريكو	2
السامة	2
الضباب	2
أدوارٍ	2
الانبعاثات	2
زوجة	2
أمثال	2
عنما	2
مبلغاً	2
كمعدل	2
لكلٍ	2
الفدرالية	2
دافي	2
أفعاله	2
الحشيش	2
تشريعي	2
خضاب	2
البروتين	2
للمرء	2
روتيني	2
ينشأ	2
الولادة	2
شيوعاً	2
ليف	2
تأثيراتٌ	2
كاريل	2
ألعب	2
أغنية	2
حاسوب	2
باحثين	2
المقترعين	2
سارة	2
بوسعه	2
ذهاباً	2
وإياباً	2
سيخفف	2
أدرك	2
ومقعد	2
حاملي	2
للنباتات	2
كاتالانو	2
غلاسكو	2
أحب	2
الألوان	2
الاستوائية	2
لاستكشاف	2
المهمين	2
أوروبي	2
القد	2
الكلتي	2
دراجة	2
مطرقة	2
شجر	2
بالولاء	2
آندي	2
فولكسفاغن	2
فينتركورن	2
ازدهرت	2
التأهيل	2
صادمة	2
لعقود	2
قابل	2
أخرج	2
للترفيه	2
دوس	2
عالمٍ	2
كوتون	2
النزعة	2
جوتينغ	2
ومرفقات	2
كبيرٌ	2
الفضل	2
لوفينغ	2
ويمر	2
عملنا	2
الأموات	2
جزءٌ	2
بمجموعة	2
غولف	2
سنومان	2
قط	2
آنايا	2
لإطلاق	2
إنقاذ	2
وجعله	2
يحوي	2
للذهاب	2
تلق	2
يموت	2
الحائز	2
البلقان	2
غزت	2
تراقيا	2
المقدوني	2
للإمبراطورية	2
بدايةً	2
الخمسينيات	2
الميلادي	2
إمارة	2
موجمير	2
غزا	2
الأيسلندية	2
لغات	2
تعاقب	2
الساكنة	2
السامي	2
جزءٍ	2
الصفائح	2
والعمال	2
عمالة	2
والرابعة	2
والدراسة	2
الفينيقية	2
محاط	2
يتناولون	2
دانيفيركه	2
الدنماركي	2
الإخلاء	2
جدلٍ	2
الدانيفيركه	2
الألمان	2
الدانوب	2
كانساس	2
كولاية	2
تنوعاً	2
المائل	2
أساسيٍ	2
طقوس	2
البراكين	2
بالماء	2
الاستكشافية	2
كنتاكي	2
وصانع	2
الموائل	2
قابلية	2
أبحر	2
مطلقاً	2
ألاسكا	2
ازدهار	2
بريزبن	2
والنفايات	2
العمدة	2
الترابية	2
الهوائي	2
شائعاً	2
الإسبان	2
لسكان	2
بالتطور	2
بالانهيار	2
ستينيات	2
الخلوية	2
منتزه	2
المانشو	2
قادش	2
هيرودوس	2
للعهد	2
أعمالٍ	2
سيموت	2
أولمبية	2
وأثبت	2
البلاط	2
ساليرنو	2
القارية	2
وحوض	2
البرونزي	2
معبد	2
والتاريخ	2
القمري	2
البرج	2
بوذا	2
ألدرين	2
حاز	2
مكونة	2
النبلاء	2
شروق	2
نظامٌ	2
التخمينات	2
قسمت	2
قسمين	2
لأغراض	2
ويلر	2
لاهور	2
نحوٍ	2
بينغ	2
التحاق	2
بالمدرسة	2
حربٍ	2
تمردٍ	2
العثمانيين	2
التحديد	2
الكاهن	2
أعدائه	2
مقدونيا	2
انطلق	2
أعيدت	2
واط	2
بأسمائهم	2
مييجي	2
الأباطرة	2
القابلية	2
المؤرخين	2
جينية	2
لين	2
بشروط	2
جديدةً	2
لامار	2
مطورة	2
المسرحية	2
متأخرٍ	2
يشتهر	2
ثنائي	2
المدرج	2
مستخدماً	2
عقلي	2
هرتزل	2
الأدبي	2
التحق	2
إفلاس	2
ومجدداً	2
بالحجم	2
الصراف	2
أسواقٍ	2
الغنائية	2
قادراً	2
إدنبره	2
عامٍ	2
التعلم	2
كتبها	2
استوديو	2
أسطوانة	2
غيير	2
المسرحي	2
كامبرلاند	2
ألبومها	2
توم	2
ومؤلف	2
شبكته	2
السلطوية	2
جانبية	2
وانتشر	2
الخيال	2
ريتش	2
شعاراً	2
التفرد	2
سكوت	2
نيكولاس	2
ليفيت	2
فالنتينو	2
كلٍ	2
أسلاف	2
هانز	2
هولدن	2
احتفظوا	2
ترويجية	2
بألبانيا	2
أدركت	2
المخضرم	2
المفاتيح	2
السحر	2
بأكمله	2
والآن	2
ويليامز	2
الفريدة	2
لاري	2
دوندار	2
إردوغان	2
تحديداً	2
المؤرخة	2
مرضية	2
تينا	2
أنسلمي	2
كليومترات	2
المواصلة	2
لأولئك	2
موضح	2
اختصاص	2
القديسة	2
أمازون	2
بيدرو	2
البقر	2
ينتظرنا	2
مقطع	2
نتيجةً	2
اللاتينيين	2
يوحي	2
جمهوراً	2
نظريات	2
طولها	2
لمارتن	2
الاستياء	2
متعارضة	2
المستعمرات	2
المساكن	2
يتشكل	2
خمسين	2
القطبية	2
إنديورنس	2
القبطان	2
الحضارة	2
الموكيانية	2
بالظهور	2
أغلقت	2
أشجار	2
أعاصير	2
الفالق	2
مضمار	2
حريقٌ	2
نابليون	2
موريكوني	2
التصويرية	2
الفنانين	2
كنسية	2
الكنسية	2
الأنديز	2
بونتا	2
لنيل	2
هدسون	2
بديلٌ	2
للغة	2
وكارلوس	2
كومباني	2
بومبي	2
كابوا	2
أنطونيو	2
استحواذاً	2
استحواذات	2
كوتشلي	2
ديفيز	2
استحواذ	2
كولمان	2
جوش	2
بأربع	2
السوبر	2
إينغلاند	2
تمريرة	2
فريقين	2
الأوسكار	2
النظامي	2
أندرسون	2
الأثري	2
بولونيا	2
فازوا	2
فولا	2
أورسينوف	2
كراكوف	2
رولو	2
مستعمرات	2
المنخفض	2
نورماندي	2
هوتفيل	2
أبوليا	2
البيزنطيين	2
الفرنجة	2
نورماني	2
أمالفي	2
متفاوتة	2
لتسلا	2
الإذاعي	2
ترشيحاً	2
محتملاً	2
مقالته	2
الأصناف	2
سلاسل	2
تشفير	2
الدوال	2
جداء	2
مساوية	2
تنقسم	2
إثبات	2
بالعصا	2
تدوم	2
مصادقاً	2
لمعايير	2
مدرّساً	2
المتّحدة	2
الروحي	2
أكثرها	2
الإجباري	2
هاماً	2
علمه	2
عُثِرَ	2
باللاتينية	2
أورينج	2
بيرناردينو	2
تيجوانا	2
إحصائي	2
حضرية	2
وتتألف	2
وبيكرزفيلد	2
أحادي	2
مطارات	2
بلوس	2
أناهيم	2
كينغز	2
ـــ	2
بلس	2
تؤمّن	2
آسترا	2
التلفزية	2
للقنوات	2
فيفري	2
أرضية	2
كخدمة	2
فيرجين	2
ميديا	2
الإعانات	2
ميلبورن	2
وجيلوغ	2
التركزات	2
أقره	2
الفيكتوري	2
تستلزم	2
أقدام	2
الفيكتورية	2
مستعمرة	2
عرِف	2
أساسا	2
قُتل	2
فرجينيا	2
والمعروفة	2
ماناكينتاون	2
الهوغونت	2
فاريل	2
مضي	2
والفترات	2
لافوازييه	2
والجنرال	2
فرانسوا	2
والطيّار	2
الفيدرالي	2
للنموذج	2
قِبل	2
محركات	2
بخطوة	2
مركب	2
الدوّارات	2
دوّارة	2
مثبتة	2
غلاف	2
فينتج	2
المتشابهة	2
الدوران	2
متصلة	2
السرعات	2
النموذجية	2
هيرتز	2
بنظرية	2
الحامض	2
الجينات	2
تقطير	2
اللحام	2
يقيس	2
العظمية	2
أكسجين	2
المتبقي	2
النطاقات	2
لوصف	2
التسمم	2
الغرغرينا	2
التجدد	2
ونيسان	2
وأوائل	2
حديثًا	2
شيا	2
اختبارات	2
للفضاء	2
المقابس	2
الوسادة	2
غريبة	2
الفتحة	2
جوي	2
المعاهدات	2
وحيدة	2
معاهدات	2
والنرويج	2
مقارنةً	2
للفصل	2
أقرّت	2
تستوجب	2
فحتى	2
تأميم	2
التأميم	2
بعمل	2
سيمنتال	2
سبا	2
أصلية	2
توجيهية	2
بــ	2
تغطيها	2
أراضٍ	2
وغيانا	2
يقدّر	2
هطل	2
تقتات	2
فرائس	2
يعيشان	2
مشطيات	2
مولدات	2
أهداب	2
استنتج	2
وراثي	2
مشطية	2
الأمشاط	2
الصخور	2
الكامبري	2
المشطية	2
واللواسع	2
والصفيحيات	2
الإشارية	2
الصوديوم	2
المورثية	2
والخلايا	2
الحيوانية	2
جينات	2
الأفرو	2
بكاليفورنيا	2
الشراكات	2
كانيون	2
متنزه	2
بإنترستايت	2
التتابعي	2
للحزمة	2
الحزمة	2
اعتماداً	2
للمستخدم	2
حزم	2
أبسط	2
للمضيف	2
متوافق	2
وبوابات	2
جيجابايت	2
المقبولة	2
اليرسينيا	2
لبقايا	2
المتغير	2
أوبئة	2
بيرخن	2
أوب	2
زووم	2
انتشر	2
الجمرة	2
الخبيثة	2
بمزيج	2
الدبلي	2
طاعون	2
وفقدت	2
وثلاثين	2
إضافي	2
الإطارات	2
الجيولوجي	2
الحفريات	2
الرسوبية	2
البيئات	2
الطبقية	2
الجيوفيزيائية	2
والفحم	2
الفتوحات	2
البيروني	2
هوتون	2
نظريته	2
بونز	2
إيليوس	2
شيلدز	2
الميتال	2
لفرقة	2
برايان	2
وساوث	2
الفنون	2
حازت	2
مينغ	2
تانغ	2
معاصرين	2
مثير	2
للعامة	2
هورنيمان	2
شيبشانكس	2
الرسومات	2
وهنري	2
فوسيلي	2
ودومينيكو	2
تيبولو	2
وبول	2
المصورة	2
السفلي	2
هويتها	2
الذروة	2
شارة	2
الختام	2
المغامرة	2
ويو	2
الدمج	2
مسلسلات	2
سبيلينغ	2
هابي	2
دايز	2
المتفرع	2
بورته	2
طغرل	2
يوتشي	2
لتيموجين	2
أتباعه	2
تمامًا	2
ضميمة	2
الرب	2
جزءًا	2
سونغ	2
هولاكو	2
المماليك	2
للصيادلة	2
تحضير	2
عمومًا	2
واحدًا	2
المارديني	2
المستوصفات	2
الإلزامية	2
الممارسة	2
الصيدلانية	2
الصيدليات	2
كير	2
للأطباء	2
المثبطة	2
العظام	2
مقترنة	2
أولًا	2
الميلاتونين	2
البدائية	2
نوعًا	2
السطحي	2
الغشاء	2
المضيفة	2
ثورو	2
ساتياغراها	2
عصيان	2
النمساوية	2
النشطاء	2
الأحدث	2
تشييد	2
ومديري	2
المتطلبات	2
إيرغانزونغشولين	2
ماليًا	2
بالنمو	2
تميل	2
يارد	2
ومرافق	2
ألستون	2
لونغوود	2
مساحته	2
فدانًا	2
الجامعيين	2
ومدرسة	2
والأكاديمية	2
انتقائية	2
مون	2
آدامز	2
روزفلت	2
فيرست	2
كوست	2
وحوالي	2
وقاعة	2
ومكتبة	2
فقرًا	2
الأعاصير	2
إعصارية	2
فلويد	2
بأضرار	2
تدميره	2
بيروتي	2
مساواة	2
كوزنتس	2
بيكيتي	2
المستندة	2
يسافر	2
الدالكس	2
السلسلة	2
أبًا	2
مرافقة	2
دورًا	2
دكتور	2
كوب	2
سارنين	2
أنتجت	2
الأكاديمية	2
الرياضيات	2
مطبعة	2
ماكينزي	2
التذكارية	2
لمفهوم	2
وجميعهم	2
الخاطئة	2
فييت	2
زونغداو	2
جيجين	2
الكونفوشيوسية	2
ثقافات	2
هويهوي	2
المغوليين	2
والسيمويين	2
مدركات	2
التواريخ	2
كينياتا	2
الدفيئة	2
الدافئة	2
النواة	2
الجَدَّة	2
والطحالب	2
الكرومالفولات	2
بلاستيدات	2
خضراء	2
الدياتوم	2
أغشية	2
غشاء	2
أولياً	2
للأعداد	2
النماذج	2
التخمين	2
موجب	2
برايم	2
الإضافي	2
بالقيمة	2
أديك	2
رهين	2
العنب	2
شيلدت	2
جليدي	2
الاحترار	2
الذائبة	2
راينلاند	2
أدنبره	2
يجلس	2
المؤهلات	2
راتزل	2
ماكيندر	2
الاستشراق	2
بالأحرى	2
للإمبريالية	2
ونمط	2
بالإجهاض	2
التجنيد	2
وتوسع	2
خدمتها	2
والشمامسة	2
الشمامسة	2
لأخوية	2
غلين	2
سكوشا	2
دينويدي	2
والمغناطيسية	2
متسقة	2
يُنظر	2
المنحني	2
الكهروستاتيكية	2
موتر	2
بالقوى	2
ويلت	1
سونتاغ	1
للاسلحة	1
تخلت	1
ابرامس	1
لدبابة	1
تراكمت	1
شاربينغ	1
وتعذر	1
لمتحدثة	1
تريو	1
مافييه	1
ورينمينتال	1
بندا	1
تحترمه	1
وزقاقيين	1
الابا	1
الزقاقيين	1
الزقاقيون	1
نهب	1
سارق	1
باختبار	1
نيومكسيكو	1
خطرا	1
ليوبولد	1
بودوان	1
بعزله	1
اقمار	1
اصطناعية	1
كوسموس	1
فضائي	1
هاينريش	1
الاوكسترا	1
هيربرت	1
كارايان	1
وتكليفه	1
سجنهما	1
غارودي	1
البلشفية	1
تعدم	1
نيكةلاس	1
اتلثاني	1
وافراد	1
بوتسدام	1
اعدام	1
الهاشمي	1
يختار	1
للتنظيمات	1
نيكاراغوا	1
سوموزا	1
الساندينيين	1
مترجم	1
غورجي	1
المثول	1
بارجتان	1
بريطانيتان	1
حدودية	1
يمنيين	1
دينتشو	1
دينيف	1
التهمته	1
دراغانوفو	1
ترنوفو	1
وتوفي	1
ديانكو	1
ديانكوف	1
متاثرا	1
بجروحه	1
غطت	1
جسده	1
اندلع	1
هاسكوفو	1
اتاناس	1
يانف	1
بحروق	1
بليغة	1
مشتعلة	1
براماتارسكي	1
تنشب	1
متطوعا	1
عزمها	1
المتحدثين	1
كراولي	1
باننا	1
سنسعى	1
نصل	1
نزال	1
وسيعود	1
وسيجري	1
نشرها	1
للاغتصاب	1
الزوج	1
فالنساء	1
حميم	1
اصبن	1
تعرضهن	1
منكوب	1
باعصار	1
اجتاحا	1
اجتاحه	1
اعصار	1
ارسلوا	1
الانقاض	1
غطاسون	1
يبحرون	1
الزوارق	1
وعثر	1
ومتوجها	1
البانيا	1
كوتيفسكي	1
علبة	1
مخبأ	1
اعد	1
سائقي	1
تركيان	1
ومقدوني	1
وبكين	1
رفضتا	1
المكلفين	1
مهاجرا	1
صينيا	1
ماضي	1
شاحنتهم	1
دوفر	1
التاشيرات	1
الماساة	1
يصعبوا	1
بالتحدث	1
نسافر	1
يؤخرون	1
كلاسيكي	1
راسهم	1
الفلسطينيني	1
تاييد	1
قسمتها	1
الكوريين	1
الشماليين	1
والرسميين	1
بيونغيانغ	1
للزيارات	1
بطي	1
يمضى	1
راحت	1
غابي	1
يسببه	1
اذى	1
فاطمة	1
المظلييين	1
باوامر	1
كارا	1
تشاندا	1
روبن	1
باولا	1
سواريز	1
روانو	1
باسكوال	1
فانيسا	1
ناتالي	1
ديشي	1
الكساندرا	1
ستيفنسون	1
والسويسرية	1
باتي	1
شنايدر	1
ايلينا	1
ليخوفتسيفا	1
دينيزا	1
شلادكوفا	1
ساره	1
بيتكوفسكي	1
ماغي	1
سيرنا	1
والرومانية	1
روكساندرا	1
دراغومير	1
انجيليس	1
مونتوليو	1
غالا	1
غارسيا	1
سوغيياما	1
واللوكسمبورغية	1
كريمير	1
اناستازيا	1
ميسكينا	1
جوستين	1
هنين	1
ازا	1
كارلسون	1
والروسية	1
تاتيانا	1
بانوفا	1
فابيولا	1
زولواغا	1
والبلجيكية	1
سابين	1
ابلمانس	1
الاسترالية	1
يلينا	1
دوكيتش	1
آني	1
مواطنتها	1
اريكا	1
كوتزر	1
تامارين	1
تاناسوغارن	1
والكندية	1
يانا	1
نييدلي	1
سامانتا	1
ريفز	1
دولا	1
المقاتلات	1
متهالكا	1
تقتدي	1
بالمجر	1
بطائرات	1
المجهزة	1
بأحدث	1
والمزودة	1
بخزان	1
للمحروقات	1
وبجهاز	1
الكتروني	1
قاسية	1
ولان	1
المقاتلة	1
يوروفايتر	1
للتخلى	1
الميغ	1
وتعتزم	1
غورشكوف	1
يوهانسون	1
مبكرا	1
مويا	1
غوران	1
ايفانيسيفيتش	1
هاريل	1
زاباليتا	1
بوتزي	1
اندري	1
بافل	1
والسويدي	1
ميكايل	1
تيلستروم	1
شيلا	1
البرتو	1
وتغلب	1
اولييت	1
كزافييه	1
ماليس	1
ليور	1
مور	1
والنمسوي	1
كوبيك	1
ويتون	1
تود	1
سيسيل	1
مامييت	1
يوناش	1
بيوركمان	1
وستة	1
متعلق	1
الحجرات	1
غمرتها	1
مدركة	1
وستبذل	1
الموج	1
وفرق	1
مراسيها	1
تتفحص	1
رجحت	1
ناجما	1
اصطدامها	1
سمعيا	1
والتخاطب	1
المورس	1
نافروتسكي	1
واكتفت	1
جهازين	1
عجزا	1
بمهمتهما	1
يلتحم	1
الجهازان	1
لامدادها	1
لاجلاء	1
رأسا	1
جنوبا	1
النروجي	1
الاشعاعات	1
ستراليفيرن	1
تلوث	1
اشعاعي	1
الاخطر	1
السوفياتية	1
كومسوموليتس	1
جيروم	1
غولمار	1
السلوفاكي	1
كروسلاك	1
اندريا	1
غاودنزي	1
راينر	1
شوتلر	1
روشو	1
غييرمو	1
باستل	1
الكوستاريكي	1
التايلاندي	1
بارادورن	1
سريشافان	1
جايسون	1
ستولتنبرغ	1
والتشيكي	1
فانيك	1
لارش	1
بورغسمولر	1
دافيدي	1
سانغينتي	1
المجري	1
اتيلا	1
سافولت	1
كيلدويل	1
والاسترالي	1
ارثرز	1
ماشيسكا	1
ليوبيسيتش	1
هويه	1
غالو	1
بلانكو	1
اندي	1
روديك	1
فونيا	1
والسلوفاكي	1
كارول	1
كوتشيرا	1
هارسانيي	1
بمحادثات	1
التبادلات	1
وكين	1
الرموز	1
ايضاحات	1
وراى	1
لمساته	1
وامين	1
ضمته	1
حذرا	1
ونصحت	1
هانوفر	1
مظلم	1
خروجها	1
المذل	1
اراحت	1
نجومها	1
اغلى	1
رودي	1
داوم	1
ليفركوزن	1
سيتولى	1
متجانس	1
قائده	1
اوليفر	1
بيرهوف	1
يشف	1
بايرن	1
ميونيخ	1
ينز	1
يريميز	1
سيبتعد	1
يورغ	1
هاينريخ	1
ماتيوس	1
اعتزل	1
اولف	1
كيرستن	1
فاحتفظ	1
بثمانية	1
ايتشيبيريا	1
وابيلاردو	1
وجيرار	1
وغوارديولا	1
وفيلاسكو	1
وراوول	1
ومندييتا	1
وباكو	1
اوفييدو	1
ايستيبان	1
ولاعب	1
ملقة	1
روفيتي	1
موريانتيس	1
ميدلزبره	1
فاستبدله	1
بلاعب	1
اسبانيول	1
راوول	1
تامودو	1
فيلودروم	1
ابرزهم	1
اندرسون	1
ريدوندو	1
مسعد	1
والتونسي	1
زبير	1
بية	1
لمدافع	1
بلان	1
اعتزاله	1
واختار	1
لومير	1
واحرزت	1
بالهدف	1
وتبرز	1
وايسلندا	1
لوغارغالسفولور	1
والنسما	1
فارو	1
الدنمارك	1
تورشافن	1
التوأم	1
المتخم	1
الرحيل	1
تبت	1
بتجديد	1
مسبوق	1
باشهر	1
شوبير	1
الواعد	1
وبالحصول	1
رافضا	1
اعلنته	1
بحصوله	1
تعاقده	1
مقدما	1
وبامكانه	1
سيرحل	1
مطالبه	1
الايقاف	1
وغرامات	1
لخلافات	1
بمعاملته	1
يعامل	1
الحفيظ	1
لييبرو	1
مرأى	1
ومسمع	1
والاسماعيلي	1
الكأس	1
ليؤكد	1
تنه	1
اعتذار	1
يتقبل	1
اللاعبون	1
تصرفاته	1
ابوزيد	1
بابعاده	1
ووصفه	1
بالفاشل	1
بطولتين	1
وبطولة	1
لمسابقتي	1
ودوري	1
تحضر	1
للسفر	1
دارك	1
وادعاء	1
بلقبها	1
وتضع	1
جماهيره	1
ايديها	1
قلوبها	1
انهياره	1
اسفت	1
التزامهم	1
الانسحابات	1
الجلاء	1
بالشروط	1
للمراقبين	1
للمنسق	1
كيتوميلي	1
ماسيري	1
ورفضته	1
ديزيريه	1
يتوصلوا	1
مفاوض	1
موغاي	1
وناميبيا	1
نوجوما	1
وانغولا	1
وحلفائها	1
كاغامي	1
واوغندا	1
يوراي	1
يوسيفيني	1
ثابو	1
مبيكي	1
يواكيم	1
ومالاوي	1
بوكولي	1
مولوزي	1
للكونغو	1
مرجان	1
وسيطين	1
الممتازة	1
الن	1
كاربيشلي	1
متأكد	1
سيعطينا	1
يحترف	1
لموسمين	1
دائي	1
هرتا	1
وواجه	1
التأقلم	1
الطين	1
بلة	1
ريثما	1
للاحتراف	1
جعلته	1
تأقلم	1
واصرارها	1
البوندسليغه	1
نافيا	1
تجربته	1
للنادي	1
لاعبه	1
اعاره	1
ينسجم	1
لاخذ	1
للتفكير	1
الاحتراف	1
بالاندية	1
اذهب	1
فكرت	1
الجامايكية	1
تتدرب	1
بطاقتها	1
وسبقها	1
مدربها	1
ستيوارت	1
زيمرمان	1
يطبق	1
للرياضيين	1
الاوائل	1
منشطات	1
الناندرولون	1
لوسيرن	1
براءتها	1
البول	1
وبرأت	1
المنشطات	1
ادلة	1
موادا	1
ممنوعة	1
هيتشتل	1
احرزت	1
ث	1
تبرئتها	1
نيورو	1
مانويلا	1
كاديو	1
رقمها	1
زيوريخ	1
الدوي	1
ماريون	1
واينغر	1
بطلتي	1
حرره	1
ناديه	1
مدربا	1
ضعيفا	1
لفرانك	1
رايكارد	1
ريشار	1
ديترويل	1
سلتا	1
وحرر	1
فيتور	1
بايا	1
الالتحاق	1
ببورتو	1
الاضطلاع	1
الفطور	1
احاط	1
اتيا	1
فسنقدم	1
كثافة	1
استاجرتها	1
اقلت	1
اطلاقهم	1
حطت	1
ذك	1
يتاكد	1
بوالدة	1
فرحتي	1
وسنحتفل	1
بعيدها	1
تاخر	1
اختطاف	1
فلت	1
رهينة	1
بسلطاتها	1
للمندوبين	1
الصوماليين	1
وللوسطاء	1
الجيبوتيين	1
الاسس	1
قادت	1
توقيعا	1
ستعين	1
الصومالية	1
وتثبيت	1
ومباشرة	1
الجيبوتي	1
غيلله	1
بيداوه	1
مقديشو	1
صومالية	1
يتقاسمون	1
رجح	1
للطوربيدات	1
فرضيتين	1
يتح	1
تتح	1
كومرسانت	1
استكشاف	1
وغواصة	1
روسيتين	1
مشاركتين	1
سجلتا	1
ذبذبات	1
افتراض	1
اجلاءهم	1
يساور	1
والتصميم	1
الكروي	1
للارسال	1
الارضي	1
لمباريات	1
ولاسباب	1
فرقاء	1
تأخرت	1
اؤكد	1
يعوضوا	1
اقتضى	1
سيجلعهم	1
لانجاز	1
المحك	1
اثيرت	1
احدثت	1
وجعلت	1
ويتحملون	1
والاعمار	1
امينه	1
بيتر	1
فيلابان	1
موعدها	1
طوارىء	1
شاردة	1
وواردة	1
اناط	1
بفريق	1
صرخة	1
الناقصة	1
تلزيم	1
تأمنت	1
باستكمال	1
مقصورات	1
وتمديداتها	1
جيشا	1
سيغطون	1
سيقدمها	1
اعلامية	1
ملاعب	1
وصيدا	1
وطرابلس	1
كومودور	1
وسيحظى	1
بخدمات	1
والاذاعات	1
بافضل	1
وفاكس	1
وانترنت	1
التنسيقية	1
ستباشر	1
واصدرت	1
شهرية	1
وسلطت	1
اصدارات	1
مرفقة	1
ولنغتون	1
البركانية	1
بؤرة	1
بوسعنا	1
ننتهك	1
بمصداقية	1
وتصرفات	1
منسقة	1
متجها	1
عاين	1
ويجيز	1
وادوية	1
وعرقلة	1
للعقود	1
يوقعها	1
فائدته	1
سيوسع	1
اندوستريز	1
كومينيكيشنز	1
يونايتد	1
تيلفيجن	1
تلفزة	1
وتتخذ	1
فرنسيسكو	1
ومينالوليس	1
وفونيكس	1
واورلاندو	1
وبورتلاند	1
وبالتيمور	1
وسولت	1
وستزداد	1
شبكتين	1
السوقين	1
الاساسيين	1
سروره	1
بالصفقة	1
وفوكس	1
مردودها	1
الطليعة	1
ودالاس	1
الشبكتين	1
تستطيعان	1
والمبيعات	1
تيليفيجين	1
اليكتريك	1
وسي	1
ويمتلك	1
اخبارية	1
بنيت	1
الامبراطوريات	1
تتقاسم	1
صعيدي	1
وتنافس	1
وتقضي	1
وسيتسلم	1
والسهم	1
التفضيلي	1
للمساهمين	1
بوز	1
هاميلتون	1
وولف	1
وتتخوف	1
تنجز	1
لسلامة	1
موزدوك	1
اوسيتيا	1
للشيشان	1
وقطعوا	1
اعدما	1
ليكونا	1
يفقدون	1
فشيئا	1
نفوذهم	1
شنوا	1
ترهيب	1
بمضاعفة	1
واكدوا	1
مقاتليه	1
بإبادة	1
والمرشحين	1
وسينتخب	1
الشيشانيون	1
الضارية	1
ارساخانوف	1
المنتشرين	1
فشنياكوف	1
سيشكلون	1
ولبعض	1
واماكن	1
ذبيان	1
فيوم	1
ليسلم	1
مفخخا	1
يفلح	1
اعتقله	1
الحراس	1
ونقلوه	1
الشعلة	1
تصفيق	1
فرحة	1
فيتزجيرالد	1
لاقول	1
ولايتين	1
رئاسيتين	1
وشكرتهم	1
لدعمكم	1
ولايمانكم	1
والعصيبة	1
قلبي	1
ومتظاهرين	1
يشاركون	1
متواجدين	1
منصبا	1
نجمي	1
يقاطعه	1
مصفقا	1
بنينا	1
عبرناه	1
وجو	1
ليبيرمان	1
سيواصلان	1
تحملها	1
للمحافظة	1
مثيلا	1
بآل	1
يفقه	1
عرفته	1
احلك	1
حاضرا	1
ويمكنني	1
جزيلا	1
ميسوري	1
عظيما	1
مونرو	1
وتسليم	1
مرشحا	1
سيتواجه	1
والاف	1
المتلفزة	1
للجمهوريين	1
نظموا	1
فيلادلفيا	1
واوردت	1
صحيفتا	1
بانتش	1
ايكورينيم	1
ممثلو	1
شفط	1
ثقبه	1
لبيعه	1
لانبوب	1
وتعكس	1
غناها	1
بالموارد	1
تعذر	1
سلامتهم	1
تختطفهم	1
يحتجزهم	1
اقوم	1
تحرز	1
واحلم	1
بتحقيق	1
فيليبينية	1
يحرز	1
الميدالية	1
الميداليتين	1
الوحيدتين	1
وكانتا	1
الملاكمة	1
جميلا	1
لمقابلة	1
سفيان	1
لوجه	1
لمفاوضته	1
لافينتاخادو	1
بطلا	1
للراليات	1
علمتني	1
جعلني	1
عملي	1
كمفاوض	1
قداسة	1
بولي	1
مينداناو	1
للمفاوضة	1
البابوي	1
لوتشيانو	1
بينيديتي	1
ومرفقة	1
ويتنافس	1
تدفعهم	1
مخيلاتهم	1
لرسم	1
لكتاب	1
غوتنبرغ	1
سحر	1
باختراع	1
فمحطات	1
والطرقات	1
تشق	1
تمشي	1
والرحلة	1
مصنفا	1
الخيالية	1
للروائي	1
الناشرين	1
راندوم	1
اروع	1
ونصوصا	1
الانترت	1
القرصنة	1
نابستر	1
للنشر	1
سيتمخض	1
افرزه	1
الجيب	1
وقراءتها	1
الكترونية	1
نافدة	1
طبعها	1
نصوص	1
وانجزت	1
غيتس	1
ريدر	1
وقراءته	1
فورمرز	1
لدليل	1
وسلسلة	1
داميز	1
لكتب	1
الجاز	1
للارتباك	1
فالمسافر	1
المتوجه	1
سيسلك	1
مستعينا	1
بكتاب	1
وسيختار	1
تهمه	1
يوسيميتي	1
يونيفرس	1
باسمك	1
تهمك	1
ستعزز	1
باشرطة	1
وامهات	1
بافلام	1
مؤلفيها	1
تربوية	1
سنضع	1
كتبا	1
تحكي	1
وستجدون	1
والصورة	1
والنص	1
ندرة	1
الناشر	1
سيترك	1
يجازف	1
بسيناريو	1
اجاب	1
ستيف	1
بارنيساندنوبل	1
كوم	1
وتلقم	1
المؤلفات	1
كتابك	1
تنتزع	1
انتزع	1
بتحقيقه	1
للاعبات	1
يفصلها	1
كونشيتا	1
وطرأ	1
اللاعبات	1
الاوليات	1
ارانتشا	1
وتبادلت	1
انكه	1
هوبر	1
مارتينا	1
هينغيس	1
ديفنبورت	1
وفينوس	1
شرطيا	1
بقلية	1
كدارة	1
ولدان	1
ذبحا	1
الحطاطبة	1
تيبازه	1
غزالة	1
تياريت	1
فككت	1
التمشيط	1
دمويا	1
مصححة	1
وطومسون	1
تتفوق	1
السباح	1
سيره	1
بحلوله	1
كرايزلبورغ	1
المؤهل	1
والترز	1
اصغر	1
سباح	1
الدقيقتين	1
طوم	1
دولان	1
وطوم	1
ويلكنز	1
مركزيهما	1
كيلمنتس	1
تفوقت	1
جيني	1
دارا	1
للاخيرة	1
اشلي	1
تابين	1
وتوريس	1
صدرا	1
لكريستي	1
كوال	1
بيرد	1
وميغان	1
كوان	1
صاحبي	1
يتأهلان	1
سنبدأ	1
حالت	1
تجهيزات	1
لاسلكية	1
مدشق	1
جبر	1
ويوسف	1
لتهنئة	1
واريتريا	1
للتقريب	1
امال	1
وقضى	1
امالها	1
رابعة	1
والساعية	1
اولمبية	1
اريد	1
فانا	1
سأتنازل	1
بطاقتي	1
وسأخوض	1
رياضي	1
جامايكا	1
بصاحبات	1
غاي	1
داودي	1
وتانيا	1
لاورنس	1
وبيفيرلي	1
ورثها	1
بائتلاف	1
يمينيون	1
توصي	1
العثرة	1
الابدية	1
الاحياء	1
السماوية	1
الوزن	1
للراديكاليين	1
خورداد	1
النائبان	1
شاكوري	1
راد	1
وابو	1
سرهدي	1
زاده	1
نائبين	1
لمحتشمي	1
صدورها	1
اغلاقها	1
وطلابية	1
استهدفه	1
تحريم	1
واوضج	1
الفتوى	1
مقدسيا	1
بالوجود	1
حرام	1
شرعا	1
بسب	1
لطاقم	1
كبسولات	1
اوربان	1
كومسومولسكايا	1
برافدا	1
بوريس	1
بافلوف	1
سترات	1
للغوص	1
وقارورات	1
ويخرج	1
فتحة	1
ساس	1
ويصعد	1
كاي	1
غواص	1
سيعاني	1
مراعاة	1
الانضغاط	1
سيغودنيا	1
التحامها	1
كبسولتي	1
مثبتتين	1
وبوسع	1
الكبسولتين	1
القرعة	1
دانانغ	1
ووزعت	1
المتأهلة	1
مجموعتين	1
ونيبال	1
وميانمار	1
وبنغلادش	1
تسجيلي	1
لتصوير	1
توثيقي	1
الطيارون	1
العثمانيون	1
فرنس	1
لدار	1
الباحثة	1
اليوسفي	1
الكوارث	1
تحليقها	1
يافا	1
الاقلاع	1
دفن	1
زارتا	1
قونية	1
واضنة	1
حلب	1
وحمص	1
وثم	1
واستكلمت	1
الناجية	1
ويافا	1
استقبلوا	1
اللبنانيتين	1
بابراز	1
وحملت	1
قصائد	1
المديح	1
حرفوش	1
واصرت	1
فارسلت	1
ادرميد	1
بجمع	1
مدينتهم	1
العريش	1
وبورسعيد	1
وبالقرب	1
التل	1
مدح	1
واصلا	1
رحلتهما	1
وعادا	1
مجيد	1
وحليف	1
شيراز	1
والنظام	1
ومرشد	1
سيواجهون	1
ننجح	1
اياهم	1
ننسب	1
الاعداء	1
الخارجيين	1
وطمأنينة	1
ازمات	1
مل	1
سيمل	1
فصائله	1
تحذيرا	1
بالافلاس	1
وتعجز	1
عمالها	1
لعمال	1
احيانا	1
والريان	1
والوكرة	1
والشمال	1
ويختتم	1
الاياب	1
قاسم	1
التنشيطية	1
يخوض	1
وايابا	1
لاصطدام	1
سفينتان	1
روسيتان	1
لعيب	1
للماء	1
احتكاك	1
للغواصة	1
قبطان	1
باطفاء	1
الالات	1
اثارتها	1
مصداقيتها	1
المحت	1
بغواصة	1
لغواصة	1
لاضرار	1
للاصطدام	1
بارانوف	1
ليومين	1
اضافيين	1
تكملة	1
سلوفينيا	1
ليتوانيا	1
والبوسنة	1
احتشدوا	1
اتينا	1
لنطلب	1
عيدها	1
الامنا	1
اقترفتها	1
نساؤنا	1
واطفالنا	1
ليعيشوا	1
بائسة	1
كلاجئين	1
سيلقون	1
لحياتنا	1
وانشد	1
ورفعوا	1
واقامت	1
السواتر	1
وعائلاتهم	1
خوفا	1
ويلاحق	1
وتتراوح	1
لبضعة	1
بالاعدام	1
غيابيا	1
التاكد	1
اتصلت	1
اللبنانبة	1
منحدرات	1
تاكدت	1
استفزازا	1
وانتهاكا	1
للسيادة	1
جرافتين	1
اسرائيليتين	1
بتمهيد	1
منحدر	1
المزودين	1
بمنظار	1
ويقدس	1
جهتهم	1
عاشي	1
الشائك	1
المطلة	1
رملا	1
الامتار	1
للتمكن	1
متسللين	1
الاطاحة	1
اياهما	1
المقسمة	1
بالعيد	1
لنطلق	1
للقرن	1
تفاؤله	1
الاناضول	1
لتركي	1
اوغور	1
زيال	1
لتفسير	1
ونجله	1
بذلوه	1
سالمين	1
لتواجدنا	1
غربيين	1
والماركات	1
لدولارات	1
وماركات	1
واعترضت	1
غورنشيم	1
مروجي	1
متجهين	1
نستبعد	1
تعطش	1
الكاشميري	1
بتخريب	1
المنزعج	1
العراقيل	1
واغتيالات	1
وقفا	1
وفك	1
مشترطا	1
اعقبت	1
باقرار	1
وكشمير	1
انفصال	1
باشراكها	1
اوروبي	1
تالين	1
حظا	1
اندورا	1
وانكلترا	1
وتكتسي	1
ستنتقل	1
التسع	1
تاسع	1
ممثلا	1
العجوز	1
هددت	1
الاذربيجانية	1
بالتيار	1
لمتأخراتها	1
وابرمت	1
باكو	1
وناخيتشيفان	1
كيلواط	1
ويتأتى	1
ميغاوات	1
وتقيم	1
واذربيجان	1
جذورهما	1
وموارده	1
تحادثا	1
اتصالهما	1
الهاتفي	1
شددا	1
محادثتهما	1
خيري	1
ثمينة	1
يحتج	1
ولندن	1
تعودا	1
قادرتين	1
اخفاء	1
اخذتا	1
تتماديان	1
حقدهما	1
الدفين	1
وتنفثان	1
سمومهما	1
ضاربتين	1
ومبادىء	1
وميثاقها	1
مدنيان	1
غارتين	1
شنتهما	1
السماوة	1
يقدمه	1
النظامان	1
والكويتي	1
عدوانا	1
مستمرا	1
النظامين	1
يساهمان	1
بالعدوان	1
دعمهما	1
للغارات	1
موازاة	1
رؤوساء	1
لاطلاعهم	1
ونقدا	1
واجواءهما	1
ومياههما	1
وتقتل	1
وتدمر	1
ممتلكاته	1
برضى	1
الافتراءات	1
مصطنعة	1
للاميركيين	1
وابقاء	1
والطائرات	1
وجنوبه	1
بهاتين	1
بشأنهما	1
روشايلو	1
ادولف	1
ميشوييف	1
موقوتة	1
زنتها	1
والنشادر	1
القنابل	1
وخمسون	1
لاندية	1
متفاهمون	1
الصليبي	1
يتماثل	1
لمعاودة	1
طبيعتها	1
متشائمة	1
مخرج	1
مقصوراتها	1
المقصورات	1
والحرارة	1
اصداء	1
باضرار	1
القاع	1
تسياريا	1
برؤوس	1
غواصات	1
الجدال	1
ويوجه	1
الباريسي	1
البريطاينة	1
هيلين	1
بستيانيللي	1
مؤات	1
ناضجا	1
ناضج	1
لياسر	1
نظرها	1
للتوجه	1
الفلنديين	1
سينقلان	1
جاهز	1
بلدهما	1
تحتجزهم	1
فنلنديان	1
ريستو	1
فاهانين	1
مهندسا	1
وسيبو	1
فراينتي	1
المعوقين	1
اختطفوا	1
سيبادان	1
يأخذه	1
صلابة	1
ترجمتها	1
فهنالك	1
العمق	1
الكواليس	1
بوتفليقية	1
موسوى	1
للفساد	1
كيهان	1
مقاطعتنا	1
افلام	1
اباحية	1
والكحول	1
للمرشد	1
والعسكريين	1
الادوات	1
الاهواز	1
نتحمل	1
حدودا	1
وهاجمت	1
اسلامي	1
نشاهد	1
اكشاك	1
الاخلاق	1
بكشف	1
الشابات	1
زام	1
ينتشران	1
باتوا	1
تجاهلا	1
للقيم	1
وازدادت	1
تلامذة	1
اجتمعوا	1
وصائب	1
محادثيه	1
افكارا	1
افساح	1
سيغادر	1
ويتنقل	1
وفلسطينيون	1
واميركيون	1
تامل	1
لتحط	1
والكبسولة	1
كناية	1
لمحن	1
عائمة	1
بالالتحام	1
لافراد	1
والصعود	1
تهدأ	1
كودرين	1
لتلفزيون	1
بانحناء	1
ابلغنا	1
سيوصي	1
تباحثنا	1
موافقون	1
علقنا	1
اسطولنا	1
الغينا	1
المتوجهة	1
ورحلة	1
لحوادث	1
الوحيدتان	1
تشغلان	1
ساذرلند	1
بالاشعة	1
سينفذ	1
الفلكي	1
الاجسام	1
لعلماء	1
بثمن	1
كوكبنا	1
افركان	1
لارج	1
تيليسكوب	1
بقطر	1
هوبي	1
ايبرلي	1
وسينفذ	1
ونيوزيلندا	1
للمفاوض	1
الفيليبيني	1
متمردي	1
الغوا	1
يحتجزونهم	1
يباشرون	1
تسويته	1
وفرنسيان	1
والمانيان	1
وفنلنديان	1
وفيليبيان	1
ويضاف	1
احتجزوا	1
وانتعشت	1
الامال	1
ستنتظر	1
ووالدة	1
ويندلينغ	1
اذنا	1
رعاياها	1
ترشح	1
وسرت	1
تقاضت	1
والرهينة	1
ريناتي	1
فاليرت	1
دفعتها	1
اللاتنية	1
الارجنتين	1
وبوليفيا	1
والاكوادور	1
انتوني	1
هارنغتون	1
للبرازيل	1
تنفتح	1
للحركات	1
عينهم	1
مندوبو	1
واقسموا	1
صومالي	1
سياد	1
ليدرسوا	1
واوضحوا	1
نسخا	1
ومندوبي	1
انتخابهم	1
وانتدابهم	1
للمهمة	1
للتعهدات	1
ابشير	1
عميد	1
فستناقش	1
باشرها	1
تتابع	1
وياسف	1
للخسائر	1
الشقيقين	1
بالدعم	1
الاتين	1
طاجيكستان	1
والعام	1
بتزايد	1
قرغيزستان	1
واوزبكستان	1
وطاجيكستان	1
هوبكينز	1
اكساب	1
مذاقا	1
ونكهة	1
رولاند	1
مخدرا	1
ادمانا	1
طفيفا	1
ويؤثر	1
ويحتوي	1
الكولا	1
الخالية	1
كوكا	1
وبيبسي	1
ارشيف	1
اوف	1
فاميلي	1
ميديسين	1
القادرين	1
نكهة	1
يدعون	1
لاكساب	1
النكهة	1
الموازاة	1
والكافيين	1
للدهشة	1
فالاثنان	1
المخدر	1
للاعصاب	1
الجرعات	1
والكبار	1
يصابوا	1
بادمان	1
جسديا	1
ونفسيا	1
توقفوا	1
شربها	1
ابحاث	1
هوبكنز	1
الادمان	1
صداع	1
وشعور	1
بالتبلد	1
وكوندوليزا	1
ريسي	1
للمرشح	1
جوج	1
للمسؤولة	1
اتاحت	1
قوقازي	1
قوقازيا	1
مسؤوليته	1
القوقازي	1
فحصها	1
واعتقل	1
وسريع	1
ناضجة	1
جدي	1
ننصحهم	1
آحادي	1
عشرمن	1
ومصير	1
يهوديا	1
سيادتها	1
غيفات	1
زئيف	1
ومعالي	1
ادوميم	1
ارثها	1
وغوش	1
اتزيون	1
محيطة	1
الميت	1
الابراهيمي	1
الامكنة	1
يقفل	1
تسعيان	1
لينضم	1
وكوبا	1
فاصلة	1
واصحاب	1
بطلها	1
الخاسران	1
وشهد	1
واحتجاجات	1
الاتحادين	1
المطرود	1
حكمي	1
احتسبا	1
مشجعي	1
تستكمل	1
وتعادل	1
متقارب	1
تأهله	1
غداء	1
اجازته	1
سعيدة	1
بالفلسطينيين	1
بالمواعيد	1
والاوروبيين	1
كوبنهاغن	1
دونجدجيك	1
مستوعبات	1
بالغرق	1
ومالت	1
متاخر	1
امراتان	1
زوجتا	1
بحارين	1
للشحنة	1
فيرترانس	1
تريدينغ	1
فورواردينغ	1
المستوعبات	1
وخص	1
حار	1
قصيرا	1
بسيارته	1
ستعقدها	1
فاقت	1
بتركيع	1
شعوبنا	1
ولتنمية	1
ندع	1
الغير	1
قمم	1
اعتذروا	1
سيرسلون	1
وفودا	1
ضغوطات	1
وتتولي	1
لنزاع	1
لترسيم	1
غيورا	1
بوردس	1
والمعلوم	1
وزرائه	1
وانسحاب	1
يتراسه	1
للكنيست	1
تاسيسها	1
والاندونيسي	1
والايراني	1
والنيجيري	1
والاماراتي	1
بوفود	1
يفتتح	1
اعالمية	1
بكلامه	1
استقبلوه	1
بحرارة	1
وجودكم	1
اخدموه	1
اخدموا	1
الاعزاء	1
حماسيا	1
الحشود	1
انتظرته	1
باباموبيل	1
وردد	1
للقديس	1
وحياتكم	1
وشكوككم	1
ومشاكلكم	1
وافراحكم	1
ودعوه	1
اكرره	1
ارى	1
آمال	1
تخفق	1
مصيرها	1
والشيء	1
الجلي	1
للباقي	1
آمالنا	1
تخفت	1
الاوكسيجين	1
نفد	1
سمعي	1
مورس	1
الدق	1
لانزال	1
ترقد	1
سيتطلب	1
يتفاوض	1
لوساطته	1
لوكانار	1
انشينيه	1
لتدخله	1
مصادرها	1
ومقابل	1
موظفا	1
تدخله	1
لتسريع	1
تهدىء	1
بروغيير	1
يوتا	1
ميقاتي	1
وخصه	1
وتتسلم	1
وستتركز	1
بيعه	1
هبة	1
للمساهمة	1
دمرها	1
اجازاتهم	1
السالمية	1
شفائه	1
شفائي	1
استعجل	1
عودتي	1
فريقه	1
بفوز	1
وخضع	1
وسيخسر	1
مهاجما	1
اختاره	1
دوشان	1
يورين	1
ستغادر	1
جهوزيته	1
تمارين	1
منفردة	1
برنامجا	1
خاصا	1
يكمل	1
بموازاة	1
التحضيرات	1
سيبدأها	1
الاضواء	1
دورتي	1
والالعاب	1
للاولى	1
هدافي	1
لتأريخ	1
واحصاءات	1
للبرازيلي	1
رونالدو	1
متقدما	1
غابرييل	1
باتيستوتا	1
المكسيكي	1
هرنانديز	1
دافور	1
سوكر	1
مارتشيلو	1
وعاملين	1
الميدا	1
بالضمانات	1
تلقاها	1
سودان	1
واطراف	1
استمرارهم	1
بتعهداتهم	1
الضعفاء	1
تجتاحها	1
فوزان	1
قيرغيزستان	1
السفياني	1
ووليد	1
الجيزاني	1
بسلم	1
وفيصل	1
الجائر	1
ألحق	1
وبالمقابل	1
ندعو	1
قمعية	1
مشاورة	1
ويخضع	1
وتتهم	1
تقصف	1
اهدافا	1
تشكيلات	1
نينوى	1
ودهوك	1
واربيل	1
تلوذ	1
المقاومات	1
تصدت	1
واجبرتها	1
الارثوذكسي	1
الانصار	1
وزاستافا	1
اعتذرا	1
نفطا	1
وبمرونة	1
المشتريات	1
تتعاقد	1
وبقيام	1
بايعاز	1
تتكلل	1
تكللت	1
العاب	1
لياقتي	1
ادائي	1
كوكايين	1
يخفف	1
واحتفلت	1
الاصدقاء	1
اكن	1
اشك	1
مشاركتي	1
الصفحة	1
سأتشاور	1
لمحو	1
سمعتي	1
سجله	1
وسيخوض	1
حافلا	1
الطائر	1
بانني	1
استعيد	1
مستواي	1
وصعدت	1
وتختتم	1
ستتوج	1
هامشية	1
اجرامية	1
ينتشر	1
بمؤازرة	1
فبادر	1
بالنار	1
ردت	1
ونقله	1
التوجيه	1
تؤازرها	1
والمتهم	1
وتعرضت	1
فردت	1
مقتله	1
مرافقيه	1
الجرود	1
وملاحقة	1
بالمخدرات	1
عصابات	1
التمديد	1
والسادس	1
والمؤهلة	1
وطغت	1
اشتبك	1
لدقائق	1
اماراتي	1
تبديل	1
استبداله	1
يصافحون	1
الفخرية	1
سمية	1
بنت	1
شاهدوا	1
يلاحقون	1
فعادوا	1
فشمل	1
مؤلم	1
وزجاجات	1
وحقائب	1
تدارك	1
اشتباكا	1
نتساريم	1
جرح	1
وجندي	1
الراس	1
ضربهما	1
باعقاب	1
الجريحان	1
الفلسطينيان	1
بالسيئة	1
بندقيته	1
العراك	1
هدأت	1
يحذران	1
واكدا	1
وشددا	1
دافعا	1
النزيه	1
والشتات	1
ممثليه	1
مانشستر	1
للكونكاكاف	1
وبيتزاروتزي	1
استشاروا	1
وناقشوا	1
امكانات	1
الراسية	1
تحادثوا	1
تلفوني	1
نورثوود	1
سليبتسوفسك	1
اصلان	1
مسخادوف	1
نفذوا	1
اثني	1
خائنا	1
يتعاملون	1
قديروف	1
الشريلتعامل	1
الاحيرة	1
تعرضا	1
لقطع	1
الرأسان	1
اوتاد	1
لسواهم	1
خاطب	1
سيقدمون	1
وستحكم	1
للشريعة	1
احكامها	1
لليمن	1
ترأس	1
وصنعاء	1
عالقة	1
لجنتين	1
اجتمعتا	1
والمعايير	1
تكليفها	1
فستواصل	1
الاكان	1
شابا	1
تعثرت	1
حطمت	1
محظورات	1
كالوضع	1
ومسألة	1
اغتنام	1
الاوسيط	1
بهلوي	1
قاده	1
بانقلاب	1
ويجبر	1
الاختباء	1
بانتحار	1
اوفقير	1
الفيس	1
بريسلي	1
حبري	1
غوكوني	1
عويدي	1
المدعوم	1
فرنان	1
ليجيه	1
انتحار	1
هتلر	1
هس	1
سبانداو	1
كميل	1
ليبيريا	1
بيري	1
نوفوستي	1
مترين	1
منافذ	1
بقسم	1
فسلطينيون	1
افكار	1
التنظيمان	1
االيوم	1
اخرت	1
افشلت	1
يحتزهم	1
متطرفون	1
اسلاميون	1
مقتنعا	1
ستفي	1
بوعدها	1
وتطلق	1
ليضع	1
اذاعي	1
محال	1
تيبتيبون	1
اقلقت	1
روبو	1
اندانغ	1
اسروا	1
وتجرى	1
الماليزيين	1
والفيليبينيين	1
ربحي	1
عواد	1
خللا	1
ستقل	1
سيمضي	1
ليلته	1
القابعة	1
تستطلع	1
كوهن	1
عارضا	1
فسيقومون	1
طريقتهم	1
نبقى	1
نستطيعه	1
وجهوا	1
وللاسطول	1
للاميرة	1
امينا	1
ومتوازنا	1
للامير	1
اسرت	1
طلاقها	1
تحدثه	1
خانت	1
سيحترم	1
صديقها	1
دودي	1
الفايد	1
ذهلت	1
امينة	1
ومتوازنة	1
عملوا	1
يقنع	1
والملكة	1
اليزابيث	1
سيصدران	1
يعربان	1
يعتري	1
سيطمئنون	1
سيقرأون	1
يدشن	1
دشن	1
بناؤهما	1
تدشين	1
يتسع	1
مصل	1
للبوسنه	1
عزت	1
بيغوفيتش	1
عولج	1
البوسنه	1
توقيف	1
مثيري	1
يحددها	1
حرضت	1
بورسودان	1
مجذوب	1
المنافس	1
للشغب	1
حرضوا	1
رشا	1
متظاهرين	1
بتحريض	1
واشعال	1
للسياسية	1
وغلاء	1
ومشاكل	1
والطلاب	1
اتوقع	1
هورست	1
ويتقاضى	1
لسلفه	1
كامديسو	1
كراتب	1
وعلاوات	1
ستخضع	1
لسلسلة	1
البنوية	1
برواتب	1
لرواتب	1
وخرازي	1
ونظيرها	1
سيلتقيان	1
سيشاركان	1
المسمى	1
لافغانستان	1
وايراني	1
وتطلب	1
موجوداتها	1
استأنفا	1
والرياضية	1
الدبلوماسيون	1
اولبرات	1
اعتذارا	1
لانقلاب	1
لحصول	1
بزيادةانتاجها	1
للاسواق	1
باستيعاب	1
يبقي	1
سيبذل	1
تحفز	1
للتجدد	1
اقترحها	1
الصبر	1
واسرائيليين	1
يعلمون	1
تتشجعوا	1
لرؤيتهم	1
منكبين	1
باعث	1
بابيتشيف	1
ساكون	1
سيلقي	1
ندد	1
بتجاوزات	1
فيكتور	1
روسكيخ	1
ستاري	1
اتاغي	1
كلاوديو	1
الاسماء	1
هيكتور	1
كوبر	1
ومدرب	1
بيرتي	1
فوغتس	1
وشاهد	1
ذهاب	1
مطولا	1
رئيسه	1
كين	1
بايتس	1
دعته	1
لتشلسي	1
هاتشينسون	1
امضينا	1
اعرف	1
فلسفته	1
للمباراة	1
وافكاره	1
التكتيكية	1
بسمعة	1
وامل	1
نتوصل	1
وصعد	1
جانفرانكو	1
زولا	1
ليشرف	1
متأثرا	1
بالازمة	1
عصفت	1
قيمت	1
ساعدك	1
بادخار	1
ولقاء	1
الاختلاط	1
بالآخرين	1
الهدايا	1
شركاءك	1
وستتقدم	1
مشروعاتك	1
سيدفعك	1
بأمور	1
إرضاء	1
باستثماراتك	1
اقضي	1
ويقضيها	1
منصبك	1
إرهاقك	1
بالعقارات	1
مربحة	1
الصراحة	1
رئيسك	1
قدرتك	1
ستمكنك	1
المنطقية	1
تهمل	1
تراها	1
تعترضك	1
ببشرتك	1
عظامك	1
أسنانك	1
شريكك	1
تخبره	1
بالسبب	1
فإنك	1
تتفادى	1
بينكما	1
حماسك	1
يلهم	1
حولك	1
شدة	1
ثورتك	1
تنشغل	1
بالأطفال	1
مشاعرك	1
ودوافعك	1
ستسعد	1
تجده	1
أمورك	1
خططك	1
بالموعد	1
للانتهاء	1
تحملك	1
علاقتك	1
تعاملك	1
تغضب	1
تتوخى	1
حذرك	1
موقوفين	1
وخسائر	1
بآلاف	1
مترامية	1
ألقي	1
ومازالوا	1
اطوار	1
مكالمة	1
بطلق	1
ناري	1
واستمعوا	1
لاقوال	1
فأشار	1
يتمشى	1
طابية	1
بجهة	1
شلوف	1
فتسبب	1
حساس	1
لتنطلق	1
اشعروا	1
الموقوف	1
يضرموا	1
وسيطروا	1
انابة	1
مكنتهم	1
الايقاع	1
واعترفوا	1
وحدد	1
يحالوا	1
السلط	1
بسبـــــب	1
ممارســـــات	1
القــــــوات	1
الأمريكيــــــة	1
استقالات	1
منتسبا	1
اكتراث	1
بارائنا	1
اصبحنا	1
نارين	1
لاوامر	1
أبلغنا	1
زملاؤنا	1
ستعتقلنا	1
اقدامنا	1
تنفيه	1
استقالاتهم	1
محاصرتها	1
وتمركزها	1
الاغلبية	1
واللتان	1
تقعان	1
تكريت	1
المهاجمين	1
ودورياتها	1
ومساعدتهم	1
تخول	1
استيفائهم	1
للشروط	1
بسيــــــــارات	1
بالقروض	1
السنــة	1
القضائيـة	1
الحثيثة	1
النوايا	1
زيارتي	1
بمحاضرتين	1
دغراش	1
نوّاب	1
غاضبون	1
الغاضبين	1
اقتراع	1
لحجب	1
يرغم	1
ثارت	1
وزراءه	1
بوزراء	1
تقود	1
واسقاط	1
وطيب	1
الرحيم	1
احتجاجًا	1
مماطلة	1
بإقالة	1
أمهل	1
للاستجابة	1
لمطالبه	1
ستنتهي	1
خريشة	1
بالاستجابة	1
واقالة	1
اسماؤهم	1
وآخرين	1
مؤثرون	1
لمطالبهم	1
اقصاه	1
لبدة	1
وزاريا	1
ومؤسسة	1
الميـاه	1
متنقلة	1
للبحرية	1
والخميس	1
القي	1
تونسيين	1
الخافرة	1
بقليبية	1
يسلموا	1
خافرة	1
لجيش	1
سيلان	1
وحراسة	1
الة	1
زورقا	1
فالتحق	1
وارغموا	1
ادخالهم	1
قليبية	1
وبانطلاق	1
الـــ	1
والـــ	1
ينحدرون	1
لولايات	1
وبن	1
عروس	1
منظم	1
ابحار	1
تهريبهم	1
فسلمه	1
وتجمعوا	1
قربة	1
تنتحل	1
خادمة	1
لتتسلل	1
بفرقة	1
تورطها	1
مسكون	1
اشرنا	1
متزوجة	1
والمتوفرة	1
وتتقدم	1
لتطرق	1
بابها	1
تعلمه	1
كخادمة	1
عثورها	1
فتتأكد	1
فتعمد	1
لتستولي	1
تطوله	1
مصوغ	1
قصدت	1
فتسللت	1
واستولت	1
المصوغ	1
ولاذت	1
حظها	1
السيء	1
بباب	1
فأعلمتها	1
المتضرة	1
للواقعة	1
فأعلمت	1
وادلت	1
بأوصاف	1
ايقافها	1
الشبهة	1
فتمت	1
احالتها	1
ارجاع	1
المسروق	1
لصاحبته	1
وهدوء	1
بسامراء	1
كثف	1
غاراته	1
ثلاثا	1
بايوائها	1
مصعب	1
دهم	1
الجيوب	1
للمسلحين	1
الحقت	1
بالمبنى	1
ذخائر	1
المعادين	1
بالزرقاوي	1
يتصدر	1
يؤوي	1
المصادمات	1
بالسابق	1
مسرحا	1
للمصادمات	1
لاجتثاث	1
المهدي	1
مقتدى	1
خيم	1
عاشت	1
الضاري	1
وجابت	1
وعراقية	1
امريكيون	1
وامتلأ	1
بالأكياس	1
عبئت	1
إفريقية	1
وستضم	1
ومساعد	1
تانكو	1
وسعيد	1
عريبي	1
حفيانه	1
موفد	1
نازح	1
تشاد	1
بالمماطلة	1
اوت	1
بالمساواة	1
يعاملوا	1
اعتاب	1
تلام	1
وبشان	1
أصداد	1
مهني	1
اسلوبا	1
استمارة	1
وتلقوا	1
ضوئها	1
اجابات	1
الاجابات	1
تحليلها	1
بالاستحقاق	1
اعضائه	1
الاحزاب	1
يتلقاها	1
المرشحون	1
وصولات	1
قائماتهـــم	1
توفرهم	1
ع	1
فلكيّا	1
ستقرّره	1
الموافق	1
هجري	1
والارض	1
غرينيتش	1
وبضع	1
يشاهد	1
وفلكية	1
الغبار	1
نظريا	1
وبالاعتماد	1
اسطمبول	1
حبرا	1
ورق	1
فلكيا	1
وعمليا	1
وبالعودة	1
باعتماد	1
الاستئناس	1
بالحساب	1
لسماحة	1
المعتمدة	1
لسماحته	1
ولمزيد	1
شرقها	1
ريو	1
جانيرو	1
ستبلغ	1
والاستشارة	1
والرياضة	1
احداثها	1
بالرائد	1
والضابط	1
لتركيبتها	1
وصلاحياتها	1
اوكلت	1
تبعا	1
للتراتيب	1
التربصات	1
وتتكفل	1
حركية	1
للمعطيات	1
البيداغوجية	1
مُختصة	1
المقابلات	1
والتظاهرات	1
وتغطيتها	1
تسييرها	1
واستغلالها	1
تراتيب	1
صيانتها	1
بتنوع	1
بضمها	1
لممثلين	1
وهياكل	1
المرجوة	1
لاعمالها	1
وتوصياتها	1
الصبغة	1
جهوية	1
التوتـر	1
السياسـي	1
لبنـان	1
والقرار	1
يؤخر	1
مقسوما	1
لاعطاء	1
حمايتها	1
الميليشيات	1
احتفظت	1
بسلاحها	1
لقتال	1
يردده	1
والمقيم	1
تدخلت	1
المقولة	1
الاطفائي	1
المولع	1
باشعال	1
عيانيا	1
اطفائها	1
تدويل	1
المتربطان	1
بادرت	1
لقواتها	1
جنودها	1
فرات	1
معارضون	1
ينكأ	1
جراح	1
عاشها	1
المأزومة	1
تبدت	1
الفاشلة	1
يؤخران	1
انطباعا	1
سيئا	1
وحجز	1
والاثنين	1
المنقضيين	1
كائنة	1
يستعملها	1
المشعوذون	1
الكنز	1
البخور	1
مزيفة	1
بقرمبالية	1
غرباء	1
المحققون	1
المشار	1
حاصروا	1
تلبس	1
معدنها	1
وأشياء	1
وبجلبهم	1
يجنح	1
المراوغة	1
التنصل	1
القرينة	1
لإدانتهم	1
فاعترفوا	1
فذكروا	1
لاعتقادهم	1
كنز	1
ثمين	1
مدفون	1
أصيل	1
قابس	1
واثنان	1
القصرين	1
ورابعهم	1
الهوارية	1
الضيعة	1
وباشروا	1
جنح	1
الظلام	1
يفتضح	1
أمرهم	1
خشوا	1
وقوعه	1
رجاؤنا	1
وتتعمّق	1
نصها	1
أعاده	1
والخير	1
والبركة	1
يعمق	1
قلوبنا	1
صفاء	1
وخالص	1
ويعزز	1
نفوسنا	1
الوسطية	1
والاعتدال	1
ويحفزنا	1
البذل	1
الصالح	1
واجباتنا	1
دأبنا	1
تزكية	1
والتآزر	1
تتخذه	1
والإحسان	1
للإحاطة	1
بضعاف	1
لمستحقيها	1
حرصنا	1
لترسيخ	1
الحنيف	1
وإشاعة	1
المستنير	1
لهويتنا	1
وخصوصياتنا	1
يسعنا	1
اشتدت	1
وتفاقمت	1
رجائنا	1
وتتعمق	1
أجدد	1
راجيا	1
يعيده	1
والسعادة	1
والتونسيات	1
والمسلمات	1
مشارق	1
ومغاربها	1
والأمة	1
وسعت	1
عدوانها	1
بمخيم	1
استشهاد	1
سرايا	1
وعجوز	1
أصيبت	1
والستين	1
صاروخي	1
للمروحيات	1
الشعوت	1
والبراهمة	1
منزلا	1
الاجتياح	1
ومواصلة	1
الإنذار	1
نسيم	1
الجعبري	1
منفذي	1
لانهائها	1
مناقشاتها	1
عموما	1
ستتواصل	1
ضباطا	1
كبارا	1
يتساءلون	1
ويعتبرون	1
لوقفها	1
تعقيدات	1
يدرسون	1
والمواقع	1
حانون	1
جنودنا	1
اسرائيــــــــل	1
والتعديلات	1
تضمنه	1
صياغتها	1
هادئا	1
المعدلة	1
استوجب	1
خشانة	1
اعلمت	1
سارع	1
طارىء	1
وتمسك	1
بالصيغة	1
لبيانه	1
بالتعديلات	1
ادخلت	1
الشابي	1
المنقضي	1
بالبيان	1
انتظم	1
بقصر	1
بالكرم	1
باشراف	1
مساندتهم	1
مستهل	1
والانجازات	1
سدا	1
والبحيرات	1
السقوية	1
المواني	1
للفلاحين	1
البعدين	1
للمدة	1
لشتى	1
ومستجيبا	1
لتطلعات	1
ومشاغل	1
والارتقاء	1
للمنتوج	1
والتصويت	1
لتواصل	1
الموفقة	1
ولمرشحي	1
والتحرير	1
المؤتمن	1
للفلاحة	1
التونسيون	1
تعلقهم	1
بخيارات	1
والتعبير	1
العرفان	1
والجميل	1
لسيادته	1
الحكيمة	1
وانجازات	1
مبعث	1
فخر	1
واعتزاز	1
ومصدر	1
اعجاب	1
وتقدير	1
والصديقة	1
بالابداعات	1
فيلما	1
والأنواع	1
والاتجاهات	1
والمضامين	1
تقلصا	1
تتضمنه	1
سهراته	1
إبداع	1
خصوصيته	1
لاقت	1
إنتاجات	1
ستظهر	1
إقبالا	1
متميزا	1
تتويجه	1
بجائزتي	1
ليلى	1
وسيلتقيه	1
للمخرج	1
تونسية	1
ليسرى	1
يختزل	1
هنيدي	1
العم	1
بالقاعات	1
بالأفلام	1
الزرن	1
ترحيبا	1
لإلياس	1
خشخاش	1
والناصر	1
خمير	1
بابا	1
وتحطم	1
مدافعين	1
فقدانه	1
اثنتين	1
مروحياته	1
بالفلوجة	1
متمركزة	1
ومحلات	1
الحيين	1
والصناعي	1
الإسعاف	1
لحي	1
والأطراف	1
وتتعرض	1
أبومصعب	1
بعقوبة	1
مجهولين	1
قاعدته	1
الكوت	1
مروحيتان	1
تحقيقا	1
المروحيتين	1
ومترجم	1
وتجدر	1
لكمين	1
يستقلون	1
تدريباتها	1
دورتهم	1
المناوئة	1
لأهالي	1
نهيب	1
بإبناء	1
والعشائر	1
يساندهم	1
مجرمة	1
كخيار	1
قبولها	1
فالواجب	1
والوطني	1
دحر	1
وفلولهم	1
الجبانة	1
بقاعدة	1
استخبارية	1
لمعاملة	1
وانتهاكات	1
ملابسهم	1
وتقيد	1
أقدامهم	1
بمسمار	1
ويجبرون	1
لأضواء	1
وموسيقى	1
صاخبة	1
مكيفات	1
سجناء	1
بإصدار	1
وإنسانية	1
والمتهمين	1
بالانتماء	1
وإرهابية	1
رأسهما	1
احتجت	1
حكوماتها	1
لتسلمهم	1
فضائح	1
للأسرى	1
أبوغريب	1
لممارسات	1
إفادات	1
تستمتع	1
بمشاركتك	1
تحلم	1
وزملاء	1
أفكارك	1
مستقبلك	1
ويغير	1
بالشخص	1
حضرت	1
وقم	1
المتوافقة	1
كلاكما	1
والأصدقاء	1
الضرورة	1
الشراهة	1
ديونك	1
مركزك	1
بالتفكير	1
أولوياتك	1
تتسرع	1
لوم	1
تأتيك	1
للأصدقاء	1
والأقارب	1
تزورهم	1
ستفقد	1
عاطفية	1
أمامك	1
صداقات	1
لقضاء	1
بالوقت	1
لقضائه	1
أولادك	1
واضطرابات	1
تعرفت	1
إحساسك	1
طموحاتك	1
بالأذى	1
عواطفك	1
أعمالك	1
متحفظاً	1
ترجوه	1
صعابا	1
قيدت	1
حريته	1
سيهجرك	1
محبوباً	1
وبنوع	1
موقفك	1
بالاختيار	1
تنشئ	1
غرامية	1
أصدقائك	1
تونـس	1
شاهــد	1
علـى	1
المجتمعي	1
لسيادة	1
فائق	1
عنايته	1
متناغمة	1
بالبشر	1
والحجر	1
ارضيات	1
ملائمة	1
والابداع	1
يقوي	1
تجذيره	1
خصوصيات	1
هويتنا	1
والمعالم	1
كيفا	1
وتنامت	1
كمّا	1
قرنا	1
بالجوامع	1
والكتاتيب	1
والزوايا	1
اولويات	1
اهتماماته	1
بجلاء	1
دائبة	1
تعهدها	1
بالترميم	1
والصيانة	1
والتهيئة	1
التجهيزات	1
سيرها	1
واداؤها	1
لوظائفها	1
اكمل	1
بتوزيع	1
الزرابي	1
فرشها	1
تترجم	1
والانجاز	1
الخالد	1
معاينة	1
تجلي	1
المعتز	1
بتراثه	1
وماضيه	1
خصوصياته	1
ومميزاته	1
انفتاحه	1
بالمعالم	1
كجامع	1
نافع	1
بالقيروان	1
وجامع	1
الزيتونة	1
المعمور	1
بتلاوة	1
رحابه	1
استحسان	1
ادراكا	1
للمسؤولية	1
والتراث	1
بقرطاج	1
ويرسم	1
والاديان	1
المعطاء	1
ترعاه	1
الديبلوماسيون	1
يشدد	1
امتثال	1
ليونة	1
شرعيا	1
لتسع	1
طالبها	1
والتدخل	1
شؤونه	1
ســـــنة	1
الفعليــــة	1
لتشــــمل	1
افضــــل	1
وسيتحقق	1
المرجعي	1
تطورا	1
مرن	1
والعيادات	1
وتزامنا	1
اسداء	1
الاستعجالي	1
ستضبط	1
نذكر	1
وقائي	1
لخطورة	1
المزمنة	1
والخطيرة	1
للمصابين	1
ستعمم	1
والشرايين	1
لبعث	1
والجديدة	1
ومؤمنة	1
المصحات	1
الام	1
والمواليد	1
التوليد	1
وانعاش	1
المولود	1
لاعاقات	1
بالاطفال	1
ستولى	1
بالمسنين	1
بطب	1
للاختصاص	1
مساعدين	1
متخصصين	1
ترمي	1
لمقومات	1
لعديد	1
بانجاز	1
لمواطنيها	1
ركض	1
مشي	1
بظروف	1
وداخل	1
رونقا	1
السهر	1
والتجول	1
التمشي	1
اكتظاظ	1
مغازات	1
حسنة	1
وجودة	1
الشراءات	1
باقتناء	1
مستلزماته	1
يثقل	1
بالاقبال	1
وملابس	1
التداين	1
والتجوال	1
فضاءات	1
للعموم	1
واقتصرت	1
غصت	1
بالمواطنين	1
الظفر	1
مستحيلا	1
تساؤل	1
مستحبة	1
وتشجع	1
والتسوق	1
ودعى	1
التقيناهم	1
تقفل	1
باكرا	1
اليحياوي	1
شرع	1
تحسيسي	1
وميداني	1
التبذير	1
وحسن	1
لظاهرة	1
المشروط	1
باشهار	1
لشفافية	1
التثبت	1
مليا	1
والمقارنة	1
وحضارية	1
كالاقبال	1
المنتوجات	1
الحاجيات	1
للعائلة	1
للاخلال	1
ايلاء	1
وانتهاج	1
غذائي	1
مشطا	1
وتناوب	1
والملاحظات	1
والمقترحات	1
وشكاوي	1
فضها	1
المنتظم	1
والتحسيس	1
السلوكيات	1
وتبذير	1
سلبا	1
الرقيق	1
المنستير	1
فدلّسوا	1
بالمنستير	1
تشابهت	1
التشكيات	1
افادوا	1
باعوا	1
استعملوا	1
صكوكا	1
ومــزورة	1
هذــه	1
المـــعلومات	1
اعـــوان	1
الامــن	1
يكثفــون	1
ابحاثهم	1
وتحرياتهم	1
مكـــنهم	1
حــصر	1
الشــبهات	1
تجـــارتهم	1
بضـــائقة	1
لمشاكلهم	1
وبرصد	1
ضبطهم	1
متلبسين	1
احــدى	1
العمـــليات	1
عـــندما	1
بضاعة	1
مــن	1
تاجر	1
مجــــاورة	1
ايقافهم	1
الجنوح	1
للمراوغة	1
اعترفوا	1
حلا	1
لانقاذها	1
مدلسة	1
استـــغلوها	1
للتـــحيل	1
باعة	1
الاســواق	1
الشــــعبية	1
يقدمونها	1
خلاص	1
يقـــتنونها	1
احالتهم	1
لترى	1
شأنهم	1
اقراره	1
بمرحلة	1
ولحق	1
اقراض	1
مرنة	1
صاحبها	1
تساهل	1
مالكي	1
الشقة	1
الاقساط	1
يُسدد	1
احجموا	1
تــرك	1
غطــــاء	1
مغزاهــا	1
استراتيجــي	1
مثـــل	1
وتعليـق	1
اتمـــام	1
لصعوبـــة	1
ايجــاد	1
شقــة	1
المتعاملون	1
للقطاعات	1
لقطاعات	1
يساند	1
سيساندهم	1
ويستهدف	1
ويشجع	1
تسويقها	1
مُقدم	1
جوهره	1
ويضغط	1
تعصف	1
قسط	1
اجماليه	1
الانتعاش	1
وبصورة	1
وانفقت	1
وفيلل	1
ولمشاريع	1
وتحظى	1
والعبور	1
بإقبال	1
ضاحيتا	1
وغاردن	1
تؤرق	1
العينين	1
لإنقاذ	1
لوضعها	1
ووافقت	1
للسداد	1
وتراكمت	1
تحققها	1
لتقليص	1
وستتبع	1
سيحالون	1
للتقاعد	1
رأوا	1
تعسفاً	1
عشوائياً	1
فالشركة	1
وهذان	1
البندان	1
لأفران	1
والايطالية	1
أجيب	1
والمصرية	1
لمشتقات	1
التمساح	1
وبور	1
ووقار	1
وحابي	1
سينتجه	1
بوتاغاز	1
البروبان	1
المكثفات	1
ابيكورب	1
لاستخلاص	1
سوائل	1
بالتحريض	1
يختصر	1
تشعل	1
وجهاز	1
خشيتها	1
المتجسدة	1
ومشدداً	1
مُنهياً	1
أبوظبي	1
مستاء	1
واجتمعت	1
وشكّلت	1
لتقصي	1
الاحتواء	1
وأعمال	1
ومخيم	1
وفجر	1
وأوقعت	1
فوجئت	1
سبقته	1
ستعتقل	1
وتلاحقهم	1
خمسمئة	1
توجهوا	1
المدسوسين	1
وتصدت	1
وابعدت	1
إسمه	1
كظاهرة	1
اللثام	1
وإثارة	1
ورشقوه	1
تراجعهم	1
تعودت	1
طعنات	1
أحرقت	1
والاماكن	1
هنية	1
مرفوض	1
مساعدي	1
تعهده	1
بحلها	1
تصادر	1
بنادق	1
عزّ	1
القسّام	1
تنفـّذ	1
يُعتقلون	1
لدواعي	1
الانضباط	1
بإثارة	1
اشاعات	1
بدعمها	1
راغدة	1
درغام	1
نبّه	1
ستكلّف	1
ستكلّفنا	1
وجدّد	1
نشوبها	1
حبيبي	1
هاجمتها	1
يطلبه	1
اصدقاؤنا	1
السوريون	1
وعكست	1
يخرجه	1
أزمته	1
سيزيد	1
ويعلم	1
ستكلفهم	1
وستكلفنا	1
وقوعها	1
وتقاوم	1
منتقداً	1
ستبقيان	1
تعاونهما	1
واندلاع	1
وقفز	1
تحفّظ	1
بالإجماع	1
لطرف	1
وتجنّب	1
توصياتها	1
ونحاول	1
كرّر	1
الوقف	1
البتة	1
إرهابية	1
ندّد	1
استقبله	1
الاليزيه	1
سياسته	1
الأعراف	1
قررتها	1
معنا	1
اضافت	1
ستأتي	1
ضيقاً	1
بلغنا	1
تداولها	1
بتعبئة	1
لحاملها	1
حائز	1
بفئات	1
ومضاعفاتها	1
بشركتي	1
كليك	1
فودافون	1
موبينيل	1
مرفق	1
إلزام	1
ملـيون	1
للترددات	1
ولقنوات	1
الارسال	1
والاستقبال	1
سيتعين	1
اسوة	1
بالشركتين	1
السابقتين	1
وستدفع	1
والمفروض	1
ستدرسان	1
وستصدران	1
اتفاقيتي	1
القائمتين	1
ويُتوقع	1
مشتركي	1
ستتجاوز	1
عروضاً	1
تتنوع	1
واسكان	1
وملاحة	1
وسلع	1
وتستأثر	1
للإسكان	1
بورتلاند	1
مراحلها	1
ولدرس	1
للافراد	1
وتعالت	1
المشترون	1
المحتملون	1
غزول	1
عبدالحكيم	1
للغزول	1
الرفيعة	1
غزولاً	1
تفقد	1
مركزها	1
التنافسي	1
سيُعقد	1
النسجية	1
المهاجرة	1
والمقومات	1
احياؤها	1
بالصناعة	1
لثلاثين	1
للسنوات	1
ومحدودية	1
المتاح	1
يستخدمون	1
وألبسة	1
يستدعي	1
وشطب	1
استيراده	1
ستُشغل	1
كمُشغل	1
خارجها	1
الشـــريك	1
الاجـــنبي	1
الشــبكة	1
سيـــتعين	1
تكـــون	1
خـــبرات	1
الاســـتفادة	1
يزعج	1
تدريجاً	1
للاستمرار	1
تشديد	1
ضخه	1
واشتكت	1
السلوم	1
وطريق	1
بكيب	1
ساحلي	1
حلايب	1
عمرانية	1
يسمها	1
الكريمات	1
لمترو	1
مـشروع	1
واسوان	1
بالمشــاركة	1
الخـاص	1
الــدراسة	1
الخــاصة	1
بـه	1
ستـعلن	1
سيطرح	1
للمطارات	1
وُضعت	1
المدنــية	1
الجــديدة	1
المسـتثمرين	1
رائد	1
رحل	1
المشبع	1
بالجمالية	1
والأناقة	1
والعمق	1
الوجودي	1
قاص	1
للقصة	1
وارث	1
النهضويين	1
وأدباً	1
مقدمته	1
الأدباء	1
شغف	1
اللغوي	1
ونزعته	1
الاناقة	1
والمتانة	1
السبك	1
جعلاه	1
الكتّاب	1
المقلين	1
الاطناب	1
والافاضة	1
التمهل	1
متخيراً	1
ألفاظه	1
وجمالية	1
وصائغاً	1
جمله	1
الماهرين	1
القصصية	1
وآخراً	1
بالحدث	1
وعرفت	1
بجرأة	1
موضوعات	1
كالجنس	1
والخيانة	1
بلزاك	1
أوجني	1
غرانده	1
وقيل	1
الترجمات	1
الرواية	1
والمقطوعات	1
وأسس	1
مشرعاً	1
والشعراء	1
والوافدين	1
عبدالوهاب	1
أدونيس	1
الخال	1
وأنسي	1
المكشوف	1
ينفتح	1
الحداثة	1
مائلاً	1
عبثي	1
ومواقف	1
ساخرة	1
فلسفي	1
عداءه	1
للحقيقة	1
اصيل	1
واثبت	1
القُماشة	1
للثور	1
البلدوزر	1
جدارة	1
واستحقاق	1
فخلال	1
عطل	1
بذلها	1
الموالون	1
للموضوعية	1
المعنى	1
مفاتيحه	1
وحفلت	1
بالأصناف	1
الاكاذيب	1
والمغالطات	1
واضيفت	1
التغطرس	1
والتعالي	1
انزعاجه	1
وطالبها	1
أحرجت	1
يسكنها	1
تذكير	1
ضيفه	1
بالحدود	1
استاءت	1
الحالتين	1
مقارعة	1
ينبس	1
بحرف	1
ديبلوماسيين	1
مطلعين	1
بالصمت	1
تواقح	1
فألغى	1
بطريرك	1
بالإشارة	1
مشغول	1
بمتابعة	1
مطولة	1
أعيان	1
يطالبهم	1
مهاجر	1
يدعوهم	1
تستجدي	1
وبذا	1
وامتهان	1
دلائل	1
يشأ	1
سيليزينوف	1
المنتمي	1
اليسارية	1
والرافضة	1
تلبؤ	1
موقعاً	1
الفضائح	1
الأطر	1
المتعارف	1
الشارونية	1
غادرتها	1
برح	1
متنفذاً	1
وسيبذل	1
وفرّ	1
امكانهم	1
الثغرة	1
وسياسياً	1
عزب	1
والبحوث	1
لعبدالحميد	1
كتراث	1
تحتاجه	1
هارون	1
الرشيد	1
يطوف	1
ليفحص	1
الأوزان	1
والمكاييل	1
وينظر	1
معاملات	1
الكيمياء	1
حيان	1
الكيماويين	1
كونوا	1
تمييزاً	1
كالأطباء	1
والصيادلة	1
والأخطار	1
تهددها	1
ومزاحمة	1
الفصحى	1
وإحلال	1
اللهجات	1
الوردة	1
للأديب	1
امبرتو	1
إيكو	1
حمودي	1
الظرفاء	1
ومجالس	1
الطرب	1
العليمي	1
بلقيس	1
المعمارية	1
بتوثيق	1
البنايات	1
وثقت	1
الجاهلي	1
السركال	1
الشارقة	1
وقلعة	1
المربعة	1
محرر	1
لقاءً	1
نادر	1
أنيس	1
وتاريخها	1
أعدّه	1
الخازن	1
هزت	1
أكاد	1
وقرأت	1
متسلّلَيْن	1
اريتز	1
وأحيلا	1
الغوار	1
والجبهة	1
الناصرة	1
معدة	1
للتفجير	1
يختلط	1
باليهود	1
لتفجيرها	1
مراهقين	1
أهلهم	1
واستطيع	1
أعود	1
لأسجل	1
يشذ	1
فالصحف	1
صفحات	1
للضربات	1
قنبلته	1
سنان	1
فلاّح	1
شنقه	1
بحبل	1
نحال	1
اوز	1
فردود	1
ضربوا	1
هاتزوفيه	1
تسخر	1
الرمل	1
فالوضع	1
مربوط	1
بالاحتلال	1
احتلالاً	1
فستكون	1
خرافة	1
يخوضان	1
علنياً	1
مساعدو	1
ستطول	1
وموفاز	1
يعتقدان	1
العناد	1
الاجرامي	1
بالكارثة	1
فالتطرف	1
سيولد	1
تطرفاً	1
مقابلاً	1
مظاهره	1
ينتظرون	1
استشهادية	1
غسلت	1
دماغهم	1
صدقوا	1
لتفجير	1
اللد	1
والشابات	1
اكثرهم	1
المتدينين	1
علماني	1
حمايته	1
شريكتها	1
الجريمتين	1
وضد	1
فالتأييد	1
الأعمى	1
يشجعها	1
مشاكلها	1
ينقصها	1
تتحمّل	1
يستعمله	1
المشع	1
يهرب	1
والجرثومية	1
واثنتان	1
النارية	1
الخراب	1
مصرّة	1
وواجب	1
بخطر	1
ومتوقعة	1
فاستغاث	1
بوالده	1
بشاب	1
فهداه	1
تفكيره	1
ليستخدم	1
هاتفه	1
كمبردج	1
بمشكلة	1
يتشبث	1
بقاربه	1
المقلوب	1
وســـط	1
امواج	1
متلاطمة	1
يخطر	1
باله	1
شميث	1
تايم	1
أفكر	1
يساعدني	1
يهدني	1
تفكيري	1
شقيقتي	1
ووالدي	1
وذهل	1
وارسلت	1
وانتشلت	1
البلاغ	1
باناس	1
يبعدون	1
ليطلبوا	1
لصديقها	1
تقطعت	1
العشق	1
لوماتان	1
للرأي	1
أجرته	1
للسويسريين	1
فتبين	1
لهــذه	1
أسباباً	1
ولــكنها	1
أهميــتها	1
الاـــستطلاع	1
ملــيون	1
تعدوا	1
يعـــيشون	1
يفرحهم	1
مظهرهم	1
فيشعرون	1
جمالاً	1
أيضــاً	1
الحـــب	1
مرتبطاً	1
بسن	1
ويحاولون	1
طــقوسه	1
بالراحة	1
والأمان	1
سعداء	1
شعورهم	1
بالسعادة	1
بتقدير	1
ذكائهم	1
وتميز	1
شخصياتهم	1
الاســـتطلاع	1
يــؤكد	1
المـــال	1
يجـــلب	1
فلــم	1
الثراء	1
كمصدر	1
هجرته	1
فخطف	1
ها	1
آحمد	1
عبدالرحمن	1
القت	1
سمساراً	1
هدية	1
عبدالمجيد	1
ليجبرها	1
إصرارها	1
بلاغاً	1
بخطفه	1
المتزوج	1
خطفه	1
وهرب	1
ليجبر	1
للاقلاع	1
للتكنولوجيا	1
أغزنوفا	1
المدخنين	1
العاجزين	1
بأبتكار	1
يساعدهم	1
وستتوصل	1
ويعطى	1
حقنة	1
العضل	1
والكوكايين	1
المخ	1
دايفيد	1
أوكسلايد	1
اغزنوفا	1
والعتيبي	1
والصقري	1
وزايد	1
والاقالات	1
وحجي	1
الدمام	1
وسيغيب	1
ابتعاده	1
لاصابته	1
عضلة	1
فخذه	1
ومبروك	1
الصقري	1
ومرزوق	1
الايسر	1
برناوي	1
الجهوزية	1
المطلوبتين	1
بالنقاط	1
جدياً	1
ادرك	1
وفوز	1
ليرفع	1
رصيده	1
ليقترب	1
عمار	1
وعامر	1
اعتذر	1
اصاباتهم	1
وجبار	1
وعباس	1
قحطان	1
جثير	1
كلباء	1
بالمنتخب	1
ويملك	1
سيخوضها	1
تشتهي	1
التأهل	1
فسقط	1
المثالية	1
انعدمت	1
تضاءلت	1
هاشل	1
برند	1
لعمان	1
الاقالة	1
خسارتنا	1
استسلامنا	1
تناسبه	1
للجابر	1
مدربي	1
وبدوره	1
خلفاً	1
للبوسني	1
ويلم	1
بالكرة	1
والخليجية	1
لوبيز	1
انجازاً	1
بقيادته	1
اقيل	1
فأشرف	1
ويتولى	1
وأوزبكستان	1
يناقشون	1
مصالحهم	1
الفئـة	1
أقــرب	1
السلطـــة	1
والنفـــوذ	1
والمنافـــع	1
فيؤكدون	1
وقرابية	1
وقومية	1
بوصفه	1
جوهراً	1
ثابتاً	1
لتوازن	1
كائناً	1
وهنا	1
البراهين	1
الملموسة	1
المقنعة	1
فالمطلوب	1
مغامرة	1
بالجميع	1
غض	1
توتاليتاري	1
عمقه	1
ورغبات	1
هلالين	1
ويتحمس	1
لصواب	1
يذكّر	1
تسجّلها	1
لبثت	1
تمترست	1
وممنوعٌ	1
الهرب	1
يكتمل	1
والمبادرة	1
فوقها	1
وربطها	1
بالمركز	1
ظاهرات	1
والطبابة	1
انواعها	1
دولةٌ	1
ومجتمع	1
بعينهما	1
الحجتين	1
المعقد	1
نلقى	1
حجتين	1
فأهل	1
والالغاء	1
اجترار	1
اجتراح	1
تقوى	1
فتمنع	1
وننجرف	1
كلنا	1
وفاءً	1
طوفان	1
سيثيرها	1
أملاً	1
سينظر	1
سادت	1
وأظهرت	1
أبيه	1
مراعياً	1
للوبي	1
ومستمعاً	1
لأوساطه	1
الاصغاء	1
يضعف	1
ففرنسا	1
بذلـــك	1
تضـــع	1
أصـــدقاءهــــا	1
العالــــم	1
العربـــي	1
ومصالحهـــا	1
خطــر	1
مستاءة	1
طليعتها	1
مسؤوليها	1
استيائها	1
فوات	1
والتحرك	1
يواكبه	1
هوبير	1
فيدرين	1
بانقاذ	1
ويدرك	1
وخطورتها	1
والتمني	1
وادارته	1
تجنبه	1
المتاعب	1
جنوبه	1
والبنتاغون	1
عبدالأمير	1
لحطام	1
روتينية	1
اسقطت	1
الأميرال	1
ثأراً	1
لطائراته	1
منشآتنا	1
وأهدافنا	1
وتشكيلات	1
دفاعنا	1
فينسون	1
بفقدان	1
اسقاطها	1
النعمانية	1
قصفتها	1
دفاعاتها	1
صواريخها	1
فركزت	1
بنتها	1
وشماله	1
انفجر	1
أواكس	1
يطوي	1
تتبادلان	1
تعهداً	1
حميدي	1
الانفراج	1
حـــدودهما	1
سيـــجريها	1
حربة	1
رشدي	1
كاظم	1
يوجالات	1
وقعا	1
الاتفاقين	1
المخدرة	1
المهربين	1
ونشاطاتهم	1
لأحكام	1
حدودهما	1
للاشخاص	1
ويسعى	1
وقعته	1
لمواطني	1
بالتنقل	1
تأشيرة	1
بتـــسليمها	1
اكراداً	1
أتراكاً	1
يلجأون	1
ســــورية	1
فـلول	1
صوغه	1
طهرشان	1
ومتهماً	1
طردتهم	1
وسنرفض	1
الصيغ	1
تفتيشاً	1
أمننا	1
والقيادة	1
يهم	1
والتآمر	1
والقائد	1
مراقبي	1
مرادفين	1
للجواسيس	1
اعلانها	1
بلدنا	1
يمس	1
امننا	1
حقنا	1
بأمننا	1
يأخذون	1
عندنا	1
لمرسليهم	1
يرسلوا	1
والصيغ	1
مخططهم	1
الانشائية	1
اجوائها	1
نتحاور	1
والصهيونية	1
شاذة	1
يستغلها	1
قطعنا	1
ومتطور	1
يتطرقا	1
يجده	1
مناسباً	1
اكتمل	1
الكويتـــي	1
وجلـــسة	1
الاسمــاك	1
لمواجهتها	1
الخرينج	1
سيـــقدم	1
طلـــباً	1
الحـكومة	1
تلتئم	1
أميري	1
النفوق	1
وتيرتها	1
محيرة	1
وتضاربت	1
أبلغــــت	1
الاحمـــد	1
الصــــباح	1
اخيــــراً	1
البكتــيريا	1
ستـــكافح	1
خصومهم	1
الصبيح	1
التكتل	1
البراك	1
السعدون	1
الميع	1
الجارالله	1
المعـــنية	1
جلســـة	1
المحاسبــــة	1
بالتقصير	1
وعقـــد	1
مختصون	1
خليجيون	1
البيـــــئة	1
البـــحرية	1
لاطــــلاع	1
الكويتـية	1
بترحيل	1
سريلانكياً	1
سفينتين	1
مكتظتين	1
اسوشييتد	1
السريلانكيون	1
متنهما	1
تليقان	1
بحيوانات	1
طاقمي	1
يعط	1
الملاحين	1
السفينتان	1
وصلتا	1
تواصلا	1
رحلتيهما	1
الميناء	1
بترتيب	1
ترحيلهم	1
بجوازات	1
السريلانكية	1
للأركان	1
اللجنتين	1
وسيبدأ	1
لمخافر	1
شيب	1
ووهب	1
الرشيدية	1
وغزيل	1
والمفقودين	1
قطعا	1
اسراهما	1
تأزمها	1
طابعه	1
واتهمت	1
لعشائر	1
حابس	1
وبلجيكا	1
وأميركا	1
التميمي	1
المبايعة	1
تتنافى	1
والأعراف	1
عشـائر	1
رئيســـاً	1
للقبـــيلة	1
وبرر	1
القبيلة	1
رويتــــرز	1
اكـــدت	1
ايرانية	1
انفجاراً	1
للـنـــفط	1
جـــنوب	1
غـــربي	1
أوقع	1
قتيلاً	1
للتكرير	1
اصفهان	1
اهمال	1
وامتنعت	1
مجاهدين	1
البسيج	1
للارسن	1
أرساها	1
ستافان	1
ميستورا	1
الانحراف	1
وتحضيراً	1
للمحادثات	1
مهمتها	1
فريجي	1
ابلغه	1
ستبذل	1
وسعها	1
المعالجات	1
والملاذ	1
بلورة	1
سمر	1
أزمشلي	1
سيتصاعد	1
واتفقا	1
تمكنا	1
وازالة	1
الترانزيت	1
المؤدية	1
والخطى	1
ايجاباً	1
المصدّر	1
يجسد	1
بمسار	1
سيواصل	1
لاعلاء	1
البطين	1
الالغام	1
للقمة	1
عبدالحي	1
مطمئن	1
قندهار	1
واسامة	1
يمـــلك	1
القـــدرة	1
ونحـــن	1
ندين	1
ربمــا	1
داخليين	1
منافسيها	1
اســامة	1
الافغانية	1
ندينه	1
بتحـــقيق	1
معــمق	1
بمرتكبيه	1
مصدومة	1
ومصعوقة	1
وسارع	1
اتهـــام	1
بتنـــفيذ	1
ونيويورك	1
وانشغل	1
المعلقون	1
بالاسهاب	1
وتحميلها	1
اليعيز	1
ارهاب	1
حذرنا	1
مأساة	1
العـــبرية	1
تجربتها	1
رعنان	1
غيسين	1
مساعدتها	1
وتعرب	1
تعازيها	1
المأساة	1
لتبث	1
واخلت	1
ممثلياتها	1
الممثليات	1
أُخليت	1
وابلغت	1
الاوسـط	1
خلفتها	1
انعكسا	1
الأميركيين	1
مستوياتهم	1
طاولت	1
والغـــربية	1
فغطت	1
ســـي	1
التــــطورات	1
تحـــت	1
أعنف	1
أحدها	1
فبات	1
طائرتان	1
تصطدمان	1
وانفجار	1
أضراراً	1
بالبنتاغون	1
أرفقته	1
وغطى	1
وطغى	1
ليبراسيون	1
طبعة	1
يحترق	1
لوموند	1
فغطى	1
ذهول	1
نوفيل	1
اوبسرفاتور	1
بخبر	1
مروعة	1
والقنبلتان	1
الذريتان	1
اواهو	1
هاواي	1
وأسفر	1
اميركياً	1
وغرق	1
بتسع	1
قنبلتين	1
ذريتين	1
وناغازاكي	1
والمشوهين	1
أشكروفت	1
مؤامرة	1
دبرت	1
مهماتها	1
الفيديرالي	1
ويتخوف	1
ميليشيات	1
والبيولوجية	1
المدشنية	1
وأضيفت	1
هاري	1
ترومان	1
وعهد	1
المؤثرة	1
التشفير	1
التخصص	1
بأسلوب	1
بقاءها	1
شروطنا	1
والشريعة	1
تمديدها	1
شروطاً	1
وحددها	1
واطلق	1
للوفاق	1
وتحرر	1
مبادئها	1
وثوابتها	1
نيالا	1
عدل	1
لسائر	1
ابنائه	1
يبسط	1
وشرعه	1
نبيعها	1
صدرنا	1
فمرحباً	1
بالمبادرات	1
والأشقاء	1
والجوار	1
القاصي	1
والداني	1
المنافع	1
مبادئنا	1
نفرط	1
مهر	1
بالدماء	1
والمهج	1
والأرواح	1
والاحباط	1
أميناً	1
وشخصيات	1
منوطاً	1
شعوبها	1
وتفاعل	1
الاحتجاجية	1
قبضة	1
مقدرات	1
إخضاع	1
وأمام	1
منعزلاً	1
بحثية	1
وفكرية	1
تنعكس	1
سينقلون	1
الفاعليات	1
دافوس	1
وسياتل	1
وجنوى	1
وفاعل	1
تطلعاته	1
والتقدم	1
والرفاهية	1
وستبحث	1
عولمة	1
والاستراتيجيات	1
يكرران	1
الأشهب	1
الطايع	1
يجتاز	1
نواكشوط	1
بتصور	1
واقعي	1
شعوبه	1
تطلعاتها	1
بالتعبير	1
ونبه	1
للمغرب	1
المعضلات	1
حض	1
وتمكينها	1
والمتلاحقة	1
نعد	1
اشقائنا	1
يطبعه	1
يفرزها	1
انجع	1
عجلة	1
الصرح	1
الكلمتين	1
تتطرقا	1
التباحث	1
والتفاوض	1
ادخاله	1
ورجى	1
تقبله	1
تكهنت	1
ميرور	1
بانام	1
الباسط	1
حارسا	1
قفلا	1
لحقائب	1
مسافري	1
بقليل	1
اسكتلندية	1
المؤبد	1
فحيمة	1
فرانكفورت	1
والمتعاون	1
مسافر	1
ارفقت	1
سيقدمه	1
يدرسه	1
القفل	1
اكتشافه	1
استجوبوه	1
والقفل	1
اختفى	1
يمكنالاستماع	1
وعدو	1
لطرحها	1
مزادها	1
المطورة	1
بالمسجد	1
المربع	1
العقاريين	1
النجار	1
ملكيات	1
عقارا	1
يطل	1
تطويراً	1
دخولا	1
فأسعار	1
ايجارات	1
جذاباً	1
تتمع	1
عقاري	1
رسوها	1
لاتبدأ	1
وتحايل	1
يكبدان	1
محفظتها	1
لمراجعيها	1
طمعاً	1
الاسنان	1
بصريات	1
تلاعبها	1
العميلات	1
لمستشفى	1
العميلة	1
نزيلة	1
ناشئة	1
كالسعودية	1
ستتضرر	1
رائج	1
تواطؤ	1
كشوفات	1
واشعاعية	1
تفرغ	1
والتأكد	1
والتحايل	1
نعيد	1
معيدي	1
عالميين	1
اضطرنا	1
نصدرها	1
لغرفة	1
أقامتها	1
شركتا	1
دريداغ	1
الالمانيتان	1
بحصر	1
ومئتي	1
عو	1
تعاقدي	1
الألمانيتان	1
تطالبان	1
مدليتين	1
وتفصيل	1
للتفاوض	1
لتلزيمهما	1
واستثمار	1
الاتوستراد	1
المعاملتين	1
والاوتوستراد	1
الحازمية	1
انطلياس	1
ونشأت	1
عبدالحميد	1
الأحدب	1
وسمير	1
المع	1
ومحيي	1
واستغرقت	1
ومكتب	1
الالمانيتين	1
لاستماع	1
واستجواب	1
شاهداِ	1
البروفسور	1
نجار	1
والبروفسور	1
فايز	1
للمرافعة	1
ومحامون	1
المان	1
مساعدون	1
ومساعدوهم	1
دعواه	1
زعم	1
بيّن	1
الفقه	1
وعادوا	1
بمفهومه	1
وأخذت	1
متوافرة	1
محصور	1
المحكمين	1
وتألفت	1
استاذة	1
كوفمان	1
كولر	1
ديلفولفي	1
تتملك	1
أراضيا	1
استكملت	1
لمبنى	1
ورف	1
مرخصة	1
منزلاً	1
وشقة	1
ش	1
سنترال	1
بحريني	1
وتأليف	1
البروتوكول	1
البحريني	1
النفيسة	1
المصاحبة	1
توان	1
لموقع	1
امتياز	1
الصخيبرات	1
اذونا	1
للبحرين	1
والاذون	1
وتستحق	1
تضمنها	1
وايلول	1
مصرفاً	1
للمعاملات	1
قرضا	1
اعتمادية	1
والانتاج	1
رفعتها	1
والمتعثرين	1
لصوغ	1
ركود	1
لمنتجاتهم	1
لسماع	1
بليوناً	1
لكح	1
ديونه	1
البليدي	1
وحاتم	1
الهواري	1
مستثمرون	1
يشهده	1
والتفريق	1
المتعثر	1
مدينون	1
بمبالغ	1
سُدد	1
فِرار	1
مدينين	1
تلقيا	1
ضوءاً	1
اخضر	1
والمصارف	1
تستقر	1
لخروجها	1
شللاً	1
تاماً	1
وستتأثر	1
بالاحداث	1
جدولة	1
مصدرون	1
تضرراً	1
سينخفض	1
ستنخفض	1
لدرس	1
لتحجيم	1
وينعكس	1
توافرها	1
لاثار	1
الامكان	1
شراكتها	1
جنوبها	1
بولند	1
مللييت	1
تعليقًا	1
جم	1
حذرفيه	1
ومؤلمة	1
إلحاق	1
يكتفون	1
بالتلميح	1
محادثاتهم	1
الالحاق	1
الضم	1
لادارتها	1
دولت	1
بهشلي	1
للتضحية	1
قبوله	1
عناد	1
ويزيدهم	1
تمسكاً	1
بموقفهم	1
فيديرالية	1
بجمهورية	1
كونفيديرالية	1
قبرصية	1
شطرين	1
ويوناني	1
سحباً	1
ستخيم	1
ومحاربة	1
لموقفها	1
سيضم	1
وسيعتبر	1
لأراض	1
وعلني	1
طوعاً	1
تداخل	1
اندرياس	1
اليفتيروس	1
تيبوس	1
وأنقره	1
يمكنهما	1
لانضمام	1
بإشراك	1
بالتصريحات	1
رومانو	1
انقسام	1
تعبّر	1
جيدًا	1
الواجهة	1
جمعه	1
للبنين	1
والبنات	1
يجيب	1
عضوات	1
والكليات	1
حضرن	1
بالمختبرات	1
والمكتبات	1
القيادية	1
واعطاءها	1
مأخوذ	1
بدرس	1
إرث	1
التقاعدية	1
لورثتها	1
بالاستفادة	1
اقتطاعه	1
مخصصاتها	1
العبدالجواد	1
عضوة	1
حساسة	1
منيرة	1
العلولا	1
وكيلة	1
تؤسس	1
نسائية	1
والاحوال	1
واقسام	1
اخواننا	1
خيراً	1
وتعبر	1
المقبله	1
لصورة	1
ومنتج	1
يصطدم	1
بصراع	1
الموروث	1
المكمل	1
اثبتت	1
والمثابرة	1
بالمهمات	1
المناطة	1
تتويجاً	1
سعوديين	1
افق	1
اسري	1
يتوازن	1
ومذكراً	1
افسادها	1
للنائب	1
لتعليم	1
المناط	1
واستكمال	1
السعوديات	1
لولي	1
لمؤسسة	1
الموهوبين	1
الموهبة	1
فالمرأة	1
يقلل	1
للسعوديين	1
يشكلن	1
قصيباتي	1
النجل	1
الاصغر	1
اتفقتا	1
خنق	1
وباشرتا	1
حرّك	1
زمار	1
شددوا	1
مناطقهم	1
واتخذوا	1
وسنقاوم	1
اجرته	1
هوشيار	1
زيباري	1
توافقت	1
ومحاصرتها	1
سيعني	1
ابلغتنا	1
وتدرك	1
بالخطوط	1
حذرته	1
وامنية	1
بارزاني	1
زاخو	1
فيشخابور	1
بالمثلث	1
جسرين	1
احدهما	1
يتولاه	1
الخابور	1
يشيده	1
وبذريعة	1
الجسرين	1
تُخترق	1
أكراد	1
سيقاومون	1
لخنقهم	1
وأبلغنا	1
وأنقرة	1
الحديدي	1
والمقدم	1
واعدما	1
يصدما	1
وأحالتهم	1
مطبوعات	1
تحض	1
ازدرائه	1
لتحريض	1
ووصفتها	1
الاجراء	1
وبروزهم	1
مارستها	1
عناصرهم	1
الازهر	1
الافغاني	1
وتنظر	1
ومعه	1
لإحياء	1
ويحظر	1
خيرت	1
الشاطر	1
امبابة	1
والقليوبية	1
وصادرت	1
كتباً	1
ووثائق	1
مناهض	1
الدرج	1
الظايط	1
ورجل	1
وعبدالمنعم	1
سعفان	1
شبة	1
رشاد	1
همام	1
الزمر	1
مصرح	1
يعيشه	1
جسام	1
احداً	1
توقيتها	1
تتهمها	1
وترحيل	1
يتعهد	1
تطوران	1
حدثا	1
بالإسلاميين	1
الفتور	1
ويتصل	1
التطوران	1
وبموضوع	1
لتمريره	1
لمحت	1
والزنا	1
وشرب	1
اقتراحاً	1
برلمانياً	1
موازياً	1
إسلاميون	1
للإسلاميين	1
السلفية	1
اقتراحنا	1
مَن	1
ويتبنونه	1
أسلمة	1
مخلد	1
العازمي	1
والجلد	1
والرجم	1
معارضته	1
الاشتراعية	1
مطير	1
تجمعاً	1
نواباً	1
اعتقالاً	1
تعسفياً	1
واساءة	1
محتجزاً	1
باغتيال	1
لإسلاميين	1
متطرفين	1
الفيليبينيين	1
سيطالبون	1
للطريقة	1
تعاملت	1
والتعذيب	1
لحمله	1
بجريمة	1
وانتقدوا	1
لجوء	1
واستدعاءات	1
كويتياً	1
الهستيريا	1
المباحث	1
اساؤوا	1
معاملته	1
وتجتذب	1
سيخصص	1
ومياه	1
بمبادلة	1
الجدولة	1
سالف	1
وعاجلة	1
ومقدارها	1
للموازنة	1
إنفاق	1
وضرورية	1
الأجور	1
والمرتبات	1
منبهاً	1
أقساطه	1
ستؤثر	1
وميزان	1
أشهرت	1
ستتأثر	1
غات	1
والشراكة	1
والكوميسا	1
غموض	1
وتحفظ	1
الإنقسام	1
والحمائم	1
العسكر	1
تتــــسم	1
بالحذر	1
غموضاً	1
يزيله	1
اعتـــبرت	1
العــــراق	1
اخــرى	1
تحاشى	1
بداياتها	1
المتحضر	1
يعشعش	1
وسئل	1
بالامتناع	1
فتهرب	1
بالأمان	1
اينما	1
للرد	1
ركيزتين	1
قرائن	1
وتتجسد	1
وديبلوماسية	1
سيبعد	1
اثاراً	1
تجذر	1
والإمعان	1
لحمة	1
الائتـلاف	1
المناوئ	1
الاحتقان	1
وتخفف	1
صقور	1
تبدد	1
كارتوزوف	1
لمسودة	1
وعداً	1
للرقابة	1
تحركها	1
محكوماً	1
جقمات	1
اوغلو	1
وتوافق	1
وأوضـح	1
المســــؤولين	1
أعلــنوا	1
ظروفاً	1
وشروطاً	1
تجبرنا	1
الافصاح	1
لأنقرة	1
ولسي	1
لاطاحة	1
الضامن	1
والتشديد	1
مطلب	1
لإحكام	1
شرود	1
حذرين	1
جن	1
ناكاتاني	1
التحــركات	1
ستجلب	1
نتخذ	1
قرارنا	1
بضـــرب	1
للمفتــشين	1
تراجــــع	1
سدني	1
بتلر	1
للدمار	1
تُعيد	1
خالف	1
أسهمها	1
لأجل	1
أجّلت	1
عافيته	1
إرجاء	1
الاسمية	1
والسوقية	1
تُطرح	1
أكيداً	1
متضاربة	1
إرجاءه	1
وحسمت	1
هبوطاً	1
فالطرح	1
متوقف	1
عائدها	1
وأمرت	1
كرير	1
المسيطرة	1
تفاؤل	1
مشاريعهم	1
يُعد	1
تعقيداً	1
تمويلاً	1
وأعطت	1
بقطاعات	1
ويشتكي	1
العقاريون	1
حالهم	1
البلبلة	1
الرهن	1
طُرح	1
وجهل	1
وتعتبره	1
جائزاً	1
المتفاقمة	1
وطُرحت	1
والمتحدة	1
للتعمير	1
والشمس	1
وستُطرح	1
المعمورة	1
والمعادي	1
وزهراء	1
القادرون	1
وأنفقت	1
وفيلات	1
وتؤرق	1
ونتجت	1
التسكين	1
بـنحو	1
موفق	1
زيدان	1
باكستانية	1
برويز	1
حيدر	1
وفاعلة	1
ضغوطاً	1
مارسها	1
تينيت	1
والعلماء	1
يلتزمه	1
الكشميرية	1
التبرعات	1
وتدعى	1
يصار	1
تستقطبهم	1
وستنتشر	1
البنجاب	1
بلوشستان	1
وبيشاور	1
المحاذيين	1
القبلية	1
الإحباط	1
والهزيمة	1
المناصرة	1
وفقدان	1
حجتها	1
شعبيتها	1
وامتناع	1
جمعيتا	1
مولانا	1
ومولانا	1
سميع	1
كراتشي	1
وتعترف	1
يمتنعون	1
كثرة	1
الأعباء	1
والرسوم	1
أرقى	1
السياحات	1
وأكثرها	1
بإمكانات	1
وعراقيل	1
سببها	1
وبطريقة	1
الاعتباطية	1
وتؤدى	1
إحجام	1
وتفضيلهم	1
يتوافر	1
دافئة	1
صافية	1
وشعاب	1
مرجانية	1
ممتدة	1
والحيوانات	1
والاحياء	1
سبقاً	1
الشاطئية	1
وأهلت	1
تحصيلها	1
ويغطي	1
رسو	1
ويُضاعف	1
رسا	1
اضافياً	1
لزاماً	1
لاستصدار	1
باجتذاب	1
كشرط	1
لازدهار	1
وتنشيطها	1
يعبرون	1
والتعقيدات	1
والادارية	1
تطفيش	1
وتبسيط	1
تتيحها	1
المأكل	1
والمشرب	1
الاشياء	1
سميح	1
غلاء	1
يدفعه	1
للدخل	1
الاقامة	1
بتحصيلها	1
اورسكوم	1
لسياحة	1
لتفهمها	1
منحتها	1
ادرجت	1
ناقشته	1
لعرضه	1
لإقراره	1
والاقراض	1
وتيسيرات	1
تعاملاتها	1
لجريمة	1
والافعال	1
لمجرد	1
الاشتباه	1
سيُطبق	1
الاوراق	1
والتأجير	1
ويطبق	1
الغرامة	1
بتبييض	1
وصنعها	1
وجلبها	1
وتصديرها	1
والاتجار	1
الاختطاف	1
وخطف	1
واحتجار	1
تسوء	1
العـــلاقة	1
ومؤســسات	1
انجزها	1
اكاديمية	1
وجديدة	1
وتجارة	1
والرقيق	1
والدعارة	1
والقروض	1
المنقضية	1
الـــسلع	1
المصـــرية	1
ولّدت	1
كثيفاً	1
والاقبال	1
والقواعد	1
بصادرات	1
والذرة	1
الاعلاف	1
وبذرة	1
المـــصدرين	1
القلقين	1
مطـــلع	1
المســـمى	1
النفــط	1
كانــون	1
بحصول	1
عــلى	1
لمنشآته	1
تمتنع	1
ستمتنع	1
إلغائها	1
الإسمية	1
للحصص	1
مخصخصة	1
متـــفاوتة	1
وليــــس	1
تخصـــيص	1
الشـــــركات	1
للمزايا	1
لقـــطاع	1
بتيسيرات	1
اللجـــنة	1
سيـــتم	1
كأسهم	1
وليـــس	1
ملكــــيتها	1
الــــشركاء	1
شــــركات	1
قطــاع	1
الاهتمامات	1
الضار	1
المطبقة	1
الرابحة	1
خطابات	1
قياساً	1
فرضتها	1
زعبل	1
للاسمدة	1
واشــــار	1
وشـــك	1
توقـــيع	1
هـــذه	1
بقيم	1
الزجاج	1
والبللور	1
افندي	1
المقــــدم	1
غضـون	1
اســـبوعين	1
شرائها	1
اختيارياً	1
وتنظيمية	1
فض	1
المظاريف	1
كلفته	1
المديونيات	1
أثمرت	1
إصلاحها	1
طموحاً	1
مستدامة	1
انماط	1
واستحدثت	1
وتذليل	1
ومصنعاً	1
شملها	1
انكماشاً	1
واقليمياً	1
وقدرات	1
الايجار	1
لاسعار	1
فنياً	1
ومالياً	1
ادائها	1
الربحية	1
لبيعها	1
عرضوا	1
يضيف	1
تتوقعها	1
لمراعاة	1
السمة	1
كطبقة	1
برمتها	1
ارباحاً	1
مخاطرة	1
ديبلوماسي	1
وللفترة	1
ستقدمها	1
استعجال	1
وبليوني	1
وطلبوا	1
وسريعة	1
واستجابت	1
الديبلوماسي	1
اقتراضها	1
لزيادته	1
عانى	1
شلت	1
الجنزوري	1
احتياطاً	1
ثلثه	1
اجبرت	1
فأصبحت	1
ستساعدها	1
ساخن	1
والسعوديين	1
واتهامات	1
سعوديون	1
ومصريون	1
والشكاوى	1
وبرفقته	1
شكى	1
خفى	1
والمعتمرين	1
تكذيبه	1
وبدورهم	1
قيست	1
الاعفاءات	1
متيحاً	1
بالعدل	1
لأسس	1
وموضوعية	1
يستحقها	1
لقوى	1
صعوداً	1
نزولاً	1
واعتقاد	1
التغليف	1
العيوب	1
مثيله	1
انتظام	1
وتقترح	1
مثلث	1
دعائية	1
ويحذر	1
بالمساعي	1
واشراك	1
إيغاد	1
يخير	1
المتفاوضين	1
علمانية	1
واستفتاء	1
وفدين	1
السويسريون	1
مطرف	1
وصلاح	1
والعميد	1
التوم	1
الحلو	1
ألور	1
ونيال	1
عرمان	1
وتركز	1
ومحادثات	1
يتكتم	1
ويطرحها	1
ولاحظت	1
بردود	1
انشقاق	1
الكيني	1
أراب	1
موي	1
مقترحاته	1
بتكتم	1
لطرفي	1
صحافيون	1
نيروبي	1
بلاداً	1
تضطهد	1
وحذّر	1
مغبة	1
وأَبْلَغت	1
وبالمناسبة	1
ابرزهما	1
بمبدأ	1
٤٥٠	1
٤٥١	1
يخفض	1
للتداول	1
حدده	1
قراءته	1
والسريع	1
٥٣٠	1
المتفاقم	1
لاستدانة	1
١	1
ورسوم	1
وانتقال	1
التسليم	1
بصعوبة	1
والحاجة	1
لتحقيقه	1
مورست	1
الشرط	1
الرضوخ	1
هامشاً	1
الـ٣	1
والاقتراح	1
الكيفية	1
الهامش	1
الضئيل	1
ستعقبها	1
ممكناً	1
بتحريكه	1
الأخذ	1
والقادمين	1
يُعقل	1
مسيحيون	1
للرهان	1
باضعاف	1
اهاج	1
والموالين	1
وحركها	1
والغائها	1
وسياسيين	1
يذهب	1
المناخات	1
التقسيمية	1
المجتمعة	1
لوحت	1
بمنطق	1
والاقلية	1
وهددت	1
الاقلية	1
وذهب	1
الايحاء	1
اوحى	1
بالتصعيد	1
مستهدفة	1
العريضي	1
تنبيهية	1
تحذيرية	1
صح	1
تسميتها	1
تتلاقى	1
اصوليات	1
وتتلاقى	1
الاصوليات	1
اصولية	1
وخانة	1
ارادوا	1
يستمروا	1
يتحملوا	1
قسما	1
اخذه	1
والتهجمات	1
بالآتي	1
التآمر	1
الرهانات	1
اضف	1
برهان	1
وسواء	1
ساترفيلد	1
بالانفتاح	1
معاداتها	1
وبشدة	1
جمد	1
طوي	1
مختلفا	1
اذكاء	1
والوفاق	1
يتربص	1
والتخوين	1
بقرادوني	1
راهن	1
سدة	1
لمصلحته	1
والرهان	1
التمنيات	1
فسوريا	1
وتساءلت	1
رهانا	1
فاشلا	1
اللاحق	1
المجهول	1
لخطأ	1
رهانه	1
والامكانات	1
لبلورة	1
فالتنسيق	1
الغباء	1
بالرهان	1
والتصادم	1
امثلة	1
الغبي	1
ويحوّل	1
وتهمة	1
ضربها	1
والانقضاض	1
التضييق	1
وتربكها	1
تغييرية	1
ثوريته	1
مصطلحاته	1
اعلانه	1
والادق	1
الابعد	1
بالمصطلحات	1
هوامش	1
تغييري	1
تعبت	1
وإمّا	1
السني	1
ستاتوكو	1
المستقرة	1
فضائحية	1
وبمعزل	1
السجال	1
الايديولوجي	1
المحتدم	1
توصيف	1
قَسَم	1
التوصيف	1
يتخطى	1
جوهريا	1
لوقائع	1
الموثوقة	1
الامد	1
نمطي	1
اخلاقيا	1
عميقا	1
الجذر	1
الاخلاقي	1
الوطنيات	1
بقايا	1
انظمةً	1
واحزابا	1
ومفكرين	1
ومصالح	1
فلقد	1
التغييريون	1
رجعية	1
عممته	1
والخمسينات	1
محزنة	1
الهزائم	1
الفجائعية	1
حولها	1
لفظية	1
تبطن	1
جَلداً	1
مَرَضيا	1
للذات	1
الستاتوكو	1
المحزنة	1
تعبيرها	1
افلاس	1
تراكما	1
افلاسيا	1
لجيلين	1
رذاذه	1
ابعادها	1
محتواها	1
الرجعي	1
تعريفها	1
الراهني	1
التأزم	1
والاقليمي	1
الفضائحي	1
امبريالية	1
نافرة	1
اليمينين	1
فلئن	1
راكدة	1
المتين	1
الشاق	1
والشقي	1
اعتى	1
شارف	1
يوصل	1
الممانعة	1
انكشاف	1
مأزقي	1
ذروته	1
بانجازاته	1
رُصدت	1
كموجات	1
الوطأة	1
وذي	1
ماض	1
ثقيل	1
نظاما	1
عربيا	1
الاسترخاء	1
الخادعة	1
بتطبيق	1
رجعيتها	1
كمجرد	1
مفلسة	1
وحدانية	1
مشروعها	1
بارييس	1
يحرص	1
المبالغة	1
وكبيرة	1
زرا	1
سحريا	1
بكبسة	1
الحماسة	1
السنونو	1
وتراوح	1
الزوابع	1
بالموضة	1
بؤسها	1
ورثاثتها	1
بالتظاهر	1
فصرنا	1
ميولهم	1
ومعارضة	1
يؤذيه	1
اتاحة	1
لتقوم	1
يستحقون	1
الاطفائيات	1
اشعال	1
اذيالهم	1
واذيال	1
المناشدات	1
اطلقها	1
رجاء	1
ستجد	1
الاسماع	1
ماضون	1
الصراعات	1
البديهي	1
محقة	1
انقاذيا	1
واوضاعه	1
المنعة	1
للعافية	1
اجوبة	1
الاوهام	1
امكانها	1
بروح	1
والعصر	1
الابواب	1
والافواه	1
عصره	1
والمؤازرة	1
وفانوس	1
ومنطق	1
وببلدنا	1
وبتوجهاتنا	1
يضيء	1
ويفيد	1
تحضيرا	1
سيرافقه	1
ويليه	1
تعمّد	1
ينقض	1
للمعالجة	1
تسنيدا	1
وعلميا	1
تعج	1
بسيّاح	1
تحبل	1
بالمفاجآت	1
وتتهددها	1
الهزات	1
هدوءاً	1
واستقرارا	1
وثباتا	1
وبكثير	1
يفهمها	1
اسعاف	1
نازفا	1
لانقاذه	1
تركض	1
طرقات	1
وساحات	1
والقنص	1
والكمائن	1
حرقة	1
ورجاء	1
خلاصة	1
اصدقائنا	1
اعطاءنا	1
نستكمل	1
بدأناه	1
ونفي	1
بالتزاماتنا	1
نساعد	1
ترثي	1
الخاسر	1
جنة	1
جحيم	1
هآرتس	1
بيتنا	1
افيغدور	1
ومعلوم	1
سيسعى	1
اعتقاد	1
والانضمام	1
المتبقية	1
لموعد	1
ميريتس	1
والاستقالة	1
وستجري	1
انعكاسات	1
فكتب	1
يروسالمي	1
انجازا	1
عزيزا	1
ورعاها	1
بالغالبية	1
وخاضع	1
لرحمة	1
هامشيين	1
ومضطر	1
المناورة	1
اسقاطه	1
سبقا	1
واجها	1
يستطيعا	1
سيجد	1
انتظر	1
يبادر	1
اعطت	1
وجعل	1
وبلور	1
شعبيته	1
لليكود	1
شاس	1
فذة	1
انتهج	1
وانتظر	1
بصبر	1
شركائه	1
حده	1
عملياته	1
وافلاسه	1
كفرد	1
واستقالة	1
اليعازر	1
بالجنة	1
سيعرف	1
الجحيم	1
الائتلافي	1
الابتزازات	1
تنتصر	1
اذاً	1
فصلاً	1
الدؤوبة	1
ومحاسيبها	1
اسقطته	1
مبهماً	1
يمسك	1
الفلسفة	1
توجّب	1
ملكاً	1
بالتضامن	1
والتكافل	1
وملككم	1
اقطاعاً	1
يدّعون	1
كعبهم	1
مكلفين	1
شؤونها	1
نيطت	1
وهوية	1
مكلّفهم	1
مولجين	1
شبهة	1
جرم	1
يعاقب	1
لتحاليل	1
معقّدة	1
والمقابلات	1
موالين	1
المراجع	1
المغفلة	1
فمثل	1
تبيّن	1
السخيف	1
بالمسؤولية	1
ناهيك	1
بالاخلاقية	1
تدعي	1
صفتي	1
مستوحى	1
العقائدية	1
بتخوين	1
يصرّ	1
السرب	1
تمرّ	1
اخطار	1
نيات	1
مبيتة	1
وثانياً	1
باستثارة	1
افعال	1
المفترضة	1
مفوّهة	1
تُفتح	1
المنابر	1
وينتهي	1
بالضجة	1
لشرعنة	1
بثّته	1
سموم	1
مقالب	1
غوار	1
الطوشة	1
ينم	1
فاسدة	1
غوّار	1
ونقيضه	1
المتلبِّس	1
المميزة	1
ديمومة	1
عقيم	1
لغيره	1
علّ	1
ترضى	1
وكيلاً	1
وأداة	1
طيّعة	1
لرغباتها	1
يتحسس	1
اضمحلالها	1
ضنّ	1
يبكيها	1
فمتى	1
فرغت	1
اروقة	1
يحزنون	1
لعصام	1
استشراف	1
طبارة	1
حضرها	1
بيضون	1
العبيدي	1
فاخوري	1
جحا	1
بالحضور	1
بالكتاب	1
فالكتاب	1
والتمحيص	1
جوانبها	1
مقالاً	1
ومجلات	1
دفتين	1
ابتعد	1
واحتراق	1
والاصطفاف	1
المذهبي	1
وقرع	1
ينكفئ	1
واضعاً	1
وامته	1
اولوياته	1
راسخ	1
تردياً	1
لاستهدافها	1
وللظروف	1
المأسوية	1
الشعبان	1
بعوامل	1
وحالة	1
والتشرذم	1
فبعضها	1
للارتزاق	1
للتسبيح	1
بالحاكم	1
عناوين	1
واللانظام	1
والعمليات	1
اتنية	1
مغلفة	1
بشعارات	1
التناحر	1
ملحقة	1
لتتكيف	1
وتتنصل	1
شعاراتها	1
الزميل	1
والواقع	1
مقالات	1
والتحليل	1
وايهما	1
وكثيراً	1
نبع	1
تضخيم	1
احواج	1
اساساً	1
بعظمة	1
وروحها	1
لموظفي	1
العقلانية	1
بموظفي	1
آلان	1
بيفاني	1
اسعد	1
غانم	1
المديرين	1
والدوائر	1
وخصص	1
منوهاً	1
الجبارة	1
اقتناع	1
شروطه	1
تترتب	1
سجّل	1
الانجازات	1
حققها	1
والتزاماً	1
دلت	1
البنيوي	1
وترشيدها	1
اولياً	1
متزايداً	1
وتحفيزه	1
ترشيق	1
سياستنا	1
اقتصادنا	1
قدراتنا	1
والانتاجية	1
نجحنا	1
فشلنا	1
لنستمر	1
وننجح	1
ابناؤه	1
والوضع	1
التوافقي	1
رافقها	1
ضاغطة	1
التجاذبات	1
ترق	1
فثمة	1
وضعه	1
ميؤوس	1
بتر	1
قص	1
حلاقة	1
ازمته	1
مساعدته	1
ممهد	1
نجاحنا	1
والتقدير	1
لجهده	1
يتحسن	1
والبيان	1
وتلي	1
ادمغة	1
واربعمئة	1
يختصرون	1
مردودية	1
بشموليته	1
وآثاره	1
نلمسه	1
فأولى	1
شارياً	1
بالجهد	1
الاضافي	1
لكسر	1
قفل	1
فالموضوع	1
بالاثر	1
التراكمي	1
التقاوي	1
بأخذ	1
بفرديتها	1
فالعالم	1
محضنا	1
ابديناها	1
نزيد	1
بأنفسنا	1
لاضاعة	1
اعطيت	1
تابعنا	1
برنامجنا	1
فسنجد	1
لتساعدنا	1
تحدياً	1
ويضعنا	1
قطاعاتها	1
وموظفيها	1
نلزم	1
ادائنا	1
وانتاجيتنا	1
شتى	1
والسهر	1
وظيفتنا	1
قدرنا	1
وسنبقى	1
والتزامها	1
بالتشجيع	1
بالتسلط	1
يملكه	1
سنابك	1
حدودنا	1
تمّ	1
الماروني	1
الحويك	1
وصار	1
الثلاثينات	1
دستورنا	1
لفظ	1
طائفي	1
مواثيقنا	1
اعرافنا	1
الداعوق	1
زوين	1
أخالفها	1
لأني	1
اخالف	1
أميل	1
مخالفو	1
واميل	1
وشهاب	1
وزوين	1
ابتدعوا	1
وأعطوها	1
الاجدر	1
يطلقوا	1
الشقر	1
والخطف	1
والتهجير	1
حاصل	1
بدعتهم	1
انحصر	1
والاداري	1
بأشخاص	1
معينين	1
احسّوا	1
بجماعة	1
طائفتهم	1
فيتوافق	1
الاقران	1
ويشعلون	1
لافناء	1
مكاسبهم	1
يحمّلون	1
وزر	1
النفر	1
براء	1
تخف	1
الاشرار	1
يجفّون	1
كالعفن	1
فكم	1
جفّت	1
عفون	1
فيك	1
وخلدت	1
الايمان	1
الروح	1
والحرف	1
يميت	1
وشاءت	1
نشؤ	1
الطهر	1
فخلا	1
قانونها	1
نغمة	1
وعجزوا	1
تزييفها	1
زيفوا	1
وصوت	1
مثاله	1
عبثاً	1
جاهلو	1
ونور	1
الفصيح	1
يهزه	1
هوس	1
فحيح	1
المحرّر	1
المردّد	1
غارسون	1
العموميات	1
وشعارات	1
والاستقلالية	1
معبّراً	1
يوبيلها	1
الماسي	1
ونورد	1
للمعارف	1
الحكمية	1
والتأثيرات	1
القسيس	1
الاسلاميات	1
عسيلي	1
بتفسيرهم	1
للعهدين	1
والجديد	1
فعدّد	1
نختلف	1
المختار	1
الالهي	1
نهوضا	1
والثامن	1
نجدها	1
اسكوتلندا	1
اسسه	1
دربي	1
حقبات	1
والملكوت	1
المجيء	1
ونزوله	1
بمعركة	1
اوصافها	1
رؤيا	1
جامات	1
لغضب	1
الآتي	1
تفسيرا	1
كمسيا	1
بركات	1
ومنافعه	1
مجيء	1
ملكوت	1
تتمة	1
لنبوءات	1
يعطينا	1
يعملوا	1
يتكهنوا	1
يوجب	1
بحذر	1
نخلط	1
بالامر	1
الكنسي	1
نراها	1
تنحاز	1
حاكمية	1
تغلب	1
امنهم	1
واستثمارهم	1
العقائدي	1
أغمض	1
قُزح	1
عينيه	1
فتحهما	1
صبيحة	1
مذكراته	1
عشقها	1
الثمالة	1
وترجم	1
مؤلفات	1
الروسيا	1
وعميد	1
خريجي	1
اليسوعية	1
تخرّج	1
الليسيه	1
تألقها	1
عشرينات	1
الالف	1
وتسعمئة	1
اساتذة	1
امثال	1
شفرييه	1
باريزو	1
وسواهما	1
عمالقة	1
ورفاقه	1
الميامين	1
والادب	1
والفكر	1
واذكر	1
الحصر	1
المرحوم	1
شوكت	1
ايمن	1
ارصون	1
الابيّة	1
وخليل	1
وبهيج	1
علمي	1
معارفه	1
ينادوه	1
وطاقة	1
هادرة	1
رددها	1
وعاشها	1
جوارحه	1
وحريّ	1
يثبت	1
كلفت	1
اقتناعاته	1
يتوان	1
محتاج	1
امامي	1
باعتزاز	1
ليرحّب	1
بطلعت	1
زائراً	1
وامه	1
نعيمه	1
غبرييل	1
هانم	1
رحمهم	1
توسط	1
فقيدنا	1
الغالي	1
اتاتورك	1
صانعاً	1
والاخيرة	1
تصمد	1
الصاعق	1
اقطابها	1
اليوسف	1
عائداً	1
غادراه	1
يظلا	1
يُحبانه	1
جوابية	1
لمرافقته	1
تسألني	1
اعود	1
حداثتي	1
افكر	1
سركيس	1
شرفة	1
يزلق	1
الطير	1
مرجحين	1
نملك	1
فأعيد	1
ذكريات	1
الصبا	1
احراجها	1
احترامي	1
بقائي	1
اليّ	1
بالهزء	1
ابقى	1
فأظل	1
ويظل	1
يحبني	1
مُصلح	1
وفيلسوف	1
لغريغوريوس	1
لالقاء	1
مرآة	1
النيويوركية	1
رأيك	1
رجوع	1
فاجاب	1
عيشة	1
اجمل	1
متحجرا	1
يتألم	1
مكدرة	1
متحجر	1
فيستقل	1
يلتذ	1
وتشغله	1
لئلا	1
يقتله	1
الضجر	1
عابرات	1
كبيرينا	1
المهجر	1
يصرحان	1
يذوق	1
المجد	1
ينفك	1
التعلق	1
النوستالجيا	1
مشبعا	1
والجمال	1
ذاقها	1
طولا	1
وعرضا	1
وشهرة	1
وتكريما	1
ونظاما	1
وترتيبا	1
وانضباطا	1
وولاء	1
لاصحاب	1
قالاه	1
اقامتي	1
وولايات	1
زرتها	1
محاضرا	1
سائحا	1
عاينت	1
انضباطية	1
نظامية	1
مهندسة	1
مهندمة	1
اسألني	1
والوعي	1
مدينية	1
أُجيبني	1
الولاء	1
والمزرعة	1
والقبيلة	1
حنيني	1
يشد	1
للرجوع	1
وعيي	1
ويقيني	1
رجوعي	1
سيصطدم	1
يصدمني	1
سفري	1
ولولا	1
وفرضه	1
بطريركا	1
وسطه	1
وبيئته	1
تفاهات	1
خشيهم	1
مشكلتنا	1
الفوقية	1
الحسد	1
ينهش	1
فيرمون	1
والاشاعات	1
والتهم	1
يسقطوا	1
حنين	1
لبنانهما	1
وأدب	1
الحنين	1
عزاؤنا	1
يعوّض	1
ترهات	1
ينتقدانه	1
إعلاميون	1
ناقشوا	1
يشكــل	1
مدخــلاً	1
صحيحــاً	1
لترسيــخ	1
الحــوار	1
مستديرة	1
والزملاء	1
وفؤاد	1
ومي	1
وسيمون	1
وقاسم	1
الخوري	1
عبده	1
والامين	1
الاسقفية	1
الاب	1
والحضور	1
وتداولوا	1
والشعور	1
بالتهميش	1
وتطرقوا	1
وأعطى	1
بكركي	1
حصرية	1
المطارنة	1
الموارنة	1
ليصوب	1
القواسم	1
وترسيخ	1
متينة	1
وتصون	1
همومنا	1
آبائنا	1
الغبطة	1
رسل	1
ومحبة	1
وامام	1
نخطو	1
خطى	1
يقوى	1
وظلم	1
قضاياه	1
والانسان	1
وقيم	1
والعيش	1
واحترامهم	1
الاجيال	1
وحق	1
أوطاننا	1
مسؤولياتنا	1
وخارجية	1
وسواها	1
هيغل	1
الثرثرة	1
وغرقت	1
نقرع	1
أجراس	1
التعقل	1
بالاختلاف	1
بوجوده	1
وحريته	1
بالخيار	1
بالتخوين	1
ارهابه	1
بالتهديد	1
والتكفير	1
والتزامه	1
لتصويب	1
ونافذة	1
مسيحية	1
مشرقية	1
للعالمين	1
وقيماً	1
لاعلام	1
الثوابت	1
مهينة	1
وخطيرة	1
واعتبار	1
مناقضا	1
لنزع	1
والخلاص	1
داهم	1
يبررها	1
وتبني	1
والمثال	1
والحل	1
للشعبين	1
عنوانا	1
بمسيحييه	1
ومسلميه	1
بالمواقف	1
موقفا	1
التباس	1
فالفاتيكان	1
الصخب	1
حوصر	1
واضعيه	1
بيئتهم	1
والتهميش	1
ومشكلة	1
ذهن	1
الصليبية	1
يبدون	1
للتواصل	1
لبداية	1
الاديان	1
وبديلا	1
اغفال	1
ولمناسبة	1
وعنوانه	1
فرن	1
الشباك	1
وانطلقت	1
بهيج	1
وممثلة	1
الاخت	1
عفيف	1
والصليب	1
ومهتمين	1
كالآتي	1
تراكمي	1
فرنجيه	1
لاقليم	1
الحقن	1
بمحدودية	1
مواردها	1
فنوه	1
باهداف	1
وبالتعاون	1
ونقابة	1
جال	1
تتطرق	1
التناسلي	1
عدوى	1
الاجنحة	1
الانجابية	1
الاونروا	1
الاتية	1
الصليب	1
كاريتاس	1
صيدا	1
المقاصدي	1
امناء	1
اغناطيوس	1
هزيم	1
آت	1
رعايته	1
مسيحياً	1
اسلامياً	1
بالمصادقة	1
فاستمع	1
ايلي	1
وكلياتها	1
ومعاهدها	1
وتطرق	1
مسهب	1
خيرالله	1
الامناء	1
ركّز	1
ابرم	1
وعلومها	1
الصفية	1
لكلية	1
احتفالاته	1
شفيعه	1
قداساً	1
والايقونات	1
قداس	1
احتفالي	1
لغسان	1
تويني	1
وآفاق	1
تراتيل	1
لجوقات	1
الانطاكي	1
مطـر	1
مـن	1
عاصمتنـا	1
ينطلـق	1
شعـاع	1
النضـال	1
مناضلات	1
ومساواة	1
دياب	1
والنائبة	1
نايلة	1
معوض	1
الدقدوقي	1
بعلبكي	1
ومنسقة	1
اقبال	1
اريكسون	1
ورئيسات	1
وممثلي	1
والشبابية	1
ووفود	1
لميا	1
عسيران	1
ولدوره	1
وثانيها	1
شعاع	1
وحرارة	1
يناضل	1
تحرره	1
واستقلاله	1
وسيادته	1
يصمد	1
ويقاوم	1
ويحرر	1
ومنظماته	1
لترفع	1
منددة	1
ولتأكيد	1
ادانتها	1
واستنكارها	1
ابادة	1
قضيته	1
فخرها	1
بانعقاد	1
تعبيراً	1
يواجهن	1
المشاركات	1
تأشيرات	1
عالمنا	1
واللجان	1
ستنبثق	1
ستساعدنا	1
حاجاتنا	1
وفهم	1
التزاماتنا	1
واعطائها	1
افقاً	1
وموسعاً	1
نضالهن	1
جهودهن	1
والعائلة	1
والسوريات	1
والكرديات	1
والتراجع	1
والمعيشي	1
فكلمة	1
القتها	1
اديكسون	1
بصفتنا	1
مسؤولات	1
ويمكننا	1
اجتمعنا	1
العراقيات	1
يقاومن	1
ويترقبن	1
وللتنديد	1
بشارون	1
وحلفائه	1
ولنفكر	1
حاولن	1
وطالبن	1
الاثيوبيات	1
وسواهن	1
الكثيرات	1
اوصى	1
يشاركن	1
تختتم	1
والنيوليبرالية	1
ونتائجها	1
عليهن	1
وانتهاك	1
الوظيفة	1
بالوسائل	1
وتضامن	1
واليمين	1
لارييل	1
محلفين	1
ومحامين	1
ووجوه	1
ينذر	1
ومنصات	1
بقوات	1
والمدرعات	1
بقيام	1
لأجزاء	1
سرى	1
ومقاتلي	1
تدريبهم	1
البشمرجة	1
للطالباني	1
والبرزاني	1
البشرمجة	1
ستاراً	1
تخفي	1
تعاونها	1
تشمله	1
بالاتجار	1
بالماس	1
والمصقول	1
وسيقوم	1
للبورصات	1
وسيرتفع	1
طابقاً	1
لعبد	1
وتأمل	1
رسخت	1
الأقرب	1
لمناطق	1
روتلدج	1
ستلعبه	1
انتويرب	1
ملامحها	1
سيخلف	1
إصلاحية	1
الكثيرة	1
الرفيع	1
بتسلم	1
التنحي	1
تمخضت	1
واستقلاليته	1
تصويب	1
والحكومية	1
نابعة	1
للنيابة	1
التردي	1
أغلبها	1
والمحليات	1
الجنيهات	1
والانقطاع	1
وظيفتين	1
ومزاولة	1
رشوة	1
تزوير	1
محررات	1
موظفيها	1
انحرافهم	1
وإخلالهم	1
بواجبات	1
وظيفتهم	1
بالمهام	1
الموكلة	1
ومثلت	1
لحصصها	1
يستجيبوا	1
للرسائل	1
وناشدهم	1
المتأخرات	1
وانعكست	1
حصتهما	1
وتمثلان	1
لالتزاماتها	1
المنصور	1
الشاغرة	1
سيعالج	1
أرجأ	1
الامتحانات	1
شاغرة	1
لشغلها	1
دينوا	1
الدواليبي	1
وعاصم	1
الماجد	1
أطلقوا	1
نبذوا	1
سيطلقون	1
نفسهم	1
قصدهم	1
تسرع	1
يربطون	1
والحزبية	1
يستغربه	1
مرشدها	1
والإصلاح	1
مكررة	1
انتهي	1
عموميات	1
العيشة	1
وحقه	1
لمنسوباتها	1
ومنسوبيها	1
القفز	1
المنتسبات	1
اللياقة	1
بشد	1
وانتهاء	1
بالقفز	1
بالحبل	1
وتحث	1
والحرص	1
باللياقة	1
والتمارين	1
إفشاء	1
توجهاتهن	1
لأقرب	1
إليهن	1
الأخريات	1
بالتسخين	1
والجري	1
للجري	1
فالقفز	1
اليدين	1
والقدمين	1
صوراً	1
ورسومات	1
التمرينات	1
التقليل	1
وأكل	1
الكبسات	1
الإعدادي	1
التحمل	1
همة	1
جري	1
مترات	1
حكمتيار	1
المتدربين	1
والتعود	1
الشهوات	1
والتقليل	1
متزوجاً	1
وتتسبب	1
النظامية	1
وتهدد	1
مضمونها	1
نفع	1
والانحدار	1
هاوية	1
بالتعليم	1
يصاحب	1
تنفقه	1
والدروس	1
ومواصلات	1
ودروس	1
ضعفاً	1
جنسياً	1
والمأكولات	1
أبحاثهم	1
وذهبوا	1
لجراحة	1
واجباً	1
حتمياً	1
وشد	1
أزرهم	1
معنوياتهم	1
تعريفهم	1
بالنتائج	1
وتفاصيل	1
رجالهم	1
وطمأنتهم	1
يستفحل	1
أصروا	1
الوجبات	1
كالبيتزا	1
والهامبرجر	1
للضعف	1
والمحرج	1
واقتصادياً	1
واجتماعياً	1
والقلب	1
باستفحال	1
للشعارات	1
والاغراءات	1
بتميز	1
كطول	1
وأمان	1
التمادي	1
مستحضرات	1
ضارة	1
ليمر	1
حبة	1
الفياغرا	1
رشوان	1
الحبة	1
بالضعف	1
الأطعمة	1
والسريعة	1
تصلب	1
الشرايين	1
يرسخ	1
وزميله	1
ومئات	1
بتوجيهات	1
والمتعلقة	1
فهمه	1
بكيانات	1
نبذت	1
وينسجم	1
تياراتهم	1
يحتاجون	1
وصلتهم	1
وزملائه	1
تشملهم	1
وواضحة	1
صاحبت	1
ترضي	1
وزهدي	1
خصبة	1
لتفريخ	1
الراديكاليين	1
بكيان	1
فالقيادي	1
يلغى	1
أساسه	1
ترسخ	1
تتشكك	1
ونياتها	1
ويأملون	1
أحوالهم	1
والتطرف	1
برضا	1
فالرجل	1
أدار	1
وزارته	1
كفلت	1
وترسيخه	1
صمتت	1
رصاص	1
توجيهاً	1
للتنفيذ	1
الحاليتين	1
ميجاهيرتز	1
للشركتين	1
المكالمات	1
تتقاضاه	1
مستخدمي	1
أرسله	1
الفانلات	1
وبلوزات	1
استثماري	1
ويعتزم	1
الحافلات	1
الخفيف	1
الأثاث	1
وتكوين	1
واستصلاح	1
والأحداث	1
بالحماية	1
وحرية	1
وتداول	1
كآلية	1
بالمنتجات	1
واستثماري	1
وتتخصص	1
للمقاصد	1
وتلقي	1
المقاصد	1
كالسياحة	1
وسياحة	1
والسفاري	1
والغطس	1
والموضوعات	1
سيقترح	1
لإعطاء	1
منازعات	1
لحوالي	1
البيطري	1
والبشري	1
ومصابيح	1
وإكسسوارات	1
اعتمادات	1
مستندية	1
مقايضتها	1
والبطاطس	1
لمناقشات	1
بالإغراق	1
الكابلات	1
ايستر	1
إيثلين	1
والحظر	1
العالقة	1
والتنازل	1
حرمان	1
البلاستك	1
حظرها	1
المتصدع	1
اقتصادين	1
مستندات	1
بتسهيلات	1
ممنوحة	1
موردين	1
للمستندات	1
الآجل	1
كمبيالة	1
سهولة	1
مقاصة	1
لمستندات	1
المصدرون	1
صفوان	1
الحقلية	1
وتحتاج	1
أنسب	1
والموصلات	1
ويعتمد	1
تقديراتها	1
بفواتير	1
والسوداني	1
تربطهما	1
أواصر	1
عضوان	1
استهلت	1
استعرضت	1
الزعيمين	1
وبشار	1
تذليل	1
يوصي	1
مؤهلة	1
الرخيصة	1
بضوء	1
منقسمون	1
نفياً	1
يستبعدوا	1
للغرفة	1
تفتكر	1
فالبيزنس	1
بإسرائيل	1
فاجأني	1
قرأت	1
اسمي	1
وبلاش	1
لزوم	1
للكويز	1
يستفيد	1
تتفاوض	1
بلحة	1
آلات	1
المكارم	1
العزبي	1
وجلال	1
الزروبا	1
الزوربا	1
نافياً	1
الأخوة	1
ملزم	1
ميزات	1
مقللين	1
كسبب	1
تستجيب	1
ستستجيب	1
تحرم	1
أجرت	1
خالفت	1
مطابقة	1
لاتفاقيات	1
نمساوي	1
سويسري	1
لوقود	1
القلي	1
وزيوت	1
وعوادمه	1
نمساوية	1
سويسرية	1
وسيقام	1
بميناء	1
مستوردين	1
خارجيين	1
وبواقع	1
جلسرين	1
فندقاً	1
للسمك	1
والطعمية	1
المشرعات	1
كثيفة	1
بالإسماعيلية	1
وباستثمارات	1
والمشروع	1
الصباغة	1
ويوفر	1
الفرز	1
تغليف	1
وتقطيع	1
وتحضير	1
والإكسسوارات	1
لتجهيز	1
واختبارات	1
لكمية	1
استلامات	1
المش	1
حون	1
بالتصدير	1
وتسليمات	1
لتحتل	1
استخداماً	1
تقييماً	1
ورصداً	1
لإنجازات	1
واستهدف	1
ونسبته	1
لتحفيز	1
وترتفع	1
حصيلتها	1
سددت	1
سددته	1
بأخرى	1
استثمرت	1
تراخيصها	1
بشعبة	1
متوقفاً	1
وأغلقت	1
وعوقبت	1
بالوقف	1
لبقائها	1
التجميد	1
المحاصرة	1
ملفاتها	1
وتوقيع	1
تكبدها	1
تدفعها	1
ويدعموا	1
استمروا	1
بالإغلاق	1
ورفضوا	1
برأسمالها	1
المتمثل	1
ستتضاعف	1
للصيارفة	1
الجندي	1
وتتم	1
محاصرته	1
لإغلاق	1
ومسؤولي	1
كبش	1
الفداء	1
يظهرون	1
براءتهم	1
بالخدمات	1
تتبعها	1
ألفين	1
معبرين	1
إلغاؤها	1
المستحدثة	1
والتحصيل	1
بالتحصيل	1
الشارتر	1
والبستانية	1
وتحصيلها	1
لطائرات	1
الخطابات	1
اليطاليا	1
لوفتهانزا	1
انترناشيونال	1
والخطوط	1
والمركبات	1
والحافلات	1
تركزت	1
اشتراطات	1
والفرامل	1
وأحزمة	1
عدادات	1
ومتعطلة	1
والخلفية	1
يرتكبه	1
السائقون	1
الأسفلتية	1
تعزر	1
فقدها	1
المطبات	1
المسببات	1
لوقوع	1
لفقدانها	1
للتغلب	1
سيمول	1
والتزامات	1
التجهيز	1
كفافي	1
واعتبروا	1
تراجعه	1
محصلة	1
للإجراءات	1
إتباعها	1
الحيلولة	1
والتزامهم	1
صادراتهم	1
بالأجنبي	1
واستجابة	1
وأوضحوا	1
وصعود	1
أسعارهما	1
للإسترليني	1
ونجاح	1
بالاحتياطي	1
وتدفقات	1
وتراجعه	1
التوازني	1
مؤثرات	1
إشاعة	1
وإنعاش	1
مضاربات	1
بالتعريفة	1
الوفرة	1
للحيلولة	1
هاتين	1
العملتين	1
مقترضين	1
لبنكي	1
والغرفة	1
الجبلي	1
تشجيعاً	1
وفائدة	1
وتقليل	1
كاليورو	1
إصداراته	1
ستتمتع	1
تشجيعهم	1
مدخراتهم	1
للأوعية	1
توظيفها	1
داع	1
ومدروسة	1
نغفل	1
أموراً	1
حاكمة	1
كنسبة	1
قورة	1
ودائعه	1
سيشجع	1
محترفي	1
ويضاعف	1
والضوابط	1
استنزف	1
والفليبين	1
لإحالتهم	1
أحالت	1
وضرائب	1
والفنانات	1
ومهني	1
الحبس	1
مأمور	1
بجمعها	1
إنجازاً	1
التقسيط	1
لتجميد	1
تعزف	1
الديب	1
مولت	1
إسكندرية	1
سيعمد	1
وانتظاراً	1
ستسفر	1
لمنتجي	1
بسؤاله	1
المقترضين	1
ملتزمون	1
بنظم	1
لتخفيض	1
وانعكاساتها	1
الموافقون	1
لإنعاش	1
وإنقاذ	1
والودائع	1
تضخ	1
إقراضها	1
قصرها	1
التجزئة	1
قل	1
باعتراض	1
واتجاههم	1
سعراً	1
ويرفع	1
فيرجع	1
احتياج	1
وفرة	1
وينفذها	1
فروقاً	1
ارتباطه	1
بتوخي	1
متسرعة	1
وأسواق	1
المتحكم	1
خلالاً	1
وفقداناً	1
للثقة	1
ونقصاً	1
بأوضاع	1
المتصور	1
امتصاص	1
تحكمه	1
أنجزت	1
ملفها	1
ستعرضه	1
تقارباً	1
تمهيدي	1
إبرامها	1
وإطلاع	1
واصلنا	1
للعلاقة	1
أطر	1
وستعقد	1
التوعية	1
تحققه	1
توقعاتها	1
ساكو	1
تتزعمه	1
وإحياء	1
سلعها	1
يوريكو	1
نظيرها	1
ووزيرة	1
كازوبوتشي	1
أورابي	1
الوزيرة	1
وترغب	1
حرصت	1
منعطف	1
جونيشيور	1
كويزومي	1
وثيقا	1
وأعمق	1
وعمقاً	1
معونة	1
مبدئها	1
المشروطة	1
غيبة	1
اشترطت	1
صحفياً	1
وطالبهم	1
بالدقة	1
والحيطة	1
يستبعدان	1
للتشاور	1
حرصهما	1
وخطوات	1
محظورة	1
انطباع	1
واستعداده	1
يلتقوا	1
داود	1
والانتخابات	1
والحقوق	1
ودور	1
تجميليا	1
هادئتين	1
أجراهما	1
عنيفاَ	1
واعتبرته	1
تجميلية	1
ومشاورات	1
ملزمة	1
لإشعار	1
حوارات	1
وديموقراطية	1
حقوقية	1
مؤسسوها	1
وسيم	1
السيسي	1
يتقدمهم	1
والمفكر	1
الهيروغليفية	1
تميز	1
طوفاناً	1
والانتماء	1
للعروبة	1
أتى	1
عيب	1
والعروبة	1
والباكستاني	1
والماليزي	1
يعتز	1
بأخوة	1
نقر	1
للجذور	1
هلع	1
لخلو	1
المخية	1
الفزع	1
أصيبا	1
واحتجاز	1
الوقائي	1
تحاليل	1
الطفيل	1
المسبب	1
بالمبيدات	1
لبيب	1
للشطرنج	1
الشطرنج	1
واللاعب	1
توفيا	1
وجودهما	1
أبوجا	1
عدلي	1
ومدربه	1
بالهليكوبتر	1
وانسياب	1
مواكب	1
وخمس	1
شيروكي	1
ودراجة	1
بخارية	1
وتوحيد	1
لمرور	1
المرورية	1
هليكوبتر	1
بحساب	1
وإمكانات	1
الرسو	1
وهبوطها	1
وصعودها	1
عموديا	1
يترتب	1
للمسئول	1
لثبت	1
قوطة	1
والمليون	1
الشيروكي	1
بالتمريض	1
بالطب	1
بالتدريس	1
يتنافس	1
وفنانون	1
مشاهير	1
بأخبارها	1
وعواصم	1
وموائد	1
الفاطمي	1
هجرية	1
الأسمطة	1
وبالغ	1
الفاطميون	1
فكانوا	1
يقيمونها	1
الفطرة	1
واختفت	1
الأيوبي	1
العصرين	1
المملوكي	1
والعثماني	1
عامرة	1
بأصناف	1
والحلوى	1
الظهور	1
بمظهر	1
الأسخياء	1
الرعية	1
ويتنافسون	1
تجهيزها	1
والظهور	1
وظهور	1
وتنوعت	1
ويضرب	1
يقيمها	1
يبرر	1
بعاملين	1
وهاجموا	1
واشتبكوا	1
العال	1
الانصياع	1
لأوامر	1
والترفيهية	1
والعسل	1
قصقصة	1
لترتفع	1
وألفي	1
بالتمام	1
والكمال	1
والمدهش	1
خُرم	1
ذهبنا	1
مكملات	1
فوانيس	1
وبيض	1
وخلافه	1
سنجد	1
النحل	1
حلاوة	1
بشهر	1
سنجدها	1
كينيث	1
ستتركز	1
تتشاور	1
لإيقاف	1
محاصرتهم	1
للتحول	1
اللقاءين	1
عقدهما	1
حكوميون	1
باستبعادها	1
للتحالف	1
لكسب	1
متشددة	1
بارزاً	1
سيسعون	1
محك	1
وكسب	1
يترشح	1
للحؤول	1
بقوى	1
تحركاً	1
معاكساً	1
تنصل	1
بالتزاماتها	1
وحزبي	1
لطريقة	1
ويبيعه	1
تورطت	1
مدون	1
وحالات	1
النزيف	1
الإحصاء	1
يسلم	1
المستندات	1
المستفيد	1
بمستشفى	1
لأبناء	1
وعرب	1
مستوفية	1
اكتساب	1
سودانيين	1
يستفيدون	1
التزاوج	1
والمصاهرة	1
والسودانيين	1
الاندماجية	1
سائداً	1
بتجارة	1
الشنطة	1
اليمنيين	1
إحصائياً	1
تتقارب	1
يتهمون	1
مخدرات	1
دعارة	1
سيعرض	1
يحتجون	1
الغردقة	1
وشرم	1
التظلمات	1
بالرقابة	1
المصنفات	1
مدكور	1
شكواهم	1
للسائحين	1
ومنعها	1
بالسلب	1
ويضر	1
ضرراً	1
بالغاً	1
ورائه	1
الملاهي	1
فقرات	1
مستندين	1
بمزاولة	1
تقديساً	1
ومراعاة	1
لمشاعر	1
الغالية	1
إنذارات	1
ساخنة	1
لخطف	1
وللاعتداء	1
إريتريا	1
وتنزانيا	1
الأصولية	1
يخططون	1
لاصطياد	1
يجبروا	1
بشروطهم	1
لإتمام	1
تربطهم	1
برتب	1
يكذب	1
عدو	1
نوافق	1
التفجير	1
نتسامح	1
لاعتداء	1
أذاعه	1
التليفزيون	1
حرّم	1
بالانتحارية	1
عارضه	1
نفاه	1
أتكلم	1
للتليفزيون	1
فليظهروه	1
طلبني	1
سأرفض	1
مقابلتهم	1
أذاعوا	1
نشروا	1
لساني	1
فذلك	1
أرد	1
سأضع	1
افتراءاتهم	1
وافتئاتهم	1
حذائي	1
أحكمت	1
وأقباط	1
مغايرة	1
جرزا	1
هدمها	1
بأعداد	1
استفحال	1
ومسلم	1
وأحكمت	1
أمال	1
وملاك	1
وبشرى	1
قرين	1
وصموئيل	1
وسعاد	1
تادرس	1
تجددت	1
يمتلكها	1
لتحويلها	1
اعترضوا	1
بالطوب	1
والحجارة	1
طوقت	1
صلح	1
والمسيحية	1
مشاحنات	1
واستمعت	1
العيان	1
والميراث	1
نهاد	1
مديرة	1
للسيدات	1
قبطي	1
بالدورة	1
بالكنيسة	1
اللاتي	1
طلبن	1
بالخلع	1
البيزنس	1
بفكرة	1
وتزيد	1
تقليصها	1
وتتأهب	1
الزوجية	1
والسيارة	1
والمسكن	1
لبوليصة	1
المبتكرة	1
تبنتها	1
مديروها	1
وأسبابها	1
المستعصية	1
والمخاوف	1
وتعكف	1
ستستهدف	1
الأقساط	1
ومواعيد	1
استحقاق	1
استردادها	1
استثمارا	1
للأسرة	1
وينصب	1
يحتكرن	1
السكرتيرات	1
التنفيذيات	1
منتشرات	1
إنهن	1
استطلعت	1
للأبحاث	1
وقياس	1
آراءها	1
نقدر	1
أسبابا	1
للطلاق	1
يفاقم	1
ريهام	1
سكرتيرة	1
إجمالاً	1
المبتكر	1
ويتركز	1
المتوقعين	1
تطمع	1
المحنة	1
سيكلفها	1
الرواج	1
الصوري	1
لتحصيل	1
وحازمة	1
مجاريها	1
واستأنفوا	1
واجهن	1
تتسبب	1
بالخارجية	1
يسلمه	1
كارم	1
والضغوط	1
إفطارها	1
أقامها	1
والسياسيين	1
والشخصيات	1
للمسؤولين	1
عارضة	1
بدأه	1
وأحاط	1
والمفتي	1
وأمّ	1
الكاتدرائية	1
مائدة	1
يجمعنا	1
الإخاء	1
الصادق	1
الإثم	1
العبادات	1
تجمعنا	1
طاعة	1
ومسيحيين	1
وحقوقنا	1
وواجباتنا	1
والمودة	1
والأخوة	1
عشنا	1
وود	1
العاص	1
بالرخاء	1
ويكافحون	1
جنباً	1
جنب	1
حبه	1
وتقديره	1
للأقباط	1
أهداهم	1
ديراً	1
سمي	1
السلطان	1
الأديرة	1
قديسين	1
خاضوا	1
الثورات	1
وكنا	1
ويشكو	1
نظرائه	1
سبقوه	1
أحاطت	1
تعارف	1
سعيه	1
والتغلب	1
تواجهه	1
لحضوره	1
والترقب	1
لتسلم	1
ساعياً	1
تحدي	1
والصعوبات	1
أسلافه	1
المصريةـ	1
النشويات	1
البقوليات	1
ننادي	1
مقهور	1
والشجب	1
تباد	1
إيمانها	1
عميقاً	1
دقيقاً	1
سديداً	1
للأمة	1
منعتها	1
وكيانها	1
الساحات	1
إيمان	1
تمام	1
وصحة	1
وتلازم	1
مستباحة	1
والمقدسات	1
المخلصين	1
المهمومين	1
بهموم	1
لإرجاع	1
الوارفة	1
إسلاما	1
وقدوة	1
أعين	1
تستدعي	1
وإتقان	1
الشدائد	1
لتمضي	1
إخلاص	1
والوجهة	1
وشحذ	1
العزم	1
والعزائم	1
والصبر	1
وعثاء	1
مفروش	1
بالورود	1
كأفراد	1
عائلاتنا	1
كلبنات	1
وغايته	1
وتعلن	1
مفاتيح	1
يقفها	1
المتفاعل	1
بإسلامه	1
والساعي	1
للبذل	1
والتضحية	1
العمرية	1
يتزوج	1
وأجريت	1
شاباً	1
وربع	1
مميزات	1
والأطباء	1
بكتابة	1
الجراحية	1
ودولاً	1
غايات	1
يمكّن	1
وبالتحديد	1
باعتبارهما	1
تتبنيان	1
سيدخل	1
ويدافع	1
الخومينية	1
للاطمئنان	1
الحصري	1
تتضرر	1
كقطر	1
اعتمدتها	1
فعالاً	1
وضمن	1
المنظور	1
يدمج	1
والكيان	1
وتثبيته	1
عقائدية	1
المطروح	1
التشابكات	1
مرورها	1
عابرة	1
كطرف	1
وباختصار	1
واستراتيجي	1
وكأننا	1
بأبعاد	1
واستراتيجية	1
وحصار	1
مستقبلي	1
فانتبهوا	1
المضاربون	1
ايطالية	1
سولي	1
اوري	1
اساسيات	1
مقتنع	1
والمضاربون	1
المقتنعون	1
وامتنع	1
سيسفر	1
بألفعل	1
سنجري	1
والاحتياطات	1
بورنومو	1
يوسجيانتورو	1
قرارخفض	1
رأيهم	1
للحفر	1
مملوكة	1
وايجاد	1
للانخراط	1
معترف	1
بجهاز	1
شراؤه	1
مسيطرا	1
والصادر	1
انثوني	1
كورديزمان	1
لامدادات	1
شاملا	1
وافيا	1
للمخاطر	1
واسيا	1
والخطط	1
والمخاطر	1
بالتوقعات	1
الاضطرابات	1
ويستعرض	1
والتسليح	1
والمشاكل	1
بالتزايد	1
الديمغرافي	1
يتفحص	1
اولوياتها	1
فسح	1
سيتزايد	1
اطلاقها	1
مشروعه	1
انديبندس	1
بروجيكت	1
تؤت	1
ثمارها	1
اوردتها	1
جلي	1
للارقام	1
وتتبين	1
يورد	1
الطاقية	1
يوردها	1
دراماتيكية	1
تعدل	1
كعامل	1
مسيط	1
وبسيطة	1
اهمها	1
ارخص	1
بوفرة	1
وباسعار	1
الاستهلال	1
والمستقبلي	1
الأوبك	1
أضافية	1
المسوحات	1
الجيولوجية	1
سيخرج	1
كواحدة	1
الاعتدال	1
موثوقية	1
والمنتج	1
اقلها	1
لسلسة	1
وبشأن	1
فعادة	1
الملاحظ	1
استقرارا	1
التذبذبات	1
اتباعها	1
الصدور	1
والاقرار	1
المضي	1
أضافة	1
ألفوسفات	1
والبوكسيت	1
مجدا	1
لصغار	1
كاجزاء	1
الابتداء	1
المردود	1
لخطط	1
ألفائض	1
وخام	1
ورمل	1
والدولوميت	1
والجبس	1
المستغلة	1
بالشحن	1
ساندرا	1
تابياس	1
والأميركية	1
مرسيين	1
بمرفأ	1
انقضت	1
واستكملت	1
تكرير	1
مستغل	1
لعشرات	1
التهريب	1
ويشترك	1
وحرصت	1
بطاقته	1
جمهوريات	1
اهميتها	1
واصبحت	1
جاهدة	1
كسلاح	1
مطلوبا	1
إذربيجان	1
وكازاخستان	1
تملكان	1
احتياطا	1
نفطيا	1
واللعبة	1
امنا	1
وايصاله	1
ودفعت	1
وابعاد	1
الجمهوريات	1
تتشجع	1
تريليونات	1
تصنف	1
والمستوردة	1
المثبتة	1
مستهلكة	1
ارتهان	1
بنفط	1
تشييده	1
ماسورته	1
بوصة	1
مرورا	1
بإذربيجان	1
وجورجيا	1
سيحان	1
لنفط	1
امكانيات	1
فالدول	1
كاحتياطات	1
البرميل	1
تدخر	1
مستغلة	1
لابرام	1
الغني	1
جإذبية	1
الاسترليني	1
النصيب	1
ألفعلية	1
أجبرت	1
واميرادا	1
هيس	1
واوازيس	1
كونوكو	1
فيليبس	1
وماراثون	1
أويل	1
متحمسة	1
وصفقات	1
سارية	1
ومد	1
يرفعها	1
أممت	1
صفقتها	1
ماركت	1
انتلجينس	1
سيرفيسيز	1
والاستشارات	1
للاردنيين	1
امجد	1
المجالي	1
والسفير	1
بعمان	1
خريسات	1
وبمقتضى	1
والحراسة	1
لمعدات	1
بالتأمين	1
الضمان	1
باستقدام	1
اللبنة	1
تحتذي	1
مردوده	1
بالخير	1
مدعوة	1
للإنتاج	1
لحدوث	1
ومنظمة	1
مرهون	1
الدعامة	1
وحيوي	1
تكرس	1
بترولها	1
المتزيد	1
الأجلين	1
والطويل	1
وادارة	1
تقليدي	1
واع	1
بألفائدة	1
للنمو	1
استهلاكها	1
وحثت	1
لتأخذ	1
ترتضيه	1
تلوموا	1
أنحت	1
باللائمة	1
الصارمة	1
للأمير	1
متوازنان	1
طفيف	1
تبن	1
أنتجتم	1
تستطيعون	1
تكريرها	1
والموردين	1
سبرينجفيلد	1
الينوي	1
تركيبة	1
التكرير	1
مطولاً	1
أسمته	1
ومكاتب	1
لمنظمات	1
تحذر	1
سيشهدها	1
فاعلة	1
إشارات	1
ستبدأها	1
فتيل	1
موافقتها	1
للتمهيد	1
وأطراف	1
وتربط	1
وإصرار	1
الأسير	1
وسيتحمل	1
الحنان	1
تننباوم	1
الساخنة	1
وعناوينها	1
حوّل	1
لتكريس	1
لتل	1
لبنيوية	1
حتماً	1
وللانتفاضة	1
وللدخول	1
أجاء	1
للجم	1
يغرد	1
تجر	1
لمفاعلها	1
توجّه	1
وبمبررات	1
وطاول	1
حولا	1
يعمد	1
وإحداث	1
وتحميل	1
أينما	1
بانتهاء	1
للمعركة	1
التمهيد	1
لاستدعاء	1
تتفهمه	1
سارعت	1
المعتمد	1
خيارات	1
إيلاماً	1
مناورة	1
صاروخية	1
ستشن	1
لبيروت	1
الإصرار	1
الاستفزاز	1
تحضرت	1
نفسياً	1
مخرجاً	1
الإدانة	1
الملفين	1
للمشاريع	1
ستنصب	1
متخوفون	1
والأمريكي	1
تمتعه	1
بلده	1
عاجزان	1
رصدها	1
جاهزاً	1
الأفضلية	1
للإيجار	1
للاستئجار	1
مؤجلة	1
وفوداً	1
نوابا	1
رعايتها	1
وبدعم	1
قويطة	1
شفطه	1
بعثاتنا	1
التمثيلية	1
ايفي	1
ايتام	1
بالإسراع	1
بصحراء	1
شيكل	1
التبريد	1
اعترض	1
وقاموا	1
بالأنشطة	1
والتعليمية	1
بتفسير	1
تبريراً	1
والمدرسين	1
والمعيدين	1
بادروا	1
بمخاطبة	1
متسائلين	1
الموقعون	1
توجيهه	1
جاز	1
مبانيها	1
لجمعيات	1
مخصصاً	1
تخصيصه	1
ينتقل	1
الفيلات	1
وتتحمل	1
الإيجار	1
استفسر	1
بملغ	1
الاغتيالات	1
مخابراتها	1
مئير	1
كإشارة	1
البحيري	1
يوفال	1
تجمعاتنا	1
وهمية	1
السوس	1
لوفيجارو	1
ويربط	1
مرفأي	1
وإيلات	1
وموانئ	1
سيمر	1
بأراضيها	1
بالبضائع	1
ومتوجهة	1
ويعاد	1
شحنها	1
أشدود	1
المناولة	1
المارة	1
وسؤال	1
المساءلة	1
تصديق	1
وطلبات	1
والأسئلة	1
للحج	1
للفاخر	1
للمتوسط	1
للعادي	1
يثأر	1
لأبعاد	1
متماسكة	1
ثأر	1
خصومة	1
والبعد	1
وترويع	1
تعادي	1
تماسك	1
يعزون	1
بوفاة	1
بعثوا	1
ببرقيات	1
العزاء	1
وزملاؤه	1
للحديث	1
تناقضات	1
تتعاطى	1
يتحركون	1
اتحادات	1
الكليات	1
وقضت	1
إبداء	1
الاستبعاد	1
وألزمت	1
بقيد	1
المستبعدين	1
ينفّذ	1
بالمسودة	1
يتسنّى	1
اعتصام	1
اعتصامات	1
ومظاهرات	1
واشتكى	1
مستعجلة	1
أصوليون	1
استبعاداً	1
والجماهيري	1
تيارات	1
وأطياف	1
للداخل	1
ونوع	1
وإجراؤه	1
مفاجئاً	1
والموضوعية	1
ووجودها	1
نسق	1
الاستبدادية	1
الأجناس	1
الوسيم	1
طالبات	1
يتهافتن	1
أسمائهن	1
يدرسها	1
هوليود	1
ونجومها	1
الوسامة	1
مجاله	1
يثيرها	1
السببين	1
والتدريس	1
مشيخة	1
وتفصلهما	1
آخذة	1
الاتساع	1
للكثيرين	1
طلابه	1
ومعارفه	1
أصدقاءه	1
القريبين	1
توقعهم	1
باغتته	1
أخبرها	1
بإشهاره	1
بقولها	1
أسلمت	1
أمضيت	1
والحمد	1
مكنني	1
آذان	1
مآذنها	1
الألف	1
يدفعني	1
دفعاً	1
أمضاها	1
الخالي	1
ربي	1
بيركلي	1
تفوه	1
المحاضرة	1
علمانياً	1
بحتا	1
وفن	1
وعمارة	1
الذقون	1
ومرتديات	1
فحدث	1
بمصلى	1
مراقباً	1
خلفيتي	1
الوهابية	1
أقبل	1
الفروض	1
والصلاة	1
مظهره	1
البحت	1
بعينيه	1
الزرقاوين	1
وبشرته	1
الشقراء	1
سألته	1
نقف	1
المقهى	1
استقبلني	1
وأسلمت	1
سألني	1
رحلتي	1
وسبب	1
استغراقها	1
أوجزت	1
ونحب	1
باستفاضة	1
فاستفضت	1
وبكى	1
صديقي	1
اصطحبني	1
أجداد	1
الأولّ	1
والكبت	1
وجاهدوا	1
أسير	1
خطاهم	1
والقارات	1
اتبعوا	1
فعرفته	1
وعطاؤه	1
حريص	1
والاجتماع	1
نصحه	1
مزاولة	1
براحة	1
أصابه	1
وأصر	1
الصالون	1
راحة	1
بشباب	1
والتثقيفية	1
وضمت	1
وفتيات	1
والأقسام	1
إنني	1
وخطابه	1
والمسؤوليات	1
إسهام	1
مسئوليته	1
وعطاء	1
أحاطه	1
دخوله	1
بمظاهرة	1
وهتافات	1
وحاصرته	1
التثقيف	1
وعكته	1
قبلات	1
سأحضر	1
أتسبب	1
بالدعاء	1
بالصحة	1
ألم	1
باللجوء	1
للتحكيم	1
بإحياء	1
باسترداد	1
الرشراش	1
لاستردادها	1
استردت	1
المغتصب	1
اقتطاعها	1
سخية	1
لرئيسه	1
المكافأة	1
لخص	1
دمقرطة	1
استثنائياً	1
تقتطع	1
متفقاً	1
ضمنياً	1
تمرير	1
لنائبين	1
جمهوريين	1
اعتبرا	1
وبتلك	1
والبحثية	1
مواقفنا	1
مكافأته	1
حلفائها	1
بلدانهم	1
منسوباً	1
مخيف	1
أسود	1
تمضي	1
مانشيتات	1
بالصحف	1
نستورد	1
والفول	1
والعدس	1
الشاي	1
والبن	1
وماثلة	1
يعرفها	1
قبلنا	1
يحسها	1
فالمفروض	1
بجديد	1
تواجههم	1
ويعانون	1
السبيل	1
سدها	1
المنزرعة	1
فعلنا	1
وأقسى	1
بصريح	1
نظل	1
نأكل	1
ديوننا	1
ولأن	1
تنقص	1
وتنحسر	1
وتتآكل	1
عاجزون	1
المر	1
يستطيعونه	1
ويتضخم	1
ويهاجم	1
وشراسة	1
بالعجز	1
ويخلي	1
تناشد	1
ناشدت	1
والتوقف	1
ومراجعة	1
بالصف	1
لاذعاً	1
لتنفيذه	1
بالرياض	1
يراعوا	1
فعاثوا	1
فسادا	1
ومهما	1
والأسباب	1
تبيح	1
الأفعال	1
والله	1
تعالى	1
بإلحاد	1
بظلم	1
نذقه	1
أليم	1
المعتمرين	1
الموحدين	1
يفيئوا	1
رشدهم	1
يعودوا	1
ويراجعوا	1
ويكفوا	1
ويضعوا	1
الصدام	1
غرسنا	1
الشوك	1
وجنينا	1
العلقم	1
ولأبناء	1
بواجب	1
لإخواننا	1
تستفحل	1
ويصعب	1
تداركها	1
العقلاء	1
درء	1
وأعظم	1
جرها	1
ويبعث	1
فالمعنى	1
وتجارب	1
الضجيج	1
عينين	1
يبغي	1
يسائل	1
يقيلها	1
ويتحكم	1
أولوياتها	1
يقرها	1
نقرأ	1
موقفهم	1
ويحظى	1
بتوسع	1
بالشرعية	1
الوصاية	1
بالإصلاح	1
والتجمع	1
تخلط	1
للدين	1
والوطن	1
يتساوى	1
والواجبات	1
تخويف	1
تفضي	1
انقضاض	1
دائراً	1
بوقت	1
مجدد	1
لإنهائه	1
وببرنامجها	1
والدستوري	1
كهدف	1
لحسني	1
إلقائه	1
قوامها	1
والإعزاز	1
والتجسيد	1
للإرادة	1
فالجماهير	1
وخصالاً	1
مشرفة	1
تؤهله	1
بالوطن	1
الصفوف	1
يكد	1
ويجتهد	1
لأبنائه	1
ويبذل	1
مرتخص	1
وغال	1
كرامتهم	1
حضنه	1
معانيه	1
وأمل	1
بسمات	1
وادعة	1
ونظرات	1
متفائلة	1
ويستيقظ	1
ومزاجه	1
رائقا	1
فشيء	1
الأوفياء	1
بانزعاج	1
أشرت	1
المتكامل	1
احتدت	1
الأنفلونزا	1
والمسكنات	1
وعصائر	1
خفقت	1
قلوب	1
وتوترت	1
الأعصاب	1
الأفئدة	1
سبحانه	1
وتعالى	1
ترجو	1
لرب	1
يحفظه	1
ويحميه	1
نكسات	1
بكرة	1
أبيهم	1
والناس	1
انتماءاتهم	1
ومذاهبهم	1
بإرادتهم	1
البحتة	1
وثق	1
فازددنا	1
بفكره	1
وسياسته	1
وحكمته	1
ونزاهته	1
وطهارته	1
دل	1
صادرة	1
ستنشر	1
واستندت	1
وبينت	1
أسر	1
أبنها	1
شهيداً	1
ممتلئون	1
بمشاعر	1
الثأر	1
ودلت	1
تجسّس	1
وفريدة	1
والطائرة	1
تزن	1
بوزن	1
جراما	1
بوينج	1
جرام	1
ورصدـ	1
أوتوماتيكية	1
يدوي	1
إداري	1
باستقلال	1
للتوقف	1
تكاثر	1
وعرقية	1
لأكراد	1
التركمانية	1
والسنة	1
تغذي	1
يؤشر	1
وبرلماناً	1
وسلطة	1
الطالباني	1
كرر	1
مهاجمته	1
يتحسسون	1
أكاديميون	1
للانفصال	1
الآشوريين	1
والكلدانيين	1
حددوا	1
بسهل	1
تبنوا	1
الكلدآشوريين	1
التسميتين	1
المنفصلتين	1
أرباع	1
ودعوتهم	1
الاستقلالية	1
محلل	1
الإسراف	1
أقلية	1
أقليات	1
بلقنة	1
المرسومة	1
والبرنامج	1
إسكندر	1
تلقّت	1
تحمّل	1
فقررت	1
ومزيد	1
سيجبر	1
بقراءة	1
بمقارنات	1
وبإطلاق	1
بديلة	1
وجواره	1
تكبدت	1
استنزافاً	1
أفقاً	1
بكبار	1
مساعديه	1
اليمينيون	1
لتتوافق	1
روزنامته	1
والاستئثار	1
والتفجيرات	1
وتتصاعد	1
سيلحق	1
ويخرجها	1
التبسيطية	1
تلحظ	1
لنتجاوز	1
بماذا	1
استنتاج	1
تسجيلاته	1
بالانتقام	1
المتخاذلين	1
يقفوا	1
ساحقة	1
كردستان	1
بمذبحة	1
خلفته	1
وفعل	1
سيفعل	1
الانتقام	1
تقاسمها	1
حلفائه	1
تجربتهم	1
مهارتهم	1
مسلخة	1
الكابوس	1
تفاديه	1
المعادلة	1
وأدوات	1
والتعددي	1
والمتوازن	1
المجدية	1
مناطقية	1
ومذهبية	1
الترف	1
مفهوماً	1
بأعضائه	1
يؤسسون	1
المحصنة	1
والقادرة	1
والنفطي	1
الانطباع	1
والشيوخ	1
يدخلها	1
عزلة	1
وبأنها	1
وزيارة	1
بعلاقات	1
علاقاتنا	1
عطري	1
حضروا	1
لفاجبايي	1
واستقبل	1
متألمة	1
ودائم	1
وشامل	1
ومبدأ	1
تضعف	1
منحى	1
تضامننا	1
أوشن	1
انيرجي	1
غالف	1
ساندز	1
للتجديد	1
فيريتاس	1
مسحية	1
تستثمر	1
الزور	1
فأكثر	1
ذكوراً	1
وإناثاً	1
مسوحات	1
واعتبرها	1
للدقة	1
المسجلين	1
ليتجاوز	1
أتمت	1
مستفيضة	1
علاقتاهما	1
ووقعتا	1
البدلين	1
لآلية	1
وكوتكنا	1
وائتمان	1
البضاعة	1
سيتضمن	1
الاستعلام	1
المتعاقدة	1
وستتم	1
بالمكاتب	1
الاستعلامات	1
لتخصيص	1
مخازنها	1
وتسويقها	1
وسفراء	1
وبوروندي	1
الرز	1
المجانية	1
اليك	1
اروين	1
ستركز	1
لسلعها	1
تكتل	1
السمراء	1
سوقها	1
الأذواق	1
ومواسم	1
بتوطيد	1
الساكو	1
لإقناعهما	1
مجتمعين	1
المتنوع	1
بالنفع	1
ومتقدمة	1
يتكامل	1
سيعزز	1
منتجاتهما	1
بجدار	1
حمائي	1
والدخول	1
بوما	1
للحريري	1
أغادير	1
للتبادل	1
لتولي	1
تلف	1
تكلفتها	1
ومعوقات	1
بالفحص	1
للتسهيل	1
تسهيله	1
للانفتاح	1
وللتبادل	1
متكافئ	1
الواسع	1
انسياب	1
الأعم	1
بالتعريفات	1
داخلياً	1
للنشاط	1
ماجيكو	1
وأيوبكو	1
والمقاولون	1
والمجتمعات	1
قدراتهم	1
استثمارها	1
بدوران	1
ركناً	1
بمساحات	1
للبناء	1
وبنصف	1
وسيدعم	1
القسط	1
تلاقي	1
العشوائيات	1
سيغطي	1
ومتوسطي	1
سينشط	1
أرحب	1
نيباد	1
انتخابها	1
والبلاتنيوم	1
المزايدة	1
والعالمية	1
بالصحراء	1
مجدية	1
ستواجه	1
للمزارعين	1
المزارعين	1
مجزية	1
توريدها	1
الملاحي	1
النهري	1
ويساهم	1
ومساهمة	1
وبتروجيت	1
الكراكات	1
وسيتولى	1
بمعدات	1
والإنارة	1
والشمندورات	1
ويستغرق	1
يزورن	1
اختتمت	1
وتقصي	1
للخطابات	1
والبريد	1
والطرود	1
للبدء	1
استرشادي	1
والشبكة	1
للخدمات	1
ونرحب	1
إلكترونيا	1
بالمراكز	1
مكتباً	1
وينفذ	1
القصور	1
لمشتري	1
لاتفاقية	1
الصوامع	1
مبادلة	1
للقواعد	1
كمعونة	1
للصوامع	1
إنشاءه	1
والإشراف	1
يقيّم	1
المعدة	1
للقمح	1
ويقلل	1
استوردت	1
وصينية	1
قطعتي	1
لشركتين	1
أخريين	1
بالمرحلة	1
شتانج	1
والمقامة	1
برأس	1
والبطاريات	1
لخلط	1
الخرسانة	1
لتموين	1
غبور	1
وصيانة	1
مربعة	1
بتنفيذها	1
ومحطة	1
تيدا	1
امتداداً	1
سفارات	1
وبصفة	1
لكينيا	1
ومقترحات	1
الموردين	1
للتعاقد	1
للسكك	1
للصيانة	1
وتشييد	1
تليكوم	1
وتصميم	1
والكهروميكانيكية	1
الرجوي	1
وجزائري	1
عاملة	1
وملحوظاً	1
الميادين	1
والتوصيات	1
ونتيجة	1
بالأردن	1
لمستويات	1
المغربية	1
ورابطة	1
للمجالس	1
جماعياً	1
لإخراج	1
معتمدة	1
لمعاني	1
نرحّب	1
التنويه	1
مادام	1
ترجم	1
واللهجات	1
مهمّة	1
والحضارية	1
إيحاء	1
معلنة	1
كامنة	1
مستجدة	1
للاستفحال	1
قاوم	1
يتزعزع	1
بمنأى	1
نام	1
حرير	1
أخطأ	1
التقت	1
ترسانات	1
والأحلام	1
هجمة	1
وعدوانية	1
وعبوات	1
احتقان	1
والفشل	1
وشيوع	1
نحره	1
ساحق	1
تخوفت	1
فالانتصار	1
جزئية	1
ستشعل	1
ومحاولات	1
ودمر	1
بداياته	1
أجازتها	1
رقصة	1
التانجو	1
والرقص	1
الألغام	1
قنبلتها	1
لهجته	1
يتأخر	1
ولنا	1
نتخيل	1
نستيقظ	1
لنرى	1
ركاماً	1
بالحلم	1
يضيع	1
وقلب	1
أدوار	1
وأدوار	1
أهدافهم	1
وتستعد	1
بإدراج	1
منهاجهم	1
الرمحين	1
بطلاب	1
لامتلاكهم	1
أمة	1
حاخام	1
بالكاميرا	1
متلبس	1
ضحاياه	1
ويعرض	1
الاحتيال	1
شريرا	1
فاقترح	1
روحه	1
فانهالت	1
فطلب	1
يحتال	1
ويخدع	1
السائرين	1
أعمى	1
واخترع	1
تفصيلياً	1
جنهم	1
يدفعون	1
كذبت	1
كذبة	1
فيحدد	1
الكذبة	1
ويقرر	1
سيحكم	1
بالعذاب	1
أنقلك	1
الحثيث	1
بالعلوم	1
شهاداتها	1
المفخخة	1
بثه	1
نشأة	1
الأنصار	1
ومعسكر	1
الفاروق	1
والإرشاد	1
وإيقاظ	1
العزائم	1
والهمم	1
عمادة	1
عصمت	1
بصمات	1
تطبقها	1
تطبق	1
يقدمون	1
خبراتهم	1
اكتسبوها	1
سمعوا	1
يتكلمون	1
الخالدية	1
تصعيداً	1
يطبقون	1
نسف	1
الجدران	1
الخرسانية	1
الأسلاك	1
والبراميل	1
المملوءة	1
بالأسمنت	1
أصابع	1
بالتغلغل	1
أفراده	1
والاغتيالات	1
لشخصيات	1
للموساد	1
لتمهد	1
أطماع	1
حيفا	1
الأغلى	1
وغزو	1
وحلوى	1
ديني	1
يداعب	1
أحلام	1
للمعابد	1
حزقيال	1
الكفل	1
والنبي	1
عزرا	1
أوليائهم	1
وآثارهم	1
تتضافر	1
وإخضاعها	1
لنفوذهما	1
اقتصادات	1
والماضية	1
صرفه	1
للعملات	1
تقوّم	1
تبخر	1
جيدو	1
ماركو	1
نتبنى	1
وعملياتها	1
نبذل	1
جهدنا	1
خطوتهم	1
والمعروضة	1
لدرسها	1
لعرضها	1
نوابه	1
يرقدون	1
وسوء	1
لكثير	1
بأمراض	1
وأيده	1
نفقة	1
البند	1
والعلاجي	1
يحمّل	1
ومصاريف	1
العيادة	1
يؤكّد	1
تحسّن	1
أكّد	1
تحسّنًا	1
جارياً	1
التحسّن	1
وقياداته	1
أثبت	1
رضاه	1
إقالته	1
تردى	1
وركود	1
وتدني	1
ويعني	1
وعبيد	1
لرضا	1
أركانها	1
وأخذ	1
مشورته	1
يجتمعوا	1
أتش	1
ووهبة	1
هندوسة	1
أستاذة	1
وأيمن	1
لاظ	1
وشخصه	1
متحرر	1
الأهواء	1
المصرفيين	1
يتبعون	1
التحررية	1
بالتغييرات	1
ابتزاز	1
والاستغلال	1
تجريم	1
للممارسات	1
لموسى	1
بمعاداة	1
الغموض	1
بتعريف	1
سيقابل	1
تصوت	1
بالمولد	1
دميتوه	1
بدمنهور	1
والقبطية	1
وأيّد	1
بجلسة	1
لفرد	1
الضريح	1
للحضارة	1
مدافن	1
لأشخاص	1
أثارا	1
يدينون	1
والقبطي	1
مغالطة	1
والرافضون	1
الرافضين	1
يمتنع	1
عدوه	1
أجود	1
وأحسن	1
وأرخص	1
شرعاً	1
بالصحابة	1
لبلاد	1
يتعرفوا	1
سلاحهم	1
يبد	1
ندماً	1
للحاخام	1
لاو	1
جاءني	1
عدوي	1
يزوروني	1
يسألني	1
يتفاهم	1
فلازم	1
أسمع	1
أهلا	1
وسهلاً	1
فسأرد	1
وأخزيه	1
ويستمع	1
منتقديه	1
بالجهل	1
وصفوني	1
يقرره	1
فأقول	1
بالاعتداء	1
غضبه	1
ونظامه	1
بالإجرام	1
للمحتل	1
وجرائمه	1
ترتكب	1
بالاستعانة	1
بالقوات	1
خلصت	1
معي	1
بالرأي	1
بابي	1
يدخله	1
والشحات	1
وإنني	1
لمكتبي	1
تمنعوا	1
ساخراً	1
للمذيع	1
عتاب	1
فهمت	1
كلامي	1
لسه	1
ينادون	1
بانتخاب	1
واثقة	1
مرحباً	1
بالانتخاب	1
المذيع	1
يرشح	1
ليه	1
تتزايد	1
مواليده	1
والمتباينة	1
تكاد	1
فبينما	1
مولوداً	1
الطريف	1
القليوبية	1
وأنجبت	1
تواءم	1
المنوفية	1
وثالثة	1
للتساؤل	1
أرجعه	1
التبويض	1
الوراثية	1
المتماثلة	1
متماثلة	1
حذّر	1
ستواجهها	1
التعريفات	1
واتفاق	1
الإدارات	1
والملكية	1
بأجور	1
لليد	1
واحتياطيات	1
محليًا	1
للبلد	1
وتأثيرات	1
الأخوان	1
والناصريون	1
يتحالفون	1
والأخوان	1
مرسي	1
أذاعته	1
تنفه	1
وإيضاح	1
للأموال	1
الناصريون	1
جماعي	1
ارتباطها	1
المناهج	1
لتفريغها	1
مفاهيم	1
ومحوريتها	1
عروبتها	1
عروبة	1
مزالق	1
وثقافي	1
محورية	1
التقديرية	1
وتحصر	1
بنودها	1
وتبحث	1
وتتدفق	1
لمفردات	1
كواليس	1
المساندة	1
تكف	1
ومتطلبات	1
ويلفت	1
بالبنية	1
لبيئة	1
تخشاه	1
يبت	1
خطتها	1
ستسمح	1
بإسقاط	1
الملقى	1
تمكينها	1
بشريحة	1
والأقل	1
كود	1
أرقاماً	1
ترقيم	1
والأحواض	1
الاشتراطات	1
لتوفيق	1
بجمعية	1
سيفرض	1
للحفارات	1
لإمدادها	1
بمناقصات	1
وتعويض	1
دائر	1
تحدتها	1
العشوائي	1
أقرتها	1
بتفاقم	1
والتعاطي	1
حتمت	1
فرعاً	1
للأسمنت	1
ومشروعان	1
أوشك	1
وبنوك	1
وهامة	1
واستطلاع	1
معرضاً	1
تطرحها	1
اتفاقيتين	1
والأشغال	1
الشلل	1
والارتباك	1
بنوداً	1
لمتغيرات	1
والشراء	1
والمساحات	1
التعويضات	1
إجهاض	1
بفشل	1
يحتكرون	1
فائقة	1
تنافسية	1
وتقاوي	1
زمناً	1
للمنتجين	1
بالسلع	1
كالخضر	1
نيكي	1
نيوين	1
للأوراق	1
ومؤشرات	1
لدمج	1
وجنوبها	1
بالبورصات	1
باتفاقيات	1
تستهدفه	1
والإنجاز	1
تتواكب	1
للبورصة	1
البورصتين	1
وميسرة	1
والتراخيص	1
صغار	1
ومعاونة	1
ين	1
بالزعفرانة	1
والمتجددة	1
وأية	1
وفوائده	1
لكهرباء	1
للمحطة	1
تشغيلها	1
تفاقمت	1
وألياف	1
المحالج	1
بتحرير	1
واشترطت	1
يتلاءم	1
إمكاناتها	1
وخبرتها	1
للمنسوجات	1
صناعاتها	1
جنبها	1
بالملابس	1
ويحرمها	1
لحدة	1
سيعيد	1
ستزداد	1
والصباغة	1
طارد	1
وسلبي	1
ومساند	1
وتأهيل	1
تحفيز	1
القطعية	1
مساهمين	1
وحامض	1
سماد	1
سلفات	1
النشادر	1
وبطاقة	1
السلفات	1
السماد	1
ضريبيا	1
بعناية	1
بجودة	1
تشييدها	1
تسهيلاً	1
للإطلاع	1
توفره	1
المطور	1
بأرض	1
ساخناً	1
وتهددها	1
خامة	1
للاستماع	1
تصعيدها	1
إيهاب	1
بالسهولة	1
يتصورها	1
احتكاراً	1
لخامة	1
للرضوخ	1
يهددها	1
والرقابة	1
بهدوء	1
انفعال	1
والإسراع	1
تبذلها	1
والحرة	1
كمنطقة	1
والمطارات	1
وتنوعها	1
والمتقاعدين	1
منتجعات	1
روماتو	1
للتحديث	1
يمول	1
للتدريب	1
مركزا	1
لصناعات	1
ومركزاً	1
أسبانيا	1
تشيكية	1
ميدوسلاف	1
سومول	1
وإيجاد	1
وانضمام	1
ويلبي	1
وتنقية	1
ومكوناتها	1
الطلمبات	1
والبلوف	1
مطاحن	1
الغلال	1
مضارب	1
لتجميع	1
كالسيارات	1
والجرارات	1
البتروكيماويات	1
المسبوكات	1
كالعدد	1
اليدوية	1
والسيور	1
روماني	1
محولات	1
بيوبيسكو	1
وستشهد	1
العدادات	1
لأقل	1
ومستحضرات	1
قابله	1
بانتقادات	1
اختلال	1
رومانية	1
ترقى	1
لمستوى	1
كوينج	1
أووه	1
ولقاءه	1
ومحادثاته	1
مواتية	1
واستكشاف	1
بدفعة	1
المطردة	1
والمؤشرات	1
أرضها	1
اجتذب	1
للكوريين	1
بالمناخ	1
كرست	1
ومقوماتها	1
والإبداعية	1
الاقتصاديات	1
البازغة	1
وافتتاح	1
أنشأته	1
لياقت	1
جتوني	1
ووزيري	1
بشهرة	1
للأقطان	1
باختلاف	1
أطوال	1
تتعاونان	1
خامتي	1
الجرانيت	1
المشغولات	1
الحلي	1
يستحوذ	1
الماسات	1
متوافر	1
والمشغولات	1
كنوع	1
رخص	1
بمثيلتها	1
السرجاني	1
للمجوهرات	1
ولائحة	1
المنبثقة	1
وعدداً	1
أعدت	1
والهندسية	1
ويقام	1
هامشه	1
اليونيدو	1
وأمين	1
الحمراني	1
اركوم	1
البروبلين	1
عكفت	1
والمنازعات	1
الشكوى	1
والوزارة	1
لترويج	1
بخليج	1
بالمستثمرين	1
المكتبية	1
أسترالية	1
مركزات	1
مشروب	1
الفيروز	1
لتصديره	1
للمشروبات	1
بالخارج	1
بتكنولوجيا	1
الايرلندية	1
بطمي	1
المترسب	1
واستثماره	1
حماسه	1
لفكرة	1
الرقعة	1
وآلافاً	1
وعضوية	1
الشحات	1
باليابان	1
وكلفته	1
بالتفاوض	1
راودت	1
يضيفه	1
لشفط	1
وضخه	1
لمعالجته	1
وإعداده	1
استصلاح	1
لصادراتنا	1
والخضر	1
بعشق	1
بالأقصر	1
وأسوان	1
إعاشة	1
واستشفاء	1
للمسنين	1
للاستمتاع	1
بدفء	1
وسحر	1
الزراعات	1
بمجرى	1
طمي	1
الأعظم	1
أنهى	1
بتفاؤله	1
بالعائد	1
حافز	1
معتنقي	1
كفاراً	1
الزفزاف	1
الإفتاء	1
يحكمون	1
بالكفر	1
الملة	1
بالصهيونية	1
تفند	1
فتاوى	1
تكفيرهم	1
أفتوا	1
لنصر	1
المفكر	1
بتكفيره	1
ويلجأ	1
والتأويل	1
نسخه	1
ثابتتين	1
تداوله	1
لطعنه	1
المعطي	1
والإبداع	1
وثقافته	1
ثقافتها	1
مصادره	1
التوصيات	1
يصدرها	1
لشبابنا	1
بالضبطية	1
تمكنهم	1
لثقافته	1
وعقيدته	1
نزاهة	1
وحيادهم	1
اتهامهم	1
يشبهون	1
المتضررين	1
يلجأوا	1
شعروا	1
للفكر	1
حظرت	1
وقصرت	1
بلاغات	1
قرينة	1
وتدفق	1
الافتتاحية	1
ووفوداً	1
وتنظمه	1
سيدات	1
هدى	1
يسي	1
المحصلة	1
بالتطلعات	1
والآمال	1
وقوانين	1
المستحدثات	1
فيتطلب	1
محدودية	1
وموسعة	1
التضارب	1
نجمت	1
الصيرفي	1
وكيلا	1
والبدري	1
ويحمّل	1
للإحصائيات	1
يسري	1
المحسن	1
أرباب	1
والمرأة	1
المعيلة	1
الفراق	1
الصارخ	1
لغالبية	1
إلحاقهم	1
بمستشفيات	1
الجنون	1
يعجزون	1
مادياً	1
استقطاع	1
الزيجات	1
أكدها	1
المتزوجين	1
المطلقات	1
والأرامل	1
الزوجات	1
ضآلة	1
الملتهبة	1
لقرى	1
ينشغل	1
وحلقات	1
استيطانياً	1
الاستيطانية	1
لبيت	1
تذعن	1
ويمهد	1
وواجبها	1
باحتمالات	1
صدد	1
هعير	1
أعدتا	1
استيطانية	1
غالبيتها	1
يقطنون	1
برتقالية	1
يحملها	1
فلسطينيو	1
تمنعهم	1
ويمنع	1
تمدد	1
تواصلاً	1
يقطع	1
هارحوما	1
مكثفاً	1
لمساكن	1
باهر	1
وقرية	1
غائبين	1
الغائبين	1
ووجودهم	1
قربها	1
سيطلق	1
للاعتماد	1
لمبادرة	1
تسميها	1
كوندوليزا	1
جمعتهم	1
معاونها	1
بلاكويل	1
مكلف	1
والفكرة	1
والحريات	1
ومسار	1
نبهوا	1
تساءل	1
ووسيلة	1
فنفت	1
تستخدمها	1
للإحجام	1
وأتبعت	1
بأمثلة	1
واقعاً	1
فأيد	1
شرحها	1
للناتو	1
لتتولى	1
عسكرة	1
الأوسطية	1
التسييل	1
مصرفان	1
اسميهما	1
بتمويلها	1
وبتطوير	1
كمستشار	1
والجدير	1
ومجموع	1
المساهمين	1
يتواجد	1
بتوسيع	1
سيفتتح	1
فرعا	1
ومنسجمة	1
مديونيات	1
لتسويتها	1
تتجسد	1
مانع	1
خليجيين	1
غلق	1
لجدولة	1
بمواعيد	1
سودانية	1
مهملة	1
وأثاث	1
وسجاد	1
يصلح	1
أثاث	1
تصديراً	1
واستيراداً	1
وتصنيعاً	1
وحذروا	1
الضعيف	1
ميزانها	1
عجزها	1
موازنتها	1
الفاتورة	1
احتياطيات	1
مقومة	1
ستحتاج	1
مديونياتها	1
عملاتها	1
للمستوردين	1
استحوذت	1
الوسيطة	1
وجيبوتي	1
المقابلة	1
والزيوت	1
والمحاصيل	1
وبذور	1
الكمون	1
والكربون	1
وخضراوات	1
سيلكون	1
وشموع	1
وأرز	1
وأسمنت	1
والإطارات	1
المطاطية	1
بلاستيكية	1
العطارة	1
البوتان	1
والكابلات	1
تفوز	1
شركتان	1
مصريتان	1
للتركيب	1
الاستشاريين	1
بمعايير	1
والتوريد	1
وكفاءة	1
تصنيعه	1
التحاليل	1
المختبرات	1
للإنشاءات	1
مورديها	1
الإعجاب	1
القطاعي	1
والحبوب	1
راتنجات	1
ولدائن	1
كيماوية	1
الإحصائيات	1
والمجفف	1
سرة	1
للفاصوليا	1
المجفف	1
للخيار	1
غزل	1
لحصص	1
للمتابعة	1
والقطن	1
الملحي	1
لغرب	1
بالمكتب	1
ثلاثية	1
تبرمها	1
وحصول	1
وكايرو	1
أبرمه	1
حصته	1
لاستحواذ	1
وإعلانها	1
نأمل	1
هالة	1
شرارة	1
والسعر	1
وتنفيذها	1
ودمجهما	1
نعارض	1
ستعارض	1
السيناتور	1
آرلن	1
بانتمائه	1
وبموازاة	1
عزمه	1
بروكلين	1
وكوينز	1
والأحزاب	1
فالمعلومات	1
أياد	1
قوبلت	1
بالرفض	1
بتوصية	1
صداقة	1
موثوقة	1
البعثيين	1
الحيز	1
مداولات	1
البعثية	1
يعارض	1
محذّراً	1
عواقبه	1
الخطيرة	1
السلم	1
يتطور	1
أعضائه	1
ثانوياً	1
ويقتصر	1
ستشنها	1
مغاربية	1
العصا	1
العجلة	1
للنفوذ	1
والأوروبي	1
لتونس	1
زائد	1
الراديكالي	1
هدم	1
وتتعدد	1
المجاهدون	1
العاجلون	1
أوجلان	1
وتخلي	1
وخاضت	1
قبلان	1
متين	1
يصنف	1
الهجومين	1
الكنيسين	1
اليهوديين	1
وتأسست	1
نواتها	1
آق	1
دوغوش	1
وتدعو	1
تجسدها	1
وممارستها	1
وبمؤسساتها	1
التيجانية	1
الرفاعية	1
والقادرية	1
المولوية	1
إلخ	1
وخلفائه	1
النورية	1
بديع	1
غولين	1
منفياً	1
يني	1
ومؤسسها	1
توتلولار	1
السليمانية	1
تشدداً	1
نظائرها	1
العجزمندية	1
الايشيكتشية	1
ابتدأت	1
وورثه	1
السلامة	1
وجميع	1
ورئاسة	1
الضغوطات	1
فحظر	1
وحكم	1
كامتداد	1
وتراجعت	1
تيارين	1
تجديدي	1
جول	1
وتقليدي	1
لانقسام	1
وتأسس	1
انتصاراً	1
كاسحاً	1
ونال	1
خولته	1
ينل	1
زعيماً	1
التقرب	1
اعتدال	1
اللاسامية	1
ومعاداة	1
التعقيب	1
أمريكيون	1
للتجسس	1
وستتولى	1
وإمداد	1
والاستخباريين	1
وإياد	1
لانغلي	1
والوكالة	1
غربلة	1
لتجنيد	1
الصالحين	1
الموثوف	1
يتلقون	1
دروساً	1
وعلماء	1
بإشراف	1
الحلة	1
والنجف	1
والديوانية	1
الانبار	1
مايفيلد	1
استخباري	1
وسيجعل	1
عقيمة	1
ناجعة	1
هرتسيليا	1
انصراف	1
وأعد	1
سابقين	1
موساد	1
شاباك	1
عميدور	1
محافل	1
هوياتها	1
يناور	1
بروز	1
موتاً	1
سيضعف	1
يتزعمها	1
تتسلم	1
بعهد	1
متمكنة	1
ونظيفة	1
لفراغ	1
الإغلاقات	1
تفرضه	1
وأضعف	1
ويحمل	1
والقائمين	1
بحائط	1
المبكي	1
الباطلة	1
والمخالفة	1
وقّعوا	1
فحائط	1
عصبة	1
بملكية	1
وقفاً	1
وجزءاً	1
ليسلموه	1
ويطلقون	1
وبهتاناً	1
المبكى	1
ومخالف	1
تمس	1
وتساوم	1
ومقدساتها	1
الإسراء	1
والمعراج	1
أوفياء	1
لديارهم	1
اللندنية	1
والتراشق	1
وتجاوز	1
سيناريوهات	1
لتوصيل	1
خطاً	1
أحمر	1
والمتخصصون	1
الاستفهام	1
وقوف	1
والاستفزاز	1
لإجماع	1
الطوق	1
والتسوية	1
الأسبقية	1
ارتكبت	1
إضعاف	1
تحبطها	1
ببدء	1
متكرر	1
لتكشف	1
للتفاهمات	1
لخريطة	1
تعتدي	1
إشعال	1
ارتكبتها	1
مجنزرات	1
خرقت	1
واجتياح	1
عدوانية	1
والتزاماته	1
شبر	1
وتأديب	1
يجرؤ	1
انتهاكاتها	1
إملاء	1
وتكرار	1
تجازف	1
بميزان	1
فباستثناء	1
اسحق	1
رابين	1
نقضت	1
فبيريز	1
فباراك	1
ينفذوا	1
تكسبها	1
كالجبهة	1
رادع	1
كحزب	1
دفاعية	1
ويحدث	1
مسوغ	1
كمعطى	1
المتخصص	1
فالثابت	1
إدراك	1
والجغرافياً	1
والديموجرافيا	1
شريكاً	1
كالعدوان	1
محنتها	1
العدواني	1
محمل	1
الجد	1
يستتبع	1
تتهدد	1
الحساسية	1
محكومون	1
وتوابعها	1
وبعلاقتهم	1
غليان	1
ونقمته	1
تبنيها	1
وهيمنة	1
وتفويض	1
وجيشه	1
لاحتمال	1
لمهاجمتنا	1
وأقول	1
نفاجأ	1
التهجم	1
والتربص	1
والتصعيد	1
وأصدقاء	1
وشل	1
مواجه	1
المتواترة	1
إبرازها	1
بضرب	1
بالقنابل	1
وإغراق	1
ووادي	1
واحتلالها	1
بمعاقبة	1
بتهريب	1
الموصلة	1
الزعم	1
وتحريض	1
الترويع	1
تشيعه	1
وإعلانات	1
الاستباقية	1
الجزم	1
مستبعد	1
المستهدفين	1
تكفير	1
أوجز	1
المستفزة	1
رأفت	1
راكد	1
لتأهيل	1
المتهالكة	1
لشكاوى	1
الماليين	1
وتسببها	1
التالف	1
والفاقد	1
بتعويم	1
التعويم	1
المحكوم	1
ونفت	1
تركته	1
لعوامل	1
أعلنا	1
حر	1
محكوم	1
تعويماً	1
التشوش	1
أرجعوا	1
الشرسة	1
المصنعين	1
اهتمامات	1
لباقي	1
قطاعاً	1
تتصدى	1
والمنح	1
ابتعاد	1
شكلين	1
متوسطة	1
وثانيهما	1
لتسهيلات	1
الشكلين	1
فالبنوك	1
شكليها	1
أضيق	1
واختلافات	1
عبئها	1
بنكاً	1
فوائضها	1
والاعتماد	1
ويتفق	1
لتراجع	1
ويستطرد	1
فحجم	1
متاحاً	1
الفترات	1
تسويقه	1
بإحلال	1
اتجاههم	1
والزراعية	1
معتز	1
رسلان	1
بنكين	1
يستعدان	1
لاقتحام	1
ستعدم	1
لاستثماراتهم	1
الناظر	1
عمن	1
يزرعها	1
وتتكون	1
بمساهمات	1
لمستقبل	1
بأعضاء	1
وإصدار	1
ومحددة	1
والتكليفات	1
وتوطين	1
للثروة	1
قاطرة	1
المساهم	1
حيزاً	1
أنشأتها	1
وأبحاث	1
وأسواقها	1
بالهيئة	1
السياستين	1
طردها	1
والأفراد	1
لتراجعه	1
ومسارعة	1
تخوفاً	1
لخسائر	1
وعزوف	1
تصريفها	1
موسمي	1
لإشارات	1
يربطها	1
وديعتين	1
الوديعة	1
سحبه	1
للسيولة	1
وخصمها	1
بسحبه	1
ودائع	1
ستنشئ	1
ستهتم	1
بالمنشآت	1
محاسبية	1
مبسطة	1
بياناتها	1
البقالة	1
وترتيب	1
المنشأة	1
ينتظم	1
مبسط	1
الداخلين	1
يعلموا	1
وسيذهب	1
للآثار	1
قررها	1
وعلل	1
زاهي	1
وترميمها	1
إخطارهم	1
منظمي	1
ووكلاء	1
لترميم	1
يحافظ	1
عظمتها	1
تجذب	1
الترميم	1
واستقر	1
البنكنوت	1
المزاولي	1
وثبات	1
إدلاء	1
فجائية	1
لحائزي	1
بالتفتيش	1
واتبع	1
تساوى	1
السعرين	1
التدخّل	1
ويتحسب	1
الاقتصادات	1
وتيرته	1
يضبط	1
نبض	1
إجراءاتهم	1
سيمتد	1
إنفاقها	1
وبخلاف	1
فلديها	1
كأقساط	1
وفوائد	1
فنجد	1
فحصيلة	1
أضف	1
للتحويل	1
فالسوق	1
فلدينا	1
منفصلاً	1
للطلب	1
يبيعون	1
للمضاربة	1
إنفاقاً	1
لعجز	1
بطالة	1
لليورو	1
وأعتقد	1
ينخفض	1
تداركه	1
متأخرات	1
تنفذان	1
للمحافظات	1
مطالبتها	1
مستحقاتها	1
وإحجام	1
المتأخرة	1
للقومية	1
الإسناد	1
والإنشاءات	1
إيجيكو	1
واتفاقاً	1
لغسيل	1
بالكروت	1
والبطاقات	1
مكفولة	1
تبانيا	1
لعمولات	1
بالتزامن	1
لصافي	1
وتأثرت	1
بزيادتها	1
بالنشاط	1
وضريبة	1
أصوله	1
المنصرم	1
ليحقق	1
لعائد	1
وعائد	1
العوائد	1
مراقبو	1
تقريرهم	1
ونتائج	1
لديون	1
عملائه	1
آلت	1
سوسيته	1
ليسجل	1
أجركول	1
المنتهي	1
الخطورة	1
توسعه	1
والدولي	1
السهم	1
يسوده	1
والهدوء	1
لأية	1
ينعقد	1
إسراع	1
للمركزي	1
بالتصريح	1
بتشكيله	1
وسيسع	1
وإعلانه	1
واليورو	1
الرؤى	1
وهبوط	1
تداعياته	1
تستحوذان	1
لاحتياطيات	1
كالدولار	1
ينحسر	1
الاكتناز	1
وتابعوا	1
لقاءه	1
استمد	1
إعراب	1
للاضطلاع	1
محوري	1
ردم	1
للإذاعة	1
ولمح	1
وسأكون	1
وأرجو	1
تمهد	1
بمبادرته	1
المغلق	1
الجاسوس	1
محكومية	1
لمس	1
تفهماً	1
للضائقة	1
والمناسبة	1
تجاوباً	1
سيوقعه	1
مستقلون	1
صحافياً	1
زميلاه	1
العضوان	1
نصوصه	1
تتطابق	1
العربيات	1
البالغين	1
إيدز	1
تشغلها	1
إجماليها	1
موريتانيا	1
الأمهات	1
وممارسات	1
عدالة	1
افتتاحها	1
معادياً	1
للسامية	1
ويحض	1
فترينة	1
والنادرة	1
باحثون	1
ومؤلفون	1
مجملها	1
العقاد	1
بالثقافة	1
والتابعة	1
تحريضية	1
ويزنتال	1
وأوعز	1
وأعضائه	1
ورسائل	1
بالبريد	1
لمعاداة	1
والحض	1
اختياراً	1
للذوق	1
بالمكتبة	1
منافع	1
تسللهم	1
لاستبعادهم	1
انتماء	1
أمانات	1
ومقاولون	1
ولبعوا	1
يقترحها	1
والتليفونات	1
وأطلعت	1
جرد	1
مبدئي	1
وتلاحظ	1
تشعب	1
لاستغلال	1
موثوق	1
تجرأوا	1
ليتمكنوا	1
منتجاتهم	1
التف	1
وتسببوا	1
الإساءة	1
والتجديد	1
الارتباك	1
وقيادات	1
ويشغل	1
ويدور	1
وخصخصة	1
الخدمية	1
الوصايا	1
وتوزيعه	1
وأدباء	1
الإبداعية	1
أديباً	1
للشهاوي	1
لأخذ	1
يحتوى	1
تدعوها	1
وجسدها	1
بغير	1
تحفظ	1
تستحي	1
والتحفظ	1
ضمّن	1
مسيئة	1
وأمر	1
التحفظ	1
قرأته	1
وأقرته	1
يسيء	1
تمجيداً	1
للذة	1
الجسدية	1
يسوق	1
آيات	1
موضعها	1
ويستشهد	1
والفسق	1
والتعري	1
واتسعمال	1
وإخراجها	1
معناها	1
تعالي	1
وإسناد	1
كفراً	1
والاستشهاد	1
بكلام	1
التصوف	1
والدعوة	1
الفاضحة	1
للفسق	1
والتجرد	1
الحياء	1
الكنايات	1
فاضحة	1
مفضوحة	1
ونشره	1
تنفع	1
وتحمي	1
المزالق	1
والمهالك	1
وعليها	1
تشيع	1
اشتمل	1
عبث	1
والتجرؤ	1
وخلعها	1
الأنثى	1
وتحريف	1
المتصوفين	1
عباراتهم	1
قصدوه	1
المنصفين	1
يخافون	1
وتداوله	1
مبالغة	1
سليطان	1
شاقة	1
فبين	1
والأهداف	1
وخيارات	1
تعريفاتهم	1
متباعدة	1
وواعدة	1
التفريط	1
لقصور	1
يستدرج	1
والتطبيع	1
يحلم	1
تتعايش	1
لمشاركين	1
سلميان	1
فإدارة	1
سلمي	1
نظرتها	1
بعيني	1
بأقل	1
ستسلكه	1
المصافحة	1
التنازلات	1
مشعل	1
ورمضان	1
جبريل	1
يرحم	1
المنشغل	1
سيغرق	1
والتليين	1
وتبقي	1
مفتوحاً	1
تتفاءلوا	1
يستمع	1
مفردات	1
التطمين	1
يتلوها	1
والحصاد	1
فوليام	1
حالمة	1
الديباجات	1
قصوراً	1
بأقدام	1
ثقيلة	1
وتسكنه	1
يتحاورون	1
فجيش	1
أعلنوا	1
وأوقفوا	1
يراه	1
يمضون	1
باختياره	1
والحال	1
تحاصر	1
التطمينات	1
تتجاسر	1
الامتداد	1
والحوارات	1
المكتوبة	1
ولحم	1
ورجاله	1
معارضيه	1
فالمتحاورون	1
يبتهجوا	1
يفرطوا	1
خرجوا	1
متفقين	1
اتفاقهم	1
ومختلفين	1
خلافهم	1
فالحوار	1
والمشاركون	1
يقولونه	1
أجندة	1
الأثنتى	1
أحرف	1
مؤازرته	1
يشنها	1
ومؤازرته	1
وإسلامياً	1
وللمسلمين	1
البرلمانيين	1
لمحاسبة	1
البدرشيني	1
وأهدافه	1
المثلى	1
جسور	1
المنعطف	1
فك	1
مكانته	1
امتلكوا	1
منقطة	1
يتخوفون	1
تأثيره	1
النبأ	1
يلامس	1
محدثه	1
بنشاطات	1
بتلقي	1
بالأكراد	1
قالته	1
مصادقة	1
الأعمار	1
سينتقل	1
سكاني	1
وستمثل	1
وبلاد	1
واستناداً	1
سيمثلون	1
الخصيب	1
والهجرة	1
الديموغرافي	1
عاملاً	1
وسيقل	1
نيته	1
مطروحاً	1
للمرحلة	1
المحيطين	1
واللافت	1
الإشاعات	1
تتبناها	1
والأمريكيين	1
للإبقاء	1
وتوريثه	1
اللغط	1
ومعتبراً	1
حريصاً	1
سيستلمها	1
خافياً	1
كمرشح	1
بترشح	1
معبراً	1
فرأى	1
ليحدد	1
للذين	1
يجيبون	1
مسيء	1
وينتقص	1
إهانة	1
ملاحظة	1
أموالاً	1
بالدينار	1
بقرض	1
أمية	1
وبعده	1
وتعميرها	1
صحراء	1
جرداء	1
دماؤهم	1
بإعطائه	1
الحجة	1
الاعتذار	1
والخارج	1
صفته	1
ودعاهن	1
الملتزمة	1
اصنعوا	1
مبرراً	1
التزاماتهم	1
حقكم	1
التزاماته	1
الطاعة	1
للحق	1
منعكم	1
يمارسوا	1
حريتهم	1
والاعتراض	1
كمواطنين	1
كأصحاب	1
وارتفاعه	1
ببيان	1
دهشتهم	1
نقدي	1
ألغاها	1
دهشتها	1
حقيقياً	1
إخواني	1
أحزابهم	1
وتنظيماتهم	1
ويتبنى	1
الإخواني	1
محبوساً	1
لعملها	1
تربت	1
التأسيسي	1
لجمعيته	1
الشمولي	1
والتنظيمات	1
الشمولية	1
والتقاليد	1
الموروثة	1
اقتصر	1
وهدفها	1
وكرامة	1
والفكرية	1
بدوي	1
وإبراهيم	1
بكري	1
نجيدة	1
وعصام	1
منتصر	1
الزيات	1
ومنى	1
إمبابي	1
وأميمة	1
وعاطف	1
البنا	1
علوان	1
فضيلة	1
باستجابتها	1
المضطرة	1
نيقولا	1
يسمحون	1
لغيرنا	1
شئوننا	1
تخوفه	1
ينقلوا	1
مغالطات	1
القاطع	1
الفريقين	1
علانية	1
وطنطاوي	1
الشارات	1
الصبور	1
أفتى	1
مسلمو	1
مغاربيون	1
استقبلت	1
لشيخ	1
وأراد	1
وأكرر	1
أعارض	1
تشاوراً	1
مستمراً	1
باستصدار	1
تنصب	1
المعتمدين	1
المظاهر	1
تكلم	1
للبابا	1
وموضوع	1
تقاليدها	1
ونظرتها	1
الموانع	1
المفتعلة	1
والمؤتمر	1
زعمت	1
ومواطني	1
كسلعة	1
اختيرت	1
وتعزز	1
بفاعلية	1
مدية	1
بم	1
فرصتها	1
المرحّل	1
جودت	1
الملط	1
بسداد	1
وأقساط	1
والخارجية	1
إيراداتها	1
بالاستخدام	1
للطاقات	1
كفاءتها	1
المخالفين	1
مواعيد	1
ووصول	1
تأخيرها	1
وزمن	1
التقاطر	1
مسيحيي	1
عيدي	1
سيل	1
وتحقير	1
أهله	1
وتزيين	1
الإلحاد	1
السيل	1
إيمانه	1
بالمسيح	1
الأخلاق	1
العفة	1
والحياء	1
والشرف	1
والفضيلة	1
والصفح	1
والغفران	1
تعانيه	1
ويلات	1
عجب	1
المعاناة	1
شادوا	1
والعنصرية	1
والانحلال	1
الأخلاقي	1
ومدنية	1
لتحدي	1
المنيع	1
الجهل	1
وحجب	1
يؤديان	1
مهازل	1
ويتعاون	1
والأمومة	1
راهناً	1
الفردية	1
للمراهقات	1
وتمكينهن	1
حقوقهن	1
آرائهن	1
لوجهة	1
نظرهن	1
حاجاتهن	1
والعرفي	1
والفتاة	1
وختان	1
السفيرة	1
سيجري	1
ليتعاملوا	1
المناحي	1
الوعي	1
والأبناء	1
ومكانة	1
الصفر	1
بإذعانها	1
الإملاءات	1
عني	1
يعقل	1
تستأنف	1
سلفه	1
مسمع	1
للف	1
والدوران	1
إيحاءات	1
مصلحتها	1
وتحشر	1
عناه	1
وعاود	1
الضائقة	1
وأعادوا	1
معني	1
معمق	1
قناعته	1
الجمود	1
وكرد	1
لتتأكد	1
لسلوك	1
استخباراتية	1
أفكاراً	1
سورياً	1
بديناميكية	1
وملف	1
سينطبق	1
وتزامن	1
احتلاله	1
أطلقها	1
عيبال	1
بأكملها	1
وخلع	1
بزته	1
غلعادي	1
حاربنا	1
هدفنا	1
انتعاش	1
وأجمع	1
مشيرين	1
الشروق	1
وسيزيد	1
سيتوقعون	1
تدافع	1
وتهبط	1
بعكس	1
القائدة	1
للمحافظ	1
والصناديق	1
لتعاود	1
اتجاهها	1
الصعودي	1
لإبقاء	1
خفضها	1
دايناميك	1
بياناته	1
فزادت	1
مصنعي	1
ثبوت	1
توقعاً	1
لقواعد	1
عفت	1
العاطي	1
فيشير	1
الجات	1
طرفية	1
فيتوقع	1
لنقطة	1
والإقبال	1
يقبلون	1
سعرها	1
اطمئنان	1
فسيجدون	1
يخسروا	1
لتقنين	1
انضمامها	1
والمفوضية	1
موائمة	1
باسكال	1
لاميه	1
تلقائياً	1
بميزة	1
معفاة	1
والنوع	1
بالاتفاقيات	1
كاتفاقيات	1
والاتفاقيات	1
تحكمها	1
المنضمة	1
متوقع	1
حدوثه	1
لعلاقات	1
محكومة	1
وقيّم	1
ستجعل	1
أورومتوسطية	1
أقرضت	1
ومليار	1
خصصتها	1
وقروض	1
قروضاً	1
للطبقات	1
والسفارة	1
لماكينات	1
أسوماك	1
ستؤول	1
العارم	1
بالإخلال	1
مصراعيه	1
بمنتجاتها	1
لجنسياتهم	1
تقصر	1
سيخلق	1
اختلافاً	1
والوضوح	1
اللائق	1
يفاوض	1
مطاط	1
ستمنح	1
وبشرط	1
الكثيفة	1
والمنزلية	1
البوتاجاز	1
وأوعية	1
وطفايات	1
متتاليتين	1
قدرتهم	1
طاقاتهم	1
يحضره	1
حرج	1
للصاج	1
وتمتلك	1
أفران	1
معطلين	1
مرتفعاً	1
زيادات	1
احتكارية	1
لتعليل	1
لطن	1
وينهي	1
شبهات	1
شماعة	1
مقبولاً	1
وانخفاضه	1
مغالاة	1
احتكاري	1
قفزات	1
متلاحقة	1
اضطروا	1
لتدخل	1
لامتصاص	1
بتخزين	1
انتعاشاً	1
الوسطاء	1
والمتعلق	1
أغرت	1
وإتمام	1
معللاً	1
مسارعة	1
للاتهام	1
الواضحة	1
عللوا	1
سيطرتهم	1
الاستشارات	1
ووتر	1
الإفصاح	1
بالمشروع	1
ممول	1
لرخص	1
أجر	1
بلجيكية	1
بالكميات	1
تتخطى	1
مرتبتها	1
كرابع	1
مسجلاً	1
حققتها	1
والخيوط	1
الألياف	1
والأنسجة	1
وتضاعفت	1
بندين	1
والفواكه	1
ومركزات	1
العصائر	1
وتسوق	1
حلولها	1
لأنظمة	1
بولاريس	1
أوربي	1
تك	1
وتكونت	1
بالتمويل	1
النقود	1
والرسائل	1
والتوزيع	1
لتوعيتهم	1
بقدرات	1
للتوزيع	1
للمواصفات	1
والطلبيات	1
لتوزيع	1
منتجاته	1
والتجزئة	1
والموزعين	1
شهرته	1
بإصدارها	1
تصدرها	1
متخصصتين	1
والأخرى	1
وكميات	1
تستوردها	1
وعملاء	1
مستغلاً	1
المحورية	1
والمصنعين	1
ومصانعهم	1
فروعاً	1
تسويقية	1
جلب	1
مدرسي	1
المسدد	1
تستقطع	1
للدروس	1
مرتكب	1
خائن	1
للأمانة	1
ولهم	1
متهربة	1
الخفاء	1
السري	1
ويدرسون	1
المرحلتين	1
وللأسرة	1
آفة	1
ويتعامل	1
تقاضي	1
الأجر	1
الكورسات	1
الاعم	1
مربح	1
الكورس	1
الأجازات	1
والكساد	1
قياسياً	1
بتسعة	1
استجوابات	1
والتأمينات	1
رصداً	1
لفشل	1
والأجور	1
والمعاشات	1
والتخبط	1
وارتباك	1
للأجور	1
سالمون	1
برازر	1
لشبهة	1
الضياع	1
والمصادرة	1
خلو	1
الجباية	1
البدري	1
ويناقش	1
واحتكار	1
تريث	1
والمقطوعة	1
عبّر	1
قاتل	1
واستبداله	1
مؤازراً	1
تريثاً	1
الاستعجال	1
وانتظار	1
وإيرانية	1
والإيراني	1
وذرياتهم	1
والتأثير	1
وموزعون	1
للتنظيم	1
قسماً	1
ويعيشون	1
حكلون	1
وبوتائر	1
حقبتين	1
الفاشيون	1
الإيطاليون	1
وبدأوا	1
يضايقون	1
ندر	1
والمرة	1
فاعترضت	1
يعرفونه	1
يطلقون	1
رفائيلو	1
وناجح	1
بالقذافي	1
ويرفضون	1
المتبجح	1
والمستهتر	1
تعتقدون	1
تحسبون	1
براجماتي	1
منهجي	1
أصدقه	1
برامجه	1
وأفكاره	1
بالتعامل	1
الاحترام	1
والحكمة	1
مؤ	1
كدا	1
وتصادف	1
الليبيون	1
يحتفلون	1
إتمامها	1
كلارا	1
كحلون	1
الفرحة	1
فرحتين	1
جيلا	1
جملئيلي	1
والدتها	1
أولت	1
لأثيوبيا	1
يزر	1
بلدانها	1
الفلاشا	1
ففضلاً	1
لاهاي	1
الميلادية	1
سيولي	1
توطيد	1
يقاضون	1
يبادرون	1
استيلائه	1
تركوها	1
مغادرتهم	1
بتأميمها	1
معتبرين	1
أثمانها	1
بعشرات	1
وخمسين	1
هجرة	1
خلفوها	1
ويفكر	1
بالمرشح	1
معتقله	1
نجليه	1
القتيلين	1
عدي	1
وقصي	1
بسجن	1
إعلامي	1
معتقل	1
أقسى	1
يساق	1
تأديبه	1
الصدامية	1
المعتقل	1
منتظمة	1
تستدعيه	1
بتنظيف	1
تواليت	1
بخدمته	1
لإشعاره	1
سجين	1
معنوياته	1
متعاوناً	1
محققيه	1
البرتقالي	1
السجين	1
خيام	1
حراسة	1
بحيازتهم	1
للسلاح	1
شكوك	1
أخلى	1
وزعوا	1
وأم	1
ليستأنف	1
كمطار	1
عم	1
حدت	1
رغد	1
والتلفزيونية	1
المحتجز	1
سياحياً	1
القبيصي	1
سدر	1
اعتمدت	1
تخطيطية	1
متكاملاً	1
مرسى	1
بسعة	1
الدوم	1
بالعين	1
ومرتفعات	1
المخارج	1
المراين	1
مسطحات	1
ليتراوح	1
بتوقف	1
الثلاجات	1
والغسالات	1
المشكّلة	1
والمغالاة	1
أسبوعياً	1
مكورات	1
مسئولا	1
وتكاليف	1
شركاته	1
متبع	1
شهريا	1
شفوياً	1
المتضمنة	1
البيليت	1
المصاريف	1
وتكلفة	1
التسويات	1
الثبات	1
المتوفر	1
تظلماً	1
بإلغائه	1
بتحديث	1
مصانعها	1
يضير	1
نوعيات	1
وقوداً	1
أجرة	1
إلغاؤه	1
تاسك	1
أفيشين	1
لخدمات	1
وبتكلفة	1
ومدته	1
وجوهانسبرج	1
بالإنتاج	1
الطازجة	1
واعتمادها	1
للمصدرين	1
يتمكنون	1
بدول	1
المتكاملة	1
إقليمياً	1
للتوزيعات	1
لمصادر	1
المتجاورة	1
والمستقبلية	1
ولتحقيق	1
المستدامة	1
نظيفة	1
بتأسيسه	1
وأخفقت	1
أجلها	1
القطاعية	1
للتقنية	1
تخزينية	1
بالعمومية	1
وتركيزه	1
التخزينية	1
تذبذباً	1
أقصاها	1
تفضل	1
لسهولة	1
الإلمام	1
ولضعف	1
يعرضها	1
وتايوان	1
اقتصارها	1
الإنتاجي	1
تضمه	1
وزنزبار	1
بخبرات	1
مرموقة	1
الأخر	1
يقتسم	1
كمدير	1
للمدير	1
وتحمّل	1
نفقاتهم	1
شانيانيا	1
كافوي	1
بزراعة	1
هيكتار	1
تعقبها	1
ستنتجها	1
عباد	1
الزينة	1
أحواض	1
سمكية	1
أقامت	1
منشأة	1
أربعاً	1
بمدن	1
والسادات	1
وبدر	1
دروباك	1
وتشجيعهم	1
تتضمنها	1
لأرباحهم	1
قوائمهم	1
محظوراً	1
أضيف	1
اتساقاً	1
وبتسهيلات	1
وبلا	1
الزحام	1
إنتاجاً	1
انتظاراً	1
بتعميم	1
يستوردها	1
سيحرم	1
منفذ	1
للإفراج	1
أيان	1
لسريان	1
نصير	1
الإجرائية	1
عنصراً	1
مشجعاً	1
وليدة	1
جوللر	1
وتصديره	1
رفائيل	1
ريميرز	1
والاستكشاف	1
وتوريد	1
واستخدامات	1
والخبراء	1
والمنتديات	1
كوقود	1
دولفين	1
ناتا	1
للتمثيل	1
والسجاد	1
الأرضيات	1
والكتان	1
شيرتات	1
والمصنوعات	1
والثوم	1
والسيراميك	1
والأعشاب	1
اللمبات	1
المبيدات	1
المقوى	1
وماكينات	1
الخزفية	1
الجراحة	1
ومضخات	1
السوائل	1
سخانات	1
والثلاجات	1
والمبردات	1
والمضخات	1
وأسلاك	1
وضريبياً	1
جمركياً	1
دوله	1
الفحم	1
انطلاقة	1
تدرسان	1
الحكومتان	1
المختارة	1
مباحثاتهما	1
للآليات	1
ومجالات	1
للبطاطس	1
لشركائها	1
ومعايير	1
المكونات	1
باقية	1
تسري	1
ملتقى	1
سبيلها	1
للمبادئ	1
والأسس	1
يخططان	1
كالاستثمارات	1
والخدمية	1
بالجناح	1
فعالياته	1
بالمستوى	1
المميز	1
والمتطور	1
لإبرام	1
لتمثيلها	1
وتتسم	1
للجناح	1
والدهانات	1
استيراداً	1
وتصديراً	1
يفتتحه	1
والمستورد	1
والمشرف	1
ومتانة	1
للأغذية	1
التلوين	1
العطير	1
للحلويات	1
للتمور	1
الحدادة	1
الوديان	1
للدهانات	1
بلشرف	1
للسقالات	1
والشدات	1
آماجد	1
للثلاجات	1
للمكانس	1
والخراطيم	1
المضلعة	1
البلاستكيية	1
للعلب	1
للعصيرات	1
الزامل	1
لألواح	1
الطباعة	1
الذياب	1
أدفا	1
للبطانيات	1
للمراجل	1
للمضخات	1
لمصنعي	1
التمور	1
تحوز	1
إعجاب	1
تحسم	1
وتدشين	1
والتكامل	1
كماً	1
ونوعاً	1
لتتماشى	1
آلياتها	1
محاول	1
استعرضها	1
استضافته	1
وجمعيات	1
للنظم	1
مناقصات	1
وللمواطنين	1
بالمجالات	1
والمستوى	1
وميكنة	1
الآفات	1
ومنظومات	1
فيتعلق	1
بالترتيب	1
والإعداد	1
دوراته	1
مكاوى	1
ومواضيع	1
الامتيازات	1
والمتخصصة	1
رحبت	1
ومهمة	1
يانوس	1
بابانتونيو	1
الأوربية	1
ولكسمبورج	1
فرديا	1
انفصاليا	1
أرادت	1
أوربا	1
كأداة	1
نبدأ	1
اليكم	1
ونتمنى	1
وشكرا	1
هامى	1
لبراءات	1
الرقمان	1
تصدرت	1
استفادت	1
وتحولت	1
القياديين	1
شانتو	1
سيأتى	1
سيمنح	1
الانواع	1
الموشكة	1
الانقراض	1
لشرق	1
كوسكو	1
والرأسمال	1
لكوسكو	1
وتحوز	1
وكوسكو	1
وتشاينا	1
وبحوزة	1
وتخطط	1
لاستئجار	1
واوربا	1
ابرايان	1
وتمخض	1
وطنى	1
جاى	1
يتخليا	1
مهامهما	1
سيبقيان	1
كراتشى	1
والمتفجرات	1
بهجمات	1
السعى	1
أزمتها	1
جدى	1
تصورات	1
السيادى	1
والسياسى	1
تنبثق	1
محنته	1
برزانى	1
والادارى	1
الاخص	1
بتوازن	1
ونقلته	1
لاية	1
موكدا	1
تومن	1
وترحب	1
الاراء	1
المفيد	1
والمستهلكة	1
لقاءاته	1
القطريين	1
لاهمية	1
بالخطط	1
وحدهم	1
نفطهم	1
جزائرى	1
الجماهيرية	1
الليبى	1
بغدادى	1
المحمودى	1
الهاشمى	1
جعبوب	1
ومجمع	1
واجراء	1
عربات	1
الاختزال	1
التاهيلية	1
وفنيى	1
والنسيجية	1
والجلدية	1
وزعها	1
بمراقبة	1
بتصوير	1
وتحليق	1
النشرة	1
ابلاغ	1
مصنعا	1
المعرضة	1
موتمر	1
اوصوا	1
مستخدما	1
للشراكة	1
كمرجع	1
الختامى	1
لرقابة	1
وقيامها	1
والسل	1
والملاريا	1
هيلونغجيانغ	1
السالب	1
وبمقدورها	1
والطبيين	1
وتناسب	1
والمشتبهين	1
لعزل	1
حديدى	1
ومقاطعة	1
كقروض	1
معدية	1
يانتاى	1
داليان	1
ويتكون	1
تشانجيانغ	1
هايآن	1
والخط	1
الدائرى	1
والمعدية	1
تشيونغ	1
وطوله	1
تشانغتشون	1
لرأسي	1
جثتين	1
تاريخهما	1
الابعاد	1
الاثريون	1
المحفوظتين	1
استخرجتا	1
واحداهما	1
اهداب	1
وحاجبين	1
وشعر	1
ولحية	1
ممتلئة	1
اسنانها	1
وانفها	1
واذنيها	1
وعيناها	1
لوزيتان	1
للجثتين	1
المجسمة	1
جمجمتها	1
الجمجمة	1
جمجمة	1
الجثة	1
لقياس	1
الجمجمتين	1
سبر	1
سماكة	1
الانسجة	1
بالابر	1
رأسى	1
وتحف	1
لازياء	1
وموضة	1
شعرهم	1
قاو	1
تشتبه	1
قبور	1
عريقة	1
جافا	1
حوفظ	1
ومقلة	1
وادارية	1
وزارتين	1
ودمج	1
تتصل	1
ولرفع	1
والمساءلة	1
الغاؤها	1
مسمياتها	1
لتشابه	1
الوزارتان	1
ولتسهيل	1
وتوليدها	1
وللارتباط	1
أنشطتهما	1
ولوجود	1
وضمها	1
كمطلب	1
للمثقفين	1
وللترابط	1
ولتحسين	1
وتوصيل	1
راق	1
استوجبت	1
لمواكبة	1
للتشكيل	1
ووكالة	1
موسستين	1
عامتين	1
والفنون	1
والاداب	1
سيودى	1
والمنوعة	1
وهران	1
لامراض	1
واستشاريى	1
ينظمه	1
نادى	1
بوهران	1
الجزائريين	1
والفرنسيين	1
الهولندى	1
بيبوساكس	1
والمراقبة	1
الهادى	1
تحذيرات	1
وكولومبيا	1
لتساقط	1
للأرض	1
معرضا	1
والرومانسية	1
ألبرت	1
بنكهام	1
بالطابع	1
الرومانسى	1
أهتمام	1
بعنصرى	1
والضوء	1
لتوظيفهما	1
الفياضة	1
غلفت	1
النحت	1
أستلهم	1
أشعار	1
أدجار	1
بو	1
لاعماله	1
بالبرونز	1
كريستى	1
للمزدات	1
مزادا	1
اللوحات	1
منظرا	1
للرسام	1
اللوحة	1
استرلينى	1
وتوفى	1
موخرا	1
مطربة	1
ميلين	1
فارمر	1
ليزا	1
الذئب	1
والراوى	1
واحترفت	1
الغناء	1
كتابها	1
والمكر	1
والنفاق	1
والرياء	1
المنتشر	1
البومات	1
أخر	1
أحييت	1
حفلا	1
تشونغتشينغ	1
ستنجز	1
ومنجمية	1
المبانى	1
رى	1
سينقل	1
هوبى	1
وبلدية	1
تشونغتشنغ	1
الخزان	1
الاخبارية	1
رئيسيين	1
الجلبى	1
ومسعود	1
البرازنى	1
واياد	1
علاوى	1
تشاورية	1
البرزانى	1
الطلبانى	1
ووكيل	1
أحياء	1
الاحصاء	1
اعادتها	1
بتأمينها	1
مشاة	1
ايرانى	1
الارواح	1
والممتلكات	1
تراوحت	1
لقوته	1
فجرا	1
يتصوره	1
الانفلونزا	1
تسنغ	1
قوانغ	1
مندوب	1
قاطبة	1
ومخطوطات	1
مسروقة	1
والمسروقة	1
ومخطوطتين	1
تاريخيا	1
ومصحفا	1
نحاسية	1
والحسين	1
وزين	1
والامام	1
سجادة	1
فاخرة	1
بمقاسات	1
وغطاء	1
محارب	1
واناء	1
خشبيا	1
رسول	1
وحصان	1
ومشربة	1
الخشب	1
المرصع	1
لوحات	1
زيتية	1
فوتوغرافية	1
وعائلته	1
وكأسين	1
مذهبين	1
البوم	1
ووسامين	1
مسروقات	1
جمرك	1
وفحصها	1
وتعليمات	1
مراكزها	1
امتعتهم	1
للجهات	1
لاى	1
لضبطها	1
ضياعها	1
لسلع	1
فوصلت	1
الميكانيكية	1
والالكترونية	1
وجدير	1
عاملى	1
وتأييده	1
يويه	1
يتمسك	1
والفلسطينى	1
ويتخذا	1
لحظات	1
حاسمة	1
المجتع	1
بوجودها	1
التخلى	1
العنيف	1
الأوروبى	1
والأمم	1
صفحتها	1
المصادف	1
التهانى	1
والمزارعين	1
الامامية	1
وتركيز	1
المسرحين	1
وفيه	1
اوفد	1
عاملا	1
تياسير	1
رايق	1
ضراغمة	1
للمرور	1
الأغوار	1
طوباس	1
وأردوه	1
يقتحم	1
لشكره	1
للاطاحة	1
واعلانه	1
اعقبته	1
بطلعات	1
الجابر	1
السالم	1
بالكويت	1
بدبابات	1
مدرعة	1
لعاصمة	1
المذكورتين	1
وبتغطية	1
الاباتشى	1
ودمرت	1
لإحصائية	1
ناحل	1
والطوارئ	1
الرضيع	1
بعيار	1
أطلقه	1
شحدة	1
الغرابلى	1
محيسن	1
زرينة	1
العمرانى	1
إصابتهم	1
باقى	1
جنوده	1
ويطوق	1
لعائلات	1
الأخصائى	1
هين	1
تطوق	1
ومنازل	1
وتقصف	1
بالقذائف	1
والرشاشات	1
أمنى	1
الحدودى	1
والأراضى	1
جزئيا	1
للبلدة	1
الاقتحام	1
وتبنتها	1
الشهيد	1
وكتائب	1
المحسوب	1
احتفلت	1
باليوم	1
موضوعية	1
نائبة	1
لويز	1
فريشيت	1
قوام	1
شريان	1
الحصانة	1
اغلب	1
بعملهم	1
يقتلوا	1
لاحصاءات	1
ارائهم	1
كصحفيين	1
بالجمعية	1
كأحدى	1
بابندريو	1
كنوايا	1
الاوربيين	1
الدبلوماسيين	1
ستتطلب	1
بالادارة	1
مصورا	1
والأراضي	1
الوثائقية	1
وتصوير	1
رشاش	1
سطحها	1
ابيض	1
وأضاء	1
مصباحا	1
بحوزته	1
سمعنا	1
وفجأة	1
ينزف	1
وفحصوا	1
واستدعوا	1
إسعاف	1
أقلت	1
الجريح	1
ناشطة	1
بأيام	1
وستحاول	1
ناد	1
بتل	1
وشخصا	1
ويشتبه	1
تظاهرا	1
عبرا	1
مييون	1
للوزير	1
والدائم	1
فانست	1
باون	1
السفيرالامريكى	1
دواعي	1
سرورنا	1
وناقشنا	1
وخارطة	1
لباب	1
والسجائر	1
لواردات	1
الالكترونية	1
السمعية	1
والبصرية	1
واللوازم	1
والفراء	1
البصرية	1
والمطاطية	1
البيئى	1
الريادية	1
غازا	1
نظيفا	1
ومسبباته	1
ميدانيا	1
هكتارا	1
وينقسم	1
والقسم	1
لحياة	1
بأحزمة	1
والاعشاب	1
لاكمال	1
والهدايا	1
وأجمعت	1
أشرفت	1
لمندوب	1
ميزتان	1
جسدت	1
والمكونات	1
بالتفوق	1
التنافسى	1
والميزة	1
التاجر	1
ينغ	1
تفى	1
تاجرة	1
وستوسع	1
منقطعة	1
النظير	1
يسرنا	1
نكتشف	1
ونظافة	1
مساندا	1
الهونغ	1
كونغى	1
وأضفى	1
جمالا	1
لالواح	1
البارد	1
وطاقته	1
التصميمية	1
تناسب	1
قطاعى	1
للتنظيف	1
المسبق	1
تشغيله	1
اكتملت	1
هوانغبو	1
استخدمته	1
وللنفق	1
خانات	1
واعمق	1
الادراك	1
الوعى	1
والطلبة	1
يور	1
بيئى	1
ولياونينغ	1
واستثمرت	1
استافد	1
التريكى	1
وابا	1
كابولو	1
الثنائى	1
الاوغندى	1
البريدية	1
مراسيم	1
بريدية	1
الشرقى	1
واللجنة	1
والاطلاع	1
للخطة	1
ابوردينة	1
العناوين	1
بالشؤون	1
تخرب	1
شيع	1
الناجم	1
حقيبة	1
لمسافر	1
المفرق	1
ومندوب	1
أحضر	1
ماهيتها	1
ووضعها	1
أخرين	1
اطمأن	1
حجازى	1
ايجاز	1
وسيغادران	1
وحالته	1
مسقرة	1
بأفراد	1
والحماية	1
حالوا	1
وبحوزته	1
احضرها	1
سيقسم	1
ستشجع	1
ستضاف	1
أمرة	1
يحلون	1
تونى	1
لهزيمة	1
ببريطانيا	1
واسكتلندا	1
الليبراليين	1
انجليزية	1
مقاعده	1
فاصبحوا	1
يحتلون	1
عارضوا	1
مركزهم	1
الاسكتلندى	1
اليمينى	1
البلدى	1
لبلدة	1
بورلى	1
مزقتها	1
دنكان	1
المذهل	1
حققه	1
تيريسا	1
ماى	1
نثبت	1
نكرر	1
كأحتجاج	1
كحليف	1
ابدوا	1
تذمرهم	1
بسيطا	1
لتفوقه	1
مكارتنى	1
مدافعا	1
النصفى	1
وبأقل	1
جيوسيبى	1
لمطار	1
بمنصب	1
لاسهم	1
فاوستو	1
سيريتى	1
بيترو	1
ليوناردى	1
مالبينسا	1
بميلانو	1
مينجوزى	1
مطارى	1
ليناتى	1
ومالبينسا	1
وشغل	1
ويحتل	1
للطرق	1
كونداليزا	1
وأستطردت	1
متشجعين	1
ستجريها	1
ستسلك	1
والمصداقية	1
موكدة	1
رابحة	1
بصحيفة	1
تتحملها	1
ومسؤوليات	1
محيط	1
لمخاطر	1
والتحريض	1
ويتحمل	1
الاوروبيون	1
ومؤهلا	1
يتحتم	1
طرأت	1
ويتحسن	1
أوتاوا	1
نظامى	1
كريتيان	1
سنرسل	1
كنديين	1
واخر	1
هيوستن	1
للالتقاء	1
بخبراء	1
تنوى	1
والامريكية	1
لنمو	1
فولكس	1
واغن	1
وجنرال	1
وبيجوستروين	1
ايتسو	1
هاتور	1
مندوبى	1
تشايناديلى	1
بشفافية	1
ومحيطها	1
يرام	1
يتفيد	1
بجهلز	1
هاتفا	1
محمولا	1
الاعتيادى	1
ابهيرادى	1
لمدراء	1
تنفيذيين	1
والصينية	1
والسنغافورية	1
بتبنى	1
الصحيين	1
وتوظيف	1
يعرضهم	1
المبيت	1
يتعرضوا	1
رشها	1
بالمطهرات	1
ويجرى	1
مرشحات	1
ردينة	1
تدخلا	1
غابى	1
حريقا	1
غابيا	1
شب	1
يوننان	1
اخماده	1
تأثر	1
ووفيات	1
الفين	1
وجنود	1
والاطفائيين	1
الهاتفية	1
الجنوبى	1
هيون	1
فنى	1
وجنديا	1
لاقوا	1
بلديات	1
وشانغهاى	1
تشانغشا	1
هونان	1
مقالة	1
ومعايرة	1
تعميما	1
يدعوا	1
الافواج	1
تصاريح	1
لزيادرة	1
للتدخين	1
والمراهقات	1
يرتدن	1
لتدخين	1
يفعلن	1
أهلهن	1
ويترددن	1
صديقاتهن	1
اسبوعيا	1
هروبا	1
ماأصبحت	1
موضه	1
بجدة	1
روادها	1
يطلبن	1
كطلب	1
أساسى	1
زحاما	1
أعمارهن	1
ومافوق	1
المسائية	1
ازدحاما	1
المعسل	1
ريالا	1
الالوان	1
اقتصادى	1
داء	1
فتحمل	1
الحاملات	1
وتلصق	1
تعقيمها	1
الثقافى	1
والعلمى	1
والاقتصادى	1
والشبابى	1
عامى	1
بكورسيكا	1
السينمائى	1
يستفاد	1
بالولاية	1
المهرجانات	1
بالجهتين	1
والرساميين	1
والمسرحيين	1
ومدنين	1
وتعريف	1
اطارية	1
بالمتخصصين	1
باهتمامها	1
انشاؤها	1
باسماء	1
بالفيروسات	1
للسارس	1
ولاجراء	1
الاكليلى	1
واللقاح	1
بمعتمدية	1
سيدى	1
اريانة	1
للفروسية	1
وزيارات	1
لاسطبلات	1
تربية	1
فلكلورية	1
وعروض	1
تشكيلية	1
انطلاقها	1
وجماليتها	1
كمسابقة	1
لرياضة	1
البولو	1
تأخد	1
لمهرجان	1
ثقافيا	1
وفكريا	1
الاساتذة	1
والمتخصصين	1
والموروث	1
شعرية	1
يتغنى	1
بالخيل	1
بانتاج	1
البربرية	1
لانساب	1
المسيطر	1
الاحصائيات	1
بيوم	1
واتفقت	1
اليومى	1
وشهدت	1
بالانخفاض	1
لصفقات	1
برنت	1
القياسى	1
حفز	1
البطئ	1
كاراكول	1
وبيانات	1
تساعدنا	1
الكولومبى	1
الفارو	1
اوريبى	1
وتدريب	1
تموله	1
بيروفية	1
مبشرة	1
وابنتها	1
الكولومية	1
مارتا	1
لوسيا	1
راميريز	1
والسفيرة	1
آنى	1
باترسون	1
لاعتراض	1
جوى	1
تشوكا	1
للكوكايين	1
والهيروين	1
السنوى	1
وتزود	1
يدعوان	1
الاوكرانى	1
ليونيد	1
ستعززان	1
كومنولث	1
الاسود	1
اقتصادياتهما	1
لاوكرانيا	1
وقازقستان	1
والاستئناف	1
والنقض	1
القاضى	1
وسير	1
ومخصصاتهم	1
تأسف	1
مكسيكو	1
سيتى	1
توليها	1
ملقية	1
لاعاقتها	1
المكسيكى	1
أدولفو	1
الانجاز	1
للمكسيك	1
يستحيل	1
اسس	1
يقررون	1
لأتخاذ	1
قواتهما	1
مقترحاتهما	1
بالصواريخ	1
مجموعاتها	1
كفار	1
عزة	1
مستوطنتي	1
مردخاي	1
نير	1
ومجازر	1
والتيراح	1
لمسيرة	1
قذيفتين	1
سقطتا	1
نيتسر	1
حازاني	1
نصبه	1
التجول	1
فوريك	1
يتوجها	1
موكبين	1
منفصلين	1
برى	1
وستسعى	1
رمزا	1
للديمقراطية	1
نوه	1
مقتضب	1
وآمنة	1
ثيودور	1
قطوف	1
ووليام	1
باوتشر	1
وغادرها	1
للاشقاء	1
الخارطة	1
ولقائه	1
والاعلان	1
اتصالين	1
هاتفيين	1
لاعادتها	1
وشعوبها	1
ابطحى	1
لقائهما	1
داى	1
فيلت	1
فريتس	1
بوكشتاين	1
بحدة	1
فرانكفورتر	1
الجماينه	1
الذاتى	1
قوميا	1
سوديتش	1
توحد	1
اوروبى	1
وستعيد	1
تعازيه	1
والسكرتير	1
لبحرية	1
مشيدا	1
بشجاعة	1
اثبت	1
سلوكهم	1
وطنيتهم	1
نعيهم	1
بالتعلم	1
لمشكلات	1
ميكانيكية	1
الإلتهاب	1
توفى	1
أخرون	1
تعافى	1
إجماليه	1
النقاهة	1
ويستعدون	1
يستجيبون	1
ويتلقى	1
المركزة	1
أودى	1
المتوفين	1
التراكمى	1
أدخلوا	1
شنه	1
وراح	1
ضحيته	1
والمقاومين	1
إسرائيليا	1
الحركية	1
سلاما	1
عادلا	1
تزامن	1
طياته	1
تعقيدها	1
الأجنحة	1
شرعى	1
مشرعا	1
والتدمير	1
اقتتالا	1
وحربا	1
اوسطية	1
والبانيا	1
لبنانى	1
معهما	1
تمحورت	1
لانتشار	1
جدبر	1
يشن	1
مراسلو	1
صحفيى	1
ترسله	1
ميدانى	1
قوان	1
بالقسم	1
والاستماع	1
لاكاديمية	1
الشاقة	1
الانفلوانزا	1
يخبر	1
والشجاعة	1
للاطباء	1
ملائكة	1
يبدأون	1
الاقليمى	1
موظفى	1
للموارد	1
الامس	1
موظفيه	1
اعمالا	1
لتضمن	1
اطفال	1
لحقها	1
عانوا	1
عائلاتهم	1
صهاريج	1
بافراغ	1
الشاحنات	1
تحتوى	1
ونفذ	1
لمنزل	1
التغذية	1
الايتام	1
والاطفال	1
شيناواترا	1
لالغاء	1
اديساى	1
بودهاراميك	1
اوبلينان	1
التايلانديين	1
ستستغل	1
بالمخاوف	1
الدجاج	1
والجمبرى	1
الكافى	1
بمخاوف	1
تقلق	1
لتايلاند	1
مساومة	1
والاعدام	1
اذاعه	1
انواعا	1
الاعدامات	1
منتسبو	1
بمقرات	1
يعتمدوا	1
لابناء	1
شكاواهم	1
والتصرف	1
نهية	1
بتسوية	1
نعتبر	1
ونأمل	1
والرحلات	1
الدينيين	1
صلتها	1
بالحادث	1
وتحترم	1
قيادتهم	1
ومسئوليات	1
حولما	1
ومسائل	1
اطلعه	1
بخريطة	1
بالجهود	1
اهتماما	1
لاتزال	1
بتقسيم	1
محضة	1
وولش	1
الايمانات	1
والاعراق	1
جزئى	1
لايمكن	1
لهونج	1
هوا	1
ونقاط	1
وحفز	1
للانتصار	1
وأخبر	1
مهتم	1
الوقائى	1
نكثف	1
اهتمامنا	1
بمنازل	1
وتجول	1
لتفقد	1
بمكاتب	1
بتعقب	1
بالمرضى	1
والتطهير	1
لتهيئة	1
وصحى	1
لموظفيها	1
وللمسافرين	1
خطوتنا	1
الإصابات	1
نتمنى	1
الممرضين	1
الاصابات	1
شنتها	1
ويبحث	1
والاحزاب	1
انفجارت	1
جاكارتا	1
بالو	1
سولاويسى	1
استدعاؤهم	1
المعتقد	1
للهجمات	1
تقريرا	1
المعينين	1
ارسالهم	1
الاسهل	1
كوتا	1
شهرى	1
وسويسرا	1
البحرينية	1
حليفا	1
يجتمعون	1
ويا	1
العابرة	1
ماتارام	1
نوسا	1
تينجارا	1
بجدول	1
للاسيان	1
بالتفصيل	1
مهارات	1
والسلامة	1
ببحث	1
استكمالا	1
فينتيان	1
بلاوس	1
مسئولى	1
الحث	1
ليانغ	1
جيانغتشى	1
الحاحا	1
واقاربهم	1
ومجتمعاتهم	1
يبقوا	1
المحليات	1
والادارات	1
عشوائيا	1
يعالجوا	1
البلدات	1
عمالهم	1
مصابة	1
بالتركيز	1
الفيضان	1
الصيفى	1
والبرارى	1
المحصولية	1
والافات	1
ناجحة	1
لأستئناف	1
ومعلموهم	1
للموعد	1
يحدوهم	1
اباؤهم	1
نهبت	1
وسرقت	1
محتوياتها	1
ادوات	1
والابواب	1
والشبابيك	1
والمراوح	1
حمله	1
تفشت	1
حصصهم	1
يتقاضون	1
الرواتب	1
بوظيفته	1
وصولهم	1
وشحة	1
العسير	1
يجتمعان	1
مسئولون	1
واسرائيليون	1
اذاع	1
بابو	1
للراديو	1
كاحد	1
دحلان	1
يبعثون	1
اودت	1
بالاسطول	1
اليابانى	1
جونتشيرو	1
كويزومى	1
شرويدر	1
رسائلهم	1
حزنهم	1
لوفاة	1
وقدموا	1
خالص	1
تعازيهم	1
العادى	1
شاندونغ	1
ياشوانت	1
بسينها	1
تافتيج	1
مفوضها	1
ظافر	1
للقائم	1
راجهفان	1
وباول	1
دومنيك	1
سطو	1
النيجيرى	1
انكا	1
جومى	1
زامفارا	1
نايرة	1
أمريكى	1
بنصب	1
لعربة	1
مرتبات	1
ببوكويوم	1
بحراستها	1
وبعدها	1
وهربوا	1
استولوا	1
الرشاشات	1
المجرمين	1
تعدادا	1
تجرأ	1
وسرقة	1
تأديتهم	1
المتفشية	1
للصوص	1
شينيانغ	1
كانجتون	1
هولوداو	1
والخضروات	1
والألبان	1
وملح	1
والوجبات	1
شينفادى	1
خضروات	1
بطرح	1
للمقاطعات	1
وبداية	1
الاقنعة	1
مطهرات	1
صابون	1
مكدونالدز	1
وهواتيان	1
وليهوا	1
سنغافورية	1
تشينى	1
ومستشارة	1
كوندليزا	1
ايفانز	1
والممثل	1
زوليك	1
للبيان	1
يوقعان	1
ائتلاف	1
يقضى	1
سيفيد	1
باسره	1
اثنار	1
الايرنية	1
الاجنبى	1
سينتج	1
والاخلافية	1
للمجموعات	1
المزعومة	1
لاحترام	1
يستعيد	1
يتمركزون	1
يتمركز	1
وتشاو	1
بإحد	1
طلبهم	1
وعلاجه	1
للأكاديمية	1
الصحفيون	1
ومعرفة	1
للاسس	1
يختارها	1
البنجلاديشى	1
منظمته	1
بمكتبه	1
الديناميكية	1
للبيجوم	1
خالدة	1
البنجلاديشية	1
ضروريات	1
لشعبها	1
المرضية	1
لتحسن	1
والمنسق	1
الاسبوعين	1
الاوليين	1
امرت	1
بالمراسلة	1
والانترنت	1
تدريسه	1
المدرسون	1
ومسؤولو	1
بتدريس	1
وتوجيه	1
الاسر	1
لايتوافر	1
ستساعدهم	1
باحترام	1
بالقبارصة	1
لاجبار	1
زائرين	1
الاوامر	1
والاحفاد	1
بقضاء	1
انقسمت	1
يونانى	1
تركى	1
لثلثها	1
الشمالى	1
واحتلاله	1
موالية	1
جوازت	1
لاثبات	1
اقاربهم	1
بالالتزامات	1
مطوقة	1
الاجداد	1
كردى	1
كأكراد	1
لعراق	1
والاكراد	1
والوحدة	1
والمهم	1
كعراقيين	1
نبادر	1
والاسلامية	1
ومحورية	1
للشأن	1
تطلعه	1
والتنموية	1
جارة	1
بام	1
درمان	1
بموقف	1
بتجاهله	1
وايقاف	1
تبريرات	1
كفيلا	1
ببراءة	1
ابقائه	1
الراعية	1
كعضو	1
خاليا	1
كروز	1
لتثبيت	1
نتوجه	1
برتغاليا	1
بارزا	1
سترسلها	1
استرو	1
لازالت	1
بموقفها	1
ستنتشر	1
يوشكا	1
فيشر	1
دراية	1
بالمؤتمر	1
وابلغنا	1
بتقدمه	1
ونتائجه	1
سرا	1
بالقضية	1
البولندى	1
ايدت	1
اتوبيس	1
مزدحمة	1
القوا	1
مستهدفين	1
الاتوبيس	1
فأصابت	1
لاربعة	1
أسرعت	1
بحصار	1
المتورطين	1
مسؤوليتها	1
رغبتهما	1
لتمكين	1
وواقع	1
يتمنى	1
حريصون	1
هانوى	1
منحت	1
مسجل	1
بإضافة	1
استثمارى	1
دونج	1
فيتنامى	1
كرؤوس	1
كاستيللوريزو	1
اصدروا	1
تعليماتهم	1
للمفوض	1
لاعداد	1
لرفعها	1
سالونيك	1
بتناقضات	1
روحا	1
نحاول	1
نقدمها	1
وتحدثنا	1
ماهية	1
وماهو	1
الدفاعى	1
سنعيد	1
علاقتنا	1
لجعلها	1
والدفاعية	1
والارادة	1
واسلوبها	1
الاطلنطية	1
باتن	1
تفاؤلة	1
يريده	1
والاوربيون	1
متاحا	1
الانسجام	1
راضيا	1
حفزت	1
حثه	1
مساعيه	1
الحميدة	1
سياسى	1
يسهل	1
الندين	1
للخصمين	1
تتاح	1
أمامهما	1
الاخذ	1
للهوكى	1
ينسحب	1
يعاود	1
وإسلام	1
نافتيج	1
ظفرالله	1
تندفع	1
ضرورى	1
للإرهابيين	1
إيجابى	1
يفضى	1
راغافان	1
إباد	1
لتسليمه	1
عثور	1
الاسترالى	1
بمزرعته	1
كراوفورد	1
وبه	1
وكهوف	1
المجمعات	1
بعثور	1
دمرتها	1
بمطالب	1
أمامنا	1
واستخدم	1
المزاعم	1
اخباري	1
وحاسمة	1
ويشبه	1
كيسنجر	1
وتل	1
ولخصوصية	1
لزيارته	1
وتلك	1
وكرر	1
المنار	1
والموضوع	1
منعطفا	1
وتطلع	1
براغماتية	1
لاخراج	1
ترتح	1
تقريب	1
اغضب	1
ودفعهم	1
التشديد	1
بلاثيو	1
يؤول	1
لتبديد	1
وتجاوبت	1
المنهار	1
خففت	1
المنحى	1
يغضب	1
لايعول	1
ينظرون	1
بثوابتها	1
والقومية	1
ستتمكن	1
الفخ	1
استبقت	1
تختصر	1
جناحي	1
جناحه	1
الازمات	1
للخطوات	1
يدركه	1
استدرك	1
مفردة	1
دلالات	1
يحن	1
اوانها	1
كمبالا	1
صنداى	1
فيجان	1
ماشيندى	1
فليكس	1
نزحوا	1
غارة	1
معسكرهم	1
اشول	1
وصحفيين	1
تقصى	1
ويليان	1
باينوموجيشا	1
والتسعين	1
مادى	1
أوكولو	1
اروا	1
رهيون	1
أروا	1
يومبى	1
كازاهور	1
توعية	1
لأوغندا	1
وموارد	1
سناده	1
بالامانة	1
للامكانات	1
يذخر	1
اوسع	1
لتساعد	1
الصفرية	1
كاشا	1
السودانى	1
للخرطوم	1
للامانة	1
المنزلى	1
مبرم	1
الفهد	1
بمشتقات	1
مجانيا	1
بدراسته	1
الابناء	1
يحتاجونه	1
المتفرقة	1
وصياغتها	1
ادراكها	1
للضرورة	1
الملحة	1
الية	1
واستخدامها	1
كمنصة	1
للاندماج	1
الاستثمارى	1
والاحترافية	1
قناعتهم	1
عملى	1
المنفعة	1
بمجال	1
أقليمى	1
والمرتهنين	1
دبلوماسيا	1
كويتيا	1
سلمون	1
باسى	1
تفهمه	1
لمشاغل	1
وهمومها	1
باسرع	1
يغادران	1
تلقيهما	1
خضعا	1
والطفلة	1
ادخلا	1
التخصصي	1
وخضعا	1
علاجي	1
التمريضية	1
الطفلة	1
لشظية	1
الدماغ	1
علاجا	1
الاعصاب	1
وحالتها	1
بشظية	1
والصدر	1
لعناية	1
الاطقم	1
مابوتو	1
بأدوية	1
البد	1
الافريقى	1
برازيلى	1
سيلسو	1
ووفد	1
موزمبيقى	1
ليوناردو	1
سيماو	1
مناجم	1
ماوتيز	1
للفحم	1
يواقيم	1
سلمه	1
ايناسيو	1
بجولته	1
للتحضير	1
لافريقيا	1
يشل	1
للشلل	1
ميليشيلت	1
احبط	1
وانتخابات	1
التحيز	1
احصاءات	1
الديكتاتورية	1
نيجيرى	1
عرقى	1
ودينى	1
وسياسى	1
ظفر	1
ستستأنف	1
وتعيد	1
باستدعائه	1
وسلمته	1
لتمكينهما	1
وابلغ	1
ستعلن	1
ترمى	1
ارسل	1
لاتصاله	1
الهاتفى	1
نحل	1
تختفى	1
والتسلل	1
واطلاق	1
وتحيا	1
جوار	1
ابوظبي	1
جينسنك	1
سلمياً	1
التسامح	1
والمفاوضات	1
المبدآن	1
الأساسيان	1
بالرؤية	1
رخاء	1
مصالحة	1
بالشمال	1
وتسانده	1
وتقنياته	1
وطيدة	1
زراعية	1
إعجابه	1
ترتبطان	1
بصداقة	1
تكاملية	1
مستوىً	1
عالٍ	1
كمحطة	1
لقيا	1
اشقياء	1
متنافسين	1
ايسوكو	1
الضحيتين	1
ترويع	1
لمنعهم	1
ابيونا	1
وانهيار	1
المثير	1
بايدى	1
عارمة	1
موجات	1
سمع	1
وبصر	1
تركوا	1
الكهربائى	1
الخرى	1
لاحزاب	1
حزبا	1
تملا	1
يديرونها	1
باعمالهم	1
جيه	1
تذمر	1
رحبوا	1
الكره	1
للامريكيين	1
برحيلهم	1
وبعترف	1
اياما	1
وحلفائهم	1
بعضم	1
قناصة	1
بتفجيرات	1
اوعرب	1
مؤيدى	1
فقتلوه	1
دهمت	1
الغزالية	1
للسبب	1
النجاة	1
باعجوبة	1
يفعلوا	1
المدججة	1
يضمرون	1
ديالى	1
اغلق	1
اعيد	1
للاسحة	1
وهدم	1
الزعفرانية	1
والبلاد	1
امنة	1
والسلاح	1
والمخربون	1
يواصلون	1
الاجرامية	1
تزرع	1
لشمال	1
وطمأن	1
بتخفيف	1
سيمهد	1
مبنية	1
وتؤيد	1
رؤوف	1
دنكتاش	1
نؤيدها	1
إيماءته	1
لقبرص	1
للجزيرة	1
موال	1
ويعترف	1
واليونانيون	1
شياوتانغشان	1
تحياته	1
واعجابه	1
بالزيارة	1
لينغ	1
بالشجاعة	1
والروح	1
البطولية	1
والتفانى	1
المعدى	1
الممتازين	1
شياو	1
تانغشان	1
يلزموا	1
يتشبثوا	1
بالنضال	1
مهمتهم	1
ماليزية	1
اشتعال	1
المفتشون	1
البحريون	1
مضخة	1
وزن	1
ساكن	1
الروتينى	1
للسفينة	1
طاقما	1
فردا	1
ووجهتها	1
شيكو	1
لشنتشن	1
بفحص	1
كيودو	1
شركتى	1
كوريان	1
يناقشان	1
وتشترك	1
للممثلين	1
للدولتين	1
أسيا	1
وحملة	1
المطرودين	1
طردوا	1
بقافلة	1
للاسهام	1
اجبارهم	1
ويقيمون	1
مبانى	1
مهجورة	1
قافلة	1
شاحنات	1
الخيام	1
والمراتب	1
والبطاطين	1
ومواقد	1
والجراكن	1
والصابون	1
اجبروا	1
زهيدة	1
بيلامى	1
الطرد	1
لهزة	1
غلطة	1
منتفعين	1
تدعونا	1
الواشنطن	1
لاستسلام	1
بالاحتفاظ	1
أسلحتها	1
معسكراتها	1
تعانى	1
وشكاوى	1
وشكوكهم	1
ديمقراطى	1
النيويورك	1
للتصديق	1
مسعاهم	1
مفسحين	1
لتمرير	1
للانقسام	1
لايزال	1
بامكانه	1
صلتهم	1
بالارهاب	1
لازمة	1
يسودها	1
الالاف	1
باخر	1
مكترثة	1
اعتزمت	1
يرتكبون	1
بامكانهم	1
بالمزاعم	1
القائلة	1
تشتيت	1
الرأى	1
يحكموا	1
يبذرون	1
بذور	1
لاحباط	1
مؤامرات	1
درسا	1
يتحدوا	1
ليحافظوا	1
ويدافعوا	1
الاسلامى	1
الروحى	1
للشيعة	1
لاكثر	1
اغلبية	1
شيعية	1
تاسوس	1
منطقتين	1
الطائفتين	1
قرارى	1
رقمى	1
ويطالبان	1
بالغائه	1
ويدعوان	1
دوليتن	1
رعت	1
منير	1
باكستانى	1
السفيرين	1
والبريطانى	1
يقدما	1
ويوضحا	1
بنوده	1
نيجروبونتى	1
حيوى	1
استشاريا	1
باستهداف	1
سوسيلو	1
بامبانج	1
يودويونو	1
سيقعون	1
حمزة	1
بمبنى	1
اندريارتونو	1
ستشدد	1
انشطتهم	1
ومقرها	1
كى	1
لشروط	1
تسب	1
بالتزاماتهما	1
كقوتى	1
وتسمحان	1
بالانضمام	1
اليهما	1
وتتوجه	1
الطبيعى	1
وبالتشاور	1
استشارى	1
محاسب	1
يختاره	1
الاستشارى	1
المطالبين	1
الالغاء	1
المرحلى	1
تديره	1
ايداع	1
تتبقى	1
مبدئية	1
تلقائيا	1
مالم	1
نهبها	1
والمكتبة	1
وردها	1
الاتجار	1
بالغائها	1
بيرناما	1
شيئ	1
منفرد	1
اعتزامها	1
حقوله	1
واصوله	1
لتأييد	1
والغزو	1
وتحقق	1
وسيطرة	1
موارده	1
صعاب	1
ومآس	1
البريء	1
وحليفتاها	1
اعترضت	1
الماليزى	1
سيمكنه	1
الاعراب	1
طائرتهم	1
للباب	1
لطائرة	1
افرادا	1
كنشاسا	1
لوبومباشى	1
ولوبومباشى	1
ايرونج	1
اوان	1
مسئولان	1
يدافع	1
الذاكرة	1
للهزيمة	1
الالمان	1
للصراعات	1
مسئولياتها	1
وجغرافيتها	1
ينحصر	1
اوربيا	1
سيخدم	1
للتنصت	1
يوسع	1
كيل	1
الجمهورى	1
اريزونا	1
المجهزين	1
بالتكنولوجيا	1
يحدثوا	1
لوطننا	1
يحققون	1
الاستخباراتية	1
سيعلن	1
سيرسل	1
زويليك	1
الاستراتيجيات	1
سيربط	1
بالاصلاحات	1
بالترحيب	1
ماكوفيسكى	1
مفيدة	1
ستزيد	1
بالبنتاجون	1
بالخليج	1
اقترحتها	1
يخدع	1
ملائما	1
وضروريا	1
يتطلبه	1
ييسر	1
لايستطيع	1
بالمدة	1
لانعرفه	1
ومقتل	1
يواتش	1
هوك	1
حادثا	1
نيران	1
بخطوط	1
تسقط	1
الاخلاء	1
ومصابين	1
ومرافقيهم	1
اسرتهم	1
ورعاية	1
واستقبال	1
والمصابين	1
لتوجيهات	1
بالحرس	1
التخصصى	1
للعيون	1
الهاشمية	1
ارسلتا	1
متنقلين	1
البياع	1
لاخلاء	1
وتعاني	1
الادوية	1
الملائمة	1
ومتمردى	1
رانيل	1
ويكريمسنغ	1
بايريس	1
يحاربون	1
قومى	1
للتاميل	1
مطلبهم	1
وقبلوا	1
ذاتى	1
اقليمى	1
المسئولان	1
تضطلع	1
للقلق	1
اراضيه	1
واحلال	1
تعاطفه	1
وقلقه	1
ستقود	1
بسريلانكا	1
كلى	1
لسريلانكا	1
كيلينوتششى	1
اخطارا	1
لقرية	1
موطنا	1
تنامى	1
خبي	1
وفيات	1
علاجه	1
عزلها	1
قرويين	1
الهادئة	1
بتعاون	1
لماجواير	1
قدمنا	1
مايكون	1
بالتحقيق	1
خارجا	1
انفتح	1
مامبا	1
شاكو	1
بسلامة	1
ليلفظ	1
بوباء	1
تماثلوا	1
المستشفي	1
كنديان	1
باعتبارهم	1
المعالجين	1
الانجليزية	1
بطلاقة	1
شخصوا	1
بحمى	1
التيفود	1
تستحوذ	1
المجهود	1
الحربى	1
ويسود	1
اديتيا	1
ميشرا	1
راجرانى	1
والاستحواذ	1
مريحا	1
اميت	1
روبية	1
ستأتى	1
لقدرتنا	1
يقدره	1
تعطينا	1
الكعكة	1
لحصولنا	1
وقوانجدونج	1
تضمان	1
بالالتهاب	1
وقوانغدونغ	1
نسبتي	1
الابلاغ	1
نيه	1
شانشى	1
وخيبى	1
لياونينج	1
وانخوى	1
وشهجيانج	1
تفرج	1
افرجت	1
بالقنصلية	1
سانداكان	1
سابا	1
لركوب	1
لنقلهم	1
زامبوانجا	1
بلاس	1
اوبل	1
لحكومتنا	1
للاجراء	1
الفورى	1
والمعاملة	1
ضل	1
قاربهم	1
الليلية	1
وذخيرة	1
متمردة	1
زفاف	1
جنوبية	1
بالقلبين	1
ضلوا	1
جلبوا	1
العادات	1
قريتهم	1
الوزراءالكويتي	1
كويتية	1
التناضح	1
سترسل	1
ومودة	1
والدوائية	1
جالون	1
فنيا	1
كهربائيا	1
لثمانية	1
كمبادرة	1
وصلا	1
قيامهما	1
مايزر	1
جاي	1
والاراضى	1
اريحا	1
يعلق	1
آمالا	1
ونزع	1
أريحا	1
بنيته	1
ميراث	1
يقلب	1
المتشرد	1
لتبلغه	1
ورث	1
التشرد	1
استقل	1
باصات	1
غريهاوند	1
نحيلا	1
اغتسل	1
وحلق	1
ذقنه	1
العناء	1
سروالا	1
ازرق	1
وحذاء	1
ومعطفا	1
خفيفا	1
ليبدا	1
كاميرات	1
وعدسات	1
يخيفني	1
متشردا	1
ودع	1
اصحابه	1
وابناء	1
يبيت	1
شوارعه	1
ليترك	1
الشرطي	1
مارندر	1
الموعود	1
رائحته	1
نتنة	1
الاغتسال	1
وادمانه	1
اعتاش	1
الزجاجات	1
والمعلبات	1
يبيعها	1
ليحصل	1
رمقه	1
زجاجات	1
النبيذ	1
والبيرة	1
ليلا	1
ينام	1
ولاحقته	1
لاستقبالهم	1
شوارتز	1
للمشردين	1
خدماتنا	1
اشخاصا	1
يرث	1
بارثه	1
للعيش	1
وهتف	1
مازحا	1
تنسى	1
انك	1
مدين	1
بمال	1
المدفعي	1
ناتجا	1
لشبكة	1
موجودا	1
بالقصف	1
معلوماتنا	1
يطلقها	1
بطارية	1
قضينا	1
تفريقهم	1
واصابت	1
وشب	1
بكدمات	1
نبدا	1
بقصفهم	1
مارتشنكو	1
ارتموف	1
خطا	1
هادىء	1
وغودرميس	1
واوروس	1
مارتان	1
ولفترة	1
السائق	1
انسحابه	1
لسباقات	1
الفئة	1
حلبة	1
فيراري	1
بآلام	1
بطنه	1
اضطرته	1
لوسيانو	1
خطواته	1
دعواتها	1
الايرانييين	1
بهار	1
المقربة	1
يتقاسم	1
والمواطنون	1
الايرانيون	1
المقيمون	1
ولدوا	1
وملموسة	1
رساميل	1
اعمارها	1
ثمانين	1
مستثمرا	1
ايرانيا	1
وجامعيين	1
وباحثين	1
المقيمة	1
وخريجي	1
واميركية	1
لمسابقة	1
بتقدمها	1
وساندون	1
ستول	1
البرازيليين	1
غوستافو	1
وخايمي	1
اونسينس	1
لمنافسات	1
رافتر	1
وليتون	1
مباراتان	1
هامشيتان	1
نتيجتهما	1
فيلعب	1
ورافتر	1
وتلتقي	1
تلتقيان	1
سانتاندر	1
وستول	1
لانهما	1
احتاجا	1
لتخطي	1
واونسينس	1
ثأرية	1
الكحلوت	1
وصادف	1
فقتله	1
تجاههم	1
برتبة	1
ملازم	1
احيل	1
شرطي	1
عربيات	1
العفاف	1
سيلفيا	1
المصنفة	1
خامسة	1
ماريانا	1
دياز	1
اوليفا	1
بافلينا	1
نولا	1
السلوفاكية	1
جانيت	1
هوساروفا	1
بتغلبها	1
جاستن	1
هينن	1
سماشنوفا	1
بيتزيكيني	1
آتيا	1
زنغانة	1
يستقبله	1
قاظمبور	1
اردبيلي	1
فنيجيريا	1
المتحفظ	1
بالاجماع	1
وتعتمد	1
فتعارض	1
بحاجات	1
بمراهنات	1
قائدي	1
سقوطها	1
للحريق	1
بانوس	1
سكوتينيوتيس	1
التزود	1
الفجر	1
القاء	1
حدتها	1
الماهولة	1
المندلع	1
الصنوبر	1
رئيستها	1
كيتي	1
سينضم	1
تعتنق	1
اللاعنف	1
والعصيان	1
سنلتقي	1
عودتنا	1
لنكون	1
معبرة	1
ابرياء	1
ظالم	1
ونظمت	1
هبات	1
للاجتياح	1
غادي	1
ولكني	1
عدلوا	1
فالمهم	1
بمقترحاتها	1
سيجهد	1
تحاشيا	1
قبلهم	1
المفاوضون	1
كادت	1
تنهار	1
وترسيم	1
مفاوضاتهم	1
بتصليب	1
فالقراران	1
الناظمان	1
يطبقا	1
امانة	1
ودقة	1
يقدمونه	1
مواثيق	1
وتتوقف	1
شريعة	1
الغاب	1
تلغي	1
وتسقط	1
التصفوية	1
تمريرها	1
والغضب	1
دوريتهم	1
بومدفع	1
دفلة	1
نصبته	1
زموري	1
جثتي	1
خطفا	1
برصاصة	1
جثتاهما	1
الخطف	1
ثريا	1
الشلف	1
البويرة	1
تصعيدا	1
ملحوظا	1
اعدت	1
تنف	1
مزارعون	1
المجردين	1
لصحافيين	1
الاقاليم	1
محتلي	1
سنقوم	1
اقامتهم	1
اراض	1
مسابقتي	1
وصيفا	1
الفيصلي	1
واستعد	1
تبول	1
لتقارب	1
ويتوجه	1
لكامبوس	1
فضم	1
الجلاصي	1
والسنغالي	1
حلوا	1
مريانة	1
والاردني	1
ديسا	1
عقودهم	1
العروضات	1
تلقوها	1
الواكد	1
دعامة	1
الداوود	1
والواكد	1
استفاد	1
انور	1
وفهد	1
المهلل	1
لنادي	1
شبابي	1
وخارجيا	1
متكلا	1
تزخر	1
سمعته	1
المونديالي	1
تلقبه	1
الاسطوري	1
عالقا	1
الاذهان	1
صرفت	1
مكافآت	1
بكأس	1
يدون	1
حافل	1
بالالقاب	1
لقبا	1
بالدوري	1
يحطم	1
الرزاق	1
قياسيا	1
استضافتها	1
هندريكس	1
واوجين	1
ارنيستا	1
بمجموع	1
ميداليات	1
ادان	1
عمير	1
اشهد	1
تحفر	1
الردم	1
اغراض	1
الاملاك	1
بحفر	1
واثارت	1
دامية	1
عددي	1
صحيفتي	1
للمصادقة	1
واسهما	1
بالدفع	1
وستحصل	1
بنتيجة	1
مثلجات	1
هاغن	1
داز	1
دجاينت	1
المثلجة	1
اولد	1
باسو	1
تشيريوس	1
كوكوا	1
بافس	1
المزيج	1
سلفا	1
بيتي	1
كروكر	1
بيسكويك	1
الالبان	1
يوبليه	1
سوفا	1
ماهندرا	1
اطيح	1
احتجزهم	1
بمبادىء	1
الانقلابية	1
اعاد	1
وحظي	1
بعفو	1
اسلحتهم	1
بدوافع	1
ضغينة	1
الاصليين	1
مواطنيهم	1
الاصل	1
ويسيطرون	1
وماهندرا	1
الفيدجي	1
راتو	1
جوزيفا	1
ايلويلو	1
موفقة	1
لغرين	1
ساكرامنتو	1
البطلان	1
العالميان	1
وماريون	1
بحلولهما	1
لنصف	1
سجلا	1
وخاض	1
سباقا	1
تفاجئني	1
مستعدا	1
فمدربي	1
بامكاني	1
الساعي	1
انذارا	1
بريان	1
العدائين	1
متفرقات	1
نونو	1
ارسنال	1
وفنربغشة	1
وديبورتيفو	1
وريال	1
سوسيداد	1
الاسبانيان	1
راديك	1
لنس	1
خاضتها	1
بيروجي	1
فنربغشة	1
هايدوك	1
سبليت	1
والمكسيك	1
وكندا	1
وترينيداد	1
وتوباغو	1
سلفادور	1
وجامايكا	1
وهندوراس	1
وسانت	1
فيسنت	1
وغرينادين	1
بربادوس	1
وكوستاريكا	1
وغواتيمالا	1
والاياب	1
وتتأهل	1
ازاحة	1
سباستيان	1
سلالته	1
بالذكرى	1
لوفاته	1
وتغطي	1
موسيقيا	1
الرسامين	1
اجداده	1
لمونتينيغرو	1
ميروسلاف	1
لمونتينغرو	1
يتدارك	1
مستقبلنا	1
فالانقسامات	1
ميلو	1
مقربا	1
الليبيرالي	1
البلديين	1
وهرسك	1
فبقيت	1
ديورو	1
ستكوفيتش	1
مونتينغيرو	1
تشده	1
الارثوذكسية	1
والارتباط	1
يوغوسلافي	1
احمل	1
محاطة	1
بالازهار	1
فوكسانوفيتش	1
صربي	1
صربية	1
فساعلن	1
اصدقائي	1
بدراغ	1
بولاتوفيتش	1
تعارضه	1
ميودر	1
فوكوفيتش	1
الابقاء	1
لحزبه	1
وبلغراد	1
معيشتهم	1
وتستفيد	1
نبويسا	1
مدويفيتش	1
يتامن	1
رايه	1
الرساميل	1
مقولة	1
يرددها	1
موردا	1
ريبورتاج	1
ضائقة	1
الكيانات	1
تتالف	1
ديميتري	1
لاشوتين	1
زارنا	1
سائح	1
كيميروفو	1
ونوفوسيبيرسك	1
نامل	1
وتعني	1
بالتركية	1
تلتسكوي	1
وانهار	1
اوب	1
وسلاسل	1
بلوخا	1
وسهوب	1
صحراوية	1
الوانا	1
خلابة	1
باشجارها	1
تطأ	1
زواياها	1
اقدام	1
فبامكان	1
السائح	1
تسلق	1
انواعه	1
الفروسية	1
فسيجد	1
ضالته	1
ويعتنق	1
الشمانية	1
معابد	1
ويحتفل	1
الاويين	1
يكشفوا	1
تقاليدهم	1
والغناء	1
والفروسية	1
والقتال	1
الخ	1
ثيابهم	1
تشع	1
وشجعت	1
آيا	1
كاتون	1
بحمامات	1
نهري	1
وكاتون	1
ويقومان	1
بتاجيرها	1
ليقصدها	1
لحماماتها	1
ويدفع	1
والطعام	1
روبلا	1
اولغا	1
الطحين	1
واشترت	1
خيمة	1
لاريسا	1
نيمولاييفا	1
بالانقراض	1
فالسفر	1
ساعتان	1
غرونو	1
يصلها	1
سكة	1
يهنىء	1
بانتخابه	1
تهنئة	1
وفا	1
ووفاء	1
بأنكم	1
ستكونون	1
أهلاً	1
الثقه	1
وستكونون	1
لخير	1
يصبو	1
شعبكم	1
ورفعة	1
ورفاه	1
نثمن	1
عاليا	1
الأخوية	1
الأصيلة	1
تقفونها	1
تطلعات	1
وأماني	1
نضاله	1
للتصرف	1
دولته	1
وعاصمتها	1
الشمل	1
اللحمة	1
ليعود	1
وصلابة	1
جهودنا	1
ترابه	1
مستقلا	1
وحاز	1
اجري	1
وانتخب	1
وانزلاقات	1
نيجيما	1
انزلاقات	1
الهزة	1
وتؤوي	1
لاعصار	1
كيروغي	1
وثوران	1
بركاني	1
نشاطا	1
زلزاليا	1
مسيرتا	1
للمفاوضين	1
مسيرتان	1
انطلقتا	1
رافعين	1
وتاييد	1
بازالة	1
والقدس	1
ابدية	1
لاتنظر	1
المواربة	1
والخداع	1
يغتصب	1
حقوقنا	1
ويتنكر	1
فاننا	1
بقدرتنا	1
المجابهة	1
لايماننا	1
بحقوقنا	1
الاستنفار	1
والتاهب	1
واقعنا	1
لنبقى	1
جاهزية	1
مدركين	1
النضالي	1
والكفاحي	1
باستعدادية	1
لبسط	1
ارضنا	1
بدورنا	1
مانجحت	1
كحكم	1
نزيه	1
المصيرية	1
وجرت	1
وارتدى	1
المتظاهرون	1
قمصانا	1
مقدس	1
بالتمسك	1
مرحبا	1
نستخدم	1
ضائع	1
متعال	1
ننسبها	1
لنواحيه	1
نعطي	1
رايا	1
انتقاديا	1
لمقالة	1
اسبوعية	1
موضوعا	1
انتقادا	1
لنوعيته	1
الرديئة	1
شعرت	1
ابراز	1
سؤالين	1
شاهدوه	1
خروجهم	1
ناقد	1
ليعطوا	1
ايراده	1
وسعودي	1
يعتزمان	1
فخم	1
للاعمال	1
وشاليهات	1
وتوضح	1
المستثمرتين	1
حصلتا	1
لمشروعهما	1
غداة	1
قابضة	1
براسمال	1
انمائية	1
سيلتزم	1
هضبة	1
الاهرام	1
استمسك	1
اخضاع	1
لتحكيم	1
بالحفاظ	1
لبحيرة	1
خزانات	1
للنوايا	1
وسنرى	1
اباراك	1
لمقاومة	1
التزامنا	1
وقعنا	1
بالصمود	1
للصبر	1
والصمود	1
سادس	1
لسياسته	1
سمرويل	1
ونهاية	1
وخصصت	1
لحظر	1
للتاكد	1
منشآتهم	1
لادارات	1
الجوازات	1
والافراد	1
وعملهم	1
والمهن	1
المستقدمين	1
لاجلها	1
للمهن	1
مفتشين	1
لارغام	1
عفو	1
مفعوله	1
وبغية	1
غرامات	1
استخدموا	1
باوراق	1
والباكستانيين	1
مهيمنة	1
نراه	1
بالتآكل	1
وبفعل	1
صمود	1
التآكل	1
قيود	1
بالمليون	1
مستشهدا	1
لمحرك	1
للصاروخ	1
شامخاني	1
ستنتج	1
للصواريخ	1
اكتفاء	1
الاضافية	1
تتلاحق	1
ويشكلون	1
لبلد	1
تطبيقا	1
مباشرا	1
شريكا	1
محاميين	1
ايرانيين	1
لمحاميين	1
لاصولي	1
وشيرين	1
اشرطة	1
للناشط	1
الاصوليين	1
والمعتقل	1
للاسلام	1
وتناضل	1
محامية	1
دريوش	1
وبروانة	1
فروهار	1
العلمانيين	1
مثقفين	1
للاصلاحيين	1
والموقوف	1
استماع	1
مزورا	1
لاثارة	1
ويحاكم	1
المزور	1
استجوابهما	1
توقيفهما	1
تاسف	1
ايلاهي	1
شريفيبور	1
الناشطات	1
الايرانيات	1
هيومان	1
رايتس	1
المدافعة	1
وفبركته	1
وبثه	1
ورحمي	1
حميد	1
مراشيزاده	1
سريخاني	1
الناشط	1
الحسني	1
شريعاتي	1
جواد	1
دهقاني	1
تفتي	1
شانهم	1
للفتيان	1
للتدرب	1
مخيمات	1
الفتوة	1
مابين	1
الشابورة	1
بدانا	1
وتدريبات	1
الفتيان	1
الكلاشنكوف	1
تفكيكه	1
ووظيفة	1
خشبي	1
للايام	1
وفوق	1
كيفي	1
تنجم	1
وترجمة	1
مولاي	1
ويشهد	1
تاسس	1
جمودا	1
باستقلالها	1
استانف	1
الادلة	1
منعزل	1
الحط	1
شان	1
وكيلاها	1
سكربناتو	1
وغيدو	1
فورتي	1
علاقاته	1
بالمافيا	1
تقييما	1
ومنسقا	1
جمعتها	1
لاندريوتي	1
كوزا	1
نوسترا	1
التائبين	1
والسيناتور	1
مرجعا	1
للمافيا	1
جيواكينو	1
سباكي	1
اياه	1
اصرار	1
شيطاني	1
طارئ	1
زنقانه	1
طارئا	1
اعتبرنا	1
ننتظر	1
زنقانة	1
واسعاره	1
ايادي	1
ضررا	1
اطارها	1
وتعارض	1
اعتمادها	1
اوكرانية	1
مصرعها	1
اقتلعها	1
تشركاسي	1
لسوء	1
انتزعت	1
ترنوبيل	1
وخميلنيتسكي	1
وتشرينيفستي	1
وفينيتسا	1
تضررا	1
تساقط	1
غزيرة	1
معدلها	1
بمئتي	1
الصاعقة	1
طفلين	1
دونيتسك	1
وامراة	1
لفيف	1
صعق	1
تشيركاسي	1
تشرنوبيل	1
الطوابق	1
للموقع	1
اخطر	1
ثلاثيا	1
المترجمين	1
ومدوني	1
تتسرب	1
مستشاريه	1
نزهة	1
واعتاد	1
اللقائين	1
الثلاثيين	1
ومجمل	1
بالاحاديث	1
بمنتخب	1
نقطتين	1
قلصوا	1
حاسما	1
للاعبين	1
زادوا	1
بندر	1
وحسين	1
السرجي	1
وهاني	1
وتركي	1
الدوسري	1
الينبعاوي	1
ولمصر	1
كشك	1
ورامي	1
عواض	1
ووائل	1
السحيلي	1
وعلاء	1
اثيوبيا	1
ماكوفي	1
وغيفت	1
كامبامبا	1
الهدفين	1
الكاسح	1
نوسيب	1
وسيلفستر	1
غوراسيب	1
ورازندارا	1
تجيكوزو	1
وكوينتون	1
جاكوبس	1
وايسيفو	1
اسوما	1
اتيان	1
بيتو	1
وفاليري	1
اوندو	1
ايبيه	1
وراموس	1
اميلكار	1
المنتخبان	1
تعادلا	1
حسان	1
موبيرو	1
ومجيد	1
موسيسي	1
وارنست	1
غرانما	1
غونساليس	1
الناجي	1
ليهنئه	1
اهداء	1
للبطل	1
مارتي	1
قداسا	1
احتفاليا	1
كاتدرائيات	1
اهداه	1
رينيرو	1
ارسي	1
الانجيل	1
البروتستانتينة	1
كارديناس	1
ليقيم	1
انقذ	1
يقله	1
غرقا	1
محاولتهم	1
الرافضة	1
الاكيد	1
سينتهي	1
الاقتناع	1
تقله	1
سود	1
شعبيا	1
سافعله	1
معكم	1
والسنغال	1
اقترحه	1
سنتوصل	1
التاسيسية	1
سنؤسسه	1
دولنا	1
تصادق	1
روزنامة	1
سعادته	1
وسيخلف	1
لليوغوسلافي	1
زيفادينوفيتش	1
مساعدا	1
تابعته	1
للاندية	1
سيشاهد	1
المواسم	1
ستخشاه	1
اشرافي	1
سأحدد	1
لاتمكن	1
اسلوبي	1
خبرتي	1
وابتعادي	1
لالتقاط	1
الانفاس	1
عائلتي	1
وايطالية	1
واسبانية	1
زيمباوي	1
سيمبا	1
ماكوني	1
ماد	1
قدماء	1
احتفظ	1
ستان	1
مودينغي	1
وموفين	1
مهاشي	1
نكومو	1
شيناماسا	1
يعين	1
اثارت	1
وتاخذ	1
متواضع	1
الهيكلة	1
تبدي	1
تحفظها	1
ستمدد	1
انتصارات	1
مخالفين	1
احتلوا	1
مدنا	1
دمروا	1
تجويع	1
الخروقات	1
مسؤولياتها	1
انتهك	1
وترعى	1
المؤلفة	1
والتمرد	1
وبويرتا	1
بويرتا	1
بفوزهما	1
نوفاك	1
المباراتان	1
الاخريان	1
المطر	1
اليكس	1
كوريتخا	1
فنس	1
سبادي	1
فرانكو	1
سكيلاري	1
روسيه	1
غاستون	1
غوديو	1
نازيين	1
يتظاهرون	1
متظاهر	1
ناشطي	1
والتفاح	1
للحيولة	1
وتفريق	1
استدعيت	1
بعلاقاتها	1
فيجيستي	1
وثيقتين	1
تشكلها	1
وتتناول	1
وتؤدي	1
كوسوفو	1
اليوغوسلافية	1
تتردد	1
تستغلها	1
بحكومتها	1
المنتخبة	1
ديموقراطيا	1
حاملا	1
لنظيره	1
والدفع	1
الرئيسان	1
والجزائري	1
ومتوقعا	1
والفوز	1
المعادة	1
تعادلهما	1
استدعي	1
طلبوا	1
بالهدوء	1
وحداتنا	1
واطلقت	1
ميليمترا	1
مجاهدو	1
سيصطحبون	1
سيغادرون	1
يرتقب	1
وسيواصل	1
وستتمكن	1
بامكانها	1
بالوصول	1
نودونغ	1
متورطة	1
عملانيا	1
كيلمتر	1
محسنة	1
افراييم	1
ستعرف	1
ستحضر	1
الايضاحات	1
يصورون	1
مراى	1
يحركوا	1
الحاقد	1
قطعان	1
تاديتهم	1
لعملهم	1
التحرشات	1
والاعتراضات	1
بؤر	1
الاربعمائة	1
جيب	1
يحيمه	1
الفلسطينين	1
باحدى	1
الفلاحية	1
اقاربه	1
فأطلق	1
عقيرته	1
بالصراخ	1
صيحاته	1
هب	1
لاستجلاء	1
تتدلى	1
فأشعر	1
وكاجراء	1
بالرقاب	1
وعاينوا	1
وجثة	1
ونقلها	1
لفحصها	1
باشر	1
بالجهة	1
بسماع	1
والاجوار	1
تخاصم	1
فنشب	1
احتد	1
حز	1
سكناه	1
فتأزمت	1
نفسيته	1
حبل	1
فربط	1
واحاط	1
للموت	1
أوهموه	1
بالثروة	1
ونهبوا	1
يعكف	1
بالعمران	1
مازالوا	1
فرار	1
منطلق	1
شكاية	1
تعرضه	1
نهبوه	1
قدّره	1
وبمــــزيد	1
التــحري	1
معــه	1
ذكــر	1
انــه	1
تــعرف	1
ووثق	1
برفقته	1
واشعره	1
مليونير	1
وضحاها	1
اثرها	1
أسال	1
لعاب	1
وانطلت	1
الحيلة	1
فاتفق	1
تمكينهم	1
بالاف	1
باهظ	1
يروج	1
لاستعماله	1
اختفوا	1
وغيروا	1
وتأكد	1
واشعر	1
بالموضوع	1
فانطلقت	1
وساق	1
تنسيقا	1
محكما	1
العسكريون	1
مستاؤون	1
سيعوضون	1
التايمز	1
للحالات	1
واللطيفية	1
لدبابات	1
تشالينجر	1
تشملها	1
اعربوا	1
يخشون	1
رحيل	1
تأزم	1
بالاستياء	1
الغارديان	1
استياء	1
تدخلنا	1
هون	1
معركـــــة	1
الجغرافيــــــا	1
للجغرافيين	1
موافق	1
رافضون	1
محوره	1
وتداعياتها	1
والفكري	1
والعلمي	1
مشدودة	1
الاشكال	1
الحارق	1
نصمد	1
القطيعة	1
متوجة	1
وحماس	1
المراوحات	1
تناقضا	1
وغرابة	1
واجهات	1
ووضوح	1
الرؤيا	1
منسجمة	1
الشريفة	1
يسترجع	1
كاضعف	1
ايمان	1
نمد	1
مادامت	1
ممعنة	1
التقتيل	1
والهدم	1
اسمح	1
لنفسي	1
باستعارة	1
القالب	1
الفقهي	1
والباطل	1
اختلطت	1
وتضاءلت	1
المعبرة	1
برياضيين	1
بجغرافيين	1
باخصائيي	1
معركتنا	1
اظن	1
صدقا	1
يستمدون	1
هويتهم	1
كباحثين	1
وتزوير	1
الخرائط	1
لخرائطهم	1
لرفضنا	1
لسطوهم	1
والإعلام	1
أرميتاج	1
ومراقبة	1
ومعلق	1
فالنظام	1
حازمة	1
ذهنية	1
قضائياً	1
يضمها	1
كحقيقة	1
لأحمد	1
تجاهله	1
أردنا	1
خارجه	1
باق	1
ننفذه	1
تحافظ	1
الوفاض	1
واهية	1
لكوفي	1
لمخاطبة	1
مراجعتها	1
لتفضيل	1
يعرب	1
منتجوها	1
استعدادهم	1
لتنفيذها	1
وألمح	1
الفاو	1
اختصاصات	1
للسعي	1
للأولويات	1
وجنيف	1
موافاة	1
الأشقاء	1
بتكبد	1
رجعة	1
صرامة	1
قرشين	1
يستغلون	1
ويعبثون	1
بأسعارها	1
للراغبين	1
تعاقداتهم	1
التخلص	1
إلكترونية	1
المعطل	1
عملائها	1
يقترن	1
للإقراض	1
بالعملاء	1
صدروها	1
التنسيقي	1
ومعالم	1
مساس	1
لقيادات	1
ستحدث	1
كصيارفة	1
مشكلاتنا	1
ونتكاتف	1
للالتزام	1
سعرية	1
كورشات	1
توزمان	1
لتعليمات	1
نجدت	1
سيزار	1
والتوقيع	1
لنقابات	1
النقابية	1
الموجات	1
وتردي	1
فأسهب	1
إقناعهم	1
محاولتها	1
الملحوظ	1
باستيلاء	1
سند	1
تملكه	1
بتعليمات	1
شفوية	1
بخطط	1
تمليك	1
تنازلها	1
ترويجه	1
للانتقادات	1
لتزايد	1
بفشلها	1
بتردي	1
للمرشحين	1
انطباق	1
إرشاد	1
ومسؤول	1
الفتوح	1
ويكتفون	1
بالعدد	1
وبحيدة	1
بالتزكية	1
بالمقاعد	1
الكشوف	1
بالقرآن	1
فعلي	1
ومدافعة	1
لانتشاره	1
دارس	1
ويحرص	1
السمح	1
زقزوق	1
راعية	1
وحامية	1
لتقسيم	1
لتمزقت	1
إعداده	1
لإسقاط	1
منجستو	1
هيلاماريام	1
إثيوبيا	1
وتصديها	1
وتأكيدها	1
مكتوفة	1
أراضيه	1
السودانيون	1
ويعلقون	1
آمالاً	1
موسمية	1
ويجتمع	1
رفيعا	1
ستبحث	1
بدءا	1
واقتراحات	1
للتأجيل	1
معقبا	1
لبحثها	1
تعقده	1
يتخذوا	1
جماعيا	1
أؤيد	1
اسمع	1
اؤيده	1
ومخاوف	1
ووقائي	1
والاسعار	1
قلقنا	1
كندي	1
مؤلف	1
بتروفاك	1
حوإلى	1
ودعي	1
لتوقيع	1
باحد	1
مصنعين	1
للاول	1
توتال	1
سوميتومو	1
جابكس	1
والكونسورتيوم	1
واوكسيدنتال	1
قيودا	1
وفرصة	1
رعى	1
المعرضين	1
ومتسارعاً	1
تطورها	1
غني	1
بالتجهيزات	1
الأغراض	1
والحاجات	1
ثلاثمائة	1
بلداً	1
وأجنبياً	1
آلافكار	1
المبتكرات	1
والمنجزات	1
الماثلة	1
ألفعاليات	1
وستقام	1
وندوة	1
وفعاليات	1
والحلول	1
لمعالجتها	1
حفاظاً	1
والتنوع	1
وتطبيقات	1
الصلبة	1
التصحر	1
وألفعاليات	1
للتركيز	1
مبتكرات	1
وبولونيا	1
كمعرض	1
يلقيه	1
إرساله	1
مرهقاً	1
أعراض	1
الإعياء	1
وتصبب	1
عرقاً	1
غزيرا	1
منديلاً	1
لتجفيفه	1
تلعثم	1
وترنح	1
فسارع	1
حراسته	1
بمساعدته	1
الاستراحة	1
الملحقة	1
بالقاعة	1
بدخولها	1
ديوانه	1
المشير	1
ليستكمل	1
سيخضع	1
لراحة	1
المعالج	1
لتعرضه	1
مضاعفات	1
مصحوبة	1
وخمول	1
اعتزامه	1
الاحتجاب	1
نشاطاته	1
مواعيده	1
اليهوديات	1
خيرها	1
بقائها	1
خلع	1
الارتداد	1
فصلت	1
كاذب	1
والعراقيون	1
يدربهم	1
وقتال	1
ويشاركون	1
الهرطقة	1
آذاناً	1
وتهديدات	1
التعمية	1
إفشال	1
لصفقة	1
وخوفاً	1
كاسح	1
لأسر	1
وإرادة	1
اللامبالاة	1
قلقين	1
خائفين	1
فليصرخ	1
يحارب	1
فليحارب	1
نفسية	1
وتواصلها	1
خائفة	1
نقرر	1
للمساومة	1
لمأزق	1
فالرد	1
تهديده	1
مدعياً	1
باختراق	1
المهجور	1
رسالتين	1
سماه	1
أيقنا	1
يستوعبهما	1
سنوجه	1
للسندات	1
المكتتبين	1
والعاملة	1
السوقي	1
شريحتين	1
والشريحة	1
يعقبها	1
لمسئولين	1
اقتصاديين	1
إيرانيين	1
والسلعية	1
لوارداتنا	1
الفواكه	1
فمثلاً	1
الأزر	1
غالبيته	1
لمواد	1
يدعي	1
قيادتها	1
بوثيقة	1
والحرس	1
وفدائيي	1
ومقاومين	1
النجباء	1
التعبئة	1
والتشكيلات	1
لمقتضيات	1
القتالي	1
التعرضي	1
وصيغ	1
لمداها	1
وتوقيتاتها	1
مساراتها	1
وتحددها	1
ويديرها	1
كحركة	1
ووطناً	1
وسينتج	1
متحالفة	1
جنسيات	1
أممية	1
وتعامل	1
وإدارات	1
التحريرية	1
وسنضع	1
وصلتنا	1
يحظيان	1
بترحيب	1
والسلم	1
وأسبان	1
توكيلات	1
عمومية	1
تعدت	1
فيزر	1
لفايزر	1
سوءاً	1
ومراقبي	1
خطوطاً	1
والكلور	1
والصودا	1
المستخرج	1
ملاحة	1
الكلور	1
والإيطالية	1
كالور	1
بينشاري	1
تضاف	1
والإيطالي	1
يطبقان	1
بالمنظمة	1
لهيئات	1
بتبيان	1
بإغلاق	1
اكتشفوا	1
خرقاً	1
ومرفوضاً	1
السور	1
تدبير	1
أمورها	1
معاونة	1
التصديق	1
وتنفذه	1
وقرروا	1
بترول	1
وبالأسعار	1
إشعار	1
لثروات	1
تعدينية	1
لسيناء	1
كشفه	1
بمليارات	1
وإدارية	1
بعائدات	1
تحتكر	1
بالمبالغ	1
بتوافر	1
بإدانة	1
حربي	1
صرصور	1
معروفون	1
أوصال	1
مدخولات	1
وإفساح	1
انتهجها	1
مساءلة	1
ومحاسبتهم	1
والتزوير	1
جانبكم	1
وظيفتي	1
لاستيرادها	1
وقّعت	1
مبدياً	1
المخالفة	1
وأجاب	1
سيستكمل	1
يخطف	1
ردنا	1
جيشها	1
تهديداته	1
بهجوم	1
تحبط	1
الأزرق	1
حاجزاً	1
لجنوده	1
أحرز	1
اجتازوا	1
السفاح	1
سراب	1
مقاومتهم	1
وتجريف	1
المزروعات	1
الاجتياحات	1
للقرى	1
والمخيمات	1
والمداهمات	1
وحملات	1
واغتيال	1
والكوادر	1
وحواجز	1
الإذلال	1
وجبريل	1
رجوب	1
أجمعوا	1
بالتزام	1
قاطعة	1
بأفق	1
فإذن	1
يتشكك	1
واستئصال	1
جذورها	1
الإقدام	1
تتناقض	1
والمبدأ	1
إصراره	1
بالحرم	1
الإبراهيمي	1
استيطانيا	1
مستوطن	1
لجنود	1
والمستوطنين	1
تفويضاً	1
ووقعوا	1
أوسلوا	1
واتفاقيات	1
يحصلوا	1
للأماني	1
الطرابيلي	1
دعونا	1
نستغل	1
سعة	1
نحمد	1
نعقب	1
يكتفي	1
بكلمات	1
المجاملة	1
باستئجار	1
بالقمح	1
مبادلتها	1
بالفواكه	1
تقصد	1
وزارعي	1
يتكلف	1
مضيقي	1
والدردنيل	1
عبوراً	1
ونريد	1
تتكلف	1
المحاسب	1
موانينا	1
فنستفيد	1
حلمنا	1
وزراعية	1
وإنتاجية	1
سمبل	1
نوجد	1
أسهل	1
ليلتقي	1
ينتجوا	1
نستورده	1
يملأ	1
يتسابقن	1
فاتهن	1
وساهم	1
البغدادية	1
نشوء	1
تسنى	1
يتجولوا	1
خزائن	1
يلفت	1
انتباههم	1
منظر	1
والبرونزية	1
وأقراط	1
السومرية	1
والبابلية	1
والآشورية	1
يحتفين	1
بزينتهن	1
وخلاخيل	1
والنقوش	1
المستوحاة	1
حليها	1
والحفلات	1
والأفراح	1
وانهمكت	1
النسوة	1
مناسبات	1
زينة	1
وخزينة	1
خزينة	1
فمنذ	1
تشتريه	1
ضاقت	1
المعيشة	1
بالإكسسوارات	1
بحوزتهن	1
مصوغات	1
العوز	1
والحصار	1
السعدي	1
واقتصر	1
خواتم	1
الخطوبة	1
وتجار	1
محدودين	1
لغرض	1
يبيعه	1
بدورهم	1
صاغة	1
صائغ	1
تستعيد	1
أحوال	1
الموظفات	1
وتضاعف	1
رواتبهن	1
إقبالهن	1
للحلي	1
تعلقها	1
بالذهب	1
تجول	1
الرضي	1
المحاذي	1
المستنصرية	1
واجهاتها	1
جراماً	1
الأساور	1
والقلائد	1
والخواتم	1
والأقراط	1
المتنوعة	1
والأحجام	1
العاملي	1
للادخار	1
مثقال	1
جرامات	1
قيراطاً	1
وتعدد	1
وتعثر	1
يعرقل	1
بوصول	1
جمعيتها	1
سهماً	1
وسانده	1
لمعرض	1
تستضيفه	1
العالميين	1
وسيصاحب	1
تيلكون	1
بالقطاعين	1
واستراتيجيات	1
العريض	1
واستخداماته	1
سيصاحب	1
وسيناقش	1
تناولتها	1
واستحداث	1
بالمعرض	1
للإعداد	1
كمقصد	1
زائر	1
لمنتدى	1
غيابهم	1
المختفين	1
بلاغ	1
لأقسام	1
المرفوعة	1
لنظر	1
اختفائه	1
المخلوع	1
بريئاً	1
سيتمكن	1
زياً	1
دشداشة	1
وكوفية	1
وعقال	1
ماثل	1
للإدعاء	1
محافظها	1
وتوجه	1
وإثباتها	1
شرعت	1
أكدنا	1
مثول	1
وسماع	1
اطلاع	1
سيحاكم	1
الجزائية	1
إجرائي	1
بحت	1
جنائية	1
ودوليين	1
ورأي	1
وهيكيلة	1
بخمسة	1
ليعملوا	1
صيغ	1
شرطنا	1
ستوجه	1
الإبادة	1
باعتبارك	1
مؤكد	1
أني	1
سأكون	1
مجرياتها	1
سيحال	1
إحالتهم	1
قاضي	1
سيتوصل	1
بالتهم	1
يحال	1
تبليغ	1
حدوده	1
وحدود	1
وبأنه	1
الاعتيادية	1
يريدونه	1
بسجنهم	1
بالسجناء	1
مثلهم	1
ومداها	1
والعراقيين	1
أشهراً	1
المرافعات	1
بالإعدام	1
جنايات	1
أمامي	1
فاشلاً	1
النزاهة	1
فسأكون	1
محاكمات	1
ستحكم	1
شرطه	1
بتطبيقها	1
عاناه	1
زنزانة	1
انفرادية	1
وعذبت	1
ومنعت	1
ومحاكم	1
والمخابرات	1
وكقاض	1
أنظر	1
مسبق	1
زرتم	1
نزورهم	1
إليكم	1
لتحيلهم	1
مهنتك	1
تخرجت	1
أمارس	1
جنائيات	1
والعمارة	1
والكوت	1
والناصرية	1
والشطرة	1
وزاري	1
واسعا	1
منصبيها	1
لاحمد	1
وزارتا	1
لجهاز	1
للواء	1
والاستطلاع	1
طيارة	1
الحسامي	1
زياد	1
الغفري	1
ديالا	1
والوقف	1
ولضغوط	1
وفرنسية	1
لدورها	1
تبحثان	1
اوروبيين	1
دبلوماسيين	1
واوروبيين	1
وعدت	1
اطاره	1
لمحطات	1
تقم	1
لتخصيب	1
واستأنفت	1
تثن	1
لترتيب	1
تبحثه	1
اوروبيون	1
مرتاحة	1
أوثق	1
وقودا	1
يضغط	1
للمفاعل	1
بوشهر	1
لطائراتها	1
العتيقة	1
للتقرير	1
سيرفعه	1
ويرأسه	1
غولدشميت	1
بالسيد	1
الغنوشي	1
بالتربية	1
ويرمي	1
وتنظيمها	1
بكيفية	1
والادوار	1
المحدثة	1
فضاء	1
اجتماعيا	1
تتكامل	1
ادوار	1
مربين	1
واولياء	1
وتلاميذ	1
وتترسخ	1
النبيلة	1
اتجهت	1
مطلعا	1
تجسيم	1
بترشيد	1
لاستهلاك	1
المحروقات	1
وبلوغها	1
ارقاما	1
لتجذير	1
وادماج	1
المقتصدة	1
واخضاع	1
المستعملة	1
لتراتيب	1
اقرارها	1
مجهود	1
بالطاقات	1
تتعمق	1
ستدير	1
بجمودها	1
مختصرا	1
شعورا	1
لمكانة	1
متشددين	1
وظف	1
مواطنوها	1
يرزح	1
عبء	1
رفضهما	1
اعلانا	1
الحازم	1
لاستقلال	1
تلب	1
متمركزين	1
وتجريد	1
تأكيدا	1
ونوابا	1
مسيحيين	1
ومسلمين	1
جزئه	1
دستوريا	1
بتمديد	1
وانضموا	1
استقالوا	1
لجأ	1
للاعتراض	1
إجرائها	1
محامون	1
نقابتهم	1
بالغاء	1
المعطلة	1
وتمسكت	1
بالترشيحات	1
تأثروا	1
أحيلوا	1
رشحوا	1
مقعدين	1
مخصصين	1
رموزاً	1
يبذلون	1
لجأوا	1
دعاواهم	1
والقبول	1
والحؤول	1
نفقاً	1
مظلماً	1
تسيير	1
اقباط	1
المشمولين	1
بالبراءة	1
سيطعنون	1
الردود	1
قضـــية	1
اتهــم	1
مـــسلماً	1
تـضمنت	1
وعشر	1
اسقف	1
البلينا	1
الانبا	1
بالتقاعس	1
واجبهم	1
جماح	1
سنحاول	1
عقابه	1
ويحصل	1
ســـياسياً	1
معقولاً	1
فالدولة	1
وأصدر	1
استغرب	1
يؤمل	1
قدمتهم	1
قبطيا	1
وإتلاف	1
والاوساط	1
اصيبت	1
وادانة	1
بأحداث	1
القبطي	1
للتعليق	1
نصوغ	1
باسباب	1
المجني	1
قاصراً	1
فساده	1
والخطأ	1
وتفسيره	1
وتأويله	1
بنقض	1
الزام	1
تعويضات	1
المدعين	1
سنلجأ	1
اخيرة	1
اسدال	1
ارتياحه	1
ستسهم	1
بتأكيد	1
السماحة	1
أهالي	1
وأشارته	1
دخيلة	1
انتقادها	1
نظرت	1
للاستئناف	1
للأربعة	1
المحكومين	1
ستتعلق	1
أقباط	1
إتباعه	1
لتوضيح	1
الحيثيات	1
استندت	1
وستحوي	1
والملابسات	1
شحاتة	1
لأبحاث	1
حجي	1
سيجربون	1
لندر	1
غرسها	1
بأعماق	1
تكنولوجيــا	1
بالرادار	1
ســــــواء	1
جيولوجياً	1
محمولاً	1
طائـــــرات	1
التصويــــر	1
الاصطناعية	1
هــــذه	1
الانـــــواع	1
الثلاثـــــة	1
تستخـــــدم	1
الوديـــــان	1
الجوفيــــة	1
المريـــــخ	1
الاجابة	1
القاطعة	1
ستكلف	1
فرنك	1
فعن	1
المدفونة	1
والوديان	1
سببت	1
ترض	1
مخففة	1
سينتهون	1
فأكد	1
بالحدة	1
العمد	1
يواجهوا	1
للمحكومين	1
الحاصلين	1
سيغلق	1
ستقبل	1
الملية	1
استنفار	1
مرشحيها	1
بتأمين	1
منبراً	1
فُرضت	1
والنقابات	1
مواقفهم	1
وألغيت	1
وقواعد	1
وبدت	1
ورشحت	1
سيساندون	1
لكونه	1
النقباء	1
يلقون	1
تأييداً	1
والنقابة	1
تحاسب	1
بالقطعة	1
سياساتها	1
منافسي	1
والقطب	1
الوفدي	1
فرصهما	1
ومصريين	1
وسيزور	1
وسامح	1
العراقيان	1
وأوميد	1
نظيريهما	1
واسماعيل	1
ورصدت	1
وقعتا	1
ومختار	1
بفرص	1
وتسويقه	1
خياط	1
استراتيجيتها	1
توسعة	1
بوشر	1
أخلاط	1
مقالع	1
وسجّلت	1
أرباحها	1
أسست	1
عامودية	1
نشاطنا	1
واستهدفت	1
عضوي	1
موقعنا	1
تحفل	1
رونوك	1
بليفنسكي	1
فيروم	1
هولدربنك	1
وأتاحت	1
تسوّقها	1
الاسكندريه	1
الرمادي	1
انجازه	1
وربحت	1
العلنية	1
ربحها	1
دخلنا	1
عصري	1
وحديث	1
بتواجدنا	1
يتميز	1
كبلدٍ	1
نامٍ	1
استغناء	1
معدلا	1
متقاربين	1
سيحتاجون	1
متدنٍ	1
وتطورها	1
إطالة	1
عيش	1
ستشتد	1
استثمرنا	1
اسمنتاً	1
ينتجون	1
حاجتهم	1
سترى	1
ويقارب	1
وننوي	1
ننظر	1
التوسعة	1
شريكنا	1
نبيع	1
وامكانات	1
مرتهنة	1
جاذبيتها	1
سيتقدم	1
أُخذت	1
ممتلكاتها	1
وتغيرت	1
الموازين	1
واتبعتها	1
بامبراطوريتها	1
ليلقاهم	1
لعداء	1
فالضجة	1
اثارها	1
حطّ	1
اخضعته	1
وأوقفته	1
احالته	1
تكتف	1
بتبرئته	1
بسلوكه	1
وتصرفه	1
ووسط	1
زخم	1
التكريم	1
للصهيونية	1
والصحف	1
لمراد	1
شاءت	1
رادار	1
ضهر	1
البيدر	1
راكباً	1
للهبوط	1
فوجىء	1
تحليق	1
الابتعاد	1
جرياً	1
مجهولاً	1
يخفوا	1
أبلغهم	1
رتبت	1
للانتقام	1
وخشي	1
المعتدية	1
ودارت	1
أذهانهم	1
بتفجير	1
تستقلها	1
مذيعة	1
سلوى	1
وايقن	1
وحياة	1
اتجه	1
ومرّت	1
القذائف	1
بشراسة	1
القبرصي	1
بسلام	1
عرّضه	1
للمساءلة	1
تبرأه	1
وترد	1
ليثبت	1
مقاضاة	1
لتعريضها	1
ولتسببها	1
بخسائر	1
مرشحو	1
يعتقلوا	1
طوقاً	1
اعتقالهم	1
لإثنين	1
بسفر	1
تعاطٍ	1
هادئ	1
للقطب	1
ينظمها	1
فاس	1
حضاري	1
نهضوي	1
وتمنى	1
تقديمهما	1
ترشيحهما	1
تصرفاً	1
فردياً	1
للعريان	1
طره	1
كيس	1
طلبين	1
عبدالنورعبد	1
الباري	1
سيوزعون	1
استفزازاً	1
القائمين	1
لمرشحي	1
واثناء	1
بمقاعد	1
حملاتهم	1
احتفالية	1
حرصوا	1
يقدموا	1
للاعتقال	1
محرم	1
كرموز	1
وأحال	1
اعتبروه	1
يبدأها	1
الكفء	1
والفاعل	1
ونسف	1
طرفيها	1
للاتفاقين	1
رسميين	1
وطالت	1
النصب	1
يفعلا	1
توازنات	1
ويتهمون	1
بتعمد	1
النصفي	1
واحتجزت	1
نجحوا	1
هدفت	1
مواجهتهم	1
ولجأ	1
اسمائهم	1
وتوقعت	1
ألقت	1
للاخوان	1
مقاعدها	1
احتجزت	1
واصدر	1
لعناصرها	1
ازهى	1
عصور	1
عبدالخالق	1
استوفى	1
أوراقه	1
اعتقلتهما	1
الصديق	1
القماري	1
وعبدالرحيم	1
حمودة	1
ومصطفى	1
شلقامي	1
ومعهم	1
محاميهم	1
مديرية	1
سمالوط	1
الترشح	1
أوراقهم	1
والتقوا	1
اصطحابهم	1
والذهاب	1
وتسليمها	1
احتجازهم	1
المحضر	1
كلفه	1
باكياً	1
منهاراً	1
رموزهم	1
تكرر	1
المحافظتين	1
الاخريين	1
الحامول	1
وبلطيم	1
احيلوا	1
حبسهم	1
لعضوية	1
وتأكدت	1
ترشيحها	1
لتنافس	1
احرجوا	1
وأسقطوا	1
مرشحيه	1
العلقامي	1
البلدي	1
الجزيري	1
عابدين	1
تكررت	1
وشاركت	1
وترشح	1
الاحرار	1
مثّلت	1
موضوعي	1
والبُنى	1
وارتباطاتها	1
بالحركة	1
وقدرتها	1
لتنامي	1
الساحتين	1
واكتسب	1
لارتباطه	1
والممارسات	1
أكون	1
مبالغاً	1
موقـــعة	1
الحقوقيـــين	1
الـــعرب	1
واللـــوبي	1
فالمنظمات	1
تضـــمين	1
الختـــامية	1
للمـــنظمات	1
الحكوميــة	1
الـــعالم	1
لعنصرية	1
المحتــلة	1
التـــأكيد	1
للفلسطينــيين	1
والتعـــويض	1
وإدانة	1
المجتـــمع	1
بتــحــمل	1
مسؤوليـــته	1
لتصفيـــة	1
العنصـــرية	1
النـــهائي	1
شـــكـــل	1
المواثيق	1
انشغال	1
فاعليات	1
بالتحضير	1
بأصوات	1
تنذرنا	1
بإدعاء	1
وآلياته	1
والتسجيل	1
إذناً	1
فات	1
الأوان	1
الإدعاءات	1
سيقـــت	1
ومؤتمر	1
تصح	1
كمقاربة	1
كاشفة	1
ونــــضجها	1
ففيما	1
هامشياً	1
فاعلياته	1
ووثائقه	1
استعدت	1
تحضيري	1
والاسيوية	1
التحضيري	1
شكّل	1
للمدافعين	1
كوكس	1
بلجنة	1
الحقوقية	1
لوبي	1
آسيوي	1
بصدور	1
لوثيقة	1
متضمنة	1
المرتكزات	1
المسلوبة	1
القهر	1
لمسؤولياته	1
بتبني	1
تطبيـــقه	1
بالنـــسبة	1
الابارتهيد	1
الكوكس	1
كمـــقرر	1
ومـــتحدث	1
إعمال	1
بالإجمال	1
أولاًَ	1
المنـــظمات	1
وانفتاح	1
الإقلـــيمية	1
المخـــتلفة	1
ثانياً	1
خطاباً	1
عقلانياً	1
حقوقياً	1
الضمائر	1
لتحالف	1
ثالثاً	1
وكوادرها	1
وتراكم	1
إذاً	1
الشظايا	1
العربــية	1
العــام	1
لمؤسسات	1
وشقه	1
اهالة	1
والتــــفاعل	1
والمساهمة	1
لطم	1
الخدود	1
والبكاء	1
والفاعلية	1
بمحاكمة	1
لابلاغ	1
مثولهم	1
عبدالواحد	1
أحال	1
ومنفعة	1
وظيفته	1
والاضرار	1
ومصالحها	1
عمداً	1
وتتعلق	1
بثلاثين	1
منسوبة	1
التأديبية	1
الحزانة	1
وحفظت	1
بالمال	1
يعولون	1
لانعاش	1
واضفاء	1
المتدهور	1
ملاءمة	1
تتحسن	1
ارجأت	1
تطمينات	1
يتأثر	1
موقتاً	1
لإحجام	1
وتعيش	1
ويتساءل	1
ستنجح	1
تخيّم	1
فنسنت	1
موحياً	1
أكدتا	1
تحصين	1
الصديقة	1
والنافذة	1
لارغامها	1
والرضوخ	1
ومزارع	1
وهضبة	1
والغربية	1
بذريعة	1
انسجام	1
ونوهت	1
بالموقف	1
المتعارض	1
مشكلتي	1
سادته	1
تطابقاً	1
بثوابت	1
وبالمواقف	1
ولحاكمية	1
تبنياً	1
وموقفاً	1
ويدعم	1
طلبته	1
سيغير	1
رأينا	1
للائحة	1
متعاونون	1
ويصرّ	1
ارصدة	1
ادراج	1
الارصدة	1
تسلمت	1
الدائنة	1
خوفاً	1
شبح	1
كوعاء	1
الموازي	1
يلح	1
لقاءاتهم	1
يتجشم	1
تقلبات	1
بجزء	1
ليظل	1
مشردون	1
يناضلون	1
ميّز	1
رافضاً	1
بالتضييق	1
وبيوتهم	1
المناضلين	1
وتدفعه	1
وأميركية	1
الإرهابيين	1
واغتالوا	1
جرائمه	1
وانتفاضته	1
الباسلة	1
ويلتقي	1
تبينه	1
المفرط	1
المغالاة	1
يُسوّغ	1
مؤسساتها	1
واجهزتها	1
الانقضاض	1
لحكي	1
اسطوري	1
يصدقه	1
مطلقوه	1
وتعوزه	1
فالانقلاب	1
تُسأل	1
ورتب	1
تجنيب	1
التماسك	1
طابعا	1
بمفارقة	1
قامعا	1
مقرونا	1
انضواء	1
يسبقه	1
ليقول	1
بأفصح	1
فأيهما	1
حديدية	1
التقطت	1
وترمى	1
الرفّ	1
المبدئيات	1
تحتمل	1
والسكوت	1
فلولا	1
تر	1
جنحت	1
بافراط	1
حساباتها	1
نذير	1
وهز	1
للنسيج	1
افرط	1
بواقو	1
والتخويف	1
اختلافية	1
مستباحا	1
لتجار	1
والمرتزقين	1
وغربتها	1
المفارقة	1
يكافئ	1
تكبير	1
خطرها	1
تستقوي	1
وراكم	1
السلطوي	1
للتظاهر	1
نقاطا	1
وجعلها	1
صف	1
التواقة	1
ازماتها	1
الاستقطاب	1
تشارف	1
تمايزاتها	1
بالتحكم	1
اجنحتها	1
ينضب	1
منسوبها	1
للجولة	1
مسؤوليتي	1
الرمضانية	1
ألبي	1
استطعت	1
بأسرتي	1
ترهق	1
والربح	1
الوفير	1
زاخرة	1
بأشهى	1
والحلويات	1
والمرطبات	1
ومثخنة	1
الخطب	1
الرنانة	1
واقتصادي	1
واجتماعي	1
واقليمي	1
كأنما	1
المادب	1
اضحت	1
عكاظ	1
يتبارى	1
المتبارون	1
بالفصاحة	1
والبلاغة	1
والمعرفة	1
حسيب	1
رقيب	1
فالمناسبة	1
الصائم	1
افطاره	1
الشهي	1
تستقبله	1
المغتصبة	1
والمدماة	1
سمعت	1
استشهد	1
يفتقرون	1
وبافتقار	1
نتصدر	1
وننسى	1
ينفق	1
معدم	1
يردّ	1
عبثا	1
ريعها	1
تنفقها	1
والمعوزين	1
ونردّ	1
البرّ	1
ماله	1
زكاة	1
صدقة	1
يعدم	1
غنى	1
مهرجانات	1
يمينه	1
يساره	1
السالفة	1
نفعله	1
ندرك	1
كلامنا	1
حاسب	1
ضميره	1
لادرك	1
كصائم	1
يظن	1
يسدّ	1
يصومون	1
المعوزين	1
خبز	1
تسدّ	1
رمقهم	1
جرعة	1
مرطّب	1
تشفي	1
غليلهم	1
يهلّ	1
عيده	1
تفت	1
يستغني	1
يصرفه	1
فهلا	1
اقلع	1
بالعادي	1
ووفروا	1
اموالهم	1
الفرح	1
للمليون	1
للفرح	1
طعما	1
للعيد	1
بهجة	1
توقعان	1
سوسيوا	1
جيرارد	1
عقداه	1
بليكوتا	1
والمناقشات	1
بمضامينها	1
الجهازين	1
الدفاعيين	1
سيستفيدان	1
لتوسع	1
الآفاق	1
سيجتمعون	1
حاجاتها	1
وليكوتا	1
إليهما	1
والفريق	1
المحيا	1
والجوية	1
وإنهاء	1
لأفكاره	1
ودعمه	1
كواليسه	1
والجدل	1
التعليمي	1
تباينات	1
الرسميون	1
بالخلاف	1
والتحاور	1
ارتبطت	1
بأفكاره	1
المقادير	1
رسخ	1
تؤهل	1
المستويين	1
التخوفات	1
مرتقب	1
والمطالبات	1
مطالبهم	1
الترحيب	1
السعيد	1
الأوحد	1
بالغرف	1
ندوات	1
ليطرح	1
أفكارهم	1
رقيباً	1
غذائيا	1
للخشب	1
للكيماويات	1
والأساسية	1
والإلكترونية	1
ولمواد	1
والصيني	1
والحراريات	1
ومنتجاتها	1
إمام	1
ببدر	1
بالسادس	1
ومثلها	1
الكوثر	1
بسوهاج	1
الصالحية	1
بقنا	1
بالشلالات	1
بأسوان	1
بأبي	1
رواش	1
النوبارية	1
بالمنوفية	1
أفدنة	1
ولإنشاء	1
بالغربية	1
بشق	1
الثعبان	1
للرخام	1
تكنولوجي	1
المتواجدة	1
والبساتين	1
والفسطاط	1
والكيلو	1
بالأذون	1
الأذون	1
لأوعية	1
عزم	1
وتجفيف	1
المخاطرة	1
بالاستقرار	1
الشهرين	1
سينعش	1
ويعمق	1
إيداعه	1
تخزينه	1
مأزق	1
أعبائها	1
دفتر	1
وسيصدر	1
والإيداع	1
سيأخذ	1
الادخاري	1
لنتائج	1
تعمق	1
وتحرص	1
لتدبير	1
تخفيضه	1
زيادته	1
المنطقي	1
سيضاعف	1
تلقاء	1
وسياسات	1
الإنتربنك	1
وشكك	1
تجفيف	1
ويتسبب	1
للأزهر	1
لخطاب	1
يترأسه	1
خصماً	1
ودبلوماسية	1
سيتخذه	1
بمسيرة	1
تدخلاً	1
سافراً	1
ويهدد	1
الفاشل	1
بأنشطة	1
تصفها	1
بالمعتدلة	1
وتزعم	1
جماعتي	1
الإيباك	1
واللتين	1
تتخذان	1
دفعتا	1
المغلوطة	1
والمزعومة	1
زعمته	1
بعلاقة	1
بالمنظمات	1
والمرجع	1
اختلاط	1
المرجع	1
وزعمت	1
أنواعاً	1
للجماعات	1
مدعية	1
يمهل	1
يبذلوا	1
جهدا	1
سريانه	1
اضطراب	1
فاتهم	1
وتسري	1
ومرافئ	1
شوط	1
تقطعه	1
لحكومات	1
بالإجراءات	1
أيا	1
قذرة	1
موانيها	1
لتشديد	1
والمرافئ	1
تفجيرات	1
التشدد	1
أقرته	1
لاسطولها	1
الناقلات	1
بأمن	1
أمنيين	1
لامن	1
موردي	1
متخلفة	1
وفنزويلا	1
جيهان	1
ملاحي	1
الصهاريج	1
والان	1
باع	1
مزاد	1
ضخت	1
تخريبية	1
للتجربة	1
للمزاد	1
اشترتها	1
واوروبية	1
واقترب	1
رصيفي	1
ينتجها	1
شمخي	1
فرج	1
تعجل	1
بالسير	1
عجزه	1
مهماته	1
حظاً	1
للترشح	1
لمرشحين	1
ويختار	1
يختر	1
استحدثت	1
محركاً	1
ودافعاً	1
لنشاطه	1
التحفظات	1
يبديها	1
عريض	1
سطوة	1
حضوراً	1
الساعين	1
إسناد	1
كفيل	1
تتداول	1
بالمؤسسة	1
وهيبة	1
نالها	1
اضطلاعه	1
بملفات	1
صوته	1
خريج	1
مستبعداً	1
يتجمع	1
تربيتهم	1
وعلاقتهم	1
الطليعي	1
بالابن	1
جلوسهما	1
سوياً	1
الأربعين	1
بالوعكة	1
بروزاً	1
ليطلعه	1
وسيطلب	1
بالاعتبار	1
مدراء	1
سيلتئم	1
ولقاءاته	1
ولقاؤه	1
بساط	1
بالذرة	1
الاستخفاف	1
يروق	1
عاتقها	1
يحسم	1
سينهض	1
بالمفاوضات	1
رضائه	1
تدار	1
تتبعان	1
منهجاً	1
مدللاً	1
والهندي	1
والقوائم	1
الجاذبة	1
بتفكيك	1
استنبول	1
الموسعة	1
المعفاة	1
تنقب	1
أرجع	1
محفوف	1
بالمخاطر	1
نوجه	1
انذاراً	1
نواصل	1
أسفه	1
لرضوخ	1
يوسيف	1
باريتسكي	1
إليكتريك	1
يام	1
شتس	1
المختصون	1
تسأل	1
أسرار	1
الأسرار	1
للفقرة	1
بجواز	1
صدوره	1
احتدام	1
بالاستقلالية	1
لمحافظي	1
اصطدم	1
بسياسات	1
مفروضة	1
النافذة	1
سيطرته	1
ومحافظه	1
تبعات	1
والركود	1
يعم	1
بأعباء	1
إنذار	1
وتبنى	1
وفروعها	1
بالتوسع	1
بازل	1
واشتد	1
نائبي	1
ممثليها	1
السطور	1
ميزانيات	1
وحضرها	1
بالصناعات	1
بمعيار	1
وتستوعب	1
يستفد	1
أوجد	1
إسهامات	1
والمرابحة	1
أفرزت	1
لأصحاب	1
لأساليب	1
يصحح	1
التعثر	1
وتأسيس	1
وتوقيعه	1
بإبرام	1
تنافسي	1
وتتزايد	1
حصتها	1
اتجاد	1
أوكرانية	1
وبتمويل	1
للمعارض	1
قضائها	1
بالقناطر	1
الحقيقيين	1
والقبض	1
خلافي	1
كذباً	1
بارتكاب	1
وحبيب	1
وأقسام	1
مستدلين	1
باعترافات	1
للتعذيب	1
صهيونية	1
متطرف	1
أسماه	1
جابت	1
وشردت	1
البدوية	1
المترامية	1
وانتزع	1
جمعهم	1
بقعة	1
شبيهه	1
الخناق	1
وسد	1
الرزق	1
آفي	1
غيتام	1
كفته	1
منافسه	1
باريتكس	1
واستصدر	1
كوشان	1
قسيمة	1
الكوشان	1
ليدلل	1
وبزعم	1
للمفهوم	1
يزرع	1
هرع	1
مدروس	1
ورثوها	1
أجدادهم	1
لفلسطين	1
لأطماعه	1
فها	1
جردت	1
القافلة	1
إبراهام	1
بوراز	1
لمحاربة	1
المقصودين	1
التعسف	1
بدوية	1
ولداً	1
تزوجهن	1
مدافعاً	1
علاوات	1
سيحافظ	1
قيدا	1
إقامتهم	1
وأطلقت	1
كرابجر	1
مراسلة	1
فقالت	1
وتمادى	1
ميخائيل	1
أورون	1
مصيرياً	1
الاندثار	1
يجيئل	1
ليكت	1
رسمته	1
لبدو	1
لقضية	1
بإقصاء	1
يهوداً	1
بتحريش	1
التحريش	1
وكشفها	1
اللجوج	1
دوافع	1
وصعوبة	1
الصهيونيين	1
وحكاية	1
أعوانه	1
تبعاً	1
بالهجوم	1
هجومنا	1
يدفن	1
المستشهدون	1
لفهم	1
جلود	1
خنازير	1
استولت	1
تجنيدهم	1
يضطهدونهم	1
ويسلبون	1
يتبجح	1
ويحترمون	1
وظاهرة	1
جندت	1
بدويا	1
موشه	1
وطبقاً	1
اقره	1
ويرسل	1
بهؤلاء	1
الدروز	1
المارونيين	1
فدائيين	1
فبدلاً	1
ليقتل	1
قومية	1
يربي	1
زعامة	1
بدورة	1
وللمجتمع	1
فالبدو	1
خدمتهم	1
ستحل	1
مستغلي	1
القمعي	1
يفكروا	1
ولاء	1
أهاليهم	1
ليروا	1
حشدوا	1
وحرموا	1
الرحاب	1
الفسيحة	1
نشأوا	1
مواشيهم	1
ليرتزقوا	1
قراراته	1
اختصاصاته	1
وثقة	1
بالسياسات	1
والمصرفية	1
وجعلتها	1
ويسهل	1
وحصرها	1
تصنيفين	1
عالج	1
ومصداقية	1
للقائمين	1
ويحمي	1
والموافقة	1
السليمة	1
إنشائي	1
عالجته	1
باعتراف	1
تقريران	1
مقدمان	1
بتهريبها	1
بتملك	1
الأضعاف	1
مناقشتهما	1
يسيران	1
والملامح	1
الإنجازات	1
بروباجندا	1
وأرقام	1
مفبركة	1
ماكياجاً	1
البشعة	1
للحكومات	1
المقدر	1
بكلية	1
مستنقع	1
والميزان	1
وسار	1
والهرولة	1
خرسانية	1
تسكنها	1
الأشباح	1
ظن	1
هليب	1
وحقن	1
بهرمونات	1
أهدتها	1
لبعضهم	1
برخص	1
والتسعينات	1
وظلت	1
وبسرعة	1
فشلها	1
ترسانة	1
لتمليك	1
لافتة	1
وإعفاءات	1
وجمركية	1
وبنسبة	1
كأموال	1
والتنازلات	1
مليارين	1
بطء	1
كمتوسط	1
ويصف	1
الرديء	1
ليهبط	1
والتحويلات	1
لحماقة	1
تبعها	1
كسياسة	1
أورده	1
التصديري	1
ملاحية	1
بتدهور	1
تدهورت	1
الرببع	1
وتجاهلت	1
بتبرير	1
لتقارير	1
الأونكتاد	1
وأحداث	1
وزيادات	1
وأسترالي	1
والأسترالي	1
الطري	1
الزيت	1
الطحان	1
دميتيو	1
مهند	1
إنكاراً	1
وإهداراً	1
الفرعوني	1
والماعز	1
درة	1
الأكوان	1
وأثبتت	1
النقوش	1
بسرقة	1
أواني	1
وطاردهم	1
بفلسطين	1
إسلاميا	1
وقبطياً	1
ديانة	1
والقتل	1
يؤذي	1
المزود	1
المصنوعة	1
إيطالية	1
وتنتهي	1
توطينها	1
ومايوهات	1
وعبايات	1
وسديري	1
ومفروشات	1
الزبون	1
يتميزون	1
بخصوصيتهم	1
بصناعته	1
العقال	1
والبشت	1
قطعتين	1
السديري	1
العبايات	1
والرسمة	1
عباية	1
والنفوذ	1
لمبادئ	1
انتهاءه	1
وطي	1
ستتضمن	1
بحركة	1
تطهير	1
دشنه	1
تسيء	1
وتحفل	1
المسبوقة	1
لاذع	1
تصفهم	1
بالخونة	1
أدعياء	1
يتاجرون	1
بقوت	1
وساطات	1
نيابية	1
السمعة	1
ولمّح	1
ملطخة	1
ليعبر	1
وآرائه	1
مضايقات	1
سيادياً	1
لإبعادهم	1
بالتخلي	1
لفرق	1
دمائها	1
ونشاطها	1
ملمحة	1
متهمة	1
وترافقت	1
للأجهزة	1
والغايات	1
المسؤوليات	1
والتقييم	1
معتادة	1
وغموض	1
وبينها	1
وتشابك	1
صلاحياتها	1
يستوجب	1
لرؤية	1
دمجاً	1
يحددهم	1
مناصبهم	1
توريطها	1
للجمعيات	1
تصاعدا	1
ترقية	1
المفاجئة	1
والحبس	1
وأوضاع	1
المساجين	1
لصرف	1
واتخذ	1
صرفهم	1
ستنتهى	1
احتساب	1
أدموند	1
هاو	1
واه	1
وسيفتتح	1
لفرع	1
فروعا	1
وهونغ	1
بعثها	1
وتعاونها	1
العون	1
متطابقة	1
جولانى	1
وتصدوا	1
المتوغلة	1
زرعوا	1
والشوارع	1
والقذائف	1
مسافات	1
والية	1
المكتظ	1
اسديروت	1
بأربعة	1
وعاهد	1
بالرد	1
يقترفها	1
المجرمون	1
للتربة	1
شيجياتشوانغ	1
الايكولوجية	1
بلديتى	1
المركزيتين	1
القريبتين	1
المتسارع	1
المفرطة	1
الايكولوجى	1
العشوائى	1
والغرين	1
للاراضى	1
كموطن	1
الثدييات	1
طموحة	1
منتجا	1
للسفن	1
وى	1
قوه	1
وفعالة	1
وبالتالى	1
والمطردة	1
سنوى	1
والالكترونيات	1
ضحيتان	1
بفندق	1
سويتشونغ	1
والدقيقة	1
اخماد	1
تهوية	1
مزودون	1
بالادوية	1
والاقنعة	1
اجرائات	1
يتحرسوا	1
التنفس	1
يصعدوا	1
اصحاء	1
سيطلب	1
لامسوا	1
سيقيسون	1
فحوص	1
ستزال	1
السجاد	1
بانظمة	1
بالكابينة	1
يقى	1
والفيروسات	1
سيستأنف	1
ويخشى	1
ه	1
بدبي	1
تنظمه	1
القيت	1
والأقليمية	1
مخيبة	1
للآمال	1
النقلة	1
متواضعاً	1
لمختلف	1
بثروات	1
للفرص	1
متناسبا	1
أساسيين	1
المصممة	1
المحاسبية	1
والتشريعات	1
والشفافية	1
المغرية	1
نرعى	1
ونحتضن	1
استغلالها	1
وتصنيفها	1
واجبنا	1
نجمع	1
مسؤوليتنا	1
كحكومات	1
وكقطاع	1
لإبراز	1
كلقاءات	1
التعارف	1
كتطوير	1
أسواقنا	1
بمقدور	1
إظهار	1
عزلهم	1
المعزولين	1
ولايزال	1
خلفت	1
اصفى	1
والمراسلين	1
القمعية	1
والمستبدة	1
انتهاكه	1
الوحشية	1
لانتهاكات	1
واللوائح	1
واحتقاره	1
والمفاهيم	1
المتمركز	1
شاحنة	1
وقطار	1
ناديا	1
ماهاشترا	1
سريناجار	1
اصابتهم	1
يستقلونه	1
لودهيانا	1
باصابات	1
عربتهم	1
ناسيك	1
اوتاوا	1
الاجور	1
جارى	1
فين	1
لحمايتها	1
الافلاس	1
بالهاتف	1
نقابات	1
اجورهم	1
ماوافقت	1
فسيوفر	1
نقودا	1
سائلة	1
مفاوضاتها	1
المتنافسون	1
لمنصب	1
وتعطى	1
الاسئلة	1
ستسجل	1
لبثها	1
وسيلعب	1
محوريا	1
تبلورت	1
نيوهامبشاير	1
يقطن	1
ذوى	1
التمهديدية	1
للمتنافسين	1
كونيكتيكت	1
وبوب	1
جراهام	1
كيرى	1
ماساتشوسيتس	1
ادواردز	1
وكلهم	1
جيبارت	1
ميزورى	1
ودنيس	1
جوسينيتش	1
وهوارد	1
لفيرمونت	1
وكارول	1
موسلى	1
وال	1
شاربتون	1
داعية	1
ومسئولون	1
الكوبى	1
اشكالها	1
الجورجى	1
شيفرنادزه	1
بالاجراءات	1
تتخذها	1
الأكيد	1
ليسوتو	1
باكاليثا	1
موسيسيلى	1
معجبة	1
تعاطفها	1
واملها	1
المخلص	1
اويحيى	1
يشغلون	1
بلخادم	1
زرهوني	1
بقوا	1
سيتولاها	1
اشنهو	1
ترباش	1
منتدبين	1
اقاله	1
اجراؤها	1
مؤخرة	1
لايعرف	1
راحوا	1
الخاضع	1
وجنديان	1
بدائية	1
روليكا	1
بانى	1
كاثو	1
باقليم	1
يدعمها	1
مختبئين	1
لتعقب	1
وألقى	1
وفتحوا	1
سانجلا	1
موركى	1
مشرتك	1
روتل	1
بوت	1
موراه	1
بوفلياز	1
ولقى	1
اخران	1
سيوت	1
ثاناماندى	1
مسلحى	1
كانجر	1
خارسو	1
مارهوت	1
والمسلحين	1
مدنى	1
خايرام	1
شولمان	1
لأوباما	1
تدوينة	1
يتابعون	1
بوسائل	1
الكابيتول	1
كلامه	1
الجدارة	1
للحشد	1
يصدق	1
المتروبوليتان	1
لربما	1
ارتداؤه	1
خانقاً	1
اللزوم	1
المنهج	1
كوحدة	1
يتعلم	1
نوما	1
ستيرنليب	1
جورجتاون	1
نواجه	1
بالمرور	1
سيستغرقون	1
بوتوماك	1
الجندول	1
تشابهٍ	1
وحياتنا	1
باطراد	1
الإحصاءـ	1
خنزير	1
خنزيراً	1
ثاقب	1
نملأ	1
الحيوان	1
بأنواعٍ	1
الخنازير	1
بانفالكار	1
أندريه	1
بفرشة	1
هوائية	1
جلوسها	1
سأدخل	1
اليزيديات	1
بالبكاء	1
صديقاتها	1
أوزبورن	1
فالون	1
بقطع	1
المهارية	1
كلايد	1
ويتجلى	1
بأبهى	1
صوره	1
رواجه	1
ورواج	1
نايتلي	1
رواجاً	1
ظنت	1
خطأٍ	1
البطارية	1
واستبدلت	1
بطارياتها	1
لتحل	1
الموردة	1
هواوي	1
مثاليٍ	1
كبوة	1
سامسونغ	1
غوغل	1
أسيستانت	1
سيري	1
بآبل	1
نبه	1
يعول	1
للبي	1
ستتقاضى	1
رسوماً	1
الواي	1
يجني	1
مصرحة	1
الاستخبارية	1
أثاروا	1
والغاية	1
ورائها	1
ير	1
المدونين	1
مروحيات	1
وطائرات	1
فرصةً	1
طموحاتها	1
العكسري	1
جيسي	1
لابروكا	1
هاك	1
فوروم	1
رسالةٍ	1
تفسد	1
ريديت	1
لإحداث	1
درجتين	1
مئويتين	1
تقنيات	1
تزيل	1
إيريك	1
سولهايم	1
نسير	1
سيبطئ	1
التغير	1
المناخي	1
كيغالي	1
الهيدروكلورية	1
فلورية	1
إسهاماتهم	1
شهري	1
قيوداً	1
المناخية	1
وجلعت	1
ـلا	1
الدينصورات	1
فقطـ	1
تنقرض	1
النيزكية	1
بعنصر	1
الإيريديوم	1
المستخلصة	1
الصاروخية	1
وتخزينها	1
الإنبات	1
للبستنة	1
تعليقات	1
تلاميذ	1
ومدرسين	1
القرف	1
مخيماً	1
أجزاءً	1
جسد	1
وتشرح	1
أحواضٍ	1
كيميائية	1
أثرٍ	1
للقشور	1
بعداً	1
ضوءٍ	1
شينجن	1
يكونون	1
تفهم	1
يترفعوا	1
لحسن	1
لاحظتم	1
عنواين	1
القرم	1
بالمعقول	1
جيتارٍ	1
موهوب	1
حفلٍ	1
فلاديفوستوك	1
بزياراتٍ	1
كامشاتكا	1
وسخالين	1
متحدثٌ	1
أسوشييتد	1
للألفاظ	1
تبعته	1
مشاجرة	1
تسجل	1
كوارون	1
فيلمه	1
غرافيتي	1
شجاراً	1
نشب	1
موانع	1
هرمونية	1
طريقٍ	1
طويلٍ	1
للعثور	1
لموانع	1
الهرمونية	1
معتقدات	1
راسخة	1
ويعارضون	1
تشريعٍ	1
أنواعٍ	1
السجائر	1
يدخنها	1
الطفرات	1
النسق	1
المثانة	1
مستشفيي	1
بابوورث	1
وآدنبروك	1
كامبريدجشير	1
رئة	1
عنمن	1
رجلٍ	1
بطعن	1
مراهقة	1
مدرستها	1
إجرامياً	1
مبهمة	1
للمشتبه	1
علاقةً	1
بالفتاتين	1
كتوماً	1
متعاون	1
راغب	1
ومعاقبة	1
انخرطوا	1
سلوكٍ	1
منافٍ	1
للأخلاق	1
سلطاتٍ	1
وصلاحياتٍ	1
يفرضها	1
المتنامية	1
عالياً	1
معتاد	1
الدخاني	1
للرئة	1
غويلبيو	1
للانبعاثات	1
فترته	1
بندٍ	1
للانسحاب	1
وحلفاؤها	1
مسلطة	1
والأقليات	1
وشخصيته	1
تجعله	1
نحتاجه	1
لبلادنا	1
قوم	1
ميلانيا	1
نفسيين	1
السلوى	1
أصدقائها	1
المتألمين	1
كراس	1
للوصفات	1
وحقنة	1
بشرطة	1
أوتاريو	1
جيري	1
مكنيلي	1
التحريضية	1
فيسبوك	1
ضباطٍ	1
المديرون	1
التنفيذيون	1
يتشاركون	1
وقدره	1
استباقياً	1
ومستويات	1
المكافآت	1
منشور	1
والمكافآت	1
غوميري	1
بفضيحة	1
كيبيك	1
الإرشادات	1
لتبرعات	1
بالاحتيال	1
وخيانة	1
هواتفنا	1
مشتركات	1
ساسكتل	1
مذهل	1
روجرز	1
للإنترنت	1
نعود	1
المئوية	1
الإيجارات	1
المحليون	1
ديتريش	1
كولورادو	1
آلام	1
الغثيان	1
ويجعلك	1
تنام	1
إطارٍ	1
كعلاج	1
المزاج	1
أمرها	1
عنصرٌ	1
يحتاجه	1
كريات	1
والمسؤول	1
نقصٍ	1
إرشادات	1
حاجةً	1
للمزيد	1
المتبرعين	1
كتصوير	1
بالموجات	1
الفوق	1
صوتية	1
بأمرٍ	1
الحامل	1
بويمر	1
بلانو	1
جنينها	1
يولد	1
المسخي	1
العجزية	1
العصعصية	1
ورمٌ	1
وينمو	1
عصعص	1
الجنين	1
الأورام	1
الأجنة	1
واحدٍ	1
مولود	1
مذهلة	1
ورائعة	1
بصمتها	1
قصصها	1
وبونو	1
صوتٌ	1
قويٌ	1
البلطجة	1
معاييرهن	1
للجمال	1
الرمنسية	1
للحفلة	1
عجت	1
يستهينون	1
بثقافة	1
الجلسات	1
تطويق	1
الترفيهي	1
والأبحاث	1
وـربما	1
الأهمـ	1
رفاهية	1
حلقةً	1
ليشكل	1
هيلزبورو	1
تشابل	1
مررت	1
كامبل	1
ليعلم	1
تسجيلهم	1
والتقاطع	1
التعارض	1
والخطاب	1
مألوف	1
كدليلٍ	1
حزبهم	1
إدارتي	1
ولينكولن	1
الفترتين	1
سولا	1
وترامب	1
التشابه	1
تشابه	1
ـيمكننا	1
بعملٍ	1
أفضلـ	1
كسيدة	1
غدت	1
تعاطفاً	1
دومينيكو	1
سليت	1
أشعر	1
اشتداد	1
هستيريا	1
إزعاجاً	1
الهراء	1
فنانون	1
منتجو	1
بيس	1
مهتمين	1
بالمؤخرات	1
المهتزة	1
زاي	1
وزايون	1
نسختهما	1
ناك	1
باك	1
منزلي	1
والأغاني	1
تحدثها	1
عصبياً	1
مترابط	1
تتبعه	1
حلقات	1
بالرقصات	1
إحياؤها	1
تحدٍ	1
إزعاج	1
وارتباطٌ	1
مغزى	1
أفلاطون	1
أوصياء	1
متعلمين	1
أعرفهم	1
ساهراً	1
أوقاتٍ	1
أقرأ	1
استطلاعات	1
برعب	1
كابلان	1
بأثر	1
وينقل	1
يصفان	1
عقلانية	1
يفيض	1
شيءٌ	1
خلاق	1
سلوكها	1
منضدة	1
ومطبوعة	1
تسيتيلز	1
تراوم	1
مزيلةً	1
عجزوا	1
الأشبه	1
بمسودة	1
والمطبوعة	1
وودز	1
أكشف	1
يهمل	1
قصتها	1
تخيلت	1
امتحانات	1
كيستيفين	1
مهارته	1
إجابات	1
دافعي	1
ستفتقد	1
سيخوض	1
كريستيان	1
وولمار	1
غمار	1
الراقي	1
ينتزع	1
مرشحته	1
أولني	1
الزوجة	1
المنفصلة	1
مسؤولٍ	1
بالمقعد	1
لطيفاً	1
وتقبل	1
كالرجال	1
غضبي	1
فرداً	1
فيغا	1
ملمين	1
بتاريخها	1
ستتوقف	1
باداربور	1
بالديزل	1
إذاعة	1
سيرفيس	1
لعقدٍ	1
حوى	1
منشوراتهم	1
الفيسبوكية	1
الحزينة	1
تسعد	1
أفريقياً	1
الإلهي	1
عباءة	1
فريقٍ	1
أمامهم	1
عائقٌ	1
واحدٌ	1
مجاراة	1
الشراسة	1
لطيفتان	1
فريقٌ	1
وإنها	1
فرصةٌ	1
لننطلق	1
بسفينتنا	1
باتجاهي	1
يلتف	1
حولي	1
أكواب	1
مقلوبة	1
تمرس	1
مبارياته	1
الرغبي	1
وأسرع	1
ويجعله	1
اضطراباً	1
أنهكته	1
مؤيداً	1
أعاني	1
قصص	1
المغزى	1
نصوصاً	1
النازي	1
فتاةٌ	1
ترتدي	1
وبنطال	1
جينز	1
وتبدو	1
التواضع	1
مساعدٌ	1
الفنانون	1
بقلوبهم	1
وننحي	1
خلافاتنا	1
جوائزه	1
هارفرد	1
أردت	1
دوني	1
أعدادٌ	1
يتوجهون	1
وسببها	1
تتأذى	1
وظائفهم	1
ومعيشتهم	1
شجب	1
نظرياً	1
لزوجين	1
يفتحا	1
تسكو	1
يكسبا	1
أسكتلندا	1
يكسبون	1
حساباتهم	1
أموالك	1
وقتما	1
تشاء	1
نكتار	1
يتطلعون	1
لاقتراض	1
مغذية	1
نموٍ	1
طبيعيٍ	1
الاستغراب	1
غيوم	1
الحمضية	1
سخيفاً	1
ومثيراً	1
شخصٌ	1
يحترم	1
ويواصل	1
وتصبح	1
مريعٌ	1
الإنصاف	1
روكو	1
ويتنفس	1
غمرا	1
بالرسومات	1
والألوان	1
وغلاسكو	1
أزور	1
صالات	1
نورثامبتون	1
تستعين	1
بفرانكو	1
كعارضٍ	1
ضحكت	1
والقليل	1
وينتور	1
صورت	1
مرتدية	1
نظارتها	1
الشمسية	1
الموتوكروس	1
وكأنها	1
صورٌ	1
أبحث	1
الوحي	1
تفي	1
أصنع	1
مجموعةً	1
أجد	1
للوحي	1
أسوئها	1
نوت	1
بالطبيعة	1
سأصاب	1
بالدهشة	1
حظرٌ	1
كاتب	1
آفري	1
باكهام	1
فلنقل	1
مخطئٌ	1
بالتشكيك	1
خططها	1
وطموحاتها	1
ندأب	1
بالسبل	1
مسؤولٌ	1
انخفاضٌ	1
المفلطح	1
المغريم	1
البلوق	1
والإيرلندي	1
خمسون	1
أسواقاً	1
آغورا	1
أيامنا	1
ويعبر	1
أطفالٌ	1
بغضهم	1
أسميها	1
وحشاً	1
اعتباطاً	1
عائدة	1
ميكرو	1
ـوبالتالي	1
نقصاً	1
بالمهارات	1
دفاعات	1
شراك	1
خادعة	1
للردع	1
والتشويش	1
مفهومٌ	1
النشط	1
نقاشاً	1
غنياً	1
لائحتي	1
وغطت	1
محطتي	1
بيلينغهام	1
لنواصل	1
رحلتنا	1
مررناعلى	1
مئذنتان	1
حارسٌ	1
قبعة	1
وفاحصٌ	1
للعجلات	1
يجول	1
حاملاً	1
يطرق	1
بلطف	1
عجلات	1
صباحاً	1
وشرانق	1
الدبابير	1
الشرانق	1
طعاماً	1
شهياً	1
ورئة	1
وقشور	1
وأرواق	1
جوز	1
الأريكا	1
والضفادع	1
وأسماك	1
السلور	1
تسلمها	1
كونع	1
المشرعين	1
يقسموا	1
جدالٌ	1
مشرعون	1
موالون	1
للزوجين	1
يتبوأا	1
تدخلها	1
شلل	1
لموجة	1
مظاهرات	1
آندرو	1
نسيان	1
تعادلٍ	1
مباراةٍ	1
بالخيبة	1
ضيعنا	1
أرضنا	1
بينوا	1
مونت	1
كارلو	1
أتساءل	1
تصاعدت	1
أضافت	1
هوبلي	1
للارتفاع	1
الغش	1
ـوالذي	1
سنواتـ	1
اليوروات	1
العلامة	1
هربرت	1
ديس	1
رقي	1
بالتعاقد	1
بريكزيت	1
مطرد	1
بالتجزئة	1
والجملة	1
حفاظ	1
المتسوقين	1
حدودٌ	1
عجزٍ	1
ستتغير	1
التعرفة	1
وسيدفع	1
آفرو	1
إنيرجي	1
تعرفتها	1
والمختارة	1
تعرفة	1
ناشيونال	1
سيفينغز	1
إنفستمنتس	1
الاندفاع	1
ويتبعه	1
آفيفا	1
إنفستورز	1
الإستراتيجية	1
والدخل	1
تستفد	1
أحدثها	1
أديداس	1
تنظيف	1
محيطات	1
العائمة	1
الأحذية	1
وأورد	1
تقريرٌ	1
مهمٌ	1
ستحوي	1
عبقرية	1
والكثير	1
والقاسي	1
شفيت	1
ترزح	1
ضغطٍ	1
صحتهم	1
بالغين	1
للإصابة	1
يستخف	1
برودة	1
سيلعبون	1
رائعاً	1
مستعدٌ	1
شكسبير	1
رفقاء	1
مارات	1
تستمد	1
عروق	1
رقبتها	1
وترتعش	1
يلوم	1
لغليندا	1
ضع	1
الميكروفون	1
لتعداد	1
روائية	1
هوليوود	1
بنفور	1
توازنٌ	1
هشٌ	1
الهتافات	1
الصاخبة	1
والدراما	1
يؤنس	1
ويبهج	1
مصنوعٌ	1
وطبعاً	1
مصدرٌ	1
دائمٌ	1
فكانت	1
باهراً	1
معظمه	1
خبرةً	1
بالجبهات	1
تخيله	1
جانبٌ	1
بغيض	1
المسعفين	1
ميليكان	1
سنرى	1
أودي	1
المختل	1
المضطرب	1
المسلسل	1
ناجحٌ	1
تسيمر	1
الأبطال	1
الخارقون	1
يألفه	1
عاملته	1
كفيلمٍ	1
درامي	1
الشريرة	1
نوعٍ	1
سندرلاند	1
أنني	1
أنزعج	1
بالسبعينيات	1
الصوف	1
ـأو	1
الأسطحـ	1
رائجاً	1
بانك	1
الديكورات	1
ريتشل	1
وينهام	1
لتصمم	1
اللمسية	1
بهوسنا	1
المتنامي	1
بصنع	1
بسنتين	1
وبتهمة	1
الدفن	1
اخترتها	1
يقاس	1
أداؤنا	1
نتبعها	1
بريدهم	1
ضغطوا	1
نسهل	1
للإبلاغ	1
الضارة	1
عيون	1
وجودية	1
الأمنٍ	1
للاقتراع	1
مدرجاً	1
القوائم	1
عددٌ	1
تنافساً	1
رجلٌ	1
مغرور	1
ومتغطرس	1
ومتبجح	1
يهمه	1
مزاجه	1
وقدرت	1
أعدادهم	1
أتحدث	1
الانتحابات	1
بالبطع	1
العروش	1
الكتابين	1
المتبقيين	1
سلسلته	1
واللذين	1
يحملان	1
عنوانين	1
مبدئيين	1
رياح	1
الهولنديين	1
سيسوقون	1
دراجتهم	1
هارلي	1
ديفيدسون	1
الجداول	1
الآجلة	1
للأسهم	1
والأسترالية	1
نبهت	1
للدجاج	1
المقلي	1
يحبون	1
يم	1
براندز	1
كيه	1
قضيتهما	1
ـريتشارد	1
بالتحديدـ	1
السيرورة	1
ومليدريد	1
علاقةٍ	1
رومانسية	1
المشاهير	1
والمعجبون	1
مراسلي	1
شاهدت	1
بالوميض	1
كأحد	1
نيغان	1
جيفري	1
مورغان	1
أمورٍ	1
رفاقي	1
إلي	1
رؤيته	1
يبث	1
الموتى	1
المتكلمون	1
بارات	1
انطلقنا	1
للإنفاق	1
لتتبع	1
ميكروسوفت	1
مزاحمة	1
سلاك	1
خيارٌ	1
تعبيرية	1
وملفات	1
الميمات	1
التهكمية	1
والملصقات	1
بمنشورات	1
المستخدمون	1
نزعة	1
إسنر	1
مهاراته	1
التنس	1
هنأه	1
أهنئ	1
لتبوئه	1
إنجازٌ	1
للغولف	1
أستراليان	1
يجيدان	1
الغولف	1
باعترافهما	1
تحايلا	1
الأسوار	1
حيثما	1
موطنه	1
يصول	1
ويجول	1
إسطبلي	1
فمازحت	1
يكترث	1
لجوني	1
كارسون	1
ليواجهه	1
صبيٍ	1
حذاءٍ	1
متسخ	1
كرنفال	1
تشرح	1
أليخاندرا	1
المخرجين	1
الفنيين	1
للموكب	1
متطوع	1
مكوب	1
وإلباسه	1
تقليداً	1
للمكسيكيين	1
المعلق	1
تذكرة	1
حاملها	1
بحلبة	1
ياس	1
المواعيد	1
أبهتها	1
الأنسب	1
غذت	1
الشاهقة	1
ماها	1
ناخون	1
الخيالي	1
مترٍ	1
عمقاً	1
ستايل	1
رأيت	1
أناساً	1
للعمارة	1
والأموات	1
وتطمس	1
مدعاةً	1
للاحتفال	1
بمظهرٍ	1
بالتمثال	1
تفصيلٍ	1
ستساهم	1
ذكراهم	1
الميثاق	1
نقابةٍ	1
مواطنو	1
منطقتهم	1
بالمعادن	1
وفلزات	1
المنغنيز	1
والرصاص	1
والزنك	1
والنيكل	1
والكوبالت	1
والموليبدنوم	1
الصنوبرية	1
سيبيريا	1
كراسنويارسك	1
الشتوية	1
ومثالها	1
المالديف	1
غرانيتية	1
وجزيرة	1
تايومن	1
بركانية	1
هيلينا	1
الصحراوية	1
باخا	1
سكيثيا	1
المستعمرة	1
الميغارية	1
بيزنطة	1
داريوس	1
للقائد	1
ميغابازوس	1
والبايونيين	1
أمينتاس	1
الفارسية	1
الأخميني	1
الأعراق	1
البلقانيين	1
زواجٍ	1
المقدونية	1
والفارسية	1
آستي	1
غريكو	1
يانيس	1
ساماراغديس	1
وموناكو	1
وزيرٍ	1
كرئيسٍ	1
مجلساً	1
وحدةً	1
وتراقب	1
المراكب	1
فونتفيل	1
إيرلندا	1
بيرغيرون	1
رياحٌ	1
فترةٍ	1
معلنةً	1
الجرمانية	1
والقبائل	1
السلافية	1
يتوطد	1
السلاف	1
المورافية	1
بمورافيا	1
وزاهوري	1
وأجزاءٍ	1
نيترا	1
لودفيش	1
الجرماني	1
واستبدل	1
بابن	1
أخيه	1
راستيز	1
راستيسلاف	1
أيسلندا	1
للدنمارك	1
تاريخٍ	1
الدنماركية	1
والاستعارات	1
الفنلدنية	1
بالميانكيلي	1
وبلغة	1
كفين	1
يميز	1
الأحرف	1
ولهجات	1
لهجات	1
لغوياً	1
الأمامي	1
والجزء	1
فوضوي	1
لتغييرات	1
تكبر	1
هطول	1
قطرات	1
وتفككه	1
بالطقس	1
التكتونية	1
الصدع	1
كليمنجارو	1
وجبل	1
قمتين	1
المذكورون	1
الحزام	1
الساحلي	1
البانتو	1
يحتكوا	1
وظلوا	1
أتباعاً	1
دمجت	1
الكاميروني	1
بالاقتصاد	1
المهرة	1
معدلةً	1
اتحدت	1
وتشكلت	1
خلص	1
بأسوأ	1
مشابهٌ	1
لمناخ	1
تحدها	1
وآب	1
المجاعة	1
توزعت	1
متأثرة	1
بقربها	1
السمك	1
اشتراكها	1
والجيولوجيا	1
والمنافذ	1
تنحو	1
ثقافةٌ	1
وتاريخٌ	1
متداخلين	1
بدولها	1
المدينية	1
والحضارة	1
استعمرت	1
بقولهم	1
نوستروم	1
بحرنا	1
البليندليا	1
ممرٌ	1
مائيٌ	1
بالجزر	1
الصخرية	1
كريستيانساند	1
ببلدة	1
ليليساند	1
بالدنماركية	1
الضحلة	1
الأودية	1
الخلالية	1
بحيرات	1
الكحولية	1
الجعة	1
وخمرة	1
العسل	1
والبيور	1
نبيذ	1
فاكهة	1
فالنبيذ	1
المنازلات	1
بموت	1
فحلي	1
بوغاز	1
شلاي	1
الصلابة	1
وهوسوم	1
القارس	1
فمباشرةً	1
النمساوي	1
البروسي	1
ونجح	1
قطعٍ	1
المتجهة	1
فلنسبورغ	1
بالصورة	1
صدمةً	1
منيعة	1
وجرد	1
ميزا	1
سلطته	1
تولتشيا	1
اليسرى	1
كيليا	1
فيقع	1
أوبلاست	1
جافٌ	1
السهول	1
تضاريسها	1
للساحل	1
بمناخٍ	1
متوسطيٍ	1
أوهايو	1
المسيسيبي	1
الرق	1
الصفرة	1
الزرقة	1
الأصليون	1
يعتمدون	1
علاجاتهم	1
أغصان	1
الصفصاف	1
سعف	1
الشعانين	1
بمياه	1
الكهرومائية	1
بالأخص	1
القاحلة	1
مدنٌ	1
مجاري	1
السطحية	1
الأنهار	1
كهرومائية	1
كيلوواط	1
أنهارٌ	1
الرايت	1
والرون	1
والإين	1
والتيتشينو	1
والبو	1
لتصب	1
الأدرياتيكي	1
البركانيات	1
الماغما	1
اللزوجة	1
احتوائها	1
تبرد	1
تثور	1
كارثي	1
الاحتباس	1
تغيراتٍ	1
هوراً	1
مملوءاً	1
إعلانها	1
كمحمية	1
والبعثات	1
الميلانيزيون	1
قضتها	1
إنديانا	1
لينكولن	1
آثاث	1
ونجار	1
للتعرض	1
كوارث	1
الفيضانات	1
والجفاف	1
وتلوث	1
آثارها	1
الخمسين	1
إفساد	1
وملوحة	1
ورص	1
واستنزاف	1
للموئل	1
الموئل	1
توصف	1
قارتين	1
منفصلتين	1
الاستكشافات	1
للأمريكيتين	1
والخالية	1
مجموعها	1
استطونت	1
الأقوام	1
لآلاف	1
قارباً	1
سكانٌ	1
أستراليون	1
أصليون	1
ساءت	1
أحواله	1
مكب	1
سالي	1
أتكينسون	1
الرملية	1
والعاصفة	1
ظاهرتان	1
طبيعيتان	1
تحدثان	1
بغطاء	1
الصحاري	1
الصجاري	1
الحبيبات	1
الأدق	1
متطايرةً	1
رياحٍ	1
الظاهر	1
بالاهتزاز	1
سرعات	1
جزيئاتٍ	1
ليبدأ	1
تفاعلٌ	1
متسلسل	1
التحضر	1
بزيادات	1
البدانة	1
الرعدية	1
رعداً	1
أيامٍ	1
شجعت	1
بمنسوب	1
والواجهة	1
نيفادا	1
اشتق	1
الكاريب	1
يسكنون	1
لفظة	1
أنتياس	1
الأنتيل	1
منازع	1
برزخ	1
كمقابل	1
البرزخ	1
أوراسيا	1
خطٍ	1
لكيب	1
الأعماق	1
سرداً	1
حياً	1
لرحلة	1
استغلت	1
أمدوها	1
بروكس	1
وكارسون	1
التنقيح	1
ويعدان	1
لأشخاصٍ	1
مختارين	1
وجماعات	1
خمسينيات	1
غوغمين	1
غوريو	1
ازدهر	1
جذري	1
للنزهات	1
ومقاعد	1
وممرات	1
وسكانها	1
شيكاي	1
وريثة	1
المنغوليين	1
لاغية	1
بمنغوليا	1
استعجاله	1
للاستيلاء	1
خطأً	1
تكتيكياً	1
فادحاً	1
البحثية	1
برستيد	1
أشادت	1
بالمصادر	1
ريب	1
حصارٍ	1
أمورو	1
متجاوزاً	1
تونيب	1
جنديٌ	1
مصريٌ	1
يتكبد	1
درعه	1
بساعتين	1
لزواج	1
أنتيباس	1
بهيروديا	1
بيلاطس	1
هيرودس	1
ليحاكم	1
كورينث	1
اعتناقه	1
أقحم	1
شهرٌ	1
استثنائيٌ	1
ارتآه	1
محجوباً	1
بالغيوم	1
شيدت	1
قلاعٌ	1
الأجزاء	1
استوطنت	1
اللاتيوم	1
المسرحيين	1
والمؤرخين	1
مستوحاة	1
طروادة	1
نبوءةٌ	1
بالشيخوخة	1
حياةٍ	1
هادئة	1
يافعاً	1
وسيكتسب	1
جوليان	1
ألعابٍ	1
أبهر	1
أنشي	1
بمهاراته	1
وقدراته	1
كمسؤولٍ	1
ووكيلٍ	1
للإشراف	1
لمعاينة	1
رواسب	1
مبتكرة	1
جرف	1
للطمي	1
المجموع	1
كسماد	1
الصيت	1
أوفد	1
كمبعوثٍ	1
الخيتانية	1
الخيتانيون	1
حدودهم	1
تلاعبوا	1
الأكفاء	1
رضخوا	1
تيبيريوس	1
ندمه	1
رحيله	1
دونه	1
أوامره	1
يشعل	1
جدالاتٍ	1
مقاصده	1
تشريعاته	1
الآلهة	1
والقرابين	1
لائقة	1
القارب	1
البقايا	1
الشعائرية	1
صفٍ	1
أحجار	1
واقفة	1
أطولها	1
أمتار	1
مذبح	1
حجري	1
الأحجار	1
عبادة	1
كنعاني	1
الكنعانية	1
حريقٍ	1
حملةٍ	1
الكرنك	1
نقشٍ	1
العمارنة	1
ملوك	1
تقسم	1
للفرعون	1
والشهر	1
وساعة	1
يليها	1
واسم	1
المطبق	1
برجها	1
القرد	1
المباركة	1
وتحتها	1
رابط	1
الأعياد	1
يتقيد	1
التايلانديون	1
بالتقويمين	1
للتقويم	1
مشيداً	1
أسوار	1
ويدل	1
اكتمال	1
منشآته	1
كليهما	1
أجزاءٍ	1
استدرج	1
فندقٍ	1
بيفرلي	1
هيلز	1
موضوعه	1
إمبراطورية	1
هابسبورغ	1
حاكمٌ	1
متعاطفٌ	1
دوقة	1
بارما	1
البقية	1
بتقييدٍ	1
توجييها	1
مرصدٌ	1
واكتمال	1
الانقلابين	1
الشمسيين	1
والشتوي	1
الاعتدالين	1
علاماتٍ	1
المكتمل	1
والأقصى	1
وعلامتان	1
تقيسان	1
أهميته	1
حقيقتين	1
يوكاتان	1
جدلٌ	1
هسبانيا	1
تشابهات	1
ظنية	1
الوافدين	1
الرومنة	1
كركلا	1
تقسيماً	1
روديارد	1
طفلهما	1
ألحقا	1
فلورانس	1
غارارد	1
ساوثسي	1
ستيفين	1
المحرر	1
بجد	1
إيقافها	1
الجريدة	1
بالمستقبل	1
مي	1
بالسيكولوجيا	1
عواملٌ	1
كوسائل	1
لإهدار	1
المهدرة	1
التمرد	1
بعبارةٍ	1
يشكلون	1
عرضةً	1
تعليماً	1
ينالون	1
مريحاً	1
الافتراض	1
سينجحون	1
كسببٍ	1
للشكوى	1
عصيانٍ	1
ضمانه	1
انسجاماً	1
قلبت	1
الطاولة	1
الدومينيكاني	1
هينريش	1
كريمر	1
لكبير	1
أساقفة	1
سالزبورغ	1
أعضاءها	1
يصدقوا	1
الساحرات	1
التعميد	1
وتعاليم	1
عمد	1
طردت	1
الشرقيين	1
استهدفوا	1
رسمت	1
لمقدونيا	1
نستوس	1
ميستا	1
الجنوبيين	1
أعداءه	1
ثيساليا	1
ثيرموبيلاي	1
محمياً	1
الأثينيين	1
والإسبارطيين	1
والأخائيين	1
لمملكة	1
جيشاً	1
مقدونياً	1
وزحف	1
التراقية	1
غزوٍ	1
إمبراطورة	1
الرضى	1
هاربر	1
المثالي	1
رومانوف	1
أعماه	1
أعراقاً	1
التفكك	1
سوكوتاي	1
بالغرب	1
المربحة	1
أبلى	1
بلاءً	1
مؤهلٍ	1
مصاعب	1
لوجستية	1
وتدريبية	1
وغذائية	1
مستعمراتها	1
بورتوريكو	1
وغوام	1
والفلبين	1
جمعته	1
الكلاسيكيات	1
التعاليم	1
ديمغرافية	1
وسكانية	1
معمقة	1
أدوارهن	1
المدافن	1
والأغراض	1
الجنائزية	1
تحويها	1
أربعين	1
والمراعي	1
لمستعمرين	1
إسكيا	1
وكوماي	1
أبجديتهم	1
الموز	1
وموز	1
زرعا	1
زراعتهما	1
والصوف	1
تغييرٌ	1
جذريٌ	1
الأسكتلندي	1
للقطع	1
الميسينية	1
برهنت	1
إسبارطة	1
بيلوبونيز	1
لقيته	1
رامبلر	1
تصنعها	1
أميريكان	1
وفورد	1
سياراتها	1
العرف	1
بنحوٍ	1
يخاطب	1
فتئ	1
التخاطب	1
إمبراطور	1
عهدٌ	1
خاصٌ	1
وبدءاً	1
شووا	1
يقدرون	1
الفرسان	1
تدريباً	1
ممتازاً	1
المبارزة	1
تشاندلر	1
وويلر	1
أعطبت	1
هجومٍ	1
ملحمي	1
الصبغية	1
بالغجر	1
الغجر	1
التفسيرات	1
بأصل	1
والإناث	1
مغنون	1
متحمسون	1
وعزف	1
منخرطة	1
زيشو	1
لمقاطعتي	1
خونان	1
وخوبي	1
هزمت	1
نانجينغ	1
وفتحت	1
مرافئ	1
شنغهاي	1
وغوانزو	1
وأجبروا	1
تيانسين	1
مرافئاً	1
وسمحت	1
رافقت	1
ماندل	1
المنخرطين	1
اختراعات	1
وقرص	1
يذوب	1
مشروبات	1
غازية	1
السيناريوهات	1
أيٌ	1
دارناند	1
ضابطاً	1
تطارد	1
أعدم	1
أوعز	1
ديغول	1
احتفاءٌ	1
شعبيٌ	1
زائدٌ	1
بتشرشل	1
وألا	1
المسبقة	1
يروي	1
كارانغي	1
وبمسيرتها	1
إدمانها	1
تراجعها	1
ووفاتها	1
الإيدز	1
إيغل	1
فارقاً	1
ألفاريز	1
تحكمٍ	1
أرضي	1
لمشغلي	1
شاشاتٍ	1
يوجهوا	1
طائرةً	1
هبوطها	1
أوامر	1
شفهية	1
ومباشراً	1
بكفاءة	1
مسابقاً	1
أحياءٌ	1
لوبومباشي	1
تبريد	1
عقدين	1
شخصياتٍ	1
أماهتهم	1
أكفأ	1
زمنه	1
مصممي	1
غولد	1
وسول	1
باس	1
يعدون	1
ملصقاتٍ	1
أفلامه	1
صراعٌ	1
التوق	1
هيشلر	1
الأنغليكاني	1
كعازف	1
غيتارٍ	1
بارع	1
أعزبٌ	1
قليلٍ	1
التلميح	1
عميلٌ	1
هومر	1
بمدرسة	1
للمسرح	1
هامرسميث	1
بزوجته	1
إيلين	1
يونيفرسال	1
بأوزوالد	1
فخرية	1
وسبعة	1
إعانةً	1
سحبها	1
والأزياء	1
خصمه	1
فرابوو	1
سوبيانتو	1
انتصاره	1
الإندونيسيين	1
جوكوي	1
يودهويونو	1
سيرته	1
أوبرات	1
يستمتع	1
بإخراج	1
المسرحيات	1
نصيحةٍ	1
حلٍ	1
سيلتحق	1
إيفنينغ	1
كورانت	1
الماجستير	1
إعلانٍ	1
سكوتسمان	1
كمحرر	1
نوتينغهام	1
كيريموير	1
كتابي	1
بثلاثة	1
تول	1
يثني	1
صعوباتٍ	1
دوغلاس	1
كونتيسة	1
لينوكس	1
موضحةً	1
كتابٍ	1
للتعلم	1
وعليك	1
منفتح	1
العقل	1
مأزقٍ	1
مشابه	1
الأميرة	1
أميرة	1
بشرة	1
ملونة	1
أصولٍ	1
والتسامح	1
العرقي	1
والتراتبية	1
لمقاومتها	1
ولعملها	1
أحبك	1
المنفردة	1
مهتزة	1
موطنها	1
لتعيش	1
آنجلوس	1
ليحل	1
البيلبورد	1
ظننت	1
الألبوم	1
بينيستون	1
غليندا	1
الساحرة	1
الطيبة	1
للمسرحية	1
الساحر	1
وايلكس	1
وطرد	1
إضافيتين	1
ترشحه	1
باطلاً	1
غرافتون	1
التدين	1
ساعاتٍ	1
إخوته	1
يشاركوه	1
ورعه	1
مذهولاً	1
انحلالاً	1
أخلاقياً	1
أخوه	1
وستراثرن	1
لفضيحة	1
بالزنى	1
أرملة	1
شابة	1
هورتون	1
وايلد	1
وست	1
ألبوماتها	1
مبيعاً	1
أوصلها	1
المسرف	1
سيغور	1
لأغنية	1
فيوغور	1
بيانو	1
لابوف	1
عارياً	1
ديسباتش	1
للابوف	1
وابتعد	1
كينسيث	1
إليوت	1
جنازة	1
والصدارة	1
السباقات	1
للسباقات	1
ناسكار	1
ألبومين	1
إضافيين	1
روبينسون	1
الروعة	1
جناحٍ	1
وصلاة	1
شمله	1
بشريكه	1
ستيلر	1
ويل	1
إيغان	1
تأليفها	1
كمغنٍ	1
ديكا	1
ريكوردز	1
أغنيته	1
هامبلبمز	1
أبوها	1
هذان	1
البومين	1
ينتجهما	1
هيو	1
ميرفي	1
ستالين	1
أباكوموف	1
لمجابهة	1
بيريا	1
الأنماط	1
بيتين	1
وواكساكتون	1
لهذين	1
يتلاءما	1
الثقافي	1
لأراضي	1
مسالماً	1
افتقارهم	1
دفاعاتٍ	1
الأشرعة	1
منحوتات	1
الكانو	1
القدماء	1
ستارلين	1
ثانوس	1
الشرير	1
مارفل	1
كارلين	1
مستقلٍ	1
ينحدر	1
توكوغاوا	1
ياسو	1
بتدريبات	1
الأثقال	1
يكسر	1
اعتنق	1
سفيرة	1
لعطر	1
إيف	1
أوبيوم	1
الكوميدي	1
السلمون	1
لاسي	1
هالستروم	1
إيوان	1
مكغريغور	1
وكريستين	1
وجيز	1
الدمى	1
المتحركة	1
كموظفة	1
بالآنسة	1
بيغي	1
ستولر	1
جيسون	1
سيغل	1
بروس	1
ويليس	1
غوردون	1
فالينتينو	1
النمطية	1
للرجل	1
شنيك	1
مهتماً	1
نورما	1
تالمادج	1
لتمثل	1
روميو	1
وجولييت	1
هاليفاكس	1
بهتلر	1
خطابٍ	1
تشامبرلين	1
ألمانيين	1
سوديت	1
يحاولان	1
تشيكوسلوفاكيا	1
بياف	1
ومومون	1
تجوبان	1
الملهى	1
تغنيان	1
منسية	1
روايات	1
سكايلارك	1
ماير	1
إيرين	1
مقترحاً	1
لتتعلم	1
لمعمله	1
يصنع	1
بترسون	1
بالقدوم	1
ابتكرت	1
لتحضير	1
البولونيو	1
شهرةً	1
كخبيرةٍ	1
راديوم	1
قرص	1
أتاح	1
القرص	1
لرونا	1
كمقدمة	1
ضيفة	1
والمصنفة	1
بوشار	1
لخسارة	1
ابنتهما	1
سيسيلي	1
بريتشارد	1
بلانتاغينيت	1
وأنجبا	1
الأولاد	1
إدوراد	1
جوان	1
غونت	1
الفارس	1
وزج	1
تابعه	1
ببعيد	1
الزوجي	1
كشقيق	1
همفري	1
بوغارت	1
المستهتر	1
خالي	1
البال	1
سابرينا	1
أودري	1
هيبورن	1
جيمي	1
كارتر	1
وإبان	1
هيمن	1
وحصلوا	1
بالأغلبية	1
رئيسٍ	1
ينجو	1
أبقاه	1
غايةً	1
أعظم	1
بلوتش	1
مهتمٌ	1
بجعل	1
لماركسيته	1
ويشدد	1
الضمنية	1
الروحانية	1
يتأسس	1
بيبي	1
ناشفيل	1
تينيسي	1
الأغاني	1
تؤلفها	1
تشاركت	1
وبيبي	1
تعقبت	1
غامسون	1
سكريتي	1
بوليتي	1
والمسجل	1
وصلته	1
دورست	1
ترعرع	1
سومرست	1
كرسام	1
الهزلية	1
قصصاً	1
مصورة	1
وفناً	1
تصورياً	1
وفيديوهات	1
إدغار	1
صديقٌ	1
لزميله	1
غارث	1
جينينغز	1
فلميه	1
المسافر	1
المجرة	1
قوس	1
ستخسر	1
اتصالها	1
قلص	1
مناطقها	1
استبدل	1
الجدعان	1
مواردٌ	1
يستثمر	1
إسن	1
مكتوفي	1
متقاعداً	1
سيريس	1
المستخدمين	1
اللمس	1
توقعته	1
المسرحيان	1
سويدية	1
لشهرين	1
لباركر	1
المتكبدة	1
موظفٌ	1
تركيٌ	1
الفاسدة	1
والنخب	1
القانعة	1
تسايت	1
تدفقاتها	1
المشبوهة	1
وخطر	1
الأرغن	1
الضاربة	1
مونستر	1
ماش	1
برر	1
بويست	1
بانعدام	1
تخطيطٍ	1
يتلمس	1
كريتشمر	1
ثكنة	1
متهالكة	1
ومظلمة	1
معجزة	1
حقلاً	1
أوقف	1
جيشٌ	1
البط	1
تطبيقٍ	1
غباء	1
يحصد	1
جمهورٍاً	1
فاين	1
فناً	1
ثوانٍ	1
بطلٌ	1
كيربر	1
لعامٍ	1
ويمبلدون	1
أيهما	1
تقرع	1
قبراً	1
منحوتاً	1
المثوى	1
ليسوع	1
بطريقتهم	1
البلهاء	1
غونتر	1
بروين	1
قريبين	1
فكرياً	1
المحقق	1
بحادث	1
فانس	1
مقتنعٌ	1
الأستراليون	1
باستنتاجات	1
بطائرة	1
البوينغ	1
جرفتها	1
الأمواج	1
باروسو	1
باروسوس	1
استمرارٌ	1
للتضييق	1
تقاربٌ	1
التحالفين	1
المتخاصمين	1
للبيت	1
عفواً	1
التفهم	1
لمسلك	1
ز	1
إيرينا	1
متيقنٌ	1
اقتصادٍ	1
عالميٍ	1
يخلو	1
تلفت	1
لوحتا	1
لوكاس	1
كارناخ	1
المعروضتان	1
الأنظار	1
تختفي	1
المزعجة	1
ستفعل	1
التسجيلات	1
يوتيوب	1
الملوثات	1
رئات	1
الصغار	1
أدمغة	1
المستغرب	1
والولائية	1
صنفتا	1
مجتمعية	1
ووثقتا	1
كومي	1
بالكاد	1
منافسته	1
بالانتخابات	1
بحسابٍ	1
بالشفرة	1
ستتحدث	1
تنتخب	1
رئيسةٍ	1
كمبررٍ	1
للاستجوابات	1
غالبيةً	1
صوتاً	1
غودانس	1
غارون	1
رشيدة	1
داتي	1
بريس	1
هورتيفي	1
فاشي	1
أحمق	1
بلطجي	1
مكانا	1
مكاتبهم	1
فورس	1
أوفريير	1
ملاحظاتها	1
جيلار	1
إشكالي	1
أدرج	1
المستغرق	1
المنظمتان	1
طعناً	1
رفضته	1
المنجزة	1
المبذول	1
إيتا	1
بمسائل	1
لجريدة	1
فيغارو	1
ستذهب	1
كاستلفرانكو	1
فينيتو	1
ترعرعت	1
كاثوليكية	1
للفاشية	1
اشتهرت	1
باضطهاد	1
اهتمت	1
قطعاً	1
يقفون	1
إيطالياً	1
سنقيم	1
احتمالية	1
جيرونيمو	1
لشيبارد	1
بلغوا	1
لينفقوها	1
تستحدث	1
قسيمةٌ	1
حفظها	1
هاتفك	1
والديزل	1
ميستري	1
كلتا	1
الحالتي	1
الديزل	1
لليترمقارنةً	1
لليتر	1
كورادو	1
باسيرا	1
أبداه	1
تجاهنا	1
مكتوباً	1
للتقييم	1
اجتماعٍ	1
انعقد	1
زوكربيرغ	1
مرثا	1
خوذة	1
نارية	1
السائقين	1
بحثٍ	1
مطبقٍ	1
أنتج	1
إنساناً	1
آلياً	1
بمليار	1
السيليكون	1
متجاوزةً	1
إكسون	1
وتسلا	1
وأوبر	1
وسنابتشات	1
سيحضرون	1
ماونتين	1
فيو	1
سيفوينتيس	1
قادةً	1
ماروتو	1
تقدميةً	1
كمتحدثٍ	1
وآنخل	1
بيتادو	1
كأمينٍ	1
مناسباتٍ	1
فخرٍ	1
لفاتيما	1
بانيز	1
تحدياتٍ	1
عويصة	1
كوسبيدال	1
بالأمس	1
البارون	1
كلاريت	1
لقباً	1
نبيلاً	1
إيفول	1
أمةٌ	1
فيليني	1
المهرج	1
كالظل	1
ضحك	1
وأفلام	1
رعاة	1
والهنود	1
والضرب	1
التفخيم	1
والسخرية	1
المتقنة	1
والتلميحات	1
الفجة	1
الزخارف	1
الخطابة	1
تنقير	1
والكوميديا	1
التهريجية	1
تغرورق	1
عيناه	1
بالدموع	1
محصوله	1
سره	1
بروحٍ	1
منفتحة	1
وذهنٍ	1
صافٍ	1
الجمال	1
والأمل	1
قلقاً	1
سيخرجون	1
تأثيرٌ	1
لإل	1
موندو	1
احتجاجات	1
الساندينية	1
للتحرير	1
بلازا	1
لاس	1
فيكتورياس	1
لتجنبها	1
الطلق	1
السلالم	1
يستقطب	1
تلغرافي	1
مجهزٌ	1
إنذارٍ	1
العرائس	1
سلمته	1
عهدة	1
والموظفين	1
نجت	1
باعت	1
فورتمبيرغ	1
للصناعي	1
غيورغ	1
رايشنباخ	1
مصنعٍ	1
هاجرت	1
بمعظمها	1
وكنيسة	1
وبولوس	1
أوبرمرسبورغ	1
وأعيد	1
غولدن	1
غيت	1
نباتية	1
وقبة	1
سماوية	1
وحديقة	1
شاي	1
أسماك	1
حضري	1
والاستجمام	1
ييربا	1
بوينا	1
موسكون	1
نصباً	1
تذكارياً	1
جونيور	1
وتسلسله	1
مثارٌ	1
لجدلٍ	1
لتخفيف	1
لحاجتهم	1
حرمت	1
أساطيل	1
انتشاراً	1
نطاقها	1
إنسانٍ	1
النحاسي	1
المومياء	1
المتجمدة	1
أوتزي	1
المرتفعات	1
طلي	1
جديرة	1
بالملاحظة	1
وضرواة	1
بالأمر	1
إذكاء	1
وانعدام	1
المؤن	1
احتياطاتٍ	1
مكوثه	1
استحساناً	1
بعزفه	1
جلبت	1
ووقائع	1
بلدٍ	1
الرايخ	1
البلطيق	1
هنغاريا	1
وحرة	1
فرانز	1
مملكتيه	1
ديزيبودنبيرغ	1
أطلالاً	1
آثارٌ	1
زيارتها	1
روبرتسبيرغ	1
الراهبات	1
المشردات	1
أيبينغين	1
الأنقاض	1
النجاحات	1
تيليكوم	1
للإقامة	1
حبيبته	1
مردينغين	1
بادن	1
آثينا	1
أولريش	1
كحامل	1
لذهبية	1
هادفاً	1
بميداليته	1
مستحيلة	1
الإخبارية	1
فايس	1
بنيله	1
جائزتي	1
مدينتي	1
كولونيا	1
وبريمن	1
الأدبيتين	1
وعلانية	1
شبرينغر	1
للمصالحة	1
وسافر	1
احترق	1
الشاليه	1
نال	1
وسام	1
الودي	1
لصحافته	1
منطقتا	1
فيغييه	1
قرقشونة	1
حصينة	1
تستشهد	1
بمقالات	1
اتهموا	1
عينا	1
بيلينغزهاوزن	1
برانسفيلد	1
لليابسة	1
بالمر	1
أبحرت	1
إرنست	1
شاكلتون	1
المخطوط	1
والموس	1
مايوروم	1
بيروس	1
المظلمة	1
والكتابة	1
طي	1
النسيان	1
الإغريق	1
اعتمدوا	1
وعدلوها	1
نمطٌ	1
أملته	1
وادٍ	1
معزولٌ	1
بالبحر	1
بالسلاسل	1
أقاليم	1
يتوسعوا	1
سفنٌ	1
طورت	1
كثوري	1
بلوفيوس	1
وطأة	1
ممولة	1
تابي	1
إفلاسه	1
للمعدات	1
للابتعاد	1
ريمي	1
طابت	1
وأملاً	1
تانتان	1
عملٍ	1
رسالةً	1
ترافقهما	1
روزان	1
صديقات	1
جيرمين	1
نخيل	1
يكنها	1
لأرضهم	1
محتملٌ	1
بالأسترالية	1
قطيع	1
بيلوكا	1
سستو	1
جوفاني	1
هكتاراً	1
هدمت	1
لاحاقاً	1
الإسطبلات	1
حذف	1
وألغاها	1
لهواة	1
مسطح	1
ومليء	1
بالتلال	1
شواهد	1
ومناطير	1
والكلابرية	1
سامنيوم	1
موليزي	1
وبازيليكاتا	1
بوليا	1
للدلالة	1
المؤرج	1
كراوتش	1
ليركز	1
قلةٌ	1
الإيرلات	1
سلطت	1
كورسيكي	1
بونابرت	1
إنهائه	1
مارينغو	1
النمساويين	1
أسطول	1
فيلنوف	1
واثقاً	1
أوسترليتز	1
آماله	1
تبددت	1
غرينفيل	1
القيصر	1
بالممارسات	1
فيوريلو	1
تعليمه	1
الأسقفية	1
أخبره	1
تنبأ	1
ووالتر	1
وجيهاً	1
وليفيا	1
طفلة	1
غوفريدو	1
بيتراسي	1
إينيو	1
وبرونو	1
وودية	1
للأفلام	1
ميتي	1
الأمسيات	1
ألفت	1
انهارت	1
التوزيعات	1
أنتونيو	1
غاودي	1
نظاماً	1
مصليات	1
القبة	1
المصليات	1
الدعامات	1
اعتنقوا	1
بالما	1
الأوروجينية	1
أنديز	1
تيبو	1
أدينو	1
انغراز	1
القشرة	1
المحيطية	1
ليناريس	1
أطاحت	1
تقنين	1
المنفيين	1
والتدخلات	1
الوهمي	1
المنارة	1
ديل	1
إستي	1
ومالمنارة	1
راسا	1
استسلمت	1
بيرغوين	1
ساراتوغا	1
والدافع	1
احتاجه	1
استقلالهم	1
برانت	1
دعموا	1
المستعمرين	1
بيريغوين	1
ألباني	1
اعتراضهم	1
فريمان	1
جهةٍ	1
إشاراتٍ	1
متحدثي	1
تقلباتهم	1
وفيليب	1
حقٌ	1
بالمطالبة	1
بالعرش	1
عمتهم	1
إيزابيلا	1
إنريكه	1
فدرالية	1
بوينوس	1
آيريس	1
جنرالاتٍ	1
جدداً	1
بصديقٍة	1
للتسجيلات	1
روكيت	1
ريكورد	1
كيكي	1
لتسجيل	1
تشرع	1
بفطر	1
فؤادي	1
فيلقين	1
تصرفٌ	1
صفه	1
شخصياً	1
بتصرفات	1
أجابه	1
القنصلية	1
ومنحه	1
عدواً	1
سيأخذه	1
سيسلم	1
أعزلاً	1
قرأ	1
بانثرز	1
ليحتل	1
متصدراً	1
ومتمتعاً	1
اختيارات	1
كاوان	1
شورت	1
واسترجع	1
ماريو	1
أديسون	1
جاريد	1
ألان	1
متصدر	1
النشطين	1
بدايات	1
وخلفهم	1
أظهرة	1
الأساسيين	1
العرقلات	1
وأجبر	1
خطأين	1
واعترض	1
تمريرات	1
ثانوي	1
كارولاينا	1
مؤمّن	1
كورت	1
بأعلى	1
ومدافع	1
ركن	1
إرجاع	1
بيتسبرغ	1
ستيلرز	1
لعبه	1
لقبه	1
باتريوتس	1
المباراتين	1
الفاصلتين	1
بايتون	1
رباعي	1
مختلفين	1
لألقاب	1
إلواي	1
لدنفر	1
أدّت	1
غرامي	1
والمرشحة	1
ليدي	1
غاغا	1
ترجمت	1
مارلي	1
ماتلين	1
فائزة	1
بالمباراة	1
واجهوا	1
بتجريد	1
رمى	1
لأجلها	1
ارتداداً	1
أعادها	1
ياردات	1
بالبانثرز	1
ارتموا	1
الكومة	1
وافتقاره	1
لعبات	1
المحتسبة	1
مدافع	1
ركضة	1
وأكمل	1
بيني	1
فاولر	1
بنقطتين	1
وحسم	1
حملتان	1
أخريتان	1
أوغرود	1
ساسكي	1
الساكسونية	1
تضمّن	1
مجمّع	1
موموس	1
ملهى	1
أدبي	1
ومسرح	1
تشيلر	1
ميلودرام	1
فويتشاخ	1
بوغوسلافسكي	1
وبدايةً	1
أوباتي	1
الدرامي	1
خصمهم	1
مشجعين	1
اكستراكلازا	1
وفازوا	1
ببولونيا	1
كونفيكتورسكا	1
سيراً	1
الأقدام	1
إنزال	1
وضعهم	1
الكارثي	1
محترفة	1
لإحصاء	1
الأرثوذكس	1
البروتستانت	1
يهودياً	1
بروتستانت	1
مارياوياً	1
العبادة	1
للتقسيم	1
غمينا	1
والبلديات	1
لعمدة	1
البلديات	1
فوخد	1
فويت	1
البولندية	1
بورميسترز	1
الاستحقاقات	1
والامتيازات	1
تمتلكها	1
بوفياتس	1
لغمينا	1
الغمينا	1
غرودزكي	1
لوبلان	1
وكراكوف	1
وغدانسك	1
وبوزنان	1
دوائرها	1
استحقاقات	1
ودائرة	1
يخصها	1
باستحقاقات	1
المدرجة	1
ورسملة	1
للمفارقة	1
كمقر	1
المتحدون	1
بيكاردي	1
إيل	1
التان	1
تعتبران	1
افرنجية	1
الفايكينغ	1
الأوائل	1
انقسموا	1
روموا	1
وبيي	1
كو	1
السين	1
كوتنتين	1
مفصولين	1
بمقاطعات	1
داهموا	1
واستقروا	1
الدنماركيين	1
والنرويجيين	1
والنورس	1
الغاليين	1
وفايكنغ	1
الأوركني	1
السويديين	1
والأنجلودنماركيين	1
داينلو	1
نورس	1
أسرتين	1
تانكريد	1
وعائلة	1
واينولف	1
أفيرسا	1
للنورمان	1
سيرجيوس	1
الأميرية	1
غايمار	1
كلابريا	1
زعيمهم	1
الساعد	1
عاصمته	1
ميلفي	1
تحصلت	1
لزعيم	1
الهوتفيل	1
دروغو	1
وسيد	1
وكونت	1
وكالابريا	1
البيزنطية	1
أرمينيا	1
البجناك	1
والبلغار	1
السلاجقة	1
المرتزقة	1
اللومبارديين	1
لبثوا	1
قاتلوا	1
الأتباع	1
الفارانجيان	1
واللومبارديين	1
مانياكيس	1
النورمانية	1
سماهم	1
البيزنطيون	1
وليسوا	1
ساسون	1
وتارون	1
الأرمينية	1
الأناضول	1
الأرمنية	1
قيليقية	1
وجبال	1
طوروس	1
أورسل	1
الفرات	1
العلوي	1
الأرمني	1
فيلاريتوس	1
براكاميوس	1
النورمانديين	1
لأورسل	1
ريمبو	1
أعطوا	1
إثنيتهم	1
لاسم	1
افرنجي	1
أنطاكية	1
طرسوس	1
الإيطاليين	1
النورمانيين	1
النورماندي	1
قادها	1
النورماني	1
النبيل	1
بيتينكور	1
والبواتيفين	1
غاديفيي	1
لاسال	1
كناري	1
لانزاروت	1
وفويرتيفنتورا	1
وإل	1
هييرو	1
تجمعت	1
وغاسكوني	1
مستعمرين	1
قشتاليين	1
اشتهر	1
بإنجازاته	1
استعراضيته	1
للـ	1
المجنون	1
جنت	1
اختراعه	1
مشاريعه	1
بدرجات	1
تقاعده	1
موته	1
للأوزان	1
لكثافة	1
بتسلا	1
بشراكة	1
فايل	1
اللذينِ	1
وافقا	1
إنارة	1
للإنارة	1
والتصنيع	1
صممت	1
تصميمات	1
موصلات	1
دينامو	1
غوغلييلمو	1
بببثه	1
أعاد	1
أوليفر	1
لودج	1
البراءات	1
إبطال	1
يفز	1
بالجائزة	1
آراؤه	1
الحاسوبي	1
الحوسبة	1
صعوبتها	1
المتأصلة	1
يُفهم	1
كمبيوتر	1
الميكانيكي	1
الخوارزمية	1
أبجدية	1
السلاسل	1
الترميز	1
البيانية	1
المصفوفات	1
ترميز	1
قوائمها	1
المغري	1
ثراءً	1
كمسائل	1
عددين	1
صحيحين	1
ثلاثيات	1
معطى	1
يتوافق	1
رقمين	1
مقدار	1
حاسوبي	1
انتقالات	1
وتُخرِج	1
طوله	1
إثباته	1
صنف	1
صفعِ	1
الطالب	1
ضربه	1
تكبيله	1
جَلدِه	1
لإيلامه	1
التهذيب	1
شيوعا	1
بتحجيره	1
قانونيًا	1
الضرب	1
أعضاءاً	1
مسجلين	1
بالنقابات	1
المدرّس	1
التعتمد	1
للمعلمين	1
واتّحاد	1
المدرِّسات	1
آخذٌ	1
المنصرمة	1
التهجّم	1
بمدارس	1
بلغَت	1
مسبوقةٍ	1
للتدريس	1
الأستاذية	1
تكونوا	1
يدرّسون	1
مدرّسوها	1
لمطابقتهم	1
ضبطها	1
المعوِّضين	1
بالدقيقة	1
بدوام	1
الإعدادية	1
ومليونَ	1
مدرّسٍ	1
كلهم	1
يُعرَف	1
المعلّم	1
الهندوسية	1
بـــغورو	1
تقاليد	1
هندوسية	1
سيم	1
الخاصعالٍ	1
معلّمي	1
الغورو	1
التحكّم	1
أتباعهم	1
يلقّب	1
معلّمو	1
البوذية	1
التبتية	1
بــبالرهبان	1
اللاميين	1
ويسمّى	1
الراهب	1
بمرحلتي	1
الفاوا	1
والسدذي	1
ومصمّم	1
ولادته	1
ذهنياً	1
بنذره	1
البوذيساتفي	1
بالتولكو	1
يذهبون	1
ويتمبيرغ	1
لسماعه	1
يخطُب	1
نشرَ	1
موجزاً	1
غلاتينيانز	1
وعمله	1
الترانيم	1
إبداعاً	1
وتصنيفاً	1
نُشِرت	1
نبلاء	1
مسيحيّي	1
الأملانية	1
البابلي	1
وسّع	1
للشعائر	1
كالتساهل	1
لبّ	1
العقائد	1
محق	1
وثنية	1
تجب	1
مقابلتها	1
بالشكر	1
فكما	1
مقاله	1
لاستلزام	1
وحثّ	1
الخصوصي	1
معترفاً	1
ألّف	1
حُكم	1
الرهبانية	1
الراهبين	1
والراهبات	1
نكث	1
عهودهم	1
الخطيئة	1
نشرترجمة	1
شائعةً	1
ومؤثرةً	1
فساهمت	1
تطوّر	1
الألمانيَّين	1
تضمنَت	1
ومقدّمات	1
لِلُوثر	1
ونقوشاً	1
خشبيةً	1
لِلُوكاس	1
كراناش	1
مندّدة	1
بالباباوية	1
التراجم	1
تيندايل	1
يمم	1
استذكار	1
ترانيم	1
تكشّف	1
إيس	1
وهيريش	1
فووز	1
قتلهما	1
لتبنيهما	1
لكتابة	1
ترنيمته	1
لنصدع	1
بأنشودة	1
ميسنجر	1
والسطر	1
ذاهبون	1
مهب	1
غنِّيت	1
لحن	1
إيبستون	1
ألّفته	1
تيدمان	1
كتابته	1
كانتمكتوبة	1
متسوّلون	1
بالألمانية	1
عمراني	1
ترِكت	1
أهولاً	1
غريت	1
ليكس	1
يستعملون	1
وإقليم	1
وريفرسايد	1
مساحةً	1
كلّ	1
لمنطقته	1
المتكونة	1
وتجمّعات	1
منطقةً	1
دوَلية	1
شاكلة	1
باجا	1
التقاسيم	1
منطقتان	1
حضريتان	1
متوسعتان	1
بـحوالي	1
ريفرسايد	1
أوكسنار	1
ثاوزند	1
أوكس	1
فنتورا	1
للوس	1
صنترو	1
كارلزباد	1
ماركوس	1
الحضريتين	1
الضخمتين	1
الحدّ	1
باربارا	1
أبيسبو	1
ومطار	1
نويس	1
بإقليم	1
وأونتاريو	1
وبربانك	1
ولونغ	1
ومطارات	1
فرقاً	1
السلّة	1
ليكرز	1
كليبرز	1
دودجرز	1
آنجيلز	1
أُف	1
بادريز	1
داكس	1
غالاكسي	1
بدوري	1
غالكسي	1
وشيفاز	1
ستابهاب	1
وكانا	1
متنافسان	1
محليان	1
شيفاز	1
ثانٍ	1
بصيغة	1
المتلائمة	1
للفيديو	1
موفيز	1
وسكاي	1
أوفيس	1
دولبي	1
المأخوذة	1
بثّ	1
توظف	1
أوبن	1
فوقية	1
بموديمات	1
لإرسال	1
وكغيرها	1
لمقاطع	1
ديجيتل	1
المداري	1
التناظري	1
تُبثّ	1
أقمار	1
يوربيرد	1
ليوتلسات	1
واسمه	1
يوتلسات	1
مكن	1
وكاملة	1
الرقمنة	1
بقدرة	1
والإذاعية	1
مشتركةً	1
يستعمل	1
الإتاحة	1
ورقمية	1
متنوعاً	1
تبثّه	1
ضمنه	1
والأفلام	1
والإخبارية	1
التصريع	1
سنتانا	1
اشتراكية	1
علىالمنصة	1
خدماتها	1
قنواتها	1
وتعويضها	1
بقنوات	1
الإشهارية	1
بجريدة	1
ديلي	1
مدّعين	1
للبرهنة	1
ككونها	1
أمّاً	1
عزباء	1
ادّعاء	1
خاطئ	1
الادّعاء	1
ينمّ	1
لادّعاء	1
مؤذيا	1
وشأنه	1
والتدخين	1
والقمار	1
آليك	1
شيلبروك	1
تكميلي	1
للإعانة	1
الضروريات	1
قدها	1
مزوديها	1
دفعات	1
متعلقةً	1
محتوىً	1
كالفيديو	1
والدقة	1
معاليم	1
قنواتهما	1
الريفي	1
لأستراليا	1
البيئويين	1
الأستراليين	1
أبزر	1
والجنوبية	1
وبالمدن	1
بالارات	1
وبنديغو	1
لليبراليين	1
كامن	1
بمقاعدهم	1
مكتوب	1
الاستعماري	1
بدستور	1
يؤسس	1
دَولية	1
تنقيح	1
أغلبيةً	1
ساحقةً	1
أخماس	1
بالرجوع	1
قاعدةً	1
ماركات	1
رواجا	1
كفورد	1
وهولدن	1
إعلانات	1
لبلاغ	1
للإغلاق	1
للبلاغ	1
ومصانع	1
ــــــ	1
برودميدوز	1
لناقلي	1
تمتلكه	1
تُستعمل	1
الجذعيّة	1
سكتان	1
سياحيتان	1
بُنيَت	1
مقسّمةً	1
استيطان	1
بفيكتوريا	1
الوالي	1
كولينز	1
سوليفا	1
ببوبت	1
تألف	1
موظفين	1
وقارعَي	1
محاكَماً	1
زوجةً	1
لمُحاكَم	1
أرسِلوا	1
كالكوتا	1
وودريف	1
لخوف	1
يستكشفون	1
مستوطنتهم	1
متحدّين	1
هزيمتهم	1
بالأحكام	1
نانت	1
اضطهادهم	1
فونتينبلو	1
بالبروتستانتية	1
وأُجبرت	1
مذهبهم	1
أرباعهم	1
استسلموا	1
لاذوا	1
وعدهم	1
بمنحهم	1
نورفولك	1
شلالات	1
موناكان	1
المهجورة	1
بووهاتان	1
تشيسترفيلد	1
لتجنيس	1
مقيمين	1
المستوطنة	1
تزاوجوا	1
جيرانهم	1
الإنجليز	1
والتاسع	1
أحفاد	1
بيدمونت	1
الأبالاش	1
وتينيسي	1
وميسوري	1
مانكينتاون	1
شرفهم	1
الأسلاف	1
والكاثوليك	1
الغليكانية	1
الغاليانيون	1
يتحكم	1
أسقف	1
البروتستانتي	1
ترجمته	1
ليصبح	1
قائداً	1
بروتستانتية	1
كوفين	1
كالفن	1
تحوّل	1
بقمع	1
الولدينيسيون	1
لوبيرون	1
وكالفن	1
وأوليفتان	1
كالفيني	1
الأمرانضمت	1
للطوائف	1
تكيف	1
الهوغونوتيون	1
مجتمعاتهم	1
إندماجهم	1
والألقاب	1
لأطفالهم	1
خاصةً	1
كالتجار	1
والحرفيين	1
الاستعمار	1
إيلوزير	1
إيريني	1
بونت	1
طاحونة	1
الإليوثيرية	1
براندنبورغ	1
ممالكه	1
وتقلد	1
بروسيا	1
تيودور	1
فونتان	1
هيرمان	1
تاننبرغ	1
الألمانيأدولف	1
جالاند	1
جواتشيم	1
وقبطان	1
أرنولد	1
بيريير	1
ميزيير	1
مايزيير	1
استمداد	1
لغلي	1
بالبخار	1
حرق	1
للاحتراق	1
إمداد	1
بأشكال	1
الموقد	1
حرارية	1
شمسية	1
احتراق	1
تسخين	1
الأداة	1
مستخدمة	1
المؤشر	1
مخترع	1
عالي	1
بورتر	1
وعرضه	1
الأسطوانة	1
الحصانية	1
والميكانيكيين	1
ومفتشي	1
للمؤشر	1
أدناه	1
رانكن	1
لسائل	1
للفولاذ	1
المقاوم	1
للصدأ	1
كارنو	1
لمحطة	1
لمدخل	1
بالتوربينات	1
رانكين	1
كدورة	1
الترددي	1
تستكشف	1
تستغل	1
لمحركات	1
لتسخير	1
أسطواني	1
محموم	1
ويستهلك	1
رطل	1
أقراص	1
عمود	1
التدوير	1
بالتبادل	1
السواكن	1
الأقراص	1
وتحتوي	1
يماثل	1
المروحة	1
ساكنة	1
سطحي	1
التفريغ	1
لاستخراج	1
محددين	1
ومنخفضة	1
فعّالة	1
بمسننات	1
للاستخدمات	1
مراوح	1
بالمولدات	1
مسننات	1
وبلدان	1
بأنظمة	1
دوار	1
التروس	1
المعاكس	1
فيلهلم	1
شيل	1
أوبسالا	1
بريستلي	1
ويلتشاير	1
لبريستلي	1
أنطوان	1
تجاربه	1
فلوجيستونالشائعة	1
والتآكل	1
المذاق	1
للأحماض	1
ً	1
المُنجب	1
للأكسجين	1
والبلاستيك	1
واللحام	1
الصاروخي	1
والغواصات	1
والغوص	1
ديوار	1
للدراسة	1
ليند	1
هامبسون	1
مُسال	1
الغازات	1
غليانها	1
آنٍ	1
واستخلاصها	1
والأسيتلين	1
بحرق	1
خليط	1
الأسيتيلين	1
والأكسجين	1
الأصداف	1
والهياكل	1
للكائنات	1
نظائر	1
أخف	1
تتبخر	1
الأثقل	1
الثلوج	1
والأمطار	1
المُبخر	1
ويتجه	1
تُدخل	1
هياكلها	1
وأصدافها	1
لعينات	1
يُظهر	1
نطاقين	1
للامتصاص	1
الطيفي	1
يصلان	1
الموجي	1
نانومتر	1
علماءالاستشعارعن	1
الإشعاع	1
المنبعث	1
للنبات	1
والومضان	1
أضعف	1
اقتراحه	1
كطريقة	1
دواء	1
الغُواص	1
الهيموغلوبين	1
للبكتريا	1
اللاهوائية	1
قتلها	1
الغواصين	1
يخففون	1
الغوص	1
فقاعات	1
الخامل	1
النيتروجين	1
دمائهم	1
الغفران	1
مُصدِّر	1
وحليفة	1
رفعتم	1
قمتم	1
ببيعه	1
للسكر	1
تشتروا	1
نفطنا	1
تبيعوه	1
وتكرروه	1
بترولية	1
بمئة	1
دفعتوه	1
فصاعدًا	1
تدفعوا	1
دعنا	1
الفورية	1
التضخمية	1
والانكماشية	1
إمدادات	1
البقاع	1
الوعرة	1
نيكسون	1
بتعيينوليام	1
استهلكتها	1
الطوابير	1
الحفري	1
يهيمن	1
تتجاهل	1
لريادة	1
والابتكار	1
ساندت	1
والرؤساء	1
بالحلول	1
إمكانياتها	1
تحسر	1
صغر	1
حينئذ	1
داتسون	1
كريسيدا	1
ومازدا	1
وداتسون	1
ومقود	1
وراديو	1
نوافذ	1
كهربية	1
وقفل	1
هوندا	1
متأثرين	1
بقيود	1
الطوعية	1
الشُعب	1
أكورا	1
لكزس	1
وإنفينيتي	1
لتمييز	1
سيمان	1
جولوفين	1
للتوصية	1
بمركبة	1
لاستخدامها	1
ناسا	1
وأوصت	1
المختلط	1
هوبولت	1
يأتون	1
المُعين	1
المهندسون	1
فيمركز	1
مارشال	1
لرحلات	1
ليكونوا	1
بمزاياه	1
فيرنر	1
تحولهم	1
تجريبية	1
سيحلق	1
فضائية	1
ساتورن	1
لتستوعب	1
الخوذة	1
الشفافة	1
وستحتوي	1
تحتية	1
مبردة	1
جريسوم	1
ووايت	1
وشافي	1
بتسمية	1
رحلتهم	1
كنقطة	1
تحفيزي	1
بتدريب	1
لمركبتهم	1
سيحاكي	1
للإطلاق	1
فسيتبع	1
محاكاة	1
بالاقتراب	1
ومركبة	1
وفوراً	1
رائحة	1
بدلاتهم	1
وأجبرتهم	1
المحاكى	1
تشتعل	1
وانتشرت	1
مشبع	1
بنبسة	1
واندلع	1
أحبط	1
بميزانية	1
نافزجير	1
لوري	1
ديجيتال	1
للاستعادة	1
واهتزاز	1
الكاميرا	1
المشروعية	1
مأخوذة	1
وأرشيف	1
تسجيلات	1
كينسكوب	1
صنعها	1
المستعاد	1
بقى	1
بالأبيض	1
والأسود	1
متحفظة	1
والفولاذ	1
ورسمية	1
ماسترخت	1
وسبعينيات	1
المنقِّحة	1
سنية	1
ولتعزيز	1
وللقيام	1
بتنقيحات	1
نيس	1
لشبونة	1
انضمّت	1
بدأً	1
بالمملكة	1
وأيرلندا	1
والدانمرك	1
تنضمّ	1
واليونان	1
وإسبانيا	1
لقلة	1
وسيبيريا	1
وإستونيا	1
وهنغاريا	1
وليتوانيا	1
ومالطا	1
وسلوفاكيا	1
وسلوفينيا	1
غرينلاند	1
وقَّعت	1
معاهدةً	1
منزلةً	1
قانونيةً	1
لسنّ	1
الأوربي	1
والحقّ	1
استِناداً	1
الفصلين	1
يراقب	1
وينبغي	1
تُعتَبر	1
ناقصتان	1
المنتَخَبين	1
بوسعهم	1
تنافي	1
وزناً	1
انتخابياً	1
أضعافٍ	1
وزنَ	1
إجماع	1
إدماج	1
استلزمت	1
فبل	1
وللشعور	1
بالقومية	1
اتّسم	1
انتخاباته	1
لصلاحيات	1
محدودةً	1
والجمعيات	1
الحقَّ	1
المصادقة	1
العرائض	1
التناسبية	1
وأعدادهم	1
متناسبة	1
متناقص	1
ينقسم	1
يفعلون	1
البرلمانات	1
يعدّ	1
يتصدّر	1
تتقى	1
الإيكولوجي	1
الخُضْر	1
إشكالا	1
تعالجه	1
بالإجابة	1
الثلثين	1
سانتر	1
مراعاتها	1
كراتيا	1
ديموس	1
المنتخَبين	1
فعندها	1
إينل	1
مساهما	1
كضرب	1
تعارضَ	1
ومحكمة	1
وأدلت	1
مؤرَّخ	1
باطلا	1
قطعي	1
لبنود	1
مخوّلةً	1
تطبيقيا	1
مخوّلا	1
بالمرافعة	1
القوم	1
ليتوجب	1
ادعاءه	1
فكرتها	1
جيندن	1
لووس	1
حقوقا	1
سيادية	1
سنّت	1
متلائمة	1
فالقانون	1
يُتجاوز	1
بالبنود	1
مُصاغةً	1
محطّ	1
عنى	1
أيّ	1
يعقب	1
تصرّف	1
المطابقة	1
متناقضة	1
قانونين	1
لسنتي	1
تماشياً	1
أسبقية	1
الهياكل	1
كالقوانين	1
آلي	1
ليحول	1
الإنكار	1
المتراسل	1
لتحمّلات	1
أسّست	1
تصوّر	1
الهم	1
تناسبية	1
المضمّنة	1
بدساتير	1
جلية	1
مكلّفة	1
مسودّة	1
للدستور	1
يوصى	1
بتطبيقه	1
ومؤسساته	1
قائمةً	1
مضمّنة	1
الطفيفة	1
تبنّت	1
التشريع	1
المتّفق	1
أشغال	1
استشارات	1
العمالية	1
والمنحة	1
الأبوية	1
التوجيهية	1
وتبنّي	1
بتولّي	1
أصعدة	1
والعجّز	1
والفقر	1
المهاجرون	1
والتكوين	1
بالبتغالية	1
وبالإسبانية	1
وبالفرنسية	1
وبالألمانية	1
بالإنقليزية	1
رطبة	1
نباتي	1
تسع	1
البرو	1
وكولوبيا	1
والإيكوادور	1
وبوليلفيا	1
وسورينيم	1
بأسمائها	1
المتبقّية	1
بيولوجيّاً	1
مطيرة	1
استوائية	1
الغابية	1
تتضاءل	1
للمواشي	1
سبعون	1
المشجرة	1
أزيلت	1
لإطعام	1
المواشي	1
تعدّ	1
لفول	1
ليدمير	1
أوليفيرا	1
ينقص	1
التركّز	1
الغابيّ	1
بالأمازون	1
بالهكتار	1
فرغم	1
رعوية	1
يمنحها	1
كتعلّة	1
المثيرة	1
والآخذة	1
الطريقين	1
السريعتين	1
متفتحةً	1
وأدّت	1
للغابات	1
سنويّأ	1
سنوياّ	1
البرازيلية	1
فتئت	1
أخصائيو	1
والمحيط	1
فقدانالتنوع	1
البيولوجي	1
سينجر	1
انبعاث	1
المحفوظ	1
بالنباتات	1
الانحباس	1
تمثّل	1
الخضرة	1
طَنّاً	1
متريّاً	1
ويقدّر	1
اختزان	1
للكربون	1
سنويّا	1
جفافاً	1
جفاف	1
وتقدّر	1
لجفاف	1
ماتت	1
الجفاف	1
يمتص	1
انبعثت	1
تُعَدّ	1
ضارية	1
اليرقات	1
المجهرية	1
الدولابية	1
القشريات	1
الاستثناءات	1
ناشئين	1
كفطريات	1
السالبيات	1
تأكل	1
وقدتم	1
وتسميته	1
وع	1
المجسات	1
للانكماش	1
تهدّبها	1
المويجسات	1
مجسّات	1
الغروية	1
تلتصق	1
بالفريسة	1
لتثبيتها	1
فبها	1
نوغ	1
بليتيتسنيدا	1
المسطّحة	1
والكائنة	1
أعماق	1
البالغون	1
الثقوب	1
البروادا	1
وتقتات	1
فم	1
مزود	1
المتصلبة	1
فلكل	1
صيدها	1
كاختلاف	1
العناكب	1
لفرائسها	1
مستحثات	1
المرسب	1
الأحفوري	1
لمشطيات	1
ناعمة	1
وهلامية	1
مجسّأت	1
مصطفة	1
وتعود	1
الكمبري	1
المشطينات	1
محلاً	1
وباعتماد	1
الوراثة	1
الجزيئي	1
اللواسع	1
ارتباطهما	1
بالمشطيات	1
جزيئي	1
مشابها	1
ربّما	1
الطباشيري	1
الأدلة	1
جُمعَت	1
ثمانينات	1
أحادية	1
الأرومة	1
سليلات	1
ووحيدة	1
لنوع	1
تنحدر	1
حيوانات	1
بحجمها	1
إنش	1
قدماً	1
طريقةً	1
للتنقل	1
بأسنان	1
أجسامها	1
أحزمة	1
تتجمّع	1
تملس	1
الني	1
فيعني	1
يوناني	1
جذر	1
أجسادها	1
والهلامية	1
المراسب	1
مناسبةً	1
نعومة	1
يعثر	1
النموذجين	1
الجيدين	1
للتحليل	1
الديفونية	1
الإمسية	1
صخور	1
بورجس	1
الصلصالية	1
المجسّات	1
سنا	1
مشطيا	1
ذوت	1
تركيبات	1
وُجِد	1
محاطٌ	1
بحافة	1
مطوية	1
عضلية	1
منتشرةً	1
إبان	1
فمثلا	1
موضوعةً	1
نباند	1
مستحثة	1
أيواندروميدا	1
الإيديكارية	1
مشطياً	1
هلامياً	1
فصيلة	1
وفصيلة	1
ميتازوا	1
لفهمنا	1
ولأصل	1
فلطالما	1
الجينية	1
وغيابهم	1
والمسالك	1
والعلب	1
المثلية	1
واللواقط	1
ومسالك	1
وينت	1
متطابقا	1
السيناريوهين	1
الأخيرين	1
وهوما	1
دعّمت	1
تقارن	1
المتسلسلة	1
بمجموعات	1
مورثية	1
حيوانية	1
والعضلية	1
كالأسفنجيات	1
شذوذ	1
الإسفنجيات	1
والاسفنجيات	1
مشوهة	1
لفرينسنو	1
فرينسكو	1
أعرق	1
نيلسن	1
تقليدياً	1
المكسيكيين	1
الأمريكين	1
والآسيويين	1
وخاصةً	1
الهمونجيين	1
اللاوتيين	1
جادّة	1
تيمنا	1
بالمقاول	1
والمليونير	1
ثيو	1
وتمتدّ	1
كِرمان	1
ولكونها	1
اتجاهين	1
ممتد	1
مصفّف	1
وبامتداد	1
المفضل	1
الراقية	1
بروكهيفن	1
لجينسن	1
إلم	1
أعطي	1
المقسم	1
المنعزل	1
بسم	1
دوغ	1
لعصابة	1
متزوجون	1
متضادي	1
ربة	1
المثليين	1
بمفردهم	1
ويبلغون	1
وبالطريق	1
تركزات	1
سِيارا	1
كلوفيس	1
هنتيغتون	1
يوسيمانت	1
آيزنهاور	1
فتدخل	1
أتاسكاديرو	1
يوسيمايت	1
كينجز	1
فتأتي	1
مندوتا	1
متجهةً	1
ريدلي	1
بطريق	1
بالمركزي	1
بتجاوز	1
والازدحام	1
للرغبة	1
بتحسينات	1
المسارب	1
والفصل	1
التوسطي	1
والتفاوت	1
الرأسي	1
وإرسال	1
إلصاق	1
وعنوان	1
ورقم	1
إلصاقها	1
يغني	1
لمسار	1
مكرّس	1
يستلزم	1
تصير	1
ذاكرة	1
تُرسَل	1
المستوجب	1
لتهيئته	1
المعلومة	1
بتم	1
افتراضي	1
بالدارة	1
الافتراضية	1
للبايتات	1
طبقي	1
الوسيطية	1
بآربانت	1
وستا	1
هلن	1
والمهام	1
المضيفين	1
قلبها	1
للمضيفين	1
المعلوماتة	1
مثالا	1
الافتراضي	1
البلوغ	1
المتتابع	1
وبوظائف	1
المعلوماتي	1
البروتوكولات	1
ديسنت	1
إنشاءها	1
حاسوبين	1
صغيرين	1
معالج	1
المبرمج	1
يدي	1
كإحدى	1
الهندسات	1
لنظير	1
بروتوكولا	1
سباعي	1
المعياري	1
بتخصيصات	1
لونيكس	1
ميريت	1
نتورك	1
والغير	1
ربحية	1
والمدارة	1
والتعليمي	1
التبادلية	1
المحوسبة	1
آربر	1
وين	1
ستيت	1
ديترويت	1
لانزينغ	1
أكمل	1
لتدعم	1
المأخذ	1
الدُفٌعية	1
الدُفُعي	1
للملف	1
التفاعلي	1
للملم	1
تيمنت	1
وشبكات	1
تيتينت	1
بإكس	1
ومضيفو	1
السلكية	1
وأخيرا	1
ومزيدا	1
بميشيغان	1
لتلتحق	1
بالشابكة	1
لميريت	1
مختص	1
ويقوده	1
ساهمة	1
بالشراكة	1
كويست	1
أبلين	1
مستثمراً	1
لامبداريل	1
آر	1
إتصالات	1
نطاع	1
لتزيد	1
آبلين	1
ركودٍ	1
حجية	1
لملك	1
تعزى	1
السماوات	1
باقتران	1
كواكبٍ	1
وباءً	1
منشورات	1
لإسداء	1
ميازما	1
لكلمة	1
فرعان	1
حيويان	1
معرفتهما	1
ولكنهما	1
مرتبطين	1
بجينوم	1
بكتيريا	1
بالقبور	1
الفرعين	1
انقرضا	1
المستفردات	1
لسلالات	1
أوريانتاليس	1
ويرسينيا	1
ميديفاليس	1
موجتين	1
التاليين	1
فوصل	1
الوراثي	1
بالعدوى	1
الهانزية	1
غراهام	1
تويج	1
كانتور	1
خليطاً	1
وأوبئة	1
ودانكان	1
المعدية	1
بتسبيبها	1
طاعوناً	1
نزفياً	1
شبيهاً	1
بالإيبولا	1
عالِم	1
بارني	1
سلون	1
دليلٌ	1
كافٍ	1
الفئران	1
السجل	1
للواجهة	1
يسند	1
أطروحة	1
البراغيث	1
والفئران	1
حلٌ	1
قبولٍ	1
يجادلون	1
وأعراضه	1
تعليلهما	1
وأمراضٍ	1
التيفوس	1
والجدري	1
والتهابات	1
التنفسي	1
أشكالٍ	1
بالإنتان	1
الدموي	1
والالتهاب	1
منقول	1
بالهواء	1
تطيل	1
كليركينويل	1
تسند	1
الرئوية	1
هلكوا	1
منتشرًا	1
اجتاح	1
ومجددًا	1
الفاشيات	1
بحركات	1
والطاعون	1
للطاعون	1
وأصاب	1
ألفٍ	1
حدثاً	1
وأصغر	1
القسطنطينية	1
اجتياحات	1
دهر	1
دهرٍ	1
موسّع	1
تتوسّع	1
عصراً	1
قصيراً	1
فتراتٍ	1
فتتم	1
توسعته	1
والرابع	1
بالنجمة	1
الهولوسيني	1
صغيرٌ	1
إظهاره	1
البليستوسيني	1
حرف	1
لتواجد	1
غيابها	1
للتكوينات	1
تتواجد	1
داروين	1
التعاقب	1
التطوري	1
معقداً	1
لأوجه	1
اليقين	1
التحجر	1
السحنة	1
ولأنه	1
يحلل	1
المقاطع	1
القضبان	1
لآلات	1
الآبار	1
السفلية	1
وتفسير	1
الهيدروكربون	1
المعاصرين	1
فيلدينج	1
هـ	1
جاريسون	1
الجيولوجيا	1
الريحان	1
الجيولوجيين	1
الفرس	1
الكتابات	1
جيولوجيا	1
افترض	1
بحرًا	1
الأدبيات	1
والهندية	1
تدمرها	1
أفيسينا	1
لتكوّن	1
وأصل	1
الزلازل	1
للجيولوجيا	1
صاغ	1
الموسوعي	1
كوو	1
فرضيةً	1
استنادًا	1
معاينته	1
أصداف	1
جبلٍ	1
بمئات	1
وترسب	1
يُرى	1
جيولوجي	1
أطروحةً	1
إدنبرة	1
أطروحته	1
يُفترض	1
لإتاحة	1
لتآكل	1
ولتكوِّن	1
الرواسب	1
صخوراً	1
يابسة	1
نسخةً	1
مجلدين	1
حصناً	1
رومانياً	1
وجسراً	1
سمّيت	1
النادر	1
قُدر	1
شظايا	1
مرئية	1
شرقاً	1
سينغيدونوم	1
والز	1
إند	1
أربيا	1
للإمدادات	1
فالوم	1
خندق	1
خلفي	1
هضبات	1
ولمنع	1
وتوغل	1
بيكتيون	1
كخط	1
لغزوٍ	1
الجزّار	1
لنيوكاسل	1
وأجمل	1
بالافتتاح	1
بحفل	1
عشاءٍ	1
ضيف	1
لاينغ	1
لوحةً	1
السقف	1
الخشبي	1
دمره	1
واستعيض	1
بأقواسٍ	1
متداخلة	1
فولاذية	1
معمار	1
تصنيفها	1
ليندسفارن	1
بمجتمع	1
غناء	1
أغنيتهم	1
فوغ	1
غاسكوين	1
يلقب	1
بالجوردي	1
فينوم	1
منشأ	1
البلاك	1
الإكستريم	1
سكايكلاد	1
وغالباً	1
تُعتبر	1
سابات	1
الثراش	1
واكير	1
وُلد	1
أندي	1
تايلور	1
الجيتار	1
جوردي	1
المطرب	1
وير	1
والأنفاق	1
ووير	1
بالسكك	1
الخفيفة	1
تمديدين	1
والمبنية	1
حفرها	1
جسرٍ	1
وغيتسهيد	1
وافتتحته	1
إليزابيث	1
تُدار	1
نيكسوس	1
راكب	1
وتينيموث	1
ساندرلاند	1
بتصميم	1
المتنقل	1
بتركيب	1
هوائيات	1
للهواتف	1
جامعتان	1
والجراحة	1
واستقلت	1
دورهام	1
أبون	1
صانداي	1
لأفضل	1
نورثامبريا	1
المعمم	1
للجامعات	1
المرموقة	1
إتاحةً	1
كمبيوتينج	1
تخطيطه	1
المصنوعات	1
مارلبورو	1
سومرسيت	1
وأعيدت	1
كينزنغتون	1
غوتفريت	1
زيمبا	1
تصميمٍ	1
لبهظ	1
تكلفته	1
برومبتون	1
بارك	1
تمديده	1
المرطبات	1
افتُتحت	1
مرافقاً	1
افتُتح	1
تسوي	1
يومنا	1
السلالتين	1
الحاكمتين	1
وتشينغ	1
إلّا	1
بديعة	1
برونزي	1
يشميّ	1
مدفنٍ	1
التماثيل	1
حرّاس	1
قبورٍ	1
كلاسيكية	1
الورنيش	1
والحرير	1
واليشم	1
والطلاء	1
الزخرفي	1
المصاغ	1
الكلوازونيه	1
لوحتين	1
سلفيتين	1
كبيرتين	1
لزوج	1
رسمتا	1
بالألوان	1
الحرير	1
مطلية	1
بالورنيش	1
ورَش	1
شوان	1
سريرٍ	1
مصممين	1
لباسٍ	1
الإكسسوارات	1
برسومات	1
ودفاتر	1
والصور	1
نظرًا	1
تنج	1
أنيقة	1
صُنعت	1
للمناسبات	1
الإهداءات	1
للأزياء	1
تالبوت	1
هيوز	1
هديةً	1
هارودز	1
المتجر	1
أغُلق	1
قرارٌ	1
عريضةٌ	1
والعناية	1
وإتاحتها	1
ومعارض	1
وعصر	1
للأثاث	1
لإعارتهم	1
للآلات	1
موسيقية	1
مستعارة	1
تبرع	1
بريطانيين	1
وعددٍ	1
دورٌ	1
بليك	1
إدوين	1
لاندسير	1
ويلكي	1
مولديري	1
فريث	1
وميليس	1
وهيبوليت	1
ديلاروش	1
كونستابل	1
بوصيةٍ	1
إيزابيل	1
للوحة	1
القش	1
برناردينو	1
فونجاي	1
وماركوس	1
غيريتس	1
يانغر	1
باتشي	1
بيكافومي	1
وفيورافانتي	1
فيرامولا	1
بروغيل	1
إيلدر	1
وأنتوني	1
دايك	1
ولودوفيكو	1
كاراتشي	1
وأنطونيو	1
فيريو	1
وجيوفاني	1
باتيستا	1
وماناليتو	1
وفرانسيس	1
هايمان	1
وبومبيو	1
باتوني	1
وبنجامين	1
ويست	1
ساندبي	1
ويلسون	1
إيتي	1
دانبي	1
باركس	1
بونينغتون	1
وألفونس	1
ليغروس	1
شعارها	1
ليتل	1
دوت	1
الزوار	1
تنزيل	1
يطير	1
الشاشة	1
الأيمن	1
استأجرت	1
ترويكا	1
للتصميم	1
لتصميم	1
للفترة	1
اللونين	1
والأصفر	1
نقاطاً	1
وخطوطاً	1
التمييزية	1
نهج	1
صممها	1
بيتارد	1
ساليفان	1
باللونين	1
والأبيض	1
صفراء	1
سلسلةً	1
لنجوم	1
تتر	1
مكون	1
نغماتٍ	1
الباقة	1
يتمحور	1
نحب	1
التلفاز	1
توقيعٍ	1
صوتي	1
ترنيمات	1
وعلامات	1
الإصدار	1
واستعراض	1
أشكاله	1
تتراتها	1
النغمات	1
استخدمتها	1
وبطاقات	1
التتر	1
ديماند	1
بالاتجاهات	1
شبكتي	1
عيّن	1
كينتنر	1
لأيه	1
شغله	1
غولدينسون	1
التردد	1
غولدنسون	1
غارقة	1
متاعب	1
ستتلقى	1
نقداً	1
لبرامج	1
لابوراتوريز	1
وامتثالاً	1
محطتين	1
أخرتين	1
المدمجة	1
للتنافس	1
أتمّت	1
انتقالها	1
التلفزة	1
سيمثل	1
باجتياز	1
السلوكية	1
الرعاة	1
الفتحات	1
برامجٍ	1
معيناً	1
أعينت	1
للانتماء	1
بدوامٍ	1
مشاهدي	1
دايناستي	1
دراما	1
آرون	1
كمسلسل	1
الناجح	1
تشارليز	1
أنجيلز	1
وثريز	1
لافيرن	1
شيرلي	1
وفانتاسي	1
آيلاند	1
تو	1
كلوس	1
كومفورت	1
وبينسون	1
سوب	1
مورك	1
ميندي	1
ريبيرتوري	1
سيرفس	1
كابل	1
كمشروع	1
هيرست	1
برامجاً	1
ليلية	1
نيكلوديون	1
رُتِّب	1
الأونجيرات	1
قبيلتيهما	1
اختطافها	1
المركيتيين	1
وتفيد	1
كزوجة	1
أنقذها	1
ومنافسه	1
وحاميته	1
كيراتي	1
ولدًا	1
وسموه	1
بظلاله	1
نسبه	1
الإمبراطورة	1
تفرق	1
الصديقان	1
وتيموجين	1
وأصبحا	1
خصمين	1
الأرستقراطية	1
هزيمته	1
للمركيتيين	1
الشامان	1
كوكوشو	1
الخالدة	1
خصت	1
بالصعود	1
كخان	1
للمغول	1
واجهه	1
الارتقاء	1
طموحاته	1
هجومًا	1
بجيش	1
عجل	1
هُزم	1
نكراء	1
دالان	1
بالزهوت	1
روّع	1
وشوه	1
غلي	1
سبعين	1
شابًا	1
مرجل	1
واستثارة	1
القراخطائية	1
بكونه	1
موالٍ	1
أبدًا	1
السجلات	1
ملغية	1
الجثمان	1
بالمنغولية	1
إيدسين	1
خورو	1
لحمايته	1
الشيوعيون	1
يانان	1
بالعربات	1
بوذي	1
دونغشان	1
دافو	1
لمسافة	1
كومبوم	1
طائر	1
شينينغ	1
الشيوعيين	1
لإيوائها	1
رخامي	1
لجينكيز	1
الشائع	1
يغزُ	1
فعند	1
أوقطاي	1
اندفعت	1
وسيطرت	1
وبقايا	1
الخوارزميين	1
حربًا	1
بسيطرة	1
غزوات	1
وسمرقند	1
وأورقنج	1
وكييف	1
وفلاديمير	1
دُمرت	1
ودمّر	1
ونهب	1
غازان	1
لتطرد	1
الهمذاني	1
مرو	1
نيسابور	1
باتو	1
حفيد	1
الكييفية	1
بتدمير	1
وإبادة	1
نوفغورود	1
وبسكوف	1
أخصائي	1
صيدلي	1
صيدلية	1
بدلًا	1
صيدلة	1
نمى	1
للتخصص	1
مجالاتهم	1
التخصصية	1
مستشارو	1
كأخصائي	1
تأهيله	1
لأخصائيي	1
وفنيي	1
المحرز	1
النبات	1
والكيمياء	1
الرازي	1
للمركبات	1
الزهراوي	1
رائدًا	1
بالتسامي	1
والتقطير	1
ولكتابه	1
لايبر	1
سيرفيتوريس	1
يزود	1
القارئ	1
بوصفات	1
ويشرح	1
ضاعفت	1
طبيب	1
ومتنوعة	1
وعلاجات	1
ووظائفها	1
وواجبات	1
الصيدلي	1
مستحضر	1
وخصائصها	1
ومؤشراتها	1
كرس	1
مجلدًا	1
كاملًا	1
للعقاقير	1
موسوعة	1
وابن	1
مطبوعان	1
ويظهران	1
ماسويه	1
بييترو	1
دابانو	1
وإضافة	1
ملحق	1
الموفق	1
بالله	1
للعلاجات	1
الزرنيخ	1
وتساعد	1
السيليسيك	1
بتمييز	1
كربونات	1
وكربونات	1
البوتاسيوم	1
لمركبات	1
زاج	1
والنصوص	1
والتجهيزات	1
المضاعفة	1
الصيدلاني	1
فنيو	1
الأتمتة	1
كالخدمات	1
الإدراكية	1
للأدوية	1
يوسعون	1
نشاطاتهم	1
وأماكن	1
مؤسسية	1
التقليديون	1
مستقلين	1
بخاصة	1
أومني	1
وكينديرد	1
هيلث	1
وفارميريكا	1
تدريجيًا	1
يستمرون	1
المجتمعية	1
بتوظيف	1
صيادلة	1
استشاريين	1
يقوموا	1
المستحضرات	1
المجدولة	1
شراكات	1
إتاوات	1
مكتبهم	1
وللمرضى	1
وصفة	1
ملؤها	1
ويقال	1
يوزعون	1
والأمراض	1
الالتهابية	1
والسرطان	1
نشاطًا	1
الالتهابات	1
المميتة	1
لمرض	1
المكتسبة	1
الأيدز	1
مناعي	1
مفرط	1
أجسامًا	1
الغدة	1
الدرقية	1
والتهاب	1
المفاصل	1
الروماتويدي	1
وداء	1
والذئبة	1
الحمامية	1
الهرمونات	1
القشرية	1
السكرية	1
السمنة	1
وهشاشة	1
للالتهاب	1
مثبطة	1
الميثوتركسات	1
الآزاثيوبرين	1
المناعية	1
المنشّطة	1
وأعضائها	1
سامة	1
السيكلوسبورين	1
للإشارات	1
تثبيط	1
المتمايزة	1
مسببات	1
المتطفلة	1
الكورتيزول	1
والكاتيكولامينات	1
نوعان	1
اقتصار	1
إعاقات	1
معرفية	1
وجسدية	1
الاستيقاظ	1
ثانيًا	1
قدرًا	1
كبيرًا	1
التأكسدي	1
يقاوم	1
بفعالية	1
الغلوبولين	1
ومستقبلات	1
جزيء	1
اللافكية	1
مصاصات	1
والأسماك	1
المخاطية	1
مستقبلات	1
المتغيرة	1
المستقبلات	1
المورثات	1
للأمراض	1
للأجسام	1
تعقيدًا	1
الأمينية	1
السكريات	1
الممرض	1
غائبة	1
يتحور	1
البروتينات	1
غلافه	1
الفيروسي	1
اللقاحات	1
طفيلي	1
المثقبية	1
البروسية	1
متقدمًا	1
إخفاء	1
اكتشافها	1
للخلية	1
تصعّب	1
المخفية	1
بيترلو	1
بيرسي	1
القصيدة	1
زمانه	1
يتخيل	1
ديفد	1
بنسخها	1
اقتبس	1
واستلهمت	1
خصوصًا	1
يقتبس	1
لشيلي	1
لجماهير	1
هند	1
ضمير	1
لإلغائها	1
الرغبات	1
نشطة	1
للإطاحة	1
والعادات	1
والمعتقدات	1
تغييرًا	1
واسعًا	1
وواسع	1
لقسم	1
ثوري	1
زُعم	1
المجريين	1
فيرنس	1
دياك	1
وهارفي	1
ظالمة	1
والهجمات	1
والاعتصامات	1
وبهذه	1
قسرية	1
براونلي	1
مقيدين	1
هدفهم	1
الضميري	1
أخلاقي	1
بلوشيرز	1
مؤقتًا	1
ايهوباي	1
البوابات	1
المناجل	1
لتفرغ	1
القباب	1
أطباق	1
إيمانهم	1
سيعانون	1
يفضلون	1
حكومتهم	1
المعينة	1
إصداره	1
بكونهم	1
للفوضى	1
الجنائي	1
كامدن	1
المدعى	1
بالذنب	1
بجنحة	1
والحكم	1
تكتيكات	1
المخفف	1
اختاروا	1
رحمة	1
يقروا	1
مذنبون	1
موهانداس	1
مذنب	1
بسرور	1
لأعلى	1
إلحاقها	1
متعمدة	1
الأسمى	1
يشتمل	1
بالتخطيط	1
ويصبح	1
جاهزًا	1
بتجميع	1
بأكبر	1
وأيضًا	1
تقاريرها	1
لتصنيف	1
كمقاولين	1
والهندسة	1
والإنشائية	1
فصلها	1
المعماريين	1
ومصممي	1
الديكور	1
والمطورين	1
اسميًا	1
هندسية	1
كموظفين	1
كشركة	1
المقاول	1
بمواصفات	1
الحدوث	1
كانهيار	1
اعتبارات	1
الأخطار	1
بالعادات	1
والمساكن	1
جامعية	1
بحرّية	1
دعمًا	1
وبالمعنى	1
للكلمة	1
تلقيه	1
المشتراة	1
مدعوم	1
وحكومات	1
المتزامنة	1
لشهادات	1
التخرج	1
الثانوي	1
بامتحانات	1
أنشأها	1
المبشرون	1
بفئتين	1
مُنح	1
التحويل	1
يُسمى	1
وغيرت	1
أعراق	1
مسبقًا	1
ويغلب	1
لمجموعات	1
مدارسًا	1
وتميل	1
توبيكا	1
مركزة	1
ميسيسيبي	1
كمحتوى	1
أكاديميات	1
ومعهد	1
رادكليف	1
وطب	1
هكتارًا	1
ويكس	1
بريدج	1
للمشاة	1
هكتارات	1
الأكواخ	1
وحاصروا	1
خطابًا	1
قنصل	1
ديوك	1
كينت	1
مرارًا	1
وتكرارًا	1
لتقييدات	1
مقتنياتها	1
كارنيجي	1
قبولًا	1
قبلت	1
أنهت	1
بالمتقدمين	1
والممثلين	1
تمثيلا	1
ناقصا	1
التقديم	1
هانكوك	1
كوينسي	1
روثرفورد	1
بيرتشارد	1
هايز	1
وثيودور	1
وفرانكلين	1
وآل	1
جور	1
الشيلي	1
بينيرا	1
الكولومبي	1
سانتوس	1
فيغيريس	1
المكسيكيون	1
فيليبي	1
كالديرون	1
ساليناس	1
غورتاري	1
وميغيل	1
المنغولي	1
تشياغين	1
البجدورج	1
اليخاندرو	1
توليدو	1
التايواني	1
يينغ	1
لويد	1
جونستون	1
جايانت	1
الألباني	1
نولي	1
ماكنزي	1
وبيير	1
أنتونيس	1
ساماراس	1
بينظير	1
شون	1
دونوفان	1
إغناتييف	1
وسنام	1
البنغلاديشي	1
المعال	1
المهيث	1
بونتلاند	1
الولي	1
لوزاتو	1
غاردنر	1
دوفال	1
الحضريين	1
اكتظاظًا	1
الاكتظاظ	1
وتتركز	1
وتبعد	1
جنوبًا	1
المجاور	1
تيموكوا	1
موقعًا	1
للمستعمرة	1
واكا	1
بيلاتكا	1
سيمينول	1
كاو	1
مغطاة	1
بالبلاط	1
سميت	1
أندرو	1
جاكسون	1
لإقليم	1
ريبولت	1
مسميًا	1
بنهر	1
اكتشفه	1
ريبول	1
عمودًا	1
حجريًا	1
رينيه	1
جولان	1
لاودونيير	1
ساتوريوا	1
مينينديز	1
أفيليس	1
سبتمبرمن	1
وقتلت	1
يدافعون	1
الإسباني	1
كأهم	1
مثلها	1
للامتداد	1
سكن	1
هايدون	1
للمدنية	1
شعورًا	1
ديناميكيًا	1
بالاعتزاز	1
سكانًا	1
لضربها	1
لتمر	1
الإعصار	1
رياحًا	1
حدها	1
سمبسون	1
للظلام	1
غمر	1
وإعصار	1
بشاطئ	1
لجاكسونفيل	1
رصيف	1
لأضرار	1
وتهدّم	1
تضرر	1
الرصيف	1
وتسببت	1
بوني	1
إعصارًا	1
صغيرًا	1
بالعاصفة	1
بيريل	1
ميلًا	1
اليابسة	1
ستيجليتز	1
دليلًا	1
برانكو	1
ميلانوفيتش	1
القائل	1
المحسنة	1
انتشارا	1
واستثمارها	1
غلور	1
وزيريا	1
ضار	1
التخفيضات	1
خصوبة	1
ومعدلات	1
مستقرّة	1
المساوة	1
نقصان	1
يتحدى	1
مدعيًا	1
السحرية	1
بتأكيدها	1
أنشأت	1
سبلًا	1
تأثيرًا	1
إيجابيًا	1
لاستعراض	1
يُعتقد	1
مضللة	1
كتغيرات	1
وفترات	1
لبضع	1
بالدور	1
للألفية	1
الأقسام	1
سيستغرق	1
التخفيض	1
يجلب	1
المرافقين	1
لمشاركته	1
رفاقه	1
بشرًا	1
لكوكب	1
أحداثًا	1
فضوله	1
الشر	1
إيذاء	1
الأبرياء	1
مستخدمًا	1
براعته	1
المفك	1
سيدًا	1
جسمه	1
متأذيًا	1
بشخصية	1
المتكررين	1
رحلاته	1
المتمرد	1
السماوي	1
حفيدة	1
فورمان	1
مقبرة	1
تشك	1
فيلدفيلد	1
أسرته	1
قديمًا	1
حقًا	1
ينامون	1
سيدٍ	1
كوكبه	1
الفارغ	1
قسطنطين	1
وجدًا	1
فأنا	1
ويردّ	1
قائلًا	1
أخ	1
السلسلتين	1
إحياءه	1
أنثى	1
موفات	1
المرافقة	1
للتغيير	1
المرافقون	1
الأساسيون	1
روز	1
تايلر	1
بيلي	1
بايبر	1
مارثا	1
فريما	1
أجيمان	1
ودونا	1
ميكي	1
نويل	1
كلارك	1
وجاك	1
هاركنيس	1
بارومان	1
مكررين	1
كمرافقين	1
ثانويين	1
زوجين	1
إيمي	1
بوند	1
كارين	1
جيلان	1
وروري	1
آرثر	1
دارفيل	1
متزامنة	1
سونج	1
أليكس	1
وكلارا	1
أوزوالد	1
جينا	1
قصصًا	1
جوهرة	1
ماكي	1
شيوعًا	1
عامًا	1
دودلي	1
سيمبسون	1
بنمطه	1
وموسيقاه	1
العارضة	1
بليكس	1
وبموسيقاه	1
البارعة	1
والمقاطع	1
الغد	1
لسيمبسون	1
العمالقة	1
وواصل	1
مغامرات	1
ستينات	1
وسبعينات	1
لتنتهي	1
قرون	1
نيمون	1
كضيف	1
مخالب	1
ونغ	1
شيانغ	1
كقائد	1
للفرقة	1
تريفور	1
والدالكس	1
مريضًا	1
أداءين	1
بانكس	1
مسرحيات	1
كعروض	1
للهواة	1
ممثلون	1
نيشن	1
لعنة	1
ورسمها	1
إيفيس	1
بمباني	1
وتحد	1
صُمِّمَت	1
وشبلي	1
وروتان	1
وكوليدج	1
وهولابيرد	1
وروتشي	1
معمارية	1
القوطية	1
والكوليجية	1
ماجدلين	1
ومُشَاعَات	1
هتشينسون	1
تحاكي	1
أربعينات	1
القوطي	1
إفساح	1
للأساليب	1
إيرو	1
لودفيج	1
ميس	1
لمدرسة	1
سيصبح	1
هاريس	1
دوريل	1
ريجنشتاين	1
وحشي	1
نيتش	1
سكيدمور	1
أوينغس	1
وميريل	1
تحديثها	1
جيرالد	1
راتنر	1
لألعاب	1
مُشاعات	1
بالفسكاي	1
ومُشاعات	1
والتوسعات	1
والترميمات	1
أكملت	1
وريكا	1
مانسيتو	1
قبة	1
زجاجية	1
لمكتبة	1
والدراسات	1
تُشغِّل	1
مختبرات	1
نهارية	1
النهارية	1
شانكمان	1
مُقِيم	1
والسلوكية	1
مُستأجَرَة	1
هايدي	1
بموقعها	1
للرياضيات	1
والثانوية	1
والباحثين	1
ساتيا	1
ناديلا	1
ومؤسس	1
أوراكل	1
وثالث	1
إليسون	1
وجولدمان	1
ساكس	1
جلوبال	1
نيوجرسي	1
كورزين	1
وشركاؤه	1
تدريبي	1
للمحاسبة	1
وأرلي	1
كاثي	1
بلومبيرج	1
دكتوروف	1
برادي	1
والمؤسس	1
مورنينج	1
ستارجو	1
مانسويتو	1
ومالك	1
كوبس	1
ريكيتس	1
ومُفَوَّض	1
آدم	1
سيلفر	1
الفائزون	1
ميلتون	1
فريدمان	1
تاتشر	1
ستيجلر	1
والمؤيد	1
الالتقاط	1
وغاري	1
المُساهِمِين	1
وهربرت	1
سامويلسون	1
ويوجين	1
فاما	1
المحفظة	1
وسلوك	1
والنظري	1
والمؤلف	1
سويل	1
ابتليت	1
والفضائح	1
تبعت	1
لليابان	1
مشؤوم	1
فاشل	1
وتشامبا	1
وجافا	1
فوزاً	1
بورما	1
أعيقت	1
والمناخ	1
المضياف	1
والتضاريس	1
وهزمتهم	1
الموطن	1
لعشيرة	1
يرحلوا	1
ترانشن	1
كينه	1
فياتشي	1
العشيرة	1
ليام	1
زهاو	1
زهونج	1
وشو	1
لسونج	1
وساعدوا	1
الداويست	1
العصابات	1
وبورما	1
وشامبا	1
بهيمنة	1
وأقاموا	1
رافدية	1
أيورباروادا	1
وخَلَفُه	1
مستشاره	1
المُعَيَّن	1
باجيو	1
حكمه	1
زهي	1
ليوان	1
فصيل	1
منافس	1
السهوب	1
وضعوا	1
تايدنجدي	1
لقتله	1
والخييتان	1
والجوركينز	1
والمغول	1
والبوذيون	1
التبتيون	1
المصطلحات	1
محضاً	1
للسلالات	1
بيروقراطية	1
تألَّفَت	1
وسونغ	1
الأصليَّتَين	1
خيتان	1
وجورشن	1
ليو	1
بينزهونج	1
وياو	1
والرقابية	1
زهونجشو	1
بالصينية	1
العسكريةوالرقابة	1
والمحلية	1
تداخلاً	1
لاعتماد	1
والمكاتب	1
السكرتارية	1
شانجشو	1
فوزونج	1
النسطوريين	1
النسطوري	1
المترجم	1
العاملون	1
إمبراطوريين	1
الخاطئ	1
يين	1
يانج	1
ووشينغ	1
لإبن	1
فريديريك	1
مُضَلِّلاً	1
قوتهم	1
انطوى	1
لمكانته	1
أثرياء	1
وجيدين	1
اجتماعياً	1
الأغنياء	1
وعوملوا	1
بكبح	1
ومستقلة	1
للأخلاقيات	1
وقّع	1
كيباكي	1
وأودينغا	1
أودينغا	1
سيعين	1
والمنتدى	1
ونائبين	1
وسيحتفظ	1
التجريبية	1
روتو	1
رحلته	1
اليونيسف	1
ماليندي	1
ومومباسا	1
وكيليفي	1
ودياني	1
للدعارة	1
المومسات	1
الجنسانية	1
وافتقارالوصول	1
صادقت	1
والاتفاقية	1
الرجبي	1
والملاكمة	1
تشتهر	1
هيمنتها	1
والمساف	1
أبطال	1
والكومنولث	1
والماراثون	1
الرياضيون	1
الكينيون	1
كالينجين	1
الركض	1
قلَّلَت	1
المشهورين	1
ماراثون	1
وبطلة	1
نديريبا	1
وحامل	1
روديشا	1
الماراثون	1
تيرجات	1
نغوجي	1
هويسنج	1
ترأَّسَ	1
الجزولي	1
راجيندرا	1
باتشوري	1
السابقون	1
راجندرا	1
باشوري	1
انتخبوا	1
واتسون	1
وبيرت	1
بولين	1
مُنتَخَب	1
والسكرتارية	1
بمُقَرِّرِي	1
التركيزات	1
غازات	1
الدفيئات	1
يحسبون	1
المُحَسَّنَة	1
كالمعتاد	1
حكموا	1
بنماذج	1
لبس	1
لتأثير	1
المُحَسَّن	1
الإسقاط	1
لواضعي	1
أقرَّ	1
أنّ	1
وأعربوا	1
أسفهم	1
لإجراءات	1
الراسخة	1
منتقرير	1
للطبيعة	1
اقتباساً	1
مصدره	1
الثلج	1
والجليد	1
وإقليمي	1
رسماً	1
بيانياً	1
ميشيل	1
إ	1
مان	1
برادلي	1
هوجهس	1
عصا	1
الهوكي	1
مدد	1
واختلف	1
افتقر	1
يصور	1
مدارال	1
السابقيين	1
دسيسة	1
للبيانات	1
تخطيطي	1
لدرجات	1
الكروم	1
أظهرته	1
بإعادات	1
بولاك	1
وهوانج	1
وشين	1
وكرولي	1
ولوري	1
وبريفا	1
وكفاءته	1
ونجاحه	1
قارن	1
والاحتباس	1
ناجحاً	1
كيوتو	1
استُخدِمَت	1
المتشابك	1
إجماعاً	1
علمياً	1
الكامن	1
كغذاء	1
كطفيل	1
الهروب	1
البلعمة	1
تحتويها	1
الدهنية	1
المُنسجمة	1
السالبة	1
للجرام	1
البلعمية	1
المُضِيف	1
فُقِدت	1
الخلوي	1
قدَّم	1
للمُضِيف	1
بالعيش	1
جيناتها	1
بروتيناتها	1
السيتوبلازم	1
تَتَبُّعَهَا	1
البلاستيد	1
الجلوكوفيتية	1
الروديوفيت	1
الطحلبية	1
كلوروبلاستيد	1
الثانيين	1
البلاستوم	1
وتسلسلها	1
عندماقام	1
فريقان	1
بحثيان	1
يابانيان	1
بسَلسَلِة	1
حمض	1
الكبد	1
والتبغ	1
سَلسَلِة	1
المئات	1
والغلوفريات	1
تمثيلاً	1
ناقصاً	1
التحيزات	1
ومحتواها	1
الجين	1
المتجانس	1
تبَرَعَت	1
لنواة	1
المفقود	1
الدياتومات	1
هيتيروكونتوفايت	1
طحالب	1
امتلكت	1
استبدالها	1
بالبلاستيدات	1
المفاهيم	1
الاستشهاد	1
مُحَاطَة	1
بغشاء	1
مزدوج	1
كدليل	1
المتجانسة	1
نتاج	1
العائل	1
حويصلة	1
متماثل	1
موجبة	1
العاملان	1
الصحيحان	1
الإيجابيان	1
الوحيدان	1
المقسوم	1
للحساب	1
كمنتج	1
يدرج	1
تعسفي	1
لل	1
خاصية	1
الكون	1
البطيئة	1
الخوارزميات	1
الاختبارات	1
أوليّة	1
ريبن	1
للخطأ	1
والمهارات	1
الأوليّة	1
بطيئة	1
مرسين	1
ناير	1
عشري	1
بجوانب	1
توأمي	1
بوليجناك	1
تقوية	1
للشكل	1
لفرضية	1
شينزل	1
بروكارد	1
ليجندر	1
ضمني	1
كرام	1
مكوناته	1
للتَحَلُّل	1
كتابتها	1
لعقدتين	1
تبادليتين	1
والفتحات	1
المعيار	1
تناقض	1
اللانهائية	1
وتكمل	1
آخذةً	1
معيار	1
لإكمال	1
أستروسكي	1
الحسابية	1
المكتملة	1
بينجن	1
وبون	1
إنشاؤه	1
المضيق	1
القلاع	1
وكرومات	1
لليونسكو	1
الرومانسي	1
الطريفة	1
والجميلة	1
راين	1
ميلنجن	1
ريجن	1
ونيدرسين	1
شائع	1
كونستانس	1
ميوز	1
باردتين	1
والقناة	1
الأيرلندية	1
فصاعداً	1
المتجمد	1
والأنهار	1
الجليدية	1
بالذوبان	1
ثلوج	1
التصريف	1
وامتداده	1
المصب	1
والتغيرات	1
للغابة	1
وغمرت	1
منزوعة	1
أدولف	1
هتلرإلى	1
بشعبية	1
منعوا	1
تكنا	1
سمة	1
سمات	1
لهتلر	1
مُنتَخَبَة	1
الاسكتلنديين	1
صوتت	1
يُعقد	1
عتبة	1
يُعتَبر	1
لاجتياز	1
التدبير	1
المؤهلين	1
يصوتوا	1
تدقيقهم	1
وجزئياً	1
للتعويض	1
وفحص	1
والأربعاء	1
وصباح	1
مُرَوِّج	1
الفواتير	1
الفَواتير	1
ترام	1
ورابط	1
لينك	1
إيردري	1
بيثجيت	1
وملحقاتها	1
المحفوظة	1
المحجوزة	1
وستمنستر	1
الإجهاض	1
والخدمة	1
والتوظيف	1
والتنظيم	1
واليانصيب	1
والضمان	1
واستقرار	1
كونك	1
مُزَوِّد	1
مُدارَة	1
تنحية	1
مواطناً	1
مقيم	1
الجلوس	1
كأعضاء	1
منتخبين	1
مُزَوِّدي	1
المُدارَة	1
مجنوناً	1
مؤيديها	1
العكسية	1
والمراقبين	1
هاليداي	1
إسبوزيتو	1
والمثقفون	1
جاويد	1
الغامدي	1
هايري	1
أباظا	1
المعتدلين	1
التَقَدُّمِيين	1
ملاجئ	1
تعليمية	1
وعيادات	1
ومجموعات	1
لتَجَنُّب	1
المهر	1
يقارن	1
الفَعَّالَة	1
المُهمِلَة	1
بالعدالة	1
الخِطَابَة	1
لرابطة	1
مسلمي	1
وقته	1
والشعر	1
الفلسفي	1
نشطاً	1
ناقداً	1
للكونجرس	1
العلماني	1
نُشرت	1
المحاضرات	1
كدين	1
كفلسفة	1
وقانونية	1
للسودان	1
جبهته	1
جعفر	1
النميري	1
للخدمة	1
ترابي	1
بأموالٍ	1
بتجنيد	1
كادر	1
المُؤَثِّرِين	1
المتعاطفين	1
والشام	1
وتسمى	1
اختصاراً	1
داعش	1
منتقديها	1
وهابي	1
سلفية	1
جهادية	1
مُقَاتِلَة	1
يشغلها	1
اسمية	1
ولأنها	1
موصوفة	1
الرحالة	1
سيعودون	1
اكتشافاتهم	1
للرحالة	1
الجغرافيون	1
فريدريش	1
هالفورد	1
فاعتقد	1
ضروريًا	1
لبقاء	1
الإمبراطوري	1
الحجتان	1
سيطرتا	1
نظّر	1
طوّر	1
تخيلية	1
التخيلية	1
اختزالي	1
اختزال	1
الهويات	1
ومسافة	1
واضحًا	1
والمرئية	1
عقلاني	1
ومتخلف	1
والتقدمي	1
فتعريف	1
وباعتباره	1
الدوني	1
والتحكم	1
أيديولوجي	1
هيكلاً	1
والأفكار	1
محسوساً	1
للآخر	1
الت	1
توقعاتهم	1
شبهاً	1
تصويرها	1
غيّرت	1
أوبرا	1
الصابون	1
دالاس	1
الرومانيين	1
تجهل	1
فتحارب	1
وأطباق	1
للثقافة	1
فكجزء	1
مكشوفة	1
وفخامة	1
يصبحوا	1
والأرستقراطية	1
والإمبريالية	1
والمنظرين	1
منظرون	1
شومبيتر	1
وثورستين	1
فيبلن	1
ونورمان	1
آنجل	1
الماركسيين	1
انتاجهم	1
نشطين	1
تأملات	1
أساسها	1
يخلق	1
عل	1
مسالم	1
ومتسامح	1
ومتعدد	1
إمبراطوريتها	1
وغرب	1
فتوحات	1
معادين	1
داعمين	1
نموها	1
اضطلعت	1
بأدوار	1
راقية	1
واللغة	1
الفرنسيتين	1
وتشارلز	1
وايتفيلد	1
ركزوا	1
المنهجية	1
للنص	1
وعيش	1
تقية	1
قائلين	1
الميثوديون	1
منهجيين	1
ومعتنين	1
والآراء	1
المنضبط	1
أُطلق	1
تديناً	1
نظّم	1
يتماهون	1
المؤيد	1
مكانتهم	1
عُقد	1
وتصويت	1
تُمنح	1
تصويتا	1
ستالسوورث	1
للاعتقاد	1
سيفوزون	1
بتصويت	1
مدمن	1
توجب	1
وشجعوا	1
أبرشياتهم	1
تصرح	1
للامتناع	1
كشاهد	1
مخلص	1
لمحبة	1
المخلِّصة	1
والمصلِحة	1
للأشخاص	1
عصير	1
المختمر	1
الرباني	1
الرعوي	1
بالمقلعين	1
وعلاوة	1
تعاليم	1
يعارضون	1
ضميرياً	1
يختارون	1
بضمير	1
كمسيحيين	1
صالحاً	1
قس	1
سببتها	1
عزلت	1
وطقوسها	1
فيضم	1
رجالا	1
يرسِّمهم	1
الأساقفة	1
كالحكماء	1
ويلقي	1
القداس	1
يخضعون	1
أساقفتهم	1
وعادة	1
قساوسة	1
الأبرشيات	1
كموسيقيين	1
ومشرفين	1
الشعائر	1
ومربين	1
ومدراء	1
ويُطلب	1
الترسيم	1
والحكماء	1
شماس	1
بحرب	1
القوتين	1
الاستعماريتين	1
فاق	1
ونيوفاوندلاند	1
الأقدم	1
مواثيقها	1
تنمو	1
بروبرت	1
لاند	1
تداولت	1
الفراء	1
مطوق	1
وأرسل	1
كلود	1
بيكودي	1
فينانجو	1
لسرية	1
ويليامزبرغ	1
أمره	1
علِم	1
واشنطون	1
المسير	1
المينغو	1
كشافة	1
وفرقته	1
بمفاجأة	1
الآمر	1
كولون	1
توماهوك	1
يميلون	1
لودون	1
أبركرومبي	1
أرسلتهم	1
مونتكالم	1
ينوبه	1
شيفالييه	1
والعقيد	1
بورلاماك	1
وسع	1
فلسفية	1
الكونيات	1
الأرسطي	1
احتوت	1
للراحة	1
نزوع	1
القسرية	1
تطلبت	1
متواصلاً	1
لكيفية	1
تصورية	1
المقذوفات	1
الرمية	1
مبحرة	1
فعّال	1
المزاح	1
مسايراً	1
المتباينة	1
وحّد	1
المدارات	1
الميكانيكا	1
للجاذبية	1
فاراداي	1
كليرك	1
ماكسويل	1
للكهرومغناطيسية	1
ميكانيكا	1
للمادة	1
فرميونات	1
تتفاعل	1
جسيمات	1
افتراضية	1
البوزونات	1
العيارية	1
ويفرض	1
لفيزياء	1
الجسيمات	1
تشابهاً	1
بتوحيد	1
الضعيفة	1
والكهرومغناطيسية	1
الكهروضعيفة	1
تأكيدها	1
هيغز	1
ملاحظتها	1
تذبذبات	1
النيوترينو	1
مكتمل	1
التآثر	1
الكهروضعيف	1
تُعد	1
الفيزياء	1
الفيزيائيون	1
ذاتياُ	1
للتوحيد	1
التآثرات	1
آينشتاين	1
المسعى	1
المقاربة	1
الأوتار	1
قصورها	1
مستقيمة	1
المعرَّف	1
أقصر	1
حدثين	1
منظور	1
وفقط	1
بمنظور	1
انحناء	1
المستقيم	1
ويسمى	1
الملقاة	1
مكافئ	1
مسارها	1
الزمكاني	1
مستقيم	1
منحنٍ	1
ضوئية	1
الزخم	1
للزمن	1
نسميه	1
لتغير	1
الأشعة	1
لورنتز	1
مغناطيسي	1
كهرومغناطيسية	1
المغناطيسية	1
مذكوراً	1
للحجم	1
أجله	1
الشكلية	1
أقطار	1
المصفوفة	1
بالموتر	1
بالتوازي	1
ويفسر	1
الشدود	1
الإجهادات	1
التوترية	1
والضغطات	1
