के	19136
में	12641
की	10731
है	10070
को	8411
से	6874
ने	6652
कि	5988
और	5506
का	5216
पर	4638
हैं	3276
कहा	2864
इस	2806
लिए	2765
भी	2539
एक	2379
नहीं	2225
किया	2220
कर	2006
गया	1955
करने	1784
यह	1745
था	1671
उन्होंने	1578
ही	1336
बाद	1297
दिया	1276
सरकार	1272
हो	1262
हुए	1162
साथ	1117
तक	1005
गई	977
गए	967
थी	884
सिंह	875
लेकिन	863
भारत	843
थे	841
जा	819
व	817
रहे	802
इसके	785
अपने	784
दी	776
बताया	772
तो	754
होने	726
वह	725
लोगों	716
पुलिस	708
रही	697
वाले	684
रहा	683
जाने	666
द्वारा	654
रूप	653
पहले	651
कुछ	648
कोई	640
जो	614
पार्टी	588
दो	583
उनके	562
हुई	554
समय	552
मंत्री	549
करते	548
राज्य	532
तरह	526
मामले	522
प्रधानमंत्री	519
बीच	515
दौरान	514
कांग्रेस	513
इन	512
उन्हें	510
अपनी	508
अब	503
कई	493
किसी	487
दोनों	486
बात	484
पाकिस्तान	471
अन्य	449
किए	447
सभी	446
बारे	440
देने	437
चुनाव	435
शामिल	433
कारण	431
दिल्ली	428
हुआ	422
वे	420
पूर्व	414
देश	411
शुरू	408
भाजपा	408
क्षेत्र	407
भारतीय	405
लिया	402
या	391
साल	390
चाहिए	388
लेकर	374
उनकी	371
बैठक	370
जाएगा	369
सकता	366
तीन	359
जाता	359
अध्यक्ष	359
मुताबिक	350
आयोग	347
केंद्र	346
करना	346
वर्ष	343
कहना	343
वाली	341
बार	340
खिलाफ	339
कम	330
सुरक्षा	329
काम	328
रुपये	325
जब	322
मंत्रालय	318
लोग	317
जारी	316
पास	315
दिन	314
सबसे	310
होगा	310
प्रदेश	307
ओर	305
इससे	303
पिछले	299
नेता	299
जबकि	294
कश्मीर	285
रिपोर्ट	285
उसके	277
हालांकि	271
यहां	270
ज्यादा	269
सूत्रों	269
जानकारी	266
देशों	266
जांच	264
राष्ट्रीय	262
अधिक	261
अलावा	259
उसे	259
दिए	258
फीसदी	258
बातचीत	257
दे	255
नेताओं	255
राष्ट्रपति	251
नाम	250
अभी	250
तैयार	250
विकास	248
उस	248
इसे	246
स्थित	245
अदालत	242
न	241
तथा	239
आज	239
केंद्रीय	239
फिर	237
मुख्यमंत्री	236
सेना	236
काफी	235
योजना	235
सकते	231
अमेरिका	231
आरोप	231
तहत	231
करोड़	230
चार	228
यात्रा	228
पूरी	226
अलग	226
फैसला	226
अधिकारियों	225
मनमोहन	224
विदेश	223
इसमें	222
प्रस्ताव	222
कोर्ट	221
उत्तर	221
विचार	220
बनाने	218
यहाँ	217
अनुसार	216
राज्यों	213
विभाग	212
इसका	211
हम	211
प्रमुख	210
अधिकारी	209
बिहार	209
मंदिर	208
बहुत	208
दल	208
मुद्दे	208
संयुक्त	207
स्थिति	204
मांग	204
ये	203
गांधी	201
जैसे	200
इसी	200
करेंगे	200
समिति	200
मुख्य	199
ले	199
विशेष	199
कार्यक्रम	196
पद	195
होगी	194
बयान	194
जाना	193
संख्या	192
सकती	192
वहां	192
अमेरिकी	192
करीब	190
समर्थन	190
बुधवार	189
जिसमें	186
पूरा	186
बोर्ड	186
अपना	184
मदद	184
कंपनी	184
आने	183
क्योंकि	183
लाख	183
वरिष्ठ	183
जाएगी	182
सीमा	182
लगा	180
संबंध	180
उनका	180
उसने	179
ऐसा	177
पेश	176
इसकी	175
लेने	175
कानून	175
राजनीतिक	174
संसद	174
मंगलवार	173
हजार	173
होता	171
मुंबई	170
निर्माण	170
लगभग	169
घोषणा	169
विधानसभा	168
याचिका	168
होती	167
जाए	166
दूसरे	166
शनिवार	165
एस	165
नेतृत्व	165
दर्ज	164
यूपीए	164
रखा	163
इसलिए	163
प्रति	163
आडवाणी	163
आगे	161
नई	161
देते	161
ऐसे	161
उम्मीद	161
टीम	160
हर	159
वजह	159
सामने	158
फैसले	157
चल	156
विरोध	156
सचिव	156
पता	155
सदस्य	155
सोमवार	154
रात	154
ली	154
क्या	154
एवं	153
बृहस्पतिवार	153
यदि	152
पी	152
जवाब	152
जनता	151
करता	150
सोनिया	150
नए	150
बारिश	150
बजे	149
रखने	149
आ	149
उसकी	149
लगाया	149
बंद	148
आए	148
सरकारी	147
कोशिश	147
जम्मू	147
अगर	147
व्यवस्था	146
जिले	146
शहर	145
शुक्रवार	145
अगले	145
कार्रवाई	145
राजग	145
मामला	145
बाहर	144
यादव	144
लालू	144
मिलने	144
ए	143
पांच	143
सुबह	142
जरूरत	142
प्रयास	141
रक्षा	141
घटना	139
सवाल	138
विभिन्न	136
उन	136
भूमिका	136
तौर	135
आर्थिक	135
पानी	134
वहीं	134
रहने	134
प्रक्रिया	134
मुलाकात	133
ऑफ	133
माना	133
मौजूद	133
मुशर्रफ	133
आदेश	133
मिल	132
इस्तेमाल	131
वापस	131
संभावना	131
कमी	131
चर्चा	131
बना	130
जहां	130
कार्य	130
स्तर	130
आतंकी	130
महत्वपूर्ण	129
लागू	129
महीने	128
दक्षिण	128
महिला	128
तय	127
परिवार	127
कराने	127
हाल	127
संघ	127
आधार	127
मारे	127
पूरे	126
चुके	126
पहली	126
गौरतलब	126
लोकसभा	126
आई	125
व्यक्ति	125
छह	125
दुनिया	124
बड़ी	122
पड़ा	122
वित्त	122
मिली	121
घर	121
सम्मेलन	121
दावा	121
बड़े	120
थीं	120
समेत	120
विश्व	119
भारी	119
क्षेत्रों	119
कंपनियों	119
चाहते	118
ध्यान	118
केवल	118
अंतिम	118
अभियान	118
प्रभावित	118
सदस्यों	118
प्राप्त	117
रेलवे	117
सूचना	117
अंतर्राष्ट्रीय	117
पक्ष	117
रविवार	117
हमले	117
बनाया	116
होते	116
जरिए	116
बजट	115
समस्या	115
हत्या	115
तब	114
भर	114
दबाव	114
मैं	114
वाला	113
स्थान	113
फिल्म	113
परमाणु	113
बन	113
दलों	113
गिरफ्तार	113
सांसद	112
प्रवक्ता	112
वार्ता	112
दिनों	111
लगाने	111
सेवा	110
बावजूद	110
स्थानीय	110
कुमार	110
आतंकियों	110
पत्रकारों	110
संगठन	109
निर्देश	109
कृषि	109
खान	108
आम	108
पाकिस्तानी	108
सुप्रीम	108
जाती	107
पहुंच	107
गयी	107
स्वास्थ्य	107
उपलब्ध	106
स्वीकार	106
बढ़ाने	106
मानना	105
वाजपेयी	105
राजद	105
गृह	105
कभी	104
खुद	104
दूर	103
राजधानी	103
सात	103
आयोजित	103
उपयोग	103
दर	103
स्कूल	103
जून	102
सके	102
बाजार	102
रेल	101
मौसम	101
पश्चिम	101
मौके	101
गांव	101
सुनवाई	101
दूसरी	100
जताई	100
नीति	100
प्रदर्शन	99
जिससे	99
लगातार	99
बिजली	99
सदन	99
सहयोग	99
शिक्षा	99
जल्द	98
हाईकोर्ट	98
सी	97
उसका	97
इनमें	97
हिस्सा	97
राहत	97
होंगे	96
जगह	96
होना	96
स्पष्ट	96
पासवान	96
उच्च	96
करके	95
निजी	95
आया	95
गठबंधन	95
वृद्धि	95
देखते	94
युद्ध	94
बड़ा	94
संबंधित	94
शांति	94
राष्ट्र	94
मीडिया	94
बच्चों	93
राज्यपाल	93
करेगी	93
जेल	93
घंटे	92
हाथ	92
जी	92
गठन	92
देना	92
चीन	92
करती	91
मोहम्मद	91
समूह	91
जरूरी	91
आप	90
जिसे	90
घायल	90
चुकी	90
पीछे	89
हवाई	89
मुस्लिम	89
साफ	89
जिस	89
इलाके	89
शाम	88
वक्त	88
हासिल	88
गैस	88
परिषद	88
इलाकों	88
संबंधी	88
हमें	88
बनाए	87
बिना	87
सही	87
मिला	87
अतिरिक्त	87
दस	87
बैंक	87
पाया	87
बस	86
रोक	86
कदम	86
विवाद	86
महासचिव	86
आर	86
दिसंबर	86
किसानों	86
मसले	86
जस्टिस	86
पत्नी	85
मई	85
माकपा	85
सीबीआई	85
नियंत्रण	85
देखने	84
देर	84
राय	84
जनवरी	84
नटवर	84
सप्ताह	83
खत्म	83
बढ़	83
विपक्ष	83
पंजाब	83
समझौते	83
विमान	82
भेजा	82
मार्च	82
ऐसी	82
चलते	82
डॉ	82
सहित	82
सामान्य	82
तरीके	82
पैदा	82
खारिज	82
उमा	82
चुका	81
बने	81
भाई	81
शिकायत	81
सिर्फ	80
प्रसाद	80
कराया	80
करार	80
गुजरात	80
पश्चिमी	80
लाभ	80
कार्यालय	80
विश्वविद्यालय	80
मामलों	80
इराक	80
मध्य	79
जिसके	79
मौत	79
निर्णय	79
करेगा	79
जाते	78
अप्रैल	78
ग्रामीण	78
सुनामी	78
इनकार	78
वकील	78
समाधान	78
आतंकवाद	78
उल्लेखनीय	78
तेल	78
मंत्रियों	78
भाग	77
उत्तरी	77
प्रशासन	77
रह	77
सत्ता	77
सत्र	77
उत्पादन	77
अधिकार	77
पहचान	77
प्रदान	77
फिलहाल	76
इंडिया	76
एम	76
गैर	76
जुलाई	75
शुरुआत	75
सामाजिक	75
कुल	75
तेजी	75
पाक	75
ब्याज	75
बुश	75
चला	74
नजर	74
गलत	74
प्रणाली	74
सार्वजनिक	74
जनरल	74
बल	74
संस्थानों	74
सूची	73
समारोह	73
निवेश	73
अनुमति	73
देखा	72
स्टेशन	72
ऊर्जा	72
तैनात	72
विधायकों	72
सहमति	72
हरियाणा	72
अस्पताल	72
खंडपीठ	72
व्यापार	72
प्रकार	71
ऊपर	71
माह	71
वर्तमान	71
चीनी	71
कमेटी	71
मिले	71
चाहती	71
कीमत	71
बताते	71
रोकने	71
जाएंगे	71
यूरोपीय	71
दशक	71
हमारे	70
प्रकाश	70
वी	70
सैन्य	70
अनिल	70
गंभीर	70
पाटिल	70
तापमान	70
हमला	70
चुनौती	70
ब्रिटेन	70
प्रभाव	69
डी	69
लाल	69
राव	69
लगाए	69
मानव	69
लगे	69
पहुंचे	69
जोर	69
नुकसान	69
बी	69
सड़क	68
फोन	68
अपील	68
खर्च	68
द	68
होकर	67
अंदर	67
यही	67
धार्मिक	67
नागरिक	67
नेपाल	67
मंत्रिमंडल	67
मैच	67
मुद्दों	67
छात्रों	67
वर्ग	67
सहायता	67
मजबूत	66
ट्रेन	66
रुख	66
विदेशी	66
वालों	66
रिलायंस	66
ताकि	66
तुलना	66
उससे	66
प्रवेश	65
नदी	65
मुखर्जी	65
मार	65
बंगाल	65
पूछताछ	65
भारती	65
पड़	64
ठीक	64
असम	64
लग	64
खबर	64
एजेंसी	64
जवानों	64
स्थापित	64
शर्मा	64
आठ	63
जीवन	63
डिग्री	63
उसी	63
विरोधी	63
व्यक्त	63
परियोजना	63
जुड़े	63
जॉर्ज	63
मतदान	63
निदेशक	63
समुद्र	62
सितंबर	62
झारखंड	62
सांसदों	62
संकेत	62
बहरहाल	62
न्यूनतम	62
संजय	62
उद्योग	62
अंतरिक्ष	62
क्रिकेट	62
किलोमीटर	61
बेहतर	61
मानसून	61
कार	61
हूं	61
राज्यसभा	61
सुधार	61
महाराष्ट्र	61
व्यापक	61
भूकंप	61
सीट	61
लाने	61
संसाधन	61
पत्र	61
नया	60
अगस्त	60
हिस्से	60
जिला	60
मुझे	60
स्वागत	60
शंकराचार्य	60
उनसे	60
विधेयक	60
बचाव	60
निगम	59
उदाहरण	59
जल	59
बच्चे	59
मिनट	59
फरवरी	59
नवंबर	59
स्थानों	59
दौरे	59
आतंकवादी	59
संपर्क	59
असर	59
एन	59
संसदीय	59
पूर्वी	59
मौजूदा	59
पूछे	59
सजा	58
वर्षों	58
अच्छी	58
राजनीति	58
नोटिस	58
बम	58
इस्तीफा	58
संगठनों	58
मूल्य	58
समाप्त	58
कर्मचारियों	58
विकसित	58
आग	58
खुफिया	58
दोपहर	57
लगी	57
मूल	57
खरीद	57
होटल	57
भीड़	57
आबादी	57
रहते	57
जैसी	57
देवी	57
यात्रियों	57
संविधान	57
पार	57
अध्ययन	57
दायर	57
विमर्श	57
दिशा	57
परिवर्तन	57
कानूनी	57
फ्रांस	57
विज्ञान	56
जिनमें	56
बनी	56
तेज	56
दिखाई	56
जिसका	56
करनी	56
बदलाव	56
पाने	56
जोशी	56
चिंता	56
जीत	56
जवान	56
प्रबंधन	56
विस्फोट	56
कहते	55
इतिहास	55
मार्ग	55
करें	55
विश्वास	55
महिलाओं	55
उप	55
सुझाव	55
चुनावों	55
रहेगा	55
सिन्हा	55
नियुक्त	55
रवाना	55
दौर	55
जमकर	55
लगता	54
पुरस्कार	54
करा	54
देकर	54
स्थापना	54
उठाया	54
अमर	54
हुसैन	54
अल	54
संपत्ति	54
खेल	54
नेशनल	54
शासन	54
आवश्यक	54
विधायक	54
प्रत्येक	54
छोटे	53
वहाँ	53
सौ	53
समान	53
आशंका	53
सब	53
पहला	53
घाटी	53
हुर्रियत	53
हल	53
वित्तीय	53
समक्ष	53
जमा	53
बढ़ावा	53
मद्देनजर	53
मौका	53
हटाने	53
तैयारी	53
जे	53
भूमि	53
भेज	53
वोट	53
हिरासत	53
नीचे	52
दूरी	52
राज	52
तरफ	52
क्षमता	52
श्रीलंका	52
धर्म	52
चिदंबरम	52
सामना	52
राजस्थान	52
अवधि	52
बढ़ा	52
पुष्टि	52
वाम	52
बाल	52
लिखा	52
आरक्षण	52
होनी	52
अधिकांश	52
सलाह	52
अक्तूबर	52
प्रावधान	52
जाँच	52
पर्यटन	51
आपूर्ति	51
पिता	51
चाहता	51
स्वतंत्र	51
प्रतिशत	51
मिलकर	51
संभव	51
संस्थान	51
कैसे	50
मंजूरी	50
प्रस्तावित	50
आधारित	50
संबोधित	50
समस्याओं	50
जिम्मेदार	50
मैंने	50
अय्यर	50
घोषित	50
भीतर	50
समुदाय	50
सलाहकार	50
समीक्षा	50
कार्यवाही	50
मुठभेड़	50
टन	50
बेहद	49
आनंद	49
खास	49
नौ	49
शहरों	49
संघर्ष	49
पाई	49
यू	49
एंड	49
तुरंत	49
हिंसा	49
दाखिल	49
नेटवर्क	49
निर्धारित	49
भवन	48
प्राकृतिक	48
वीं	48
किमी	48
क्यों	48
जिम्मेदारी	48
हमने	48
वापसी	48
चलने	48
अध्यक्षता	48
वर्षीय	48
कांफ्रेंस	48
कड़ी	48
राशि	48
छोड़	48
कैबिनेट	48
गोली	48
हथियारों	48
विस्तार	48
अवसर	48
शताब्दी	47
लेते	47
दूसरा	47
माहौल	47
कही	47
हार	47
कर्नाटक	47
पटना	47
मुद्दा	47
घरेलू	47
अहमद	47
मेडिकल	47
चिकित्सा	47
नंबर	47
बहस	47
आयुक्त	47
कटौती	47
मोदी	47
खूबसूरत	46
स्थल	46
रखे	46
जहाँ	46
दर्शन	46
हवा	46
जैसा	46
आयोजन	46
रेखा	46
पहुंचने	46
आंध्र	46
बदल	46
ब्यूरो	46
सीटों	46
दोबारा	46
हथियार	46
तलाश	46
तमाम	46
तमिलनाडु	46
डॉक्टर	46
सुरक्षित	45
टिकट	45
द्वीप	45
हमारी	45
रखते	45
इंडियन	45
विषय	45
सपा	45
हालात	45
अड्डे	45
विकल्प	45
बांग्लादेश	45
अब्दुल	45
कलाम	45
हस्ताक्षर	45
सहयोगी	45
योजनाओं	45
प्रकाशित	45
महाजन	45
अनुरोध	45
राम	45
चरण	45
टेस्ट	45
जिन्हें	44
रहता	44
आते	44
अच्छा	44
सुविधा	44
तीनों	44
धारा	44
तीसरे	44
एक्सप्रेस	44
दौरा	44
पारित	44
पूर्ण	44
साबित	44
संशोधन	44
ईरान	44
कह	44
पड़ी	44
बनने	44
घुसपैठ	44
रोजगार	44
बरामद	44
भविष्य	44
बढ़ोतरी	44
पेट्रोलियम	44
अयोध्या	44
जिलों	43
लाइन	43
विशेषज्ञों	43
रहती	43
जैन	43
तकनीक	43
रखी	43
ब्रिटिश	43
सर्वाधिक	43
अरब	43
जिन	43
खराब	43
ज्यादातर	43
कल	43
पहुंचा	43
पक्षों	43
आयकर	43
मुकाबले	43
निपटने	43
बलों	43
अल्पसंख्यक	43
महल	42
मुख्यालय	42
बल्कि	42
पहल	42
पुराने	42
परिसर	42
हैदराबाद	42
बिहारी	42
आलोचना	42
रहेंगे	42
बदले	42
परीक्षण	42
पालन	42
छात्र	42
बाढ़	42
औसत	42
माँग	42
पर्यटकों	41
नागरिकों	41
नामक	41
बनाई	41
देता	41
लड़ाई	41
कोलकाता	41
पार्टियों	41
हालत	41
घरों	41
अनुमान	41
पड़े	41
सिफारिश	41
हफ्ते	41
निशाना	41
हमेशा	41
शादी	41
धन	41
गंभीरता	41
न्यायाधीश	41
आय	41
उचित	41
आवश्यकता	41
सामग्री	41
भरोसा	41
परीक्षा	41
डॉलर	41
आश्वासन	41
लिमिटेड	41
विनिवेश	41
जमानत	41
बिल	41
सैनिकों	40
महसूस	40
आधुनिक	40
याद	40
गाँव	40
लालकृष्ण	40
अली	40
अटल	40
आवास	40
अपराध	40
वैश्विक	40
लोकतंत्र	40
साझा	40
कंप्यूटर	40
संदेश	40
केरल	40
गठित	40
सक्रिय	40
करे	40
तकनीकी	40
जिसने	40
जानी	40
प्रमोद	40
व्यवहार	40
दिवसीय	40
अवैध	40
निगरानी	40
कॉलेज	40
एशिया	39
लंदन	39
सेंटर	39
इन्हें	39
सालों	39
देगा	39
बेटी	39
उद्देश्य	39
अर्जुन	39
अंबानी	39
आधिकारिक	39
बजाय	39
क्षेत्रीय	39
स्थगित	39
आरोपों	39
भेजने	39
आपराधिक	39
मिलेगा	39
जान	39
तत्काल	39
प्रशिक्षण	39
द्विपक्षीय	39
उपकरण	39
राहुल	39
चौधरी	39
सिद्धांत	39
स्टील	39
संग्रहालय	38
प्रथम	38
शिकार	38
पुल	38
पाँच	38
यूरोप	38
शक्ति	38
आसपास	38
खड़ा	38
नगर	38
चली	38
प्रतिक्रिया	38
आंदोलन	38
कराई	38
कथित	38
शिवराज	38
सफल	38
गिरफ्तारी	38
बढ़ने	38
वैज्ञानिक	38
पड़ेगा	38
खुलासा	38
खतरा	38
प्रतिनिधित्व	38
टिथी	38
हिस्सों	37
पुरानी	37
बौद्ध	37
पूजा	37
विजय	37
भगवान	37
माओवादियों	37
अंत	37
संबंधों	37
सौंप	37
बाकी	37
वामदलों	37
संवाददाताओं	37
आपत्ति	37
जापान	37
सहमत	37
निवासी	37
आपसी	37
लक्ष्य	37
दोषी	37
रद्द	37
देंगे	37
श्रीनगर	37
नक्सलियों	37
उपाध्यक्ष	37
अफसरों	37
राजा	36
बर्फ	36
लंबी	36
स्	36
ई	36
अक्टूबर	36
तट	36
जिसकी	36
उजाला	36
एच	36
नायडू	36
आरएसएस	36
कार्यकर्ताओं	36
समझौता	36
सांस्कृतिक	36
शायद	36
कैदियों	36
सुनिश्चित	36
प्रचार	36
माध्यम	36
लगाई	36
विशेषज्ञ	36
डॉक्टरों	36
जज	36
उनमें	36
आगामी	36
अधिकतर	36
शुल्क	36
धमकी	36
बदलने	36
न्यायालय	36
सदस्यीय	36
प्रकरण	36
घटनाओं	36
संधि	36
एसोसिएशन	36
कर्मचारी	36
इंटरनेट	36
रिकॉर्ड	36
सक्षम	36
हाउस	35
सिर	35
पाए	35
शीर्ष	35
गवाह	35
चर्च	35
सम्मान	35
पति	35
जमीन	35
इलाज	35
अमल	35
भ्रष्टाचार	35
अंजाम	35
प्रेस	35
मोबाइल	35
सैनिक	35
टी	35
सका	35
बगैर	35
आतंकवादियों	35
श्रद्धालुओं	35
वोल्कर	35
चुनावी	35
सर्वे	35
लाहौर	35
प्रधान	35
चेतावनी	35
कमान	35
चंडीगढ़	35
मॉडल	35
सलेम	35
मिमी	35
राजीव	34
वैसे	34
इतना	34
ऐतिहासिक	34
तत्कालीन	34
पर्याप्त	34
लौट	34
मुहैया	34
पृथ्वी	34
माँ	34
दरअसल	34
कराए	34
इंतजार	34
गतिविधियों	34
वही	34
शपथ	34
जद	34
पूछा	34
छोड़ने	34
हवाले	34
प्रगति	34
राजमार्ग	34
लड़कियों	34
जिक्र	34
पटेल	34
उपभोक्ता	34
तर्क	34
कल्याण	34
मात्रा	34
मे	34
नितीश	34
हिंदू	33
वन	33
आकर	33
चलाने	33
अनेक	33
सिलसिले	33
निर्भर	33
दस्तावेज	33
दिखाया	33
मकान	33
मूर्ति	33
किसान	33
अपहरण	33
मानते	33
सीधे	33
हादसे	33
दें	33
परवेज	33
बीमारी	33
मजिस्ट्रेट	33
पैसे	33
शेयर	33
महीनों	33
जाम	33
ऋण	33
प्रयासों	33
आरोपी	33
सरकारों	33
विहिप	33
जॉन	33
ब	33
छोड़कर	32
उठा	32
देख	32
चले	32
किले	32
भाषा	32
किस	32
आदि	32
सर्वेक्षण	32
निकल	32
आंतरिक	32
पहुंची	32
खुशी	32
रेड्डी	32
मुलायम	32
ऐलान	32
निकाला	32
युवा	32
अच्छे	32
अचानक	32
उल्लंघन	32
गौर	32
उत्तरांचल	32
मां	32
विपक्षी	32
बढ़ती	32
उठाए	32
इस्तीफे	32
मालूम	32
उड़ान	32
न्यायिक	32
कीमतों	32
मौजूदगी	32
छूट	32
अधिनियम	32
गाड़ी	32
एजेंसियों	32
कार्यकारिणी	32
जाहिरा	32
उपकरणों	32
मुकेश	32
इमारत	31
कला	31
संस्था	31
मीटर	31
छवि	31
संग्रह	31
अहम	31
लड़की	31
परिजनों	31
प्रतिनिधि	31
कमजोर	31
डाला	31
मानवाधिकार	31
पासपोर्ट	31
फायदा	31
हिमाचल	31
प्रयोग	31
विद्युत	31
मठ	31
सफलता	31
संकट	31
उत्पन्न	31
मंच	31
चटर्जी	31
लश्कर	31
आमतौर	31
शीघ्र	31
सौंपी	31
प्रो	31
गति	31
बहिष्कार	31
अफ्रीका	31
झील	30
दर्शकों	30
मैदान	30
पड़ता	30
रास्ता	30
अंक	30
जरूर	30
टीवी	30
जाकर	30
दर्जा	30
लगाते	30
देखना	30
यानि	30
यात्री	30
उठाने	30
काली	30
भंग	30
रख	30
फर्जी	30
देरी	30
नियुक्ति	30
स्थायी	30
भाकपा	30
विभाजन	30
न्यायमूर्ति	30
भर्ती	30
भुगतान	30
शुरुआती	30
औपचारिक	30
यूनिवर्सिटी	30
तस्करी	30
अंतरिम	30
चयन	30
अजीज	30
मुक्त	30
इटली	30
अक्सर	30
उम्मीदवार	30
गेहूं	30
काल	29
मस्जिद	29
पवित्र	29
प्रसिद्ध	29
लेना	29
इनकी	29
आगरा	29
हजारों	29
पीठ	29
भोजन	29
आती	29
बताई	29
योगदान	29
भेजे	29
चैनल	29
विस्तृत	29
चुना	29
हाथों	29
विचारधारा	29
हितों	29
आंकड़ों	29
दाऊद	29
बहाल	29
कायम	29
तिब्बत	29
वायुसेना	29
कमांडर	29
मांगी	29
समर्थकों	29
मिशन	29
सुविधाओं	29
राजी	29
खोलने	29
लिहाजा	29
लागत	29
खाते	29
तभी	29
विमानों	29
प्राधिकरण	29
दर्जन	29
चैपल	29
अखबार	29
फंड	29
जताते	29
मालिक	29
इन्कार	29
हटा	29
दवाओं	29
फायरिंग	29
जनसंख्या	29
बसपा	29
किनारे	28
आकार	28
प्राचीन	28
शाह	28
निकट	28
इंग्लैंड	28
तूफान	28
युग	28
नासा	28
साथी	28
खड़े	28
इनके	28
दक्षिणी	28
शर्त	28
गये	28
इच्छा	28
सैकड़ों	28
उसमें	28
समाज	28
रिश्ते	28
जन्म	28
पहुंचाने	28
पैसा	28
गरीबी	28
वायु	28
शिविर	28
महानिदेशक	28
कंपनियां	28
लोन	28
पिछली	28
सकारात्मक	28
चैनलों	28
रणनीति	28
लौटने	28
कार्यकाल	28
मिलेगी	28
एनसीपी	28
स्कूलों	28
प्रतिनिधिमंडल	28
कारगिल	28
गिरोह	28
कांड	28
रामदास	28
अफ्रीकी	28
शहरी	28
लगने	27
आस	27
रास्ते	27
खाली	27
बढ़कर	27
आपको	27
रंग	27
आता	27
इंतजाम	27
बाहरी	27
पार्क	27
दायरे	27
समुद्री	27
अशोक	27
राजदूत	27
महत्व	27
रहेगी	27
मिलते	27
सवार	27
दरों	27
समाचार	27
पुत्र	27
निधन	27
शेख	27
अवगत	27
जुटे	27
कृष्ण	27
अपराधियों	27
आदमी	27
खासकर	27
कार्यकारी	27
निदेशालय	27
सभा	27
दावे	27
कप्तान	27
पवार	27
आसान	27
रन	27
खेलने	27
प्रत्याशी	27
पीड़ितों	27
वेंकैया	27
नीतियों	27
इलाहाबाद	27
गृहमंत्री	27
नक्सली	27
मतलब	27
अल्पसंख्यकों	27
बूटा	27
अर्थ	27
मणिपुर	27
उर्फ	27
सेट	27
मिलियन	27
फ्रांसीसी	27
सीमित	27
बातें	27
नष्ट	27
जिनके	27
नये	27
आमंत्रित	26
डिजाइन	26
विशाल	26
खुले	26
कमरे	26
परिणाम	26
डेढ़	26
पैमाने	26
सूर्य	26
यातायात	26
शव	26
मेल	26
माओवादी	26
पंचायत	26
सेंट्रल	26
हाई	26
नाराजगी	26
लाया	26
बचाने	26
वितरण	26
मुश्किल	26
अधिकृत	26
निकले	26
बर्फबारी	26
प्रभारी	26
डालने	26
आयात	26
मान	26
हित	26
यान	26
उपाय	26
खतरे	26
खिलाफ़	26
द्रविड़	26
अभ्यास	26
रूस	26
प्लांट	26
भागीदारी	26
मेरे	26
अंडमान	26
समझा	26
नरेंद्र	26
आपदा	26
शोध	26
काबू	26
साजिश	26
लिखे	26
जर्मन	26
संचालित	26
एनडीए	26
आईआईएम	26
इंजन	26
चीत	26
शौकत	25
यूनाइटेड	25
अनुभव	25
स्वतंत्रता	25
मिलती	25
सागर	25
स्थलों	25
ऑल	25
लंबे	25
गईं	25
कारणों	25
वर्षो	25
मतभेद	25
कौर	25
जिन्होंने	25
गत	25
गुप्ता	25
न्याय	25
देनी	25
श्री	25
हमारा	25
संहिता	25
रकम	25
समन्वय	25
लिखित	25
लखनऊ	25
रिहा	25
वैज्ञानिकों	25
इजाजत	25
दलील	25
ग्रामीणों	25
थाने	25
ताजा	25
बैंकों	25
पदों	25
फीस	25
पथराव	25
गांगुली	25
परियोजनाओं	25
फैक्टरी	25
प्रतिनिधियों	25
निकोबार	25
बराबर	25
ग्रह	25
वाशिंगटन	25
पा	25
छत्तीसगढ़	25
श्रम	25
पड़ने	25
टाल	25
यूनियन	25
महज	25
नियमों	25
तस्वीरों	25
विवाह	25
हमलों	25
मील	25
सचिन	25
मिसाइल	25
कब्जा	25
देती	24
शाही	24
किये	24
स्वरूप	24
फिल्मों	24
जाएं	24
पसंद	24
इतनी	24
निवास	24
डाल	24
भारतीयों	24
खोला	24
निकलने	24
फुट	24
सुदर्शन	24
जिन्ना	24
अथवा	24
वास्तविक	24
जेलों	24
हों	24
उम्र	24
कश्मीरी	24
बुलाई	24
व्यस्त	24
साढ़े	24
एफआईआर	24
संदर्भ	24
लोजपा	24
निलंबित	24
स्वयं	24
महिलाएं	24
भेजी	24
संवैधानिक	24
पकड़	24
मगर	24
कहने	24
विधान	24
उड्डयन	24
हस्तक्षेप	24
वर्षा	24
झटका	24
लेंगे	24
विराम	24
आउट	24
सामूहिक	24
बलात्कार	24
कब्जे	24
बरकरार	24
विज्ञानियों	24
खरीदने	24
कोष	24
सिख	24
धमाकों	24
उपायों	24
डीजल	24
प्रियंका	24
नारायणन	24
प्रसारण	24
वारंट	24
रखना	24
औद्योगिक	24
आवाज	24
अनारा	24
प्लेग	24
अभाज्य	24
लोक	23
छोटी	23
सतह	23
चलता	23
ताजमहल	23
कौन	23
उपस्थिति	23
मोर्चा	23
कैदी	23
संभावित	23
इस्लामाबाद	23
रोड	23
मकसद	23
तस्वीरें	23
परेशानी	23
सरस्वती	23
आग्रह	23
रिहाई	23
तनाव	23
बेचने	23
हद	23
पैकेज	23
मसलों	23
गिलानी	23
आधा	23
कक्षा	23
घायलों	23
तलाशी	23
जरूरतों	23
बैठे	23
चीफ	23
तकरीबन	23
देगी	23
संस्कृति	23
केंद्रों	23
आखिर	23
वामपंथी	23
खोज	23
ऑपरेशन	23
सरबजीत	23
उद्घाटन	23
मुख्यमंत्रियों	23
भारद्वाज	23
जगत	23
पब्लिक	23
अंततः	23
ब्रांड	23
पोप	23
सीटें	23
प्रत्यक्ष	23
खुराना	23
मशीन	23
मिलता	22
बहन	22
पेरिस	22
साक्षात्कार	22
देखकर	22
सारी	22
शो	22
दिवस	22
रुपए	22
प्रस्तुत	22
प्राथमिकता	22
बनाकर	22
बंगलोर	22
वें	22
स्टेडियम	22
मना	22
व्यक्तिगत	22
प्रतिबंध	22
सुलझाने	22
वकीलों	22
दंड	22
अभियोजन	22
सौंपा	22
जताया	22
सेल	22
आईटी	22
रहीं	22
प्रबंध	22
मुंह	22
बढ़ी	22
बचत	22
सदस्यता	22
मतों	22
बहाली	22
प्रवीण	22
प्रौद्योगिकी	22
अधीक्षक	22
बिक्री	22
अंग्रेजी	22
दुख	22
खबरों	22
भाषण	22
मारा	22
वकालत	22
गांवों	22
बुलाया	22
नज़र	22
बताने	22
वास्तव	22
लंबित	22
स्वामी	22
घाटे	22
डा	22
संचार	22
शिक्षकों	22
गोवा	22
मुंशी	22
मंजूर	22
शवों	22
पॉवर	22
न्यायपालिका	22
मान्यता	22
नागालैंड	22
जर्मनी	22
पॉल	22
गोस्वामी	22
शहीद	22
इराकी	22
एसजीपीसी	22
वादा	22
क्लोरोप्लास्ट	22
संगीत	21
जुड़ा	21
मंदिरों	21
देखे	21
मलिक	21
बेटे	21
वाहन	21
पौंड	21
मात्र	21
लोकप्रिय	21
लोकतांत्रिक	21
स्टार	21
खोल	21
योग्य	21
पत्थर	21
कब्र	21
बुद्ध	21
यमुना	21
सेल्सियस	21
वीडियो	21
नाराज	21
शिरकत	21
चूंकि	21
नतीजा	21
मुसलमानों	21
कार्यकर्ता	21
गुरु	21
मजबूती	21
मामूली	21
छोड़ी	21
तारीख	21
चोरी	21
पत्रिका	21
कहीं	21
माने	21
अधिकतम	21
घटनाक्रम	21
एल	21
इकाई	21
थोड़ी	21
अधिकारों	21
पावर	21
बीएसएफ	21
जरिये	21
एयर	21
प्रोफेसर	21
सामान	21
विस्फोटक	21
स्पेशल	21
निभाई	21
विपरीत	21
विभागों	21
प्रश्न	21
कांग्रेसी	21
लहरों	21
कंट्रोल	21
संस्थाओं	21
कार्ड	21
पूर्वोत्तर	21
अड्डों	21
विवादित	21
ढंग	21
मार्केट	21
प्रभावी	21
बुरी	21
सतर्कता	21
बनाना	21
बचने	21
सशस्त्र	21
चेन्नई	21
जनजाति	21
स्टॉक	21
अंतर	21
इस्लाम	21
सलमान	21
अकाली	21
श्रृंखला	21
मित्तल	21
इसने	21
ऑक्सीजन	21
असमानता	21
भोपाल	20
सकी	20
संभवतः	20
आसानी	20
गेंद	20
रखकर	20
ग्राहकों	20
जुड़ी	20
निर्मित	20
महान	20
तथ्य	20
छोटा	20
वातावरण	20
प्रकट	20
माता	20
प्रशांत	20
टेलीफोन	20
शरीर	20
समाजवादी	20
मेगावाट	20
चेयरमैन	20
सकेंगे	20
जल्दी	20
संवेदनशील	20
अभिनेता	20
सफाई	20
नतीजों	20
अनुरूप	20
प्रोजेक्ट	20
घंटों	20
अफगानिस्तान	20
गोपाल	20
नारायण	20
निष्पक्ष	20
मनाने	20
वार्षिक	20
शिवसेना	20
एनर्जी	20
टाटा	20
इजाफा	20
ढांचे	20
तरीका	20
समझ	20
गरीब	20
स्वस्थ	20
मसला	20
धीरे	20
संदिग्ध	20
अनाज	20
चुने	20
कॉल	20
सीडी	20
पेशकश	20
ड्यूटी	20
कोहरे	20
विचारों	20
इंदिरा	20
पेंशन	20
व्यावसायिक	20
सकेगा	20
समर्थक	20
अस्तित्व	20
वक्फ	20
नौसेना	20
संवाददाता	20
वीजा	20
अरुण	20
शहाबुद्दीन	20
मल्होत्रा	20
संरक्षण	20
विवादों	20
गंगा	20
हालाँकि	20
वाणिज्य	20
छापे	20
ऑन	20
अन्नान	20
कमलनाथ	20
सीबीटी	20
साम्राज्य	20
जैक्सनविल	20
आदिवासी	19
पहाड़ी	19
नियमित	19
कब	19
प्रताप	19
ग्रहण	19
सत्तारूढ़	19
द्वितीय	19
वाहनों	19
इन्हीं	19
खासी	19
खड़ी	19
टैक्स	19
जहाज	19
उल्लेख	19
शिव	19
ठंड	19
केन्द्र	19
सम्राट	19
परंपरा	19
रैली	19
लाखों	19
जापानी	19
ग्रहों	19
प्रतियोगिता	19
प्रणब	19
सुप्रीमो	19
घोटाले	19
अभियुक्त	19
राबड़ी	19
खंडन	19
जाया	19
दुकान	19
बता	19
गारंटी	19
वाई	19
उत्पाद	19
गिर	19
दुकानों	19
खुश	19
हत्याकांड	19
इशारा	19
हक	19
लड़ने	19
दागी	19
मतदाता	19
बुनियादी	19
सिरे	19
राजस्व	19
कारों	19
स्टेशनों	19
प्रबंधक	19
कसूरी	19
सेवाओं	19
अनुसंधान	19
सुपर	19
सिस्टम	19
एसएसपी	19
दवा	19
लाइसेंस	19
सौरव	19
वेतन	19
कहर	19
गुलाम	19
बहुमत	19
पड़ोसी	19
मंत्रालयों	19
सौंपने	19
झटके	19
ऊंचाई	19
लड़ाकू	19
दान	19
सम्मानित	19
पुलिसकर्मी	19
दूतावास	19
दिलाया	19
अपेक्षा	19
फरीदाबाद	19
अमरीकी	19
उड़ीसा	19
सारा	19
सहायक	19
अकेले	19
ईंधन	19
हड़ताल	19
विफल	19
शासित	19
महाप्रबंधक	19
जुटाने	19
लीटर	19
टेप	19
आह्वान	19
लता	19
आमिर	19
शोक	19
करीबी	19
एड्स	19
काउंसिल	19
पिछड़े	19
पुनर्गठन	19
श्रमिक	19
क़ीमत	19
दत्त	19
भट्ठल	19
ब्लेयर	19
मेट्रो	19
उपचार	19
एफबीटी	19
अर्थव्यवस्था	19
सद्दाम	19
लोहान	19
ग्रेट	19
डेटा	19
ी	19
टेनोफोरा	19
द्वार	18
प्रार्थना	18
साँची	18
मन	18
शब्दों	18
जंगल	18
सुंदर	18
आपके	18
थोड़ा	18
गर्मी	18
सेन	18
रोशनी	18
इंटरनेशनल	18
डे	18
एयरपोर्ट	18
शैली	18
इब्राहिम	18
ढाई	18
पहुँच	18
मेरी	18
बातों	18
बतौर	18
उधर	18
संपन्न	18
उपस्थित	18
संस्कार	18
खो	18
लड़	18
हिंदुओं	18
दंगों	18
जयंती	18
एशियाई	18
अब्बास	18
बादल	18
परिणामस्वरूप	18
इंस्टीट्यूट	18
युवकों	18
गन्ने	18
विभाजित	18
मानने	18
गायब	18
कवायद	18
नाटक	18
निश्चित	18
बाबत	18
मंडल	18
बनर्जी	18
जुलूस	18
लैस	18
दिलाने	18
तबाही	18
प्रमाण	18
ठहराया	18
पीड़ित	18
आधुनिकीकरण	18
जबरदस्त	18
हरी	18
मतदाताओं	18
प्रावधानों	18
आजाद	18
विश्लेषण	18
तीव्रता	18
शून्य	18
मद्देनज़र	18
करोड़ों	18
अकादमी	18
बदमाशों	18
परिवहन	18
शीतकालीन	18
धमाके	18
नियम	18
पोटा	18
एकत्र	18
राजनाथ	18
चलाया	18
बताए	18
हलफनामे	18
स्पीकर	18
मानक	18
मुरली	18
प्रणव	18
विशिष्ट	18
जानने	18
मास्टर	18
रोका	18
नायर	18
शरीफ	18
अहमदाबाद	18
पीएसयू	18
शूटिंग	18
पप्पू	18
आयुर्वेद	18
गोत्र	18
नॉर्मन	18
डल	18
टेस्ला	18
वस्तुओं	17
खूबसूरती	17
किला	17
आक्रमण	17
जीतने	17
मंजिल	17
मत	17
खासतौर	17
आकर्षित	17
सिटी	17
सारे	17
देहरादून	17
आशा	17
सेंट	17
तंत्र	17
सड़कों	17
पटरी	17
सिंगापुर	17
अंग	17
विजेता	17
लीग	17
तोड़	17
संतोष	17
संचालन	17
कराची	17
वर्मा	17
डिजिटल	17
वेबसाइट	17
हवाओं	17
विजयेंद्र	17
शब्द	17
पचास	17
सईद	17
भरी	17
सूचित	17
मांगा	17
जोरदार	17
उत्पीड़न	17
फसलों	17
धान	17
ग्रुप	17
मरने	17
कामयाब	17
थाना	17
इंकार	17
मिट्टी	17
शाखा	17
बयानों	17
कुवैत	17
राजकुमार	17
बधाई	17
प्रतिबंधित	17
सोमनाथ	17
बढ़ाया	17
खेती	17
चिंतित	17
उपग्रह	17
निकालने	17
गिराया	17
ताइबा	17
राइस	17
दिलाई	17
संभालने	17
झंडी	17
पंजीकरण	17
सोनी	17
करेंगी	17
अग्रवाल	17
नतीजे	17
दृष्टिकोण	17
जगहों	17
साक्ष्य	17
राजेंद्र	17
गुरुद्वारा	17
निर्देशों	17
नायक	17
हवाला	17
अवार्ड	17
घाटा	17
फॉर	17
घटक	17
फोटो	17
नैयर	17
धरती	17
शैक्षणिक	17
उत्पादों	17
कार्यक्रमों	17
निर्वाचन	17
खाद्य	17
तटीय	17
पाठ्यक्रम	17
टाइम्स	17
श्रद्धांजलि	17
ऑयल	17
इंडस्ट्रीज	17
खाड़ी	17
शांतिपूर्ण	17
तालमेल	17
सीआरपीएफ	17
उग्रवादी	17
अति	17
मृत्यु	17
गुट	17
पहुंचाया	17
उपक्रमों	17
नौकरी	17
सुविधाएं	17
मोनिका	17
संदेह	17
जाति	17
वजन	17
उम्मीदवारों	17
लिखकर	17
पोस्ट	17
प्राथमिक	17
अमरिंदर	17
प्रशासनिक	17
एफ	17
एनएससीएन	17
तारीफ	17
नियंत्रित	17
चालक	17
खिलाड़ियों	17
स्की	17
ा	17
भाप	17
प्रतिरक्षा	17
हॉल	16
यहीं	16
खुला	16
नमूने	16
बनती	16
छत	16
करवाया	16
भरपूर	16
पैदल	16
राणा	16
बॉलीवुड	16
स्पेस	16
शेष	16
बीस	16
इतने	16
शांत	16
इमारतों	16
गीत	16
नजदीक	16
तिथि	16
जलवायु	16
जीप	16
डिजाइनर	16
इनका	16
आना	16
गरीबों	16
सेक्टर	16
परिस्थितियों	16
समापन	16
फैशन	16
तरुण	16
क्षति	16
रिश्वत	16
परंपरागत	16
धूल	16
हल्की	16
केदारनाथ	16
सकेगी	16
मनोहर	16
होंडा	16
एक्ट	16
न्यूयॉर्क	16
एकजुट	16
साबिरा	16
एनएसी	16
बढ़ाए	16
रुचि	16
निकाल	16
शिक्षण	16
राज्यमंत्री	16
तैनाती	16
पुरुष	16
उत्साह	16
सिंचाई	16
सतलुज	16
पैकेट	16
भरे	16
नरेश	16
स्कोर	16
स्टाफ	16
एकता	16
कार्यों	16
फोर्स	16
इरादा	16
जोड़ने	16
युवक	16
जख्मी	16
स्तरीय	16
कानूनों	16
हिंदी	16
फ्रंट	16
चंद्र	16
खरीदारी	16
विवरण	16
खिलाड़ी	16
दि	16
न्यू	16
विज्ञापन	16
रिजर्व	16
जनजातियों	16
जिनकी	16
सरना	16
पेट्रोल	16
कच्चे	16
श्रेणी	16
विधि	16
आईएसआई	16
गड़बड़ी	16
अधिसूचना	16
कॉरपोरेशन	16
बर्खास्त	16
घटनास्थल	16
भजन	16
खेमे	16
इच्छुक	16
गोधरा	16
जेटली	16
निशान	16
मुलाक़ात	16
आखिरकार	16
बीसीसीआई	16
आवेदन	16
जंगलों	16
संशोधित	16
सहकारी	16
सीजन	16
जंग	16
श्रमिकों	16
स्वायत्तता	16
मारने	16
अटारी	16
निदेशकों	16
इस्लामिक	16
विलियम	16
विद्रोहियों	16
निर्धारण	16
तोगड़िया	16
पंचायती	16
पॉलिसी	16
ज्ञात	16
कंडोम	16
सील	16
जाएँ	15
शानदार	15
तालाब	15
कितने	15
दरगाह	15
पर्यटक	15
गाँधी	15
समर्पित	15
रोमन	15
लगेगा	15
जिंदगी	15
चीज	15
भंडार	15
आधे	15
एयरलाइंस	15
नीदरलैंड	15
रहना	15
तादाद	15
तीसरी	15
मशहूर	15
सेनाओं	15
निमंत्रण	15
बसु	15
सूत्र	15
मुहिम	15
मोहन	15
सुभाष	15
फांसी	15
कायदा	15
जब्त	15
सचिवों	15
यद्यपि	15
बोल	15
अलगाववादी	15
कोशिशों	15
सोसाइटी	15
नोट	15
साहिब	15
विंग	15
रजिस्ट्रार	15
अखिल	15
किलो	15
गलती	15
हिस्सेदारी	15
निवेशकों	15
रामविलास	15
मेरा	15
मारकर	15
स्वीकृति	15
चालू	15
दुबई	15
गौरव	15
अधिवक्ता	15
डब्लू	15
जेम्स	15
केस	15
मिलेंगे	15
रिटर्न	15
पाता	15
प्रेरित	15
हिसाब	15
शरद	15
चपेट	15
गोलियां	15
बच	15
ट्रेनिंग	15
उनको	15
कुमारस्वामी	15
ब्योरा	15
किताब	15
मुफ्ती	15
परामर्श	15
स्वराज	15
बांध	15
पूंजी	15
कैंप	15
वामदल	15
पदार्थो	15
इजाज़त	15
हटाए	15
लापता	15
तड़के	15
उपायुक्त	15
दीक्षित	15
प्रस्तावों	15
केंद्रित	15
आदान	15
जन	15
कार्यो	15
अनुशासन	15
प्रभावशाली	15
मुजफ्फराबाद	15
आइसलैंड	15
दाम	15
लेख	15
कैग	15
सर	15
गार्ड	15
सर्वोच्च	15
फैल	15
इधर	15
सख्त	15
फारूक	15
अमिताभ	15
आरक्षित	15
जनमेजय	15
निधि	15
कैरियर	15
पुनर्निर्माण	15
शराब	15
तरीकों	15
दूरसंचार	15
क्रांति	15
पादरी	15
मिलना	15
अबू	15
एकीकृत	15
दलित	15
तलाक	15
जबर्दस्त	15
शोर	15
महासागर	15
मनाली	15
स्रोत	15
कनेक्शन	15
व्यक्तियों	15
अज्ञात	15
सैन	15
तीर्थ	15
शिकागो	15
स्कॉटिश	15
लूथर	15
मेथोडिस्ट	15
मुगल	14
कोरिया	14
दुकानें	14
दीवारों	14
उपयुक्त	14
चौहान	14
अधीन	14
सीधी	14
बचे	14
घूमने	14
म्यूजियम	14
मिस्र	14
ग्रीक	14
दृष्टि	14
दरवाजे	14
सदी	14
भरा	14
मुमताज	14
उठाकर	14
फोर्ट	14
रहें	14
सोच	14
ला	14
य	14
शिवलिंग	14
गर्म	14
श्रद्धालु	14
एकमात्र	14
बर्ड	14
प्रजनन	14
चौथे	14
सीधा	14
अभिनेत्री	14
प्रोग्राम	14
चरणों	14
प्यार	14
दौड़	14
आंखों	14
ताकत	14
ठाकरे	14
त्रिपाठी	14
किस्म	14
बढ़ते	14
दशकों	14
बाधा	14
प्रिंट	14
समूहों	14
बाधित	14
सहयोगियों	14
सत्ताधारी	14
सौदे	14
सुरजीत	14
अलबत्ता	14
सांप्रदायिक	14
उपचुनाव	14
सकें	14
कारोबार	14
वाघा	14
सरकारें	14
जायजा	14
निम्न	14
परिवारों	14
चेहरे	14
दरवाजा	14
जुट	14
कर्मियों	14
सराहना	14
दैनिक	14
महमूद	14
निष्कर्ष	14
जोड़कर	14
प्रोत्साहित	14
अत्याधुनिक	14
रिसर्च	14
खोखर	14
उतर	14
नारेबाजी	14
व्यापारियों	14
उपभोक्ताओं	14
अमरनाथ	14
बेच	14
सदनों	14
मुक्ति	14
दुग्गल	14
राशिद	14
नारे	14
गहरा	14
सुरेश	14
मजदूरी	14
चंद्रशेखर	14
जसवंत	14
टू	14
उजागर	14
दखल	14
बनता	14
टेलीविजन	14
प्रश्नकाल	14
आश्वस्त	14
विरुद्ध	14
मेहता	14
घटनाएं	14
एसपी	14
खबरें	14
मॉल	14
बनाते	14
समर्पण	14
अभियुक्तों	14
अर्जी	14
सुनाई	14
उच्चायुक्त	14
माफी	14
सिनेमा	14
आरोपियों	14
ट्रेनों	14
चलेगा	14
येचुरी	14
पढ़ने	14
मूल्यांकन	14
हलफनामा	14
कम्युनिस्ट	14
जनहित	14
रैकेट	14
तथ्यों	14
एजेंडे	14
अपहर्ताओं	14
मजदूर	14
बरतने	14
मेरठ	14
फाइनल	14
करात	14
खेर	14
उग्रवादियों	14
ठोस	14
फौरन	14
पोस्टमार्टम	14
प्रतिष्ठित	14
सुरक्षाबलों	14
सेंसर	14
स्थाई	14
तिलहन	14
भूमिगत	14
लिट्टे	14
हिंसक	14
विदेशों	14
क्षतिग्रस्त	14
संस्करण	14
पुस्तक	14
लेता	14
स्टेट	14
छुट्टी	14
हमलावरों	14
यूके	14
अमृतसर	14
प्रदर्शित	14
तर्ज	14
अभाव	14
योग	14
ट्रस्ट	14
मजदूरों	14
तृणमूल	14
मायावती	14
ब्लॉक	14
फार्मेसी	14
फार्म	14
गूगल	14
केन्या	14
मुफ्त	14
ईपीएफ	14
बीएसएनएल	14
प्लान	14
लॉस	14
एंजिल्स	14
ईसा	14
हार्वर्ड	14
महानगरीय	14
राजवंश	14
न्यूकैसल	14
एकड़	13
समीप	13
साइंस	13
ताज	13
पहुँचने	13
बसे	13
जयपुर	13
सा	13
बेहतरीन	13
प्रांत	13
आपकी	13
मुद्रा	13
उठाना	13
खासा	13
बेस	13
मिलाकर	13
आकर्षण	13
कल्पना	13
तस्वीर	13
आश्चर्य	13
भिन्न	13
समानता	13
दिखा	13
देखी	13
कपड़े	13
फीट	13
बैठा	13
आजादी	13
प्रजातियों	13
अजय	13
इसीलिए	13
नोएडा	13
लहर	13
यूपी	13
भूल	13
महात्मा	13
नकारात्मक	13
पिटाई	13
सिफारिशों	13
मुकदमा	13
विस्फोटों	13
सार्क	13
कराना	13
माल	13
कनाडा	13
निरीक्षण	13
यूनिट	13
ग्राहक	13
आंशिक	13
उत्साहित	13
बचा	13
मिश्र	13
गवर्नर	13
रफ्तार	13
अंजलि	13
पैनल	13
बब्बर	13
उंगली	13
बाजारों	13
सेंसेक्स	13
मेजर	13
निभा	13
आंसू	13
रेडियो	13
धर्मनिरपेक्ष	13
बकौल	13
गुना	13
रोहित	13
उड़ानों	13
भरने	13
चलाई	13
चलाए	13
रवैये	13
सिविल	13
आईजी	13
सच	13
सवालों	13
क्रेडिट	13
फंसे	13
दस्ते	13
समझौतों	13
धोनी	13
व्यय	13
शक	13
सीएमपी	13
परत	13
वैकल्पिक	13
कार्बन	13
अंतर्गत	13
नक्सल	13
प्रोटोकॉल	13
भावना	13
डालमिया	13
बदमाश	13
वडोदरा	13
दर्जनों	13
इसको	13
ग्लोबल	13
प्रदर्शनी	13
साहित्य	13
शिविरों	13
तहलका	13
प्रतिद्वंद्वी	13
उमर	13
जमाली	13
मुताबिक़	13
अंगों	13
लामा	13
विवादास्पद	13
प्रारंभिक	13
जमानती	13
जनमत	13
अगली	13
हुड्डा	13
अभिनय	13
महामारी	13
प्लेटफॉर्म	13
रिमांड	13
पीढ़ी	13
पर्यावरण	13
आत्मसमर्पण	13
सीमाओं	13
अदा	13
दुष्कर्म	13
शिक्षक	13
बंधक	13
घने	13
अनुसूचित	13
क्रम	13
इंफोकॉम	13
बढ़त	13
क्लिंटन	13
फिरौती	13
मुकाबला	13
न्यूज	13
याचिकाओं	13
घुस	13
एमबीबीएस	13
विद्वानों	13
बारी	13
उल्फा	13
स्थानांतरित	13
कप	13
सर्विस	13
लॉ	13
कोड	13
इंजीनियरिंग	13
वोटों	13
विश्वविद्यालयों	13
रालोद	13
अयोग्य	13
कविता	13
एंबेसडर	13
कैसिनी	13
वायरस	13
डिज़ाइन	13
मथेरानी	13
चक्र	13
राइन	13
होस्ट	13
बनवाया	12
चार्ल्स	12
फैले	12
सौंदर्य	12
अंदाज	12
क्लब	12
मछली	12
कहानी	12
प्रतिदिन	12
अभिषेक	12
अड्डा	12
वन्य	12
जीता	12
निरंतर	12
सफर	12
फ्रेंच	12
उठाते	12
महानगर	12
होटलों	12
जाएँगे	12
एक्शन	12
जश्न	12
प्रेम	12
पुराना	12
चाहे	12
लायक	12
सोने	12
बाग	12
उत्सव	12
बैठने	12
गहरे	12
आलू	12
खोले	12
खाने	12
पहाड़ों	12
फसल	12
नाव	12
कड़े	12
अंतरराष्ट्रीय	12
बच्चन	12
मौलाना	12
तिवारी	12
विचाराधीन	12
बीमारियों	12
लगाकर	12
शारीरिक	12
तालिबान	12
चोट	12
कसर	12
विशेषाधिकार	12
रिश्ता	12
उपलब्धता	12
दिल	12
पहने	12
लाहौल	12
गिरावट	12
गुड़गांव	12
संयोजक	12
मछुआरों	12
परेशान	12
लेन	12
दीं	12
मोड़	12
कड़ा	12
सिद्धांतों	12
नाते	12
शेयरों	12
यौन	12
निराशा	12
हेक्टेयर	12
सच्चाई	12
उठ	12
उछाल	12
आएगी	12
दर्द	12
स्पष्टीकरण	12
कोर्स	12
रिकार्ड	12
बुलाकर	12
किरण	12
बिजनेस	12
कितनी	12
औचित्य	12
खुर्शीद	12
जिलाधिकारी	12
डीएनए	12
सैयद	12
इंस्पेक्टर	12
सुनने	12
हटाकर	12
फोरम	12
मिश्रा	12
मरम्मत	12
ग्रेनेड	12
गोदाम	12
जाहिर	12
नामित	12
निर्माता	12
चुप्पी	12
सख्ती	12
कोच	12
ढांचा	12
तबाह	12
संरचना	12
डेमोक्रेटिक	12
कपड़ों	12
आरंभ	12
प्रशंसा	12
राजनयिक	12
पकड़ा	12
भाग्य	12
हाईकमान	12
पुनर्वास	12
निराश	12
अमन	12
खुलकर	12
प्रसारित	12
हटाया	12
यशवंत	12
पाबंदी	12
पकड़े	12
दाखिला	12
ठुकरा	12
बढ़ता	12
फोरेंसिक	12
बोलने	12
जानते	12
जयललिता	12
दुर्भाग्यपूर्ण	12
क्रमशः	12
कुर्सी	12
सरल	12
उपक्रम	12
दुर्घटना	12
निर्देशक	12
पाना	12
बढ़ाकर	12
राज्यपालों	12
सर्जरी	12
दायित्व	12
गेम	12
जयेंद्र	12
आरआईएल	12
ऊंची	12
आपस	12
सुषमा	12
ठहराते	12
निजीकरण	12
खतरनाक	12
ऑस्ट्रेलिया	12
कलाकार	12
लगाना	12
अपनाने	12
क़ायम	12
लाठीचार्ज	12
होंगी	12
दफ्तर	12
सिरीज़	12
अवस्था	12
जटिल	12
पहलुओं	12
कवर	12
निकाय	12
संभावनाओं	12
खाना	12
टूट	12
हिजबुल	12
सौर	12
शक्तिशाली	12
सटे	12
एफडीआई	12
निंदा	12
अंश	12
महाद्वीप	12
मित्र	12
आवंटित	12
संतुष्ट	12
होम	12
शंकररमन	12
बंसल	12
ढलान	12
जीवित	12
युक्त	12
नामों	12
मेजबान	12
एटीएस	12
सानिया	12
प्रतिबद्धता	12
पारंपरिक	12
अत्यधिक	12
टाइम	12
ग़ैर	12
नगमा	12
अग्रिम	12
कोटे	12
हराया	12
प्रतिस्पर्धा	12
साध्वी	12
खेलों	12
यूनीवर्सिटी	12
लक्ष्मी	12
बैच	12
डि	12
सेंटॉर	12
लोकपाल	12
कैप्टिव	12
मंगोल	12
जैसेकि	12
फ्रेस्नो	12
दृश्य	11
परंपराओं	11
एकत्रित	11
गैलरी	11
चौक	11
आभूषण	11
इंदौर	11
संतुलन	11
बह	11
शासक	11
डालकर	11
दीवार	11
बरसात	11
शुरूआत	11
स्कॉटलैंड	11
प्रकृति	11
खफा	11
पारा	11
ऊपरी	11
दुर्लभ	11
बिल्डिंग	11
सेक्शन	11
पीक	11
कहाँ	11
सिलसिला	11
उत्पादक	11
जैसलमेर	11
विहार	11
शिखर	11
प्रतीक	11
पर्वत	11
आईं	11
एकदम	11
लिखने	11
चलती	11
प्रतिमा	11
मायने	11
एअर	11
मोटर	11
गोले	11
देवगौड़ा	11
अब्दुल्ला	11
असली	11
आत्महत्या	11
वाराणसी	11
सन	11
अंडरवर्ल्ड	11
सियासी	11
नमक	11
तूल	11
ट्यूबर	11
बीमार	11
आंधी	11
मिलीमीटर	11
साथियों	11
सुनीता	11
हरकत	11
शंकर	11
मैनेजर	11
पोलित	11
दिखाए	11
लक्ष्मण	11
गोपनीय	11
जजों	11
अनदेखी	11
फेरबदल	11
किलोग्राम	11
शिकायतों	11
गुहार	11
धारणा	11
सियाचिन	11
शर्तों	11
जबरन	11
बुरा	11
धूप	11
सूखे	11
साप्ताहिक	11
पदस्थ	11
दिखाने	11
रवैया	11
विपिन	11
प्रतिबद्ध	11
सिपाही	11
डीआईजी	11
वैट	11
व्यापारिक	11
पायलट	11
भागने	11
छेड़छाड़	11
फ्लू	11
अनिवार्य	11
वीरेंद्र	11
लाए	11
जलस्तर	11
केन्द्रीय	11
अनंतनाग	11
हमलावर	11
खून	11
दस्तखत	11
निभाने	11
वो	11
अनुपात	11
पारदर्शिता	11
रनों	11
हरभजन	11
युवराज	11
मैचों	11
सहवाग	11
पारी	11
आंकलन	11
बालिका	11
विद्यालय	11
नबी	11
बढ़ाना	11
शीर्षक	11
कठिन	11
मार्शल	11
गहन	11
गणना	11
उन्हीं	11
मध्यम	11
अजीत	11
राकेश	11
पदार्थों	11
अपराधों	11
बुलाने	11
पुणे	11
नवीन	11
टीमें	11
हिल	11
सूरत	11
प्रगतिशील	11
तेलंगाना	11
पांडे	11
एएसआई	11
दीपक	11
जहांगीर	11
रिश्तों	11
एजेंसियां	11
प्रदूषण	11
विवेक	11
मेले	11
एसटीएफ	11
लाहोटी	11
लिखी	11
विस्फोटकों	11
रिटायर्ड	11
अफसर	11
आस्ट्रेलिया	11
आखिरी	11
अस्पतालों	11
मणिशंकर	11
टीमों	11
कर्नल	11
लादेन	11
सह	11
कैप्टन	11
अटवाल	11
लिप्त	11
पूर्ववर्ती	11
मीरवाइज	11
निर्यात	11
आचार्य	11
वंचित	11
फील्ड	11
वैध	11
दुरुपयोग	11
बोस	11
सर्वश्रेष्ठ	11
पाते	11
पुख्ता	11
जयप्रकाश	11
नीटा	11
तत्व	11
सवालिया	11
कॉलेजों	11
सेमिनार	11
पड़ताल	11
इस्लामी	11
संक्रमण	11
पत्रकार	11
वोटिंग	11
जीन	11
जूझ	11
जिम	11
इलेक्ट्रॉनिक	11
सब्सिडी	11
बंटवारे	11
सबूत	11
भाइयों	11
आईपीसीएल	11
तेंदुलकर	11
अख्तर	11
विकल्पों	11
स्टूडियो	11
पाठक	11
फरार	11
मुख्तार	11
फातिमा	11
थलसेना	11
चिकित्सकों	11
पंद्रह	11
बगदाद	11
विधायी	11
पोलियो	11
आत्मघाती	11
पर्सनल	11
पांडेय	11
हंगामा	11
ममता	11
शिरोमणि	11
कोफी	11
एकीकरण	11
चिदंबरम्	11
भट्ट	11
जिनका	11
पदाधिकारियों	11
उद्योगों	11
उन्नत	11
एयरटेल	11
एबीसी	11
देव	11
प्रदीप	11
निविदा	11
महाधिवेशन	11
संगमा	11
नारो	11
इंजीनियर	11
असवत	11
फार्मासिस्ट	11
गाने	11
वनस्पति	11
अनुबंध	11
ढाँचे	11
ट्रम्प	11
भूमध्य	11
टर्बाइन	11
अमे	11
तेमुजिन	11
भव्य	10
कक्ष	10
मध्यप्रदेश	10
अतीत	10
पहुँचे	10
ठहरने	10
निगाह	10
रानी	10
पहुँचा	10
डाले	10
सन्	10
अवशेष	10
मी	10
चादर	10
फूलों	10
सैर	10
गोल्फ	10
सफेद	10
चक्कर	10
आएंगे	10
फ्लोरिडा	10
चीजों	10
चरित्र	10
मनाया	10
लें	10
व्यवसाय	10
अंदरूनी	10
प्रवासी	10
सामरिक	10
निचले	10
भक्त	10
थान	10
चित्	10
चरम	10
अमृत	10
प्रांगण	10
तुलसी	10
डाक	10
कुंड	10
बजाए	10
अटलांटिक	10
लंबा	10
अर्चना	10
लोकल	10
प्लेटफार्म	10
जेट	10
अनुदान	10
मिस	10
छोड़े	10
दावेदार	10
नेहरू	10
निकला	10
आगाह	10
तोड़ने	10
विद्रोह	10
तत्वों	10
दम	10
उतार	10
दास	10
डॉन	10
अमरीका	10
निकाले	10
दस्तावेजों	10
फरोख्त	10
चर्चित	10
पेटेंट	10
अंसारी	10
कंप्यूटरों	10
जनजीवन	10
पेड़	10
बांटने	10
आचार	10
कांची	10
दर्शाता	10
लेफ्टिनेंट	10
उठाएंगे	10
आकलन	10
जानना	10
जानकारियां	10
अप्रत्यक्ष	10
पते	10
खरीफ	10
दंगा	10
चतुर्वेदी	10
रोकना	10
अहसास	10
सोचा	10
उतरने	10
नाकाम	10
शक्तियों	10
छापा	10
गेट	10
प्लास्टिक	10
रोज	10
जुटा	10
बनना	10
स्कीम	10
सीनियर	10
दिवंगत	10
देखभाल	10
पोषण	10
गवाही	10
सेवाएं	10
बढ़ाई	10
बायो	10
उच्चायोग	10
चाहा	10
थॉमस	10
गिरफ़्तार	10
अमीन	10
इशारे	10
भावी	10
जितना	10
फ़ीसदी	10
संबद्ध	10
संसाधनों	10
दरार	10
लगाम	10
राइफल्स	10
पीपुल्स	10
गेस्ट	10
बंगले	10
हिंदुत्व	10
नेपाली	10
गहरी	10
तैयारियों	10
पठान	10
विकेट	10
क्लीन	10
साझेदारी	10
रणनीतिक	10
जाएंगी	10
वित्तमंत्री	10
मनु	10
हस्तांतरण	10
मजबूर	10
मौलिक	10
बेरोजगारी	10
मानवीय	10
कस्टम	10
हादसा	10
सौंपे	10
फेर	10
सर्दी	10
भोज	10
प्रसार	10
कपूर	10
लॉर्ड	10
लिख	10
पद्म	10
महंत	10
क्राइम	10
टीआरएस	10
कामकाज	10
प्रवर्तन	10
समग्र	10
आयु	10
मेटल	10
जोखिम	10
अन्नाद्रमुक	10
किन	10
रेलगाड़ियों	10
आपात	10
कुख्यात	10
लेखक	10
समाधि	10
हांगकांग	10
चिट	10
नुक़सान	10
ख्याल	10
जोड़ा	10
अनुच्छेद	10
सूजन	10
एडमिरल	10
मंशा	10
दलाई	10
डिफेंस	10
लूट	10
जल्दबाजी	10
सर्वसम्मति	10
रखेंगे	10
प्रहार	10
गुवाहाटी	10
कमिश्नर	10
समुदायों	10
संरक्षित	10
सब्बरवाल	10
बाबरी	10
भोजशाला	10
सवा	10
पकड़ने	10
बरी	10
मेहनत	10
एजेंडा	10
हिंदुस्तान	10
एचआईवी	10
बेस्ट	10
बेकरी	10
संपादक	10
फैसलों	10
बिस्वास	10
मसौदा	10
याना	10
बंधकों	10
पहुंचकर	10
डेल्टा	10
मुजाहिदीन	10
हूँ	10
जनशक्ति	10
आईएमए	10
पशु	10
अवधारणा	10
काले	10
रोधी	10
ब्रिगेडियर	10
सुबूत	10
सिंध	10
बीबीसी	10
विज	10
फॉरेंसिक	10
बीमा	10
डेविड	10
साउथ	10
फर्नॉडिस	10
सुना	10
पोर्ट	10
मकानों	10
आदिवासियों	10
करवाने	10
तिब्बती	10
अनुकूल	10
कुशीनगर	10
म्यांमार	10
पद्धति	10
हिमपात	10
टेनिस	10
पाठ्य	10
बयानबाजी	10
उड़ा	10
डीएसपी	10
बाड़	10
गुस्साए	10
अज़ीज़	10
ज्ञापन	10
ग्रस्त	10
अमीर	10
चलकर	10
कप्तानी	10
सिंघल	10
ठेकेदार	10
दोस्त	10
तपेदिक	10
धनंजय	10
चंगेज	10
ब्रेमर	10
स्काई	10
नक़वी	10
शनि	10
ग्राम	10
स्टीकर	10
इफ्तखार	10
अंडमानीज	10
प्रभाकरन	10
जोशीपुरा	10
क्विरिओ	10
स्पेन	10
हेनरी	10
प	10
ह्यूगनॉट्स	10
ऑफ़	10
आईपीसीसी	10
फैला	9
पत्थरों	9
बहादुर	9
पराजय	9
महाराजा	9
गश्त	9
जोन	9
चित्र	9
गर्मियों	9
बैंड	9
ऑनलाइन	9
बुकिंग	9
मात	9
सैलानियों	9
स्मारक	9
बादशाह	9
स्वर्ण	9
आकर्षक	9
प्रायः	9
व्यापारी	9
पुजारी	9
इनसे	9
थल	9
देशी	9
चट्टानों	9
प्रचलित	9
रखता	9
जिंदा	9
गुवाहटी	9
आशीर्वाद	9
धन्यवाद	9
नरसिंह	9
राजशेखर	9
घटकर	9
रास	9
परिणामों	9
दयाल	9
सचेत	9
बनकर	9
हॉस्पिटल	9
पड़ती	9
अपराधी	9
बढ़ेगा	9
छिपे	9
अंकुश	9
ताकतों	9
ढाका	9
गायक	9
कीं	9
खेतों	9
खेत	9
बिल्कुल	9
रूसी	9
पूछने	9
सदर	9
देन	9
चेक	9
माफ	9
घंटा	9
गढ़वाल	9
गिरने	9
मैक्सिको	9
खींचने	9
व्याख्या	9
आलाकमान	9
टिकैत	9
क्विंटल	9
बाबूलाल	9
गिरिजा	9
जिम्मेदारियों	9
कोटा	9
गले	9
चेहरा	9
ग्रेटर	9
स्वामित्व	9
अपनाया	9
तालिब	9
धंधे	9
खातों	9
डेवलपमेंट	9
आसार	9
बारह	9
प्राइवेट	9
तीस	9
स्पीड	9
गोयल	9
जोड़	9
पीएसी	9
ट्रेड	9
अवकाश	9
दिलचस्पी	9
कहकर	9
सीईओ	9
समस्याएं	9
तिहाई	9
ड्राइवर	9
उल	9
रचनात्मक	9
निर्वाचित	9
नजरिए	9
आंकड़े	9
ढेर	9
एंडरसन	9
पर्यवेक्षकों	9
नाबालिग	9
ग्यारह	9
जूनियर	9
योजनाएं	9
ईमानदारी	9
अग्नि	9
अखबारों	9
उम्मीदों	9
सुशासन	9
रॉय	9
नकार	9
खेद	9
रनवे	9
इंच	9
विश्वसनीयता	9
मानी	9
सौदा	9
दरभंगा	9
वस्तुएं	9
गोलों	9
सहारा	9
चौकी	9
रिश्तेदार	9
परस्पर	9
पैर	9
लीला	9
आरपीएफ	9
कोसी	9
ब्रांच	9
पलवल	9
वाणिज्यिक	9
अमरमणि	9
आएगा	9
दहशत	9
दोस्ती	9
मिटाने	9
कठोर	9
लापरवाही	9
बस्ती	9
कैलिफोर्निया	9
आकाश	9
फंस	9
धूम्रपान	9
दर्शक	9
विज्ञप्ति	9
पारिवारिक	9
नॉर्वे	9
कीमतें	9
सीताराम	9
शेखावत	9
संदीप	9
इस्माइल	9
हंगामे	9
रक़म	9
उक्त	9
स्केल	9
मृतकों	9
नरम	9
संयंत्रों	9
कपड़ा	9
टेंडर	9
जायसवाल	9
संस्थापक	9
प्रतिष्ठानों	9
ठिकानों	9
दामों	9
गोलू	9
रोटी	9
स्वदेशी	9
एलपीजी	9
सिलेंडर	9
बुक	9
रणवीर	9
रिवाल्वर	9
बर्बाद	9
बीते	9
बैनर	9
शरण	9
मोरचा	9
आईएएस	9
उठे	9
मालिकों	9
गिराने	9
थाईलैंड	9
दरकिनार	9
शोधकर्ताओं	9
अदालतों	9
कर्फ्यू	9
आव्रजन	9
कैथोलिक	9
ईमेल	9
निलंबन	9
पाल	9
पायलेटों	9
इंटरव्यू	9
बढ़ोत्तरी	9
फूकन	9
पाएंगे	9
नयी	9
ख़िलाफ़	9
वारदात	9
सचिवालय	9
तीस्ता	9
बरती	9
बदलते	9
विकासशील	9
संकल्प	9
अर्जित	9
नामांकन	9
कार्यवाहक	9
आपदाओं	9
जयपाल	9
अभियानों	9
घुसने	9
अंदाजा	9
टाउन	9
लिंक	9
चारों	9
मोहाली	9
महंगाई	9
किंग	9
निहित	9
बैंकिंग	9
एशियन	9
शुक्र	9
जुटी	9
चिन्हित	9
भागों	9
आस्था	9
कहां	9
जात्रोपा	9
ईश्वर	9
कामथ	9
आसियान	9
स्थिरता	9
अरुणाचल	9
स्वाभाविक	9
किशोर	9
बांग्लादेशी	9
यानी	9
लेह	9
पुलिसकर्मियों	9
कर्ज	9
टूर्नामेंट	9
हिट	9
सटीक	9
गुणवत्ता	9
उर्वरकों	9
परिभाषा	9
छात्रा	9
ट्रैक	9
प्रश्नों	9
रासायनिक	9
मारी	9
मध्यावधि	9
पराजित	9
प्रतिष्ठा	9
डॉट	9
जेवीजी	9
एमएम	9
वेबसाइटों	9
किट	9
भत्ता	9
एक्सचेंज	9
पेशे	9
परेड	9
खुदाई	9
रियासत	9
कादियान	9
विनाश	9
घटाकर	9
एकल	9
कोयला	9
जम	9
बिलियन	9
नेहरा	9
पुतिन	9
पौधों	9
इराक़	9
वर्णन	9
पुनः	9
खारो	9
गणराज्य	9
गुरुत्वाकर्षण	9
रोम	9
युआन	9
वंशज	9
औपनिवेशिक	9
बाउल	9
े	9
लॉन्च	9
विक्टोरिया	9
जीवाश्म	9
कोम	9
अवज्ञा	9
हिमालय	8
उद्यान	8
मद्रास	8
खजुराहो	8
कैद	8
ठहरा	8
पश्चात	8
ऊँचा	8
दर्शनीय	8
पक्षी	8
फौजी	8
छावनी	8
फौज	8
आलम	8
इलाका	8
चोपड़ा	8
जानता	8
बदला	8
सर्दियों	8
लुत्फ	8
ल	8
म्यूजिक	8
स्क्रीन	8
ऑस्कर	8
फायर	8
घेर	8
सस्ते	8
नजदीकी	8
भवनों	8
साधन	8
वंश	8
तले	8
महेंद्र	8
तीसरा	8
कहता	8
अवश्य	8
मलेशिया	8
संपूर्ण	8
तौड़	8
तंभ	8
छा	8
प्रारंभ	8
रात्रि	8
अंकित	8
आवागमन	8
फैलाने	8
पार्थिव	8
बाधाओं	8
हावी	8
अंग्रेजों	8
तुर्की	8
बेशक	8
दीन	8
चार्टर	8
सबक	8
रोजाना	8
लाइट	8
कहती	8
मीकन्स	8
सूचनाओं	8
फाइल	8
पौने	8
भविष्यवाणी	8
ठप	8
नाथ	8
ऑफिसर	8
चिली	8
भाव	8
बाबू	8
वायदा	8
विलंब	8
धड़े	8
भावनाओं	8
तीखी	8
कोशिशें	8
निकाह	8
अंबाला	8
धंधा	8
सीमाएं	8
हीरे	8
एयरवेज	8
वसूल	8
कलेक्टर	8
कालेज	8
साफ्टवेयर	8
समझने	8
पलट	8
श्याम	8
खामियों	8
कांस्टेबल	8
बच्चा	8
विस्फ़ोट	8
ग्रेग	8
भेजकर	8
पीसीबी	8
एरिया	8
लगते	8
भौगोलिक	8
जवाबी	8
सीनेट	8
जनादेश	8
शेखर	8
एकतरफा	8
समझते	8
बल्लेबाजों	8
अपेक्षाकृत	8
यूं	8
लड़कियां	8
कामयाबी	8
रैगिंग	8
एआईसीसी	8
अंबिका	8
न्योता	8
लाना	8
बुजुर्ग	8
निर्दोष	8
टिकी	8
पाएगा	8
क्रियान्वयन	8
मसौदे	8
सुमात्रा	8
लहरें	8
लगीं	8
बिंदु	8
परवेज़	8
जनक	8
तारों	8
छानबीन	8
डिवीजनल	8
एसबीआई	8
मांगने	8
मानद	8
रुकने	8
दसवीं	8
बटालियन	8
मूक	8
आशीष	8
सरोजनी	8
पूर्वज	8
शाहजहां	8
इकबालिया	8
बाध्य	8
उपयोगी	8
संस्थागत	8
उबरने	8
कार्यालयों	8
सतर्क	8
निर्माताओं	8
अनुवाद	8
सालाना	8
लम्बे	8
आला	8
हिदायत	8
उलेमा	8
रखेगी	8
आशय	8
सीपीएम	8
उतनी	8
प्राइमरी	8
अर्पित	8
फिल्मी	8
जार्ज	8
मुखिया	8
वैधता	8
शेट्टी	8
हेलीकॉप्टर	8
गठजोड़	8
यूरेनियम	8
आसमान	8
प्रतीक्षा	8
लिये	8
नोबल	8
रोग	8
पदार्थ	8
पोत	8
वार	8
उलट	8
देवड़ा	8
दोहरे	8
नकदी	8
दादरी	8
पाइपलाइन	8
राठी	8
मंडी	8
निचली	8
बचपन	8
गुटों	8
खोजी	8
कोर	8
विलास	8
रांची	8
ट्रक	8
काटने	8
वायरलेस	8
बॉम्बे	8
नशीली	8
समृद्ध	8
खनन	8
मुहर	8
बंदोबस्त	8
तेवर	8
प्रबल	8
रोहतक	8
मुकर	8
गवाहों	8
कोने	8
नैतिक	8
शख्स	8
लैब	8
मिलीं	8
तलब	8
पीने	8
जैश	8
कस्बे	8
नौकरशाही	8
करुणानिधि	8
दिये	8
महानिरीक्षक	8
सीरीज	8
आईपीएस	8
किराया	8
कानपुर	8
रूट	8
ट्रांजिट	8
सीवान	8
मुस्लिमों	8
चिंताओं	8
भेंट	8
सब्जी	8
काला	8
नकवी	8
इनेलो	8
पटियाला	8
धर्मेंद्र	8
सरदार	8
लॉकर	8
रोगियों	8
वस्तु	8
स्ट्रीट	8
मुख्यतः	8
संपदा	8
शैक्षिक	8
रीगन	8
आयाम	8
म्यूचुअल	8
जिनसे	8
निशाने	8
इतिहासकार	8
सिक्ख	8
तब्दील	8
इसरो	8
मेमोरियल	8
लाई	8
निकायों	8
चंद	8
राइफल	8
पुनर्विचार	8
सुनील	8
मेहर	8
चांदी	8
चुनौतियों	8
ईसाई	8
पिस्तौल	8
सेकुलर	8
स्वयंसेवी	8
मासिक	8
शाहिद	8
बैठ	8
अगवा	8
कटरा	8
कर्ता	8
सियांपी	8
प्लॉन	8
खिंचाई	8
पेट्रो	8
राष्ट्रवादी	8
दिमाग	8
रघुवंश	8
सूखा	8
टकराव	8
अनुमानित	8
पंडितों	8
पैलेस	8
बोली	8
अग्रणी	8
मूलभूत	8
सावधानी	8
चिकित्सक	8
देसी	8
भाल	8
रिश्तेदारों	8
सिब्बल	8
रिपोर्टों	8
जागीर	8
सुधीर	8
हेमंत	8
जीडीपी	8
अलावी	8
वादे	8
डूंगरपुर	8
आश्चर्यजनक	8
सूचकांक	8
उरी	8
ग्रिड	8
अनपरा	8
श्रीकुमार	8
घैलानी	8
गाँवों	8
उत्तराधिकारी	8
परिवर्तित	8
चिकन	8
एनएससी	8
रिपब्लिकन	8
मार्गों	8
अफजल	8
फोर्ड	8
पैटर्न	8
खलीलजाद	8
महापरिनिर्वाण	8
परिकल्पना	8
हवारा	8
मिलावट	8
भगते	8
जमी	8
अप्रेल	8
जानवरों	8
अस्पष्ट	8
संयोजन	8
संघीय	8
काउंटी	8
मंगोलिया	8
जोसेफ	8
ऑ	8
फ्रीवे	8
सविनय	8
ट्रान	8
मेम्ब्रेन	8
नमूना	7
बेगम	7
रेगिस्तान	7
कमाल	7
कृत्रिम	7
निकली	7
स्तंभ	7
अन्न	7
अकबर	7
गणेश	7
भक्तों	7
ड्यूक	7
खुली	7
आपने	7
आपका	7
पहाड़ियों	7
प्रेमियों	7
अस्त	7
ऊँचे	7
टॉवर	7
साकार	7
ज्ञान	7
शक्ल	7
ओरलैंडो	7
थीम	7
फिल्में	7
वर्ल्ड	7
लेती	7
फ्लाइट	7
जाल	7
टैक्सी	7
ठहरे	7
शुमार	7
सेक्स	7
वसंत	7
फूल	7
पुरातत्व	7
कितना	7
हवेली	7
धरोहर	7
स्तूप	7
आराम	7
देवताओं	7
पत्	7
रहमान	7
चाहें	7
जानकारों	7
रतन	7
हनन	7
मानकर	7
ता	7
बंगला	7
चावल	7
तल	7
लकड़ी	7
रोके	7
जातियों	7
दीपावली	7
बुलाए	7
गिरा	7
गुफा	7
गोल	7
उड़ानें	7
स्टैंड	7
आश्रम	7
मुसलमान	7
सुरक्षाकर्मियों	7
शुभारंभ	7
प्राइम	7
लुभाने	7
पंचायतों	7
सोनल	7
निकाली	7
सुशील	7
रखेगा	7
दिग्गज	7
हटाना	7
समूचे	7
चारा	7
मर	7
हाजिर	7
सरगना	7
महासभा	7
आपातकाल	7
खरीदा	7
कमजोरी	7
डिजाइनरों	7
डाली	7
भले	7
वोहरा	7
अलगाववादियों	7
तारीगामी	7
कदमों	7
चौबीस	7
कलह	7
झूठा	7
भ्रष्ट	7
सिट	7
नकद	7
एपीजे	7
हरकिशन	7
तस्लीमुद्दीन	7
मनोवैज्ञानिक	7
कोलंबिया	7
रंजन	7
जागरूक	7
युवती	7
लड़के	7
बर्खास्तगी	7
सूचियों	7
यकीन	7
चिट्ठी	7
भरपाई	7
उप्र	7
डर	7
सेहत	7
सौदों	7
सांस	7
साधा	7
अल्लाह	7
आईएईए	7
शिकस्त	7
दिग्विजय	7
चाय	7
खुशबू	7
सप्लाई	7
फिक्स्ड	7
वितरित	7
जनाधार	7
उड़ाने	7
प्रोसेसिंग	7
रियाज	7
ट्रैफिक	7
जला	7
आगजनी	7
कामना	7
ख्वाजा	7
डीजीपी	7
साध	7
जानबूझकर	7
ज़रूरत	7
बालादित्य	7
चोटिल	7
पटल	7
अनौपचारिक	7
खरीदे	7
आंकड़ा	7
बल्लेबाज	7
काफ़ी	7
सुधारों	7
रिमोट	7
रसायन	7
चलाना	7
घेरे	7
कॉम्पलैक्स	7
हरे	7
ताल्लुक	7
एंटी	7
अस्थायी	7
अगुवाई	7
ज्ञानेंद्र	7
ऐन	7
इरफान	7
रैना	7
ओवर	7
सुधारने	7
पर्यवेक्षक	7
पीडीपी	7
अश्लील	7
तरजीह	7
मेट्रोपोलिटन	7
आवंटन	7
लघु	7
अगला	7
मोटी	7
सौरमंडल	7
नागरिकता	7
किस्मत	7
बताता	7
आमदनी	7
डेरा	7
बचाया	7
बीबी	7
हस्तियों	7
भड़क	7
बच्ची	7
सुनी	7
शेरनाज	7
पंकज	7
चेन	7
खींच	7
बोगी	7
प्रयोगशाला	7
चलेगी	7
मधुमणि	7
रेवा	7
दुकानदारों	7
यथावत	7
ओपन	7
राउंड	7
अंधेरे	7
अलर्ट	7
भूस्खलन	7
मनोनीत	7
गर्व	7
स्वयंभू	7
सुराग	7
प्रीतम	7
दुखी	7
मिलनी	7
गिराए	7
नौकरियों	7
गोपनीयता	7
स्नातक	7
शुक्ला	7
घड़ी	7
कतई	7
बिन	7
मौतों	7
मानवाधिकारों	7
गतिरोध	7
डब्ल्यू	7
ईधन	7
बुला	7
तथाकथित	7
सुरक्षाकर्मी	7
कॉरपोरेट	7
अपहृत	7
अर्थशास्त्री	7
झोपड़ी	7
असमर्थ	7
नवम्बर	7
बेड़े	7
काजी	7
मुजफ्फरपुर	7
धोखाधड़ी	7
ललित	7
उम्मीदें	7
ज़रिए	7
हॉकिंस	7
चतुर्थ	7
सुर	7
मंगेशकर	7
लौटे	7
क्लास	7
फैलने	7
सोरेन	7
रचने	7
एनडीएफबी	7
आरडीएक्स	7
पेय	7
विषयों	7
वाहनवटी	7
उच्चस्तरीय	7
रैंक	7
निकालकर	7
शासनकाल	7
नमाज	7
फाइलों	7
जेसिका	7
मानवता	7
मानता	7
श्रीलंकाई	7
सिरीज	7
गिल	7
ठाकुर	7
बेदी	7
सभ्यता	7
प्रमाणन	7
खतरों	7
जेड	7
पूर्ति	7
दिक्कत	7
ब्राजील	7
अंधाधुंध	7
चालित	7
शिक्षित	7
प्रशासक	7
राबिया	7
बूते	7
अमीरों	7
लेनी	7
अनुचित	7
रूपरेखा	7
भ्रम	7
बंधुओं	7
चालकों	7
रियायत	7
क्रांतिकारी	7
चावेज	7
छेड़	7
पड़ेगी	7
आज़ाद	7
तटों	7
परोक्ष	7
हिदायतनामा	7
आतंक	7
भट्टाचार्य	7
हटने	7
कीटनाशकों	7
मानकों	7
मेनन	7
विलय	7
मुकदमे	7
खींचतान	7
उपेक्षा	7
सुरेंद्र	7
बैठकों	7
सितम्बर	7
मार्टिन	7
सुचारु	7
प्रतिपक्ष	7
मीनू	7
वामपंथियों	7
क्रीक	7
कौशल	7
हुईं	7
वेन	7
कार्यरत	7
परिचित	7
मैडम	7
नाल्को	7
मार्क	7
खुलने	7
संभाल	7
सोचने	7
सोपोर	7
मरीज	7
जेहादी	7
इस्राइल	7
व्याख्यान	7
वेस्ट	7
पंजीकृत	7
इंजीनियरों	7
टीडीपी	7
व्हाइट	7
मच	7
मिलों	7
दोहराई	7
शिकायतें	7
बारूदी	7
उस्मान	7
पहलगाम	7
विनय	7
प्रशंसकों	7
उपद्रवियों	7
स्क्रैप	7
सीमावर्ती	7
बारू	7
घेरने	7
मृत्युदंड	7
प्रदर्शनकारियों	7
उत्पत्ति	7
दलितों	7
संपत्तियों	7
जबरदस्ती	7
टाडा	7
वर्गीकरण	7
स्वीडन	7
सीमेंट	7
सिखों	7
उठता	7
विक्की	7
दादी	7
मरीजों	7
कोस्टा	7
कपिल	7
समकक्ष	7
साक्षरता	7
कुशल	7
नियामक	7
डिपो	7
असफल	7
परहेज	7
रॉयल्टी	7
कवि	7
बेगारी	7
बुजुर्गों	7
लोकप्रियता	7
वरुण	7
कार्तिक	7
पथ	7
प्रवाहित	7
काज	7
बेउर	7
सऊदी	7
हालिया	7
नदियों	7
थाई	7
नन	7
रिट्रीट	7
स्व	7
रिजवी	7
भौतिक	7
ब्रिज	7
स्टैंडर्ड	7
वनों	7
सिक्के	7
गुड़गाँव	7
विस्तारित	7
सीज़न	7
फर्म	7
कोशिकाओं	7
प्रमाणित	7
अन्तिम	7
वेल्स	7
निवासियों	7
स्पेनिश	7
क्रान्ति	7
सैक	7
डिएगो	7
जिसमे	7
अंतरराज्यीय	7
ह्यूगनॉट	7
मिशिगन	7
शैवाल	7
कन्जेक्चर	7
साम्राज्यवाद	7
स्मृति	6
धुंध	6
राजाओं	6
बनाती	6
अत्यंत	6
स्थापत्य	6
आदत	6
पेड़ों	6
मेला	6
पतन	6
हिन्दू	6
प्रतिवर्ष	6
परिक्रमा	6
जोगी	6
जिप्सी	6
स्विट्जरलैंड	6
पसंदीदा	6
निहार	6
रूबरू	6
उपनगर	6
रॉक	6
स	6
रियल	6
मेहमानों	6
दिलचस्प	6
गार्डन	6
डच	6
ऊँचाई	6
लगती	6
रूम	6
पोल	6
राजकुमारी	6
मूर्तियों	6
जीती	6
हीरा	6
रेड	6
त	6
उद्देश्यों	6
घिरा	6
झलक	6
सुविधाएँ	6
गाइड	6
नकली	6
आचरण	6
पद्मिनी	6
पहाड़	6
कमल	6
इकट्ठा	6
अक्षय	6
चुंबकीय	6
नॉर्थ	6
केबल	6
घाट	6
उद्योगपति	6
मुँह	6
सती	6
यज्ञ	6
अपमान	6
अनुयायी	6
गुस्सा	6
महोत्सव	6
झा	6
हीरो	6
मिस्टर	6
धनबाद	6
वैदिक	6
विदाई	6
तिरंगे	6
गुरशरण	6
कराएगी	6
मिनी	6
स्वयंसेवक	6
दोहराया	6
विफलता	6
दंगे	6
स्वयंसेवकों	6
उपाध्याय	6
विदेशियों	6
प्रत्याशियों	6
जेलकर्मियों	6
समितियों	6
राजेश	6
बाहुबली	6
शिकंजा	6
धनी	6
वीक	6
शांतनु	6
साहसिक	6
उतरा	6
कीमती	6
स्पीति	6
मिश्रण	6
रेट	6
डाउनलोड	6
उड़	6
सड़कें	6
हवाएं	6
रेलमंत्री	6
सरासर	6
संज्ञान	6
रमन	6
एकाउंट	6
बैठकर	6
झुकाव	6
घोटाला	6
न्यायाधीशों	6
युवाओं	6
सर्वदलीय	6
नाजुक	6
निरुपम	6
बताना	6
दुरुस्त	6
सशक्त	6
अत्याचार	6
वसूली	6
मूड	6
मसलन	6
फराह	6
जालंधर	6
जायेगा	6
खेमा	6
झमाझम	6
कौसर	6
आंख	6
रुक	6
रावलपिंडी	6
न्यूयार्क	6
ब्यौरा	6
कुपवाड़ा	6
इंटेलीजेंस	6
करवा	6
जिद	6
समझाया	6
खूब	6
ऑर्डर	6
उदार	6
एफडी	6
कर्ताओं	6
वैद्य	6
साहसी	6
अध्यादेश	6
रायबरेली	6
नफरत	6
निकम	6
हट	6
एडवांस	6
आफ	6
नॉन	6
कमर्शियल	6
विशेषता	6
लड़कों	6
मोटरसाइकिल	6
कहे	6
बजकर	6
प्रक्षेपण	6
तकनीकों	6
मोइनुद्दीन	6
आहत	6
कदर	6
प्रतिकूल	6
विख्यात	6
कसने	6
रमीज	6
साफ़	6
संभावनाएं	6
किन्नौर	6
हंदवाड़ा	6
पाउडर	6
शिनाख्त	6
साख	6
गेंदबाजी	6
शॉट	6
जोड़े	6
कैच	6
खाता	6
कोच्चि	6
पहुंचेंगे	6
बीजिंग	6
यादगार	6
रुपया	6
कोषाध्यक्ष	6
रिपोर्टो	6
दावों	6
गुजरना	6
किसने	6
पुरस्कृत	6
तगड़ा	6
विरोधियों	6
प्रफुल्ल	6
गुमराह	6
भय	6
भू	6
ठंडा	6
मैदानी	6
ट्रेनें	6
हावड़ा	6
तारे	6
मंगल	6
अरबों	6
खरीदी	6
पुंछ	6
बसने	6
छिपा	6
कमीशन	6
दरें	6
काट	6
सेवक	6
ज्योति	6
नक्सलवाद	6
गर्भवती	6
टूटने	6
लेखिका	6
टंडन	6
फेंक	6
बैग	6
होडल	6
डिब्बे	6
ठेके	6
शर्तो	6
फास्ट	6
फूड	6
मुश्किलें	6
डीएम	6
पेशी	6
रास्तों	6
डिटेक्टर	6
सन्नाटा	6
रहेंगी	6
श्रीराम	6
सबके	6
वीटो	6
कमाई	6
गुप्त	6
फायदे	6
वार्मिंग	6
छपी	6
विज्ञानी	6
देशमुख	6
डूब	6
आश्रितों	6
मिलन	6
अमृता	6
वारदातों	6
द्वीपों	6
बंदरगाह	6
नवतेज	6
शरीक	6
फॉर्म	6
मानसिकता	6
उठाई	6
अलीगढ़	6
दफा	6
शॅपिंग	6
बोझ	6
अम्मा	6
जिहाद	6
कहानियों	6
उपराष्ट्रपति	6
मीणा	6
व्हील	6
धरम	6
सीवीसी	6
हंसराज	6
ताबूत	6
डिश	6
एफबीआई	6
माइकल	6
बहरीन	6
अध्याय	6
प्रतिबंधों	6
फ्रांसिस	6
आये	6
बैठी	6
स्विच	6
पर्दा	6
उठकर	6
खराबी	6
आगमन	6
एसपीजी	6
पीओके	6
डांस	6
डंडे	6
वक्तव्य	6
स्तरों	6
पाइप	6
विश्वासघात	6
विश्वसनीय	6
केरोसीन	6
मार्केटिंग	6
आईओसी	6
बनेगा	6
कारावास	6
जानकारियों	6
माध्यमों	6
तसलीमुद्दीन	6
बीपी	6
संतोषजनक	6
साहब	6
द्विवेदी	6
स्मिथ	6
जरूरतमंदों	6
शिबू	6
खुल	6
चूक	6
कच्छ	6
खालसा	6
स्वेच्छा	6
ब्रेन	6
हत्यारों	6
उच्चतम	6
अगुआई	6
विध्वंस	6
शिलान्यास	6
मध्यस्थता	6
मोटे	6
एअरपोर्ट	6
बैंकॉक	6
नेताजी	6
लौह	6
आर्कबिशप	6
सीडैक	6
ओआरजी	6
जोसफ	6
समारोहों	6
पनडुब्बी	6
चाहेंगे	6
नागा	6
सीआईएसएफ	6
क्रॉस	6
पिंग	6
उदय	6
इत्यादि	6
पैदावार	6
पुरुषों	6
अपहर्ता	6
अमेरिकन	6
बसों	6
अकेला	6
सोलर	6
नानावटी	6
द्रमुक	6
श्रेय	6
निगमों	6
सीएसआईआर	6
रोल	6
आहार	6
घातक	6
घटनाक्रमों	6
सीतलवाड़	6
एतराज	6
दाल	6
गेंदों	6
करिश्मा	6
पक्षधर	6
राष्ट्रध्वज	6
थियेटर	6
जीओएम	6
अवमानना	6
अपनाना	6
इलाक़े	6
कट्टरपंथी	6
समाजवाद	6
छुपाने	6
कोला	6
कागज	6
रमेश	6
गाद	6
नहर	6
प्रेमी	6
मरांडी	6
ढोलकिया	6
इलेक्ट्रिक	6
लेगी	6
संयंत्र	6
छोड़ना	6
बताती	6
दुश्मन	6
ऊंचे	6
गुंजाइश	6
परीक्षाओं	6
मसूद	6
रमाकांत	6
झज्जर	6
वां	6
लद्दाख	6
एस्कार्ट	6
एसएचओ	6
दुलइमी	6
पाये	6
अटकलों	6
खर्चों	6
गहराई	6
नजरअंदाज	6
पवन	6
सभापति	6
डोनाल्ड	6
शुद्ध	6
हल्के	6
रिक्टर	6
अवसरों	6
परमजीत	6
अवतार	6
संवेदना	6
मियां	6
रूख	6
किशन	6
सुनकर	6
गंतव्य	6
याची	6
मताधिकार	6
सुर्खियों	6
चलानी	6
टास्क	6
कैप्सूल	6
रॉकेट	6
परिभाषित	6
आईएम	6
रामदेव	6
एजेंट	6
अंतर्राज्यीय	6
बवाल	6
लिबरेशन	6
अजमेर	6
तीव्र	6
सोना	6
आधी	6
बेवजह	6
कुंतल	6
एलेक्जेंडर	6
स्रोतों	6
गोरखपुर	6
झामुमो	6
खपत	6
गोगोई	6
रोना	6
पेयजल	6
क्रिकेटरों	6
तरन्नुम	6
प्रशिक्षित	6
संक्षिप्त	6
सुन्नी	6
पिछड़ी	6
किताबों	6
बोफोर्स	6
नींद	6
विदर्भ	6
रजिस्ट्रेशन	6
डीआरडीओ	6
निर्देशित	6
परिदृश्य	6
कूच	6
फिट	6
त्रिपुरा	6
इंफाल	6
मीरवायज	6
अरुंधति	6
अस्वीकार	6
ठिकाने	6
बौद्धिक	6
रिहायशी	6
अदालती	6
तबके	6
मच्छरों	6
धूमकेतु	6
काबिल	6
सेटेलाइट	6
बराक	6
लक्ष्यों	6
जैविक	6
कार्यस्थल	6
व्यावहारिक	6
फर्मों	6
लेखा	6
आईआईटी	6
ऐंड	6
मुझ	6
निरोधक	6
प्रोफेशनल	6
लगेंगे	6
फौजियों	6
ग्रंथ	6
जैव	6
कुंबले	6
पढ़	6
बहाने	6
टकरा	6
पढ़ाई	6
ढांचागत	6
कैंपस	6
सौदेबाजी	6
ससुर	6
कैरेबियाई	6
हिसार	6
फरमान	6
विंटर	6
संघों	6
अप	6
मुलाटोनू	6
कासलीवाल	6
कुट्टी	6
नालागढ़	6
भार्गव	6
साइट	6
तोड़फोड़	6
फॉरवर्ड	6
सकल	6
मैनेजमेंट	6
धरने	6
टिप्पणियों	6
पैकर	6
रामायण	6
सारेगामा	6
रजिस्ट्री	6
स्टेटमेंट	6
ऑफर	6
ओबरा	6
पहुँची	6
माँगी	6
परिचय	6
फाइलें	6
मॉरिशस	6
वाकई	6
असाधारण	6
वर्चस्व	6
अटैचमेंट	6
सोनीपत	6
गोहाना	6
एडिनबर्ग	6
अयस्क	6
पेशेवर	6
पोर्टफोलियो	6
रहित	6
ईडी	6
अनुमोदन	6
अनुयायियों	6
धाम	6
दिवालिया	6
व्हील्स	6
फिक्सड	6
लिंग	6
सृष्टि	6
प्रवृत्ति	6
एनआरआई	6
लाइनों	6
रूपों	6
ओजोन	6
बोर्लेग	6
तमिल	6
धारीवाल	6
आईटीबीपी	6
ग्राफ	6
कपाट	6
प्रथा	6
मेघालय	6
ओझा	6
रोमी	6
बीपीएससी	6
छड़ी	6
मुबारक	6
संकेतक	6
अन्तरराष्ट्रीय	6
प्रणालियों	6
केन्द्रित	6
रिचर्ड	6
उपनिवेश	6
मेयर	6
माध्यमिक	6
यूनान	6
एल्बम	6
अल्बानिया	6
यूरो	6
वॉन	6
इतालवी	6
प्रोटेस्टेंट	6
यार्ड	6
वारसॉ	6
जटिलता	6
छो	6
टोयोटा	6
उष्णकटिबंधीय	6
अनुक्रमित	6
वंशावली	6
टाइन	6
मंगोलों	6
बोस्टन	6
मंजिला	5
वास्तुकला	5
संगम	5
आर्ट	5
प्रागैतिहासिक	5
गुफाओं	5
नमूनों	5
सुंदरता	5
शाकाहारी	5
खजाने	5
म	5
प्र	5
जबलपुर	5
वैभव	5
दीवारें	5
सुल्तान	5
निहारना	5
नायाब	5
गुंबद	5
पहुँचाने	5
बाज	5
घिरे	5
झेल	5
रहकर	5
ग्लेशियर	5
रंगीन	5
हौसला	5
नजारा	5
अनुपम	5
किंगडम	5
ग्लासगो	5
सूरज	5
निहारने	5
बेमानी	5
देखेंगे	5
पुरातन	5
एकाएक	5
भयावह	5
प्रेरणा	5
जरा	5
लाइफ	5
साठ	5
ठहरें	5
क्रूज	5
हरियाली	5
एवज	5
यादें	5
गाना	5
सदियों	5
प्लेन	5
महत्	5
जामा	5
शिष्यों	5
चित्रों	5
भिक्षु	5
काटकर	5
मूर्तियाँ	5
साधु	5
संत	5
रेलमार्ग	5
परंतु	5
कैमरून	5
महाराणा	5
मीरा	5
जीने	5
कथाओं	5
कथा	5
अलाउद्दीन	5
पड़ाव	5
यमनोत्री	5
पट	5
ठंडी	5
पैरों	5
सर्कल	5
मध्यकालीन	5
पढ़ते	5
मंत्र	5
अनंत	5
समानांतर	5
दर्शाया	5
ध्रुव	5
नार्थ	5
ब्रह्मपुत्र	5
रेंज	5
मान्यताओं	5
जमाने	5
बिपाशा	5
प्रीमियर	5
अपनाते	5
धोना	5
मॉडलिंग	5
खिताब	5
नंदिता	5
विज्ञापनों	5
बीती	5
नम	5
देह	5
पांचों	5
आड़े	5
जया	5
कटघरे	5
हुकूमत	5
गद्दी	5
मदन	5
बसाने	5
शिवानंद	5
चिन्ह	5
अणे	5
हार्ट	5
दुर्दशा	5
बनते	5
बची	5
अजीब	5
पीस	5
संवाद	5
विगत	5
टॉप	5
नकल	5
वर्क	5
कराते	5
किस्मों	5
भीषण	5
दिख	5
जनतांत्रिक	5
चालीस	5
गोद	5
बगल	5
सम्मन	5
धाराओं	5
त्योहार	5
भेदभाव	5
हारे	5
गुटनिरपेक्ष	5
जवाहर	5
टिहरी	5
नंदादेवी	5
हताहत	5
हेल्थ	5
बेरोजगार	5
धारावाहिक	5
मचा	5
चचेरे	5
नासिक	5
टीका	5
मुश्किलों	5
पहुंचेगी	5
चढ़	5
मुनाफा	5
एनटीपीसी	5
फार्मूला	5
स्वदेश	5
कराएगा	5
व्यास	5
बुआई	5
नो	5
डिलीवरी	5
नसीम	5
मामा	5
मुल्कों	5
लड़ना	5
जेपी	5
आयातित	5
खुलवाने	5
रशीद	5
असरदार	5
कुल्हड़	5
आर्डर	5
जोश	5
अमलीजामा	5
जनसंपर्क	5
परिपक्वता	5
चुनने	5
त्याग	5
निपटारा	5
उज्जवल	5
एक्स	5
अणु	5
बागी	5
उठाएगा	5
समर्थित	5
कूटनीतिक	5
सर्किट	5
सूमो	5
देशभर	5
अनिश्चितता	5
ज़रूरी	5
परिजन	5
छेड़ा	5
आपत्तिजनक	5
संध्या	5
सार्थक	5
ऊंचा	5
निकासी	5
तलाशने	5
धनराशि	5
टल	5
बारूद	5
पारछू	5
कटाव	5
गुजर	5
शब्बीर	5
रहस्योद्घाटन	5
जेकेएलएफ	5
वजा	5
सादे	5
नारा	5
कारगर	5
प्वाइंट	5
उपलब्धि	5
कोइराला	5
कोईराला	5
प्रदर्शनों	5
एटमी	5
चिंताजनक	5
गेंदबाजों	5
उतरी	5
सराहनीय	5
फेंका	5
मांगों	5
बजटीय	5
संघवी	5
सूचनाएं	5
मीर	5
रामचंद्र	5
दशा	5
बनाएंगे	5
वादों	5
आरएसपी	5
दासगुप्ता	5
दूतावासों	5
मछुआरे	5
प्रमुखता	5
दुखद	5
बारामुला	5
जोकि	5
किरणों	5
डिस्क	5
पाकिस्तानियों	5
सोलंकी	5
बताओ	5
स्वर	5
वैसा	5
गण	5
टर्म	5
तिमाही	5
सुरिंदर	5
उन्नति	5
पीयू	5
एलसीए	5
तितर	5
बितर	5
प्रत्यर्पण	5
पढ़ा	5
बाड़बंदी	5
गज	5
ढूंढ़ने	5
फटकार	5
हस्तियां	5
रामवीर	5
भरकर	5
एएआई	5
साइबर	5
फूट	5
आनन	5
फानन	5
प्रकाशन	5
कुपोषण	5
भटनागर	5
तख्त	5
शुभ	5
पूर्वजों	5
मकबरे	5
कौल	5
पांचवी	5
मादक	5
ताश	5
दोस्तों	5
दबोच	5
गैंबलिंग	5
जुर्माना	5
भूगोल	5
विलासराव	5
थमने	5
चुनिंदा	5
ओबेरॉय	5
कैंसर	5
विधवाओं	5
नृत्य	5
कमांडो	5
इनाम	5
सुब्रह्मण्यम	5
स्टे	5
याचियों	5
भाषाओं	5
पुस्तकों	5
सेवानिवृत्त	5
रिक्त	5
हिंद	5
आंध्रप्रदेश	5
पांडिचेरी	5
बेघर	5
अचल	5
इकबाल	5
पखवाड़े	5
मूल्यों	5
चांडी	5
मणि	5
वर्षीया	5
यूडीएफ	5
शहादत	5
फ्राइडे	5
लेखकों	5
अखंडता	5
सिडनी	5
हुबली	5
जता	5
कृष्णा	5
नियंत्रक	5
परीक्षक	5
नाश्ते	5
चूना	5
फेहरिस्त	5
उपग्रहों	5
बाएं	5
झटकों	5
आंकी	5
त्वरित	5
प्रक्रियाओं	5
अपुंबा	5
लुप	5
हैरानी	5
फेडरेशन	5
पतियों	5
पांव	5
सो	5
पृष्ठभूमि	5
तार	5
लोकार्पण	5
बटन	5
नव	5
छू	5
मनाही	5
जहीर	5
उत्सर्जन	5
जनजातीय	5
विस्थापित	5
गुरुवार	5
स्थिर	5
तरल	5
एहतियात	5
अफसोस	5
सहारनपुर	5
अररिया	5
मक़सद	5
अनुभवों	5
इक्विटी	5
बेचे	5
सुंदरी	5
तृतीय	5
आभूषणों	5
जाट	5
सीएम	5
सपना	5
सुश्री	5
कचरा	5
पल	5
आमंत्रण	5
जमुई	5
गरज	5
दीमापुर	5
पैसेंजर	5
गोलीबारी	5
संजीव	5
तोड़ा	5
व्यवसायी	5
डकैती	5
अतरजीत	5
एजेंटों	5
कर्तव्य	5
डोडा	5
श्रोएडर	5
पुलवामा	5
लिब्रहान	5
उग्र	5
जताने	5
कार्यपालिका	5
विधायिका	5
वर्गो	5
किताबें	5
निपटाने	5
मांगे	5
विश्राम	5
शिलालेख	5
बंदी	5
सिंधिया	5
वेटिकन	5
करवाना	5
जमात	5
दौरों	5
बेचकर	5
असल	5
प्रेमिका	5
पुर्तगाल	5
प्रत्यर्पित	5
वाकिफ	5
हरिद्वार	5
संभालना	5
निकालना	5
मतभेदों	5
जुड़ने	5
पहन	5
कार्यबल	5
अनेकों	5
रो	5
बनाये	5
धक्का	5
पोर्टब्लेयर	5
भयभीत	5
महंगे	5
मंत्रिपरिषद	5
हल्का	5
कावेरी	5
लाते	5
जरूरतमंद	5
मानती	5
उपहार	5
ठाक	5
तकलीफ	5
गेंहू	5
भंडारण	5
पैत्रोदा	5
वृहद	5
मलेरिया	5
टैपिंग	5
षड्यंत्र	5
पसायत	5
आईईडी	5
नामंजूर	5
नींव	5
शतक	5
उतरे	5
उबर	5
जमीनी	5
बिगड़	5
मोटर्स	5
फालुजा	5
अमित	5
ज़िला	5
नीलमणि	5
बिक	5
भांति	5
कमर	5
धरोहरों	5
लुप्त	5
उर्दू	5
बुलंद	5
एमडीएमए	5
लिंगम	5
घीसिंग	5
दार्जिलिंग	5
अयूब	5
उद्धृत	5
ड्रिंक	5
हरीश	5
वरीयता	5
उफान	5
इकाइयों	5
अविश्वसनीय	5
कार्यप्रणाली	5
कुलपति	5
बबलू	5
कलाकारों	5
छोर	5
बदलती	5
लुधियाना	5
गुजरने	5
सितारे	5
ब्लैक	5
बेऊर	5
क्लार्क	5
टोनी	5
हफ्तों	5
युद्धक	5
निर्दिष्ट	5
फाइनेंस	5
याचिकाकर्ता	5
पोस्टर	5
स्कूली	5
नक्शे	5
राजभवन	5
कलकत्ता	5
सवेरे	5
सुनना	5
उठी	5
परिचालन	5
असफलता	5
उर्वरक	5
गेहूँ	5
सौंध	5
महत्वाकांक्षी	5
प्रजाति	5
पौधे	5
तुसाद	5
तारिक	5
कराती	5
दरकार	5
वायदे	5
चावला	5
न्यूजीलैंड	5
वियतनाम	5
तनावपूर्ण	5
बाबा	5
फाउंडेशन	5
निःशुल्क	5
बोडो	5
अवहेलना	5
सौहार्द	5
लेबर	5
प्रकोप	5
मोर्चे	5
दोहरी	5
छाया	5
बिताए	5
सीआईडी	5
दिनेश	5
शौहर	5
अफरा	5
तफरी	5
सिगरेट	5
दयाराम	5
सामग्रियों	5
हयात	5
इमाम	5
कौंसिल	5
नरमपंथी	5
जितनी	5
मेहमान	5
सुरंगें	5
गेंदबाज	5
हामिद	5
सुनाया	5
सहानुभूति	5
धुआं	5
जगाधरी	5
ब्रेक	5
एकेडमी	5
सीख	5
जायज	5
आधुनिकतम	5
कांतिरवा	5
प्रशंसक	5
सोहेल	5
धारकों	5
टॉक	5
वैचारिक	5
तक़रीबन	5
आदर	5
नवरत्न	5
निवर्तमान	5
निर्णायक	5
पलायन	5
सृजन	5
समझाने	5
खाद्यान्नों	5
गुम	5
अर्थात	5
दवाइयों	5
सीलिंग	5
सुदूर	5
उतारा	5
उतारे	5
परियोजनाएं	5
सकेंगी	5
अमेरिकियों	5
त्रिपक्षीय	5
ग्रांट	5
उतना	5
सृजित	5
त्यागी	5
दया	5
गुणों	5
धारण	5
सहज	5
पढ़ाने	5
पोस्टिंग	5
अकाल	5
साधारण	5
यासिर	5
लड़ाकों	5
तेली	5
पिछला	5
बॉक्स	5
भरोसेमंद	5
आत्मविश्वास	5
गरम	5
उद्धरण	5
कर्मी	5
असंतुष्ट	5
सिद्ध	5
मौरीन	5
छाए	5
रेलगाड़ियां	5
भाषाई	5
खाद	5
सरपंच	5
पीजीआई	5
स्नान	5
जनस्वास्थ्य	5
छापों	5
आस्ट्रेलियाई	5
आरती	5
डोना	5
समित	5
कटियार	5
कार्निवल	5
सीखने	5
हनुमान	5
मिश्रित	5
मुल्क	5
ईपीएफओ	5
भगत	5
तारा	5
गाड़ियों	5
खोजने	5
टीबी	5
देखरेख	5
उत्तम	5
प्राणी	5
शरीअत	5
अनिवासी	5
रसोई	5
मौलवी	5
पैंथर्स	5
विविधता	5
लोगो	5
विरासत	5
ग्रेड	5
यूनानी	5
फार्मा	5
रणबीर	5
दस्ता	5
डब्ल्यूटीओ	5
महेंद्रा	5
हेलीपैड	5
कंकाल	5
अभियंता	5
गोल्डमैन	5
मशीनों	5
स्वीकृत	5
वीरप्पन	5
जमने	5
दिहाड़ीदार	5
राजखोआ	5
अमरदीप	5
हारा	5
तंजानिया	5
नाइजीरिया	5
भंडारकर	5
वर्गों	5
रजत	5
पारदर्शी	5
अजित	5
बरखास्त	5
अंशधारकों	5
सितारों	5
नवजोत	5
सिद्धू	5
गुप्तचर	5
इंटरसेप्ट	5
आईबी	5
अगरकर	5
जेपीसी	5
सिक्किम	5
रचनाकार	5
परीक्षार्थियों	5
आत्म	5
जरकावी	5
प्रवाह	5
कोकराझार	5
तक़नीक	5
लौटाने	5
नाग	5
साक्ष्यों	5
जियाबाओ	5
विद्यार्थी	5
रहस्य	5
अंदलीब	5
क्रिस्टियनो	5
मृत	5
धर्मशाला	5
जुहू	5
बद्रीनाथ	5
हिटलर	5
दादा	5
कांग्रेसियों	5
आध्यात्मिक	5
तूप	5
उत्तराखंड	5
मुहम्मद	5
कारीगर	5
ग्रोवर	5
ऑक्सफोर्ड	5
गुर्जर	5
सीरिया	5
नोबेल	5
रोजमर्रा	5
नमस्कार	5
जिरोकी	5
स्थितियों	5
आवश्यकताओं	5
खादों	5
भक्तजन	5
दक्षिणेश्वर	5
तलाबानी	5
पट्टी	5
टोकस	5
रंजना	5
सिक्कों	5
निवेशक	5
उदित	5
गुनी	5
रोबोट	5
कांशी	5
आयरन	5
कपिलदेव	5
बदरी	5
ओबामा	5
जिसपर	5
ट्यूमर	5
नॉट	5
आवरण	5
क्विंग	5
शेन	5
यहूदी	5
फिलिप	5
प्रतिरोध	5
डिज्नी	5
श्वेत	5
कॉमन्स	5
तकनीशियन	5
वर्गीकृत	5
कम्यून	5
पोलैंड	5
बाइबिल	5
मार्कोनी	5
कम्प्यूटेशनल	5
ट्यूरिंग	5
देखें	5
ों	5
दहन	5
अपशिष्ट	5
दक्षता	5
घूर्णन	5
अणुओं	5
संधियों	5
कोशिका	5
खंड	5
आर्किटेक्चर	5
मेडिसिन	5
चित्रित	5
टेमुजिन	5
कुबलाई	5
प्राणिकता	5
डिकॉन	5
अरस्तू	5
प्रक्षेप्य	5
अनूठी	4
बनाता	4
पुस्तकालय	4
हिल्स	4
तारामंडल	4
दिलाते	4
ग्वालियर	4
मेन	4
चमक	4
इमारतें	4
बयाँ	4
राजपूत	4
चाँद	4
जूदेव	4
समृद्धि	4
चतुर्भुज	4
खिलजी	4
बेजोड़	4
शाहजहाँ	4
दाई	4
पॉइंट	4
जीव	4
विजेताओं	4
हराने	4
मुगलों	4
दिखता	4
बफर	4
यूँ	4
सुखद	4
स्वर्ग	4
स्वच्छ	4
निर्मल	4
थोड़े	4
नुक्कड़	4
कतार	4
लगेगी	4
सपने	4
सीरियल	4
मजेदार	4
जलाए	4
वॉटर	4
नीले	4
चुन	4
टूरिस्ट	4
सूट	4
हॉलैंड	4
साइकिल	4
बरबस	4
वाइल्ड	4
सैलानी	4
रेत	4
सलीम	4
आकृति	4
सुनहरा	4
प्रतीत	4
अतः	4
स्मारकों	4
बारहवीं	4
विदिशा	4
प्रतीकों	4
चट्टान	4
भिक्षुओं	4
लॉज	4
हेतु	4
माया	4
मारक	4
नौवीं	4
जौहर	4
वास्	4
गौमुख	4
दर्शनों	4
ऋषिकेश	4
उपलब्	4
ध	4
रखें	4
थर	4
विष्	4
णु	4
गर्भगृह	4
दशहरा	4
डालना	4
दुर्गा	4
कूद	4
गिरे	4
ईस्ट	4
ऑटो	4
रिक्शा	4
दिखाना	4
रिलीज	4
अंत्येष्टि	4
पूर्णिमा	4
जुबली	4
सलामी	4
गमगीन	4
नारों	4
गूंज	4
विदा	4
मोतीलाल	4
वोरा	4
वाइस	4
सांठगांठ	4
दवाइयां	4
खलीफा	4
पंडित	4
कुचल	4
नवाजा	4
मरते	4
बदहाली	4
बैठते	4
राजनेता	4
मौतें	4
प्रताड़ित	4
मोस्ट	4
वांटेड	4
वांछित	4
बर्लिन	4
दर्जे	4
दस्तक	4
मुसीबत	4
खेला	4
बंगलादेश	4
लक्मे	4
चढ़कर	4
अकी	4
नरुला	4
सुनीत	4
पहनाया	4
फर्क	4
स्वप्न	4
कॉपी	4
चोर	4
भला	4
सैंपल	4
बिलिंग	4
चिप्स	4
नामी	4
प्रोडक्ट	4
वेब	4
प्रचंड	4
अवरुद्ध	4
समा	4
फनॅडिस	4
तंग	4
घूम	4
कनिष्ठ	4
शुभकामनाएं	4
महाशक्ति	4
पुण्यतिथि	4
बीकानेर	4
पौड़ी	4
लाइनें	4
परेशानियों	4
फ्लाइंग	4
विनाशकारी	4
अल्जीरिया	4
जनसभा	4
मालवण	4
करारी	4
उद्धव	4
फिराक	4
न्यौता	4
बशर्ते	4
भतीजे	4
बचाना	4
टिप्पणी	4
एफआईआई	4
बीएसई	4
लिवाली	4
भेल	4
ओएनजीसी	4
खर्चा	4
असिस्टेंट	4
बहनों	4
जानकर	4
मऊ	4
साधने	4
ऐतराज	4
गिरकर	4
गरमी	4
मंगला	4
बरेली	4
सक्रियता	4
छेड़ने	4
अतिथि	4
बहने	4
भावुक	4
शिष्टमंडल	4
डीआरआई	4
इन्होंने	4
थानाध्यक्ष	4
दुल्हन	4
चाचा	4
गोविंद	4
पाकर	4
निपटाया	4
कुल्हड़ों	4
होड़	4
बर्तन	4
जादू	4
बढ़ना	4
उभरे	4
संन्यास	4
आसीन	4
लाकर	4
बैठकें	4
प्रज्ञा	4
फ्लैट	4
डायरेक्टर	4
इमरजेंसी	4
जजीरा	4
गीगा	4
प्रबंधकों	4
शशांक	4
जानें	4
पत्थरबाजी	4
फूंक	4
गुस्से	4
चिश्ती	4
अतिक्रमण	4
सिमी	4
लेगा	4
कोलकता	4
अभद्र	4
न्यूज़	4
परे	4
खुलासे	4
तरफ़	4
टालने	4
खरीददारी	4
एसएमएस	4
कहेंगे	4
सोचते	4
शहरयार	4
घट	4
आहलूवालिया	4
बहकर	4
ज़रूर	4
सीओ	4
स्टोर	4
काफिले	4
आपरेशन	4
हुर्यित	4
बरामदगी	4
यासीन	4
सनसनीखेज	4
जिया	4
शाइनिंग	4
फीलगुड	4
संगठित	4
तबियत	4
तवज्जो	4
पहुंचते	4
मैन	4
बल्लेबाजी	4
गौतम	4
भरसक	4
कैफ	4
युक्सी	4
बंदूक	4
दोहरा	4
ज्योतिष	4
विद्यापीठ	4
मिसाल	4
मौद्रक	4
परिप्रेक्ष्य	4
कारवाई	4
तैयारियां	4
पार्टियां	4
धरना	4
गुमनाम	4
जातिवाद	4
उपलब्धियों	4
सांगठनिक	4
त्रासदी	4
जिनेवा	4
उग्रवाद	4
नीलोत्पल	4
बहिर्गमन	4
इंडोनेशिया	4
फ़ोन	4
बंदियों	4
माउंट	4
छाई	4
दिक्कतें	4
मुगलसराय	4
कालिंदी	4
पिट्जर	4
टेलीस्कोप	4
सुलझ	4
वाटसन	4
जायदाद	4
बॉर्डर	4
मेंधर	4
जन्मदिन	4
मुखर	4
जेब	4
बनवाने	4
पच्चीस	4
चपत	4
सैनी	4
इंद्रजीत	4
लांस	4
मोटरसाइकिलों	4
दिनी	4
सौहार्दपूर्ण	4
समानताओं	4
नशीले	4
भरोसे	4
कोटद्वार	4
विकलांग	4
भनक	4
खटखटाया	4
विधवा	4
खरे	4
सकीं	4
अलंकरण	4
प्रख्यात	4
सिद्दिकी	4
पार्सल	4
सतबीर	4
धीमी	4
आउटलेट	4
पंचमहल	4
निजामुद्दीन	4
लाजिमी	4
पोलिंग	4
फंसाया	4
छिपाने	4
चिकित्सकीय	4
उठाएगी	4
साधते	4
तलवार	4
अशुभ	4
जफर	4
मंजीत	4
खींची	4
डबल	4
जतायी	4
नारकोटिक्स	4
प्रारूप	4
खेलना	4
दृश्यों	4
अध्ययनों	4
टेक्नोलॉजी	4
घटी	4
समूचा	4
ठाणे	4
करूंगा	4
बढ़ेगी	4
निर्देशकों	4
पर्दे	4
आर्मी	4
वेलफेयर	4
सघन	4
सोराबजी	4
दवाब	4
असेंबली	4
जनजातियां	4
दुर्गम	4
ऑफिस	4
सांप्रदायिकता	4
जावड़ेकर	4
अधिवेशन	4
समझी	4
रजामंदी	4
बांबे	4
त्यौहार	4
भाटिया	4
बालकृष्ण	4
मदरसों	4
एआईआर	4
बीए	4
जिंदल	4
तिरंगा	4
अटॅर्नी	4
महालेखा	4
पूछ	4
ताछ	4
दिखाते	4
टक्कर	4
ट्राई	4
सबब	4
ओसामा	4
फॉक्स	4
अलकायदा	4
मौकों	4
मुआवज़ा	4
कोस्ट	4
तारापुर	4
अपेक्षित	4
घोषणाओं	4
सीपीआई	4
आसन	4
चरणजीत	4
बडे	4
बहनें	4
सेटिंग	4
समझकर	4
खा	4
ठेका	4
उभर	4
असंवैधानिक	4
जमीर	4
झाकड़ी	4
जैमर	4
उच्चाधिकारियों	4
सीन	4
गनी	4
मुन्ना	4
खालिद	4
सामान्यतः	4
मारुति	4
कर्बी	4
डीएवी	4
अपहरणकर्ताओं	4
कराकर	4
रंगा	4
लीक	4
समीर	4
निर्वासित	4
धर्मगुरु	4
गलियारों	4
मालिकाना	4
सुलह	4
रक्षामंत्री	4
कार्यमंत्री	4
सिवान	4
अंबेडकर	4
मोहम्मदपुर	4
बेंच	4
उपनेता	4
हज़ार	4
दोटूक	4
चलाएंगे	4
प्रतिभागियों	4
गोंजालेज	4
जोंस	4
ऑस्ट्रेलियाई	4
शौकीन	4
फुटबाल	4
लगाव	4
पहनना	4
सहगल	4
गणेशन	4
भूपेंद्र	4
शैलजा	4
ऐक्टिंग	4
रुझान	4
श्रीप्रकाश	4
चोटी	4
गन्ना	4
भ्रमण	4
नामजद	4
शिमला	4
भीड़भाड़	4
बिखरे	4
धावा	4
इनको	4
बैंकाक	4
थाइलैंड	4
एके	4
लत	4
सेवन	4
कामकोटि	4
फटने	4
शोषण	4
बेकार	4
डेथ	4
विशिष्टता	4
पहुँचाई	4
दोषियों	4
जनसभाओं	4
अन्यथा	4
रहनी	4
आर्य	4
प्रिया	4
डालते	4
ध्वज	4
पीटर	4
उत्थान	4
भैरों	4
सिस्टर	4
मास	4
चुप	4
सीआईए	4
काबुल	4
ज़ाहिर	4
वास्ते	4
अनियमितताओं	4
बर्बरता	4
राजप्रीत	4
आशंकाओं	4
शिप	4
पीर	4
स्टूडेंट्स	4
नाकेबंदी	4
पॉजीटिव	4
औसतन	4
रचनात्मकता	4
निभाता	4
बहु	4
मुकुल	4
हटना	4
बुर्का	4
परवीन	4
अध्यापक	4
यूएफसी	4
खोलना	4
सीएसीपी	4
राजकोषीय	4
साज़िश	4
रोज़गार	4
चंद्रिका	4
कुमारतुंग	4
सोचना	4
नितिश	4
सेक्युलर	4
नवाज	4
सबा	4
बेंजामिन	4
दुआ	4
नह्यन	4
आभार	4
वहन	4
असहमति	4
लेबोरेटरी	4
टैप	4
ज़बरदस्त	4
बरक़रार	4
मुझसे	4
अरिजीत	4
लालच	4
बारामूला	4
ड्राइवरों	4
टुकड़ी	4
दावत	4
दफनाए	4
जलाकर	4
बांटे	4
कुड्डालोर	4
वनडे	4
ग्राउंड	4
हसन	4
फुकुई	4
गढ़	4
दोहराते	4
व्यवसायीकरण	4
लम्बी	4
सजाया	4
फ़रार	4
उपभोग	4
बाज़ार	4
रॉयल	4
व्हिस्की	4
मंज़ूरी	4
यूनेस्को	4
ड्राफ्ट	4
संयम	4
दिलदारनगर	4
अशिक्षा	4
हिम्मत	4
नाटकीय	4
जगदीश	4
छोड़ा	4
स्थगनादेश	4
शिवरासन	4
बुद्धदेव	4
गौहर	4
करतूत	4
संबंधियों	4
कामों	4
सॉफ्ट	4
कंटेनरों	4
माथुर	4
उद्योगपतियों	4
छात्रवृत्ति	4
खां	4
करांची	4
हंस	4
पनबिजली	4
करेहड़ा	4
बगलिहार	4
सुरंग	4
शेर	4
डूबने	4
बैराज	4
तार्किक	4
डिब्बों	4
भत्ते	4
कोल	4
पोती	4
एमआई	4
छात्राओं	4
रुपयों	4
जिम्मा	4
पारिख	4
पासबुक	4
खोलकर	4
मधेपुरा	4
चरमरा	4
भागलपुर	4
रोगी	4
विषाणु	4
ताबड़तोड़	4
नाभिकीय	4
सिद्घांतों	4
छाप	4
बोइंग	4
दुबारा	4
आईपीओ	4
अंतराल	4
देंगी	4
पैन	4
आदेशों	4
बरखास्तगी	4
दायरा	4
देउबा	4
खगोलीय	4
दीदार	4
बोलना	4
प्याज	4
एवरेस्ट	4
कचरे	4
तोड़ते	4
विद्रोही	4
अनुपस्थिति	4
अस्सी	4
जडेजा	4
दुर्भाग्यवश	4
सिक्खों	4
अक्षमता	4
सुखदेव	4
दोष	4
संडे	4
कठिनाई	4
अभियोग	4
अविश्वास	4
आपत्तियों	4
इलांगो	4
खारेपन	4
हकीकत	4
गोदामों	4
समुचित	4
पूल	4
गार्डो	4
अंदेशा	4
पदाधिकारी	4
किरदार	4
बालाकृष्णन	4
मोम	4
प्रतिमाएं	4
टैगोर	4
अगप	4
ओला	4
कमाने	4
कोकिलाबेन	4
बेटों	4
सुझाए	4
बंटवारा	4
जीएसएलवी	4
लाओस	4
अनियमितता	4
अनुशासनात्मक	4
संस्थाएं	4
सावधानीपूर्वक	4
पुरजोर	4
कमोबेश	4
मीडियाकर्मियों	4
अपरिमित	4
टर्मिनल	4
चश्मदीद	4
चलना	4
बचाई	4
बछरावां	4
बांटा	4
कैलाश	4
राठौर	4
आयुक्तों	4
कड़ाई	4
अफवाहों	4
घरानों	4
बीज	4
पुनरावृत्ति	4
छठे	4
लड़ा	4
पाती	4
धर्मान्तरण	4
कैडर	4
मिर्जा	4
युगल	4
सफलतापूर्वक	4
उपन्यास	4
शुगर	4
व्यवस्थित	4
बकवास	4
चौकियों	4
प्लॉट	4
मुआयना	4
दखलंदाजी	4
हां	4
उन्मूलन	4
उवर्रक	4
क्लर्क	4
गर्ल	4
भरत	4
सोलह	4
नेट	4
प्रैक्टिस	4
जिसको	4
निपटा	4
रुकी	4
चमड़ा	4
पचौरी	4
करो	4
लो	4
प्री	4
राजनेताओं	4
प्रजातंत्र	4
महासचिवों	4
नवीकरण	4
मान्य	4
बैलिस्टिक	4
प्रक्षेपित	4
उत्तीर्ण	4
काउंसिलिंग	4
कन्नड़	4
खाई	4
वैष्णव	4
जेठमलानी	4
जिम्मेदाराना	4
खाद्यान्न	4
इस्पात	4
बिरजू	4
महीना	4
एसटीडी	4
घुसपैठियों	4
प्रचारकों	4
कंपनियाँ	4
कसूर	4
फिरोजपुर	4
बर्धन	4
नटराजन	4
प्रकोष्ठ	4
मिलाप	4
फोड़	4
पाट	4
लूटने	4
आधारहीन	4
दबे	4
मशविरा	4
सरन	4
निपटारे	4
मदनलाल	4
जॉनसन	4
श्रीनिवास	4
ईरानी	4
मध्यपूर्व	4
कांफ्रेंसिंग	4
टेपों	4
ट्रायल	4
प्रत्यारोप	4
परीक्षाएं	4
कुएं	4
टकराने	4
वरना	4
नवीनीकरण	4
दरदा	4
इंडस्ट्री	4
करों	4
चेताया	4
मानदंड	4
बीत	4
दुग्ध	4
अग्निशमन	4
ओआईएल	4
खेप	4
नजरें	4
हमीद	4
गिरते	4
मिदनापुर	4
अकादमियों	4
पावन	4
हेड	4
विजन	4
नसीबुल्ला	4
आपातकालीन	4
माइक्रोसॉफ्ट	4
मोहंती	4
पोस्टरों	4
एग्रोफिजिक्स	4
चीजें	4
उथल	4
पुथल	4
हलचल	4
वाडिया	4
यादों	4
एक्साइज	4
जटरोफा	4
जयसिंह	4
नसीहत	4
लैंडिंग	4
खांडाखेड़ी	4
नाइटक्लब	4
मार्क्सवादी	4
किराए	4
जागरूकता	4
डीईए	4
भंडाफोड़	4
प्रवृति	4
अकेली	4
परिसरों	4
पत्नियां	4
लौटना	4
बुरे	4
कलात्मक	4
उपयोगिता	4
छिड़	4
स्कीइंग	4
पर्वतारोहण	4
सोलंग	4
प्रतिभा	4
जानलेवा	4
ओ	4
बत्रा	4
बीएमएस	4
सीटू	4
मुआवजा	4
पगड़ी	4
श्रीधरन	4
अनैतिक	4
सुलझा	4
प्रतिरोधक	4
मथुरा	4
गिद्ध	4
आरिफ	4
आजम	4
देवबंद	4
याचिकाकर्ताओं	4
झड़ी	4
प्रदेशों	4
डॉग	4
झगड़े	4
खाका	4
नजरिया	4
गणतंत्र	4
दवाएं	4
खाप	4
भुगतना	4
कोंकण	4
तीखे	4
स्पिनर	4
हाथापाई	4
रामचंद्रन	4
चाल	4
घोड़े	4
कश्यप	4
हरित	4
भड़की	4
अनुशासनहीनता	4
वयस्क	4
पात्र	4
नाइट	4
कारीगरों	4
फेल	4
विजयकुमार	4
जमना	4
सालेह	4
अध्यक्षों	4
न्यासी	4
बोनस	4
संप्रभुता	4
पाएगी	4
फिनलैंड	4
अंकों	4
पारेषण	4
निष्क्रिय	4
कैट	4
वाकआउट	4
धांधली	4
शुजात	4
सैद्धांतिक	4
मानसिक	4
अधिकारिता	4
स्पैनिश	4
सिंघवी	4
समायोजित	4
पदयात्रा	4
अनुशासित	4
वस्त्र	4
रीमेक	4
खेलते	4
पुनर्जागरण	4
राइट	4
मजाक	4
संक्रमित	4
सीतामढ़ी	4
देवनामपट्टिनम	4
नाक़ाम	4
कड़ाके	4
मुजफ्फरनगर	4
वेलू	4
आरडीएसओ	4
बेहतरी	4
बीजेपी	4
बाल्मीकि	4
आबसू	4
उपनगरीय	4
ट्रिब्यून	4
गुरुद्वारे	4
बर्मिंघम	4
बेड	4
ढुलाई	4
निरपेक्ष	4
मध्यवर्ती	4
ज्योतिषी	4
कुंडली	4
टेक्सटाइल	4
विद्यार्थियों	4
एडवर्ड	4
अनियमित	4
पृथला	4
जीएसआई	4
डिमांड	4
डेंपो	4
मोर्चों	4
पूँजी	4
जनगणना	4
सहरसा	4
वसूलने	4
बन्द	4
इनोकी	4
लाइबेरिया	4
अभिजात्य	4
दांडी	4
सांग	4
अजंता	4
मछलियों	4
चौकोर	4
विग्रह	4
आराधना	4
लंबाई	4
पाधी	4
स्टीफन	4
घटा	4
त्यागपत्र	4
घनत्व	4
ऑडिटरों	4
अर्थशास्त्र	4
साठे	4
उत्तेजित	4
दर्शाती	4
संकलित	4
योगा	4
धुन	4
क्षरण	4
संतुलित	4
सत्तर	4
एग्रो	4
फोरेस्टरी	4
एसओजी	4
प्रायद्वीप	4
जातीय	4
मछलियाँ	4
चक्रवात	4
बनानी	4
अखिलेश	4
दसवें	4
आईटीडीसी	4
परिसंपत्तियों	4
पार्वती	4
शीत	4
हिमलिंग	4
काँचीपुरम	4
फर्स्ट	4
अहम्	4
कथन	4
रुद्रप्रयाग	4
मर्सर	4
मज़ार	4
फाइनेंशियल	4
श्रद्घांजलि	4
दूत	4
मनोरंजन	4
कराता	4
प्याऊ	4
मनियारी	4
कंटेनर	4
अंडमानी	4
मंगोलियाई	4
प्रभुत्व	4
टच	4
शीतकाल	4
बदरीनाथ	4
रावल	4
डोली	4
पुष्कर	4
अजूबों	4
मुराद	4
बेनजीर	4
भुट्टो	4
कैरोलिना	4
कोरियाई	4
सीगल	4
जबर्द्स्त	4
ओंटेरियो	4
एस्टेट	4
आवासीय	4
रक्त	4
प्रोटीन	4
मार्गरेट	4
प्रभावों	4
अन्तर	4
फराओ	4
दिसम्बर	4
पाप	4
जीन्स	4
कॉर्पोरेशन	4
सिद्धान्त	4
जानवर	4
डेविस	4
परम्परा	4
स्मार्टफोन	4
एकेमेनिड	4
ईस्वी	4
मकदूनिया	4
लुई	4
डेनिश	4
ओलम्पिक	4
युगों	4
संस्कृतियों	4
डेनेविर्के	4
शुष्क	4
कण	4
न्यूटन	4
रचना	4
शान्ति	4
उपनिवेशों	4
वेनिस	4
सांख्यिकीय	4
सिसिली	4
घुड़सवार	4
अफीम	4
विंस्टन	4
पोलोनियम	4
साइमन	4
सेकंड	4
कनाडाई	4
लेबल	4
सांता	4
कुलीन	4
लैटिन	4
एट	4
एंटोनियो	4
एडिसन	4
पुरे	4
पोलिश	4
रूढ़िवादी	4
पॉविएट	4
जिनमे	4
बीजान्टिन	4
न्यायलय	4
निर्धारणात्मक	4
सम्बंधित	4
असमान	4
धारक	4
वैन	4
सब्सक्रिप्शन	4
उपनगरों	4
विक्टोरियन	4
विनिर्माण	4
बाइबल	4
ऊष्मा	4
आरपीएम	4
एसिड	4
अपोलो	4
मोड	4
एम्स्टर्डम	4
राष्ट्रीयकरण	4
साइडिपिड	4
टैनटेकल	4
सिलिया	4
जीनोम	4
लेयर	4
डेटाग्राम	4
नेटवर्किंग	4
स्ट्रैटिग्राफर	4
इब्न	4
हैड्रियन	4
ग्रिंजर	4
नॉर्थम्ब्रिया	4
टेलीविज़न	4
जमुखा	4
औषधीय	4
यौगिकों	4
साइटोटॉक्सिक	4
जबड़े	4
कशेरुकियों	4
जॉन्स	4
हू	4
संदर्भित	4
वेस्ले	4
जुमोनविले	4
ट्रेंट	4
कॉन्ट्रेकुर	4
तानाग्रिशों	4
घुमावदार	4
अद्भुत	3
दीर्घा	3
थिएटर	3
अनूठा	3
कंप्यूटरीकृत	3
गलियों	3
शिल्प	3
बोट	3
झाँसी	3
ओरछा	3
बुंदेला	3
शासकों	3
बसाया	3
शौक	3
नक्काशी	3
शिवजी	3
कालीन	3
रतलाम	3
रणथम्भौर	3
तलहटी	3
घेरा	3
बाघ	3
श्रद्धा	3
जमाया	3
सांगा	3
महारानी	3
भानु	3
ढके	3
वादियों	3
खोने	3
लीजिए	3
पहनने	3
आधुनिकता	3
डूबे	3
सुहावना	3
लिफ्ट	3
जूझना	3
बोटिंग	3
तोहफा	3
सोचकर	3
ओरलैंडों	3
आवाजाही	3
पॉप	3
सुरमई	3
तूफानों	3
वर्क्	3
ड्राइव	3
थ्री	3
डिजनी	3
लैंड	3
जेहन	3
गानों	3
संवादों	3
पटाखे	3
दीवाली	3
समर	3
जंक्शन	3
रिसॉर्ट	3
अनोखा	3
जीवों	3
खिड़कियों	3
फ्री	3
बाँधवगढ़	3
बढ़िया	3
गोल्डन	3
घूमते	3
हवेलियों	3
खासियत	3
नक्काशीदार	3
झरोखे	3
सरोवर	3
कल्चर	3
उत्तरप्रदेश	3
शिद्दत	3
आमने	3
फतेहपुर	3
बाबर	3
अमिट	3
स्तूपों	3
क्रमांक	3
मौर्य	3
स्तम्भ	3
उत्कृष्ट	3
वस्तुएँ	3
संग्रहित	3
छठी	3
ठहर	3
सावधान	3
जितने	3
ण	3
राजस्	3
थरों	3
ना	3
झरने	3
कुंभा	3
शताब्	3
मद	3
उन्	3
नजारे	3
संज्ञा	3
व्	3
चित्तौड़	3
उदयपुर	3
अच्	3
उबालकर	3
पहुँचें	3
चढ़ाई	3
वेग	3
निकलते	3
व्याप्त	3
संसार	3
आर्कटिक	3
काल्पनिक	3
बर्गन	3
प्रतिमाएँ	3
किंतु	3
खंडित	3
मनुष्य	3
गरिमा	3
कामाख्या	3
योनि	3
नमी	3
धूमधाम	3
साधनों	3
रियायती	3
वशिष्ठ	3
ऋषि	3
शास्त्र	3
मूर्तियां	3
महादेव	3
पर्व	3
बलि	3
लाजमी	3
बाला	3
देवानंद	3
छापामारों	3
कराएंगे	3
टूरिज्म	3
ड्रेस	3
प्रतियोगिताओं	3
झुकना	3
पुत्रियों	3
गोरखा	3
तेलुगु	3
गहलोत	3
शिंदे	3
चंद्रबाबू	3
भगवा	3
लगाती	3
श्यामा	3
मालाबार	3
कत्ल	3
शास्त्री	3
बलिदान	3
रामकृपाल	3
दानापुर	3
दृढ़ता	3
अटैक	3
हादसों	3
रहस्यमय	3
अराजकता	3
ढीली	3
लापरवाह	3
मशीनरी	3
मेंटल	3
पागल	3
विवश	3
यातना	3
सहन	3
मिलीभगत	3
इंटरपोल	3
घटिया	3
भूटान	3
मालदीव	3
राजशाही	3
किचन	3
दुश्मनी	3
पहुंचता	3
बबली	3
कॉपीराइट	3
मशक्कत	3
वार्ताकार	3
ईकाई	3
बेशकीमती	3
एलपीएस	3
ट्रोजन	3
डाट	3
पेज	3
महंगा	3
आक्रामक	3
कद्दावर	3
रामजतन	3
तुले	3
गुत्थी	3
झूठे	3
होली	3
उखड़	3
पिथौरागढ़	3
अलवर	3
मोरक्को	3
रंजीत	3
हमसे	3
परिपक्व	3
पाठ	3
रीता	3
पड़ोस	3
महापंचायत	3
बार्डर	3
बुखार	3
लुढ़क	3
छुट्टियों	3
मानसूनी	3
मिजाज	3
नियत	3
दिग्गजों	3
अस्थिर	3
आधारभूत	3
कतरा	3
पीड़ा	3
बयां	3
आंखें	3
बेकाबू	3
मलाल	3
आणविक	3
मनोज	3
गौड़	3
रेंटल	3
खातून	3
पहनकर	3
कारी	3
चेहरों	3
वेंडरों	3
सौंधी	3
शामलाल	3
तोड़कर	3
आईसीआईसीआई	3
विचारक	3
मराठी	3
बैठेंगे	3
बराबरी	3
सुधरेंगे	3
कसरत	3
महेश	3
टेक	3
हर्टस	3
कारनामे	3
कंसल	3
कांप्लेक्स	3
वार्ताकारों	3
बनेगी	3
स्वीकार्य	3
रोककर	3
भगदड़	3
चोटें	3
दरोगा	3
बदलकर	3
लाइब्रेरी	3
लाइंस	3
फेंके	3
थोक	3
खुदरा	3
डिस्कवरी	3
एंड्रयू	3
कॉलिंस	3
उर्स	3
रघुपति	3
नज़दीक	3
श्राइन	3
ठेस	3
सूचीबद्ध	3
भावनाएं	3
रोस	3
अड़चनें	3
विचित्र	3
बेचा	3
छोड़ते	3
संभाला	3
अपनाए	3
दिखे	3
पूंजीगत	3
पहचानी	3
पहुंचाई	3
लाशें	3
समुद्रों	3
सेंसिंग	3
बे	3
शापिंग	3
सल्फर	3
तानाशाह	3
एलओसी	3
कोलिन	3
पांचवीं	3
कोटला	3
बिछाई	3
प्लंकेट	3
प्रियोर	3
पीटरसन	3
संपादकों	3
युद्घपोत	3
फोकस	3
आकृष्ट	3
अखाड़े	3
चित	3
लड़े	3
उखाड़	3
गांधीनगर	3
चांसलर	3
अभिभावकों	3
लैंगिक	3
आठवीं	3
सेकेंडरी	3
सीएलपी	3
पीरजादा	3
ब्लैकमेल	3
धूमिल	3
प्रचारक	3
नागपुर	3
मल्टीमीडिया	3
पल्ला	3
वयस्कों	3
संकलन	3
बैठाया	3
दंडित	3
दिलीप	3
डिवीज़न	3
मानहानि	3
उपकर	3
अबनी	3
गुरुदास	3
रेणुका	3
वीज़ा	3
सर्वमान्य	3
सुखोई	3
उड़ाना	3
जहाजों	3
बिछाने	3
सेनाएं	3
ऑपरेशंस	3
बर्फ़	3
कोहरा	3
सफदरजंग	3
ऊंचाहार	3
गुत्थियां	3
प्लेनेट	3
बॉस	3
कणों	3
जुल्फ़िकार	3
पुरुषोत्तम	3
शाहनवाज	3
अरविंद	3
गोल्ड	3
बिगड़ने	3
तरक्की	3
उपेंद्र	3
बक्सर	3
कुर्ला	3
चुनी	3
हफ़्ते	3
निकटता	3
हारकर	3
सावित्री	3
वापिस	3
ढूंढ़	3
छान	3
जगी	3
कूल्हे	3
साहित्यकार	3
सीआईआई	3
विभूषण	3
महाश्वेता	3
नांबियार	3
नौकरशाह	3
भूषण	3
पद्मश्री	3
कृपा	3
चुराने	3
चढ़े	3
रुकते	3
जीआरपी	3
उबारने	3
नरकंकालों	3
बुच	3
सीलबंद	3
प्रस्थान	3
हजरत	3
अपराह्न	3
अर्ध	3
टुकड़ियों	3
सुब्रमण्यन	3
कमिश्नरों	3
तारीखों	3
पान	3
टूटी	3
निकलकर	3
शटर	3
फुटपाथ	3
पराशर	3
निबटने	3
अबरोल	3
गिनाए	3
बोलते	3
उतारू	3
टुसी	3
बहादुरशाह	3
वसीयत	3
हकीम	3
मुल्तान	3
पंजाबी	3
यूएस	3
विलियम्स	3
जुड़	3
फेडरल	3
जुआ	3
एडवोकेट	3
चालान	3
हॉलीवुड	3
घटती	3
चांद	3
ढक	3
दृश्यता	3
रायगढ़	3
बांद्रा	3
शुचिता	3
वल्र्रर्ड	3
अटॉर्नी	3
सोली	3
लेखन	3
अनुपालन	3
लामबंद	3
रस्तोगी	3
जायज़ा	3
बेनकाब	3
जमीअत	3
वाल	3
मुआवजे	3
गंवा	3
ठंडे	3
बैरल	3
भार	3
एंटनी	3
अहमियत	3
अनुशंसा	3
बर्बर	3
करदाता	3
भरना	3
शीला	3
समूची	3
मशगूल	3
नववर्ष	3
महानगरों	3
नागेंद्र	3
महाधिवक्ता	3
फर्नान्डिज़	3
बख्शा	3
प्रियरंजन	3
एनसीआर	3
फैलाया	3
लावारिस	3
नंबरों	3
डीटीएच	3
भेद	3
खौफ	3
दाएं	3
पहचानने	3
रेक्टर	3
नियास	3
आँकड़ा	3
आँकी	3
ध्वस्त	3
आर्थर	3
रखनी	3
जैक	3
रवि	3
तक़नीकी	3
एएफएसपीए	3
संशोधनों	3
बिजलीघर	3
आरबीआई	3
बेमियादी	3
दत्ता	3
अड़ियल	3
शाखाएं	3
दासमुंशी	3
पैठ	3
मासूम	3
बाइक	3
पुत्री	3
विभागीय	3
बाकायदा	3
विश्लेषक	3
भास्कर	3
नाथपा	3
पट्टिका	3
हैरान	3
एसजेवीएन	3
अधूरी	3
पीएम	3
बट	3
बिलाल	3
सेकेंड	3
ईयर	3
बाधाएं	3
सुरेंदर	3
जुर्माने	3
सौंपेंगे	3
शरणार्थी	3
छुड़ाने	3
धैर्य	3
गर्वनर	3
संतान	3
नन्हें	3
नीता	3
आईसीयू	3
वार्ड	3
रस	3
मित्रों	3
प्रक्षेपास्त्र	3
वाहक	3
लीज	3
आईएल	3
मास्को	3
गोदी	3
इंक्वायरी	3
रंगराजन	3
सुपरस्टार	3
ऑपरेटिंग	3
बर्ताव	3
तोहफे	3
जीसीएम	3
घन	3
बेची	3
खासे	3
टिकटिंग	3
नोक	3
झोंक	3
प्रिंसिपल	3
आईपीसी	3
प्राथमिकी	3
शीट	3
डीसीपी	3
एसीपी	3
नवाज़	3
निरीक्षक	3
आलोक	3
राजनैतिक	3
तामील	3
स्वैच्छिक	3
नियमन	3
करारा	3
जनमानस	3
आंका	3
डेनियल	3
मुक़ाबला	3
साम्राज्ञी	3
एडोरा	3
प्रबीर	3
आदर्श	3
शिवाजी	3
खेमें	3
प्रदेशाध्यक्ष	3
सुरजेवाला	3
तटस्थ	3
जनार्दन	3
जमे	3
दावेदारों	3
बिन्दु	3
जनपथ	3
सदुपयोग	3
सिखाने	3
निखारने	3
नंदा	3
सीमांत	3
बीतने	3
गिनती	3
पहुंचाना	3
रणनीतिकारों	3
हरिकेश	3
आरजेडी	3
बिजनौर	3
शिवकरन	3
खेड़ा	3
निर्दलीय	3
सेंटीग्रेट	3
मूसलाधार	3
मंडियों	3
चोटियों	3
अहिंसा	3
सिलसिलेवार	3
छींटे	3
विजेंद्र	3
खन्ना	3
हलके	3
भागकर	3
लौटते	3
मैगज़ीन	3
निभाना	3
घृणित	3
रफीक़	3
राजौरी	3
डीसी	3
कालोनी	3
प्रत्यारोपण	3
निर्देशन	3
क़रीब	3
प्रतिभाओं	3
अरावली	3
सॉलीसिटर	3
साबरमती	3
चव्हाण	3
प्रत्यार्पण	3
सभाओं	3
बोला	3
भुवनेश्वर	3
थ्योरी	3
जिरह	3
ताला	3
सिफारिशें	3
पूरक	3
संबोधन	3
खदेड़ने	3
बसंत	3
जुम्मे	3
अस्थाई	3
शयान	3
लुक	3
संग्राम	3
हुमांयू	3
रसेल	3
कब्रगाह	3
चढ़ा	3
गाज़ियाबाद	3
सद्भावना	3
पदवी	3
कार्लो	3
धमकाने	3
राजन	3
ख़ान	3
क़ायदा	3
यूटीएन	3
इज़राइल	3
एसएलसी	3
असमर्थता	3
जिंक	3
इंजीनियर्स	3
टुकड़ों	3
बरता	3
ढूंढा	3
अधिनियिम	3
लिस्बन	3
टाइप	3
निकलता	3
गोमुख	3
ऊंट	3
आत्मा	3
कहानियां	3
गंगोत्री	3
महंता	3
नागौन	3
वैवाहिक	3
सोसायटी	3
भरकम	3
बुलेदी	3
डेन	3
मुख्यधारा	3
फीचर	3
पटवर्द्धन	3
घोर	3
फिक्शन	3
रजिस्टर	3
उल्लेखित	3
कबूल	3
कुलदीप	3
धड़ल्ले	3
हैँ	3
रिटायर	3
सेठी	3
अध्यापिका	3
साड़ी	3
गौरी	3
कांति	3
सुब्रमण्यम	3
गैरकानूनी	3
भांधेर	3
इयान	3
दलहन	3
हथियारबंद	3
बाथरूम	3
चौथा	3
टाइमर	3
ख़ुफिया	3
अपारंपरिक	3
मुत्तेमवार	3
रिटेल	3
खोली	3
मिलेंगी	3
सूत्री	3
सेमीनार	3
ट्रिब्यूनल	3
युद्धों	3
भेजेंगे	3
काटा	3
कार्सन	3
मर्जी	3
चमत्कार	3
एक्सटेंशन	3
श्रेष्ठ	3
इंसान	3
जेहाद	3
कमांडरों	3
ज़िम्मेदारी	3
अपमानजनक	3
कैपिटल	3
हक़	3
मुज़फ्फराबाद	3
सेव	3
मूवमेंट	3
चौके	3
दमदार	3
छक्के	3
प्रोन्नत	3
माकूल	3
पिच	3
सामी	3
पानीपत	3
समीरा	3
पेपर	3
असंतोष	3
कट्टरपंथियों	3
हैरतअंगेज	3
पन्नों	3
माधव	3
इतर	3
मस्टर्ड	3
नर्व	3
जीसीए	3
रेलनेट	3
लाभांश	3
मुबंई	3
महालक्ष्मी	3
स्टेज	3
गिरफ़्तारी	3
हत्याओं	3
रैपिड	3
बीएमपी	3
चुकानी	3
ट्रिपल	3
छपे	3
वर्दी	3
अंडरगारमेंट	3
संस्कृत	3
अरबी	3
पत्रकारिता	3
नैनीताल	3
हृदय	3
अख़बार	3
उसिया	3
खुलेआम	3
उपदेश	3
बचना	3
मल्टी	3
छूने	3
एसएलपी	3
हत्यारे	3
गोरखालैंड	3
लाएगा	3
लेनदेन	3
अनजान	3
दीजिए	3
बेबुनियाद	3
जितेंद्र	3
लोहिया	3
पेप्सी	3
कोका	3
सत्याग्रह	3
लैपटॉप	3
छप्पर	3
बनाएगी	3
कुलकर्णी	3
अनिता	3
छहों	3
बंगलौर	3
बढ़े	3
लौटी	3
फर्श	3
रोमांचित	3
उठती	3
मोरचे	3
देवीलाल	3
चौटाला	3
तरलोचन	3
खेमों	3
थलग	3
माफिया	3
धमकाया	3
चंद्रा	3
राइजिंग	3
मंत्रणा	3
लगान	3
उठने	3
अपनाई	3
फगवाड़ा	3
निभाती	3
कैंट	3
प्रकिया	3
जानती	3
पेशबंदी	3
लेबोरेट्री	3
डब्ल्यूएचओ	3
छूटे	3
सेलफोन	3
समाप्ति	3
बुराई	3
एजुकेशन	3
रोनाल्ड	3
पुस्तिका	3
पैक	3
कमांड	3
बहुउपयोगी	3
लीव	3
शोम	3
चैंबर	3
सुझावों	3
एचडीएफसी	3
रेपो	3
रिवर्स	3
दृष्टया	3
आजीवन	3
रोकता	3
दलीलों	3
सूखी	3
छापामार	3
प्रदर्शनकारी	3
राधाकृष्ण	3
हिमाल	3
जगाने	3
मजा	3
बादलों	3
सुलझने	3
सत्तापक्ष	3
शोरशराबे	3
शराबा	3
अभिभाषण	3
उठानी	3
जताए	3
नींबू	3
चने	3
कूड़े	3
चढ़ने	3
इजाफे	3
पुन	3
बदलता	3
निराधार	3
गोबिंद	3
वीआईपी	3
लीडर	3
अपेक्षाओं	3
उतरते	3
मलबे	3
खिली	3
वैष्णों	3
पुनीत	3
घटाने	3
हैरत	3
स्वायत्ता	3
टैंक	3
दिक्कतों	3
कॉलोनी	3
लौटकर	3
महापुरुषों	3
लिंकन	3
नवगठित	3
प्रतिस्पर्धी	3
शिवशंकर	3
संरक्षक	3
मशवरा	3
काबिज	3
होल्डिंग	3
शुरु	3
उन्नाव	3
मून	3
आतंरिक	3
ठक्कर	3
जगमोहन	3
बखूबी	3
मौन	3
नंद	3
भागीदार	3
कारतूस	3
दिल्लीवासियों	3
खिसक	3
कुल्लू	3
जाय	3
नौका	3
पिटारा	3
बेरोजगारों	3
आईटीआई	3
बोडोलैंड	3
धुर	3
सांप	3
कट्टर	3
जेहादियों	3
कट्टरवादी	3
प्रस्तुति	3
कंधार	3
मानूसन	3
सम्पूर्ण	3
भूमंडलीकरण	3
नीतियां	3
मेहरा	3
चंद्रवती	3
रामगोपाल	3
ओलसन	3
सुकून	3
जौहरी	3
धरपकड़	3
पांडयन	3
हाईवे	3
बीवी	3
हिदायतनामे	3
लिना	3
चढ़ाव	3
आगाज	3
नौवें	3
क्वार्टर	3
आशंकित	3
ब्रह्मोस	3
पड़ोसियों	3
परीक्षणों	3
खोजबीन	3
माला	3
पैतृक	3
अफवाह	3
कार्टन	3
थानों	3
चौकीदार	3
बांधकर	3
तल्ख	3
ठगा	3
केलकर	3
लचीला	3
दिखाता	3
अनवर	3
भयानक	3
छिड़ी	3
मिल्ली	3
फारूखी	3
बुखारी	3
फारूख	3
राग	3
न्यायोचित	3
अवामी	3
अकसर	3
सूरी	3
मानेसर	3
ईडीसी	3
चार्ज	3
बाईपास	3
सट्टेबाजों	3
नौकरशाहों	3
हालातों	3
जखीरा	3
सेंध	3
सुनाए	3
अपांग	3
फॉल्ट	3
वॉकी	3
चलाकर	3
तोप	3
क्वात्रोची	3
क्राउन	3
दलाली	3
बाप	3
परवरिश	3
रक्षक	3
गिरिराज	3
तुष्टीकरण	3
प्रायश्चित	3
ठीकरा	3
प्रमुखों	3
सम्पन्न	3
गश्ती	3
पायी	3
बिताने	3
पीड़िता	3
जाये	3
राजकीय	3
चिंकारा	3
दर्शनार्थियों	3
गैंगस्टर	3
भुनाने	3
गान	3
बकाया	3
घोषणाएं	3
कार्ल	3
राष्ट्रगान	3
लाउडस्पीकर	3
गेल	3
पोस्टपेड	3
टैरिफ	3
क्लिप	3
मुखा	3
मेमन	3
क़रार	3
दाहिने	3
दोस्ताना	3
पदक	3
ब्रिगेड	3
असंभव	3
लाश	3
संगीतकारों	3
खामियाजा	3
टेलीकॉम	3
गॉड	3
थिंग्स	3
उदारवादी	3
फैक्स	3
साहित्यिक	3
स्वायत्त	3
उठाता	3
देशव्यापी	3
बज	3
जबरिया	3
मारपीट	3
बलिया	3
पकड़कर	3
संयोग	3
रुके	3
बलपूर्वक	3
बख्तियारपुर	3
नरमी	3
भुला	3
ढींढसा	3
जड़	3
नियमावली	3
चिह्नित	3
तटवर्ती	3
भविष्यवाणियों	3
आईएमडी	3
झुमरा	3
वजूद	3
रहस्यों	3
स्टारडस्ट	3
ब्रह्मांड	3
दुर्घटनाग्रस्त	3
मराठवाड़ा	3
मोरे	3
तनवीर	3
सेठ	3
सकतीं	3
इस्राइली	3
भड़काऊ	3
सांख्यिकी	3
जनसंहारक	3
बिली	3
सारांश	3
सट्टेबाजी	3
विशाखा	3
बॉंबे	3
गड़बड़ियों	3
पंथक	3
डब्लूटीओ	3
अवरोध	3
कार्यात्मक	3
असंख्य	3
उठाएं	3
अशरफ	3
जीते	3
अभय	3
भोईवाडा	3
कूलने	3
बीडीआर	3
रसूल	3
डार	3
मेरिट	3
कोमल	3
ऑपरेटर	3
मत्स्य	3
रूचि	3
मंगा	3
वेल	3
इंक	3
लाँच	3
लाये	3
धोखा	3
कमा	3
वीरू	3
ओल्ड	3
पुरुलिया	3
बांकुरा	3
भरती	3
एनसीसी	3
युद्घ	3
हुक्मनामे	3
मैरिज	3
संगत	3
ऑडिट	3
बेहोश	3
भांपते	3
नाटो	3
सर्च	3
शाखाओं	3
अफगान	3
पीए	3
कलपुर्जो	3
स्वामीनाथन	3
घिल्डियाल	3
पोषक	3
एचएएल	3
एएलएच	3
प्लेट	3
चयनकर्ताओं	3
जिंबाब्वे	3
कंबल	3
बदतर	3
साहित्यकारों	3
राख	3
चंद्रकला	3
सरला	3
महेश्वरी	3
कवच	3
न्यायधीश	3
प्रीति	3
आजकल	3
गाड़ियां	3
वायुयान	3
ट्राला	3
अनुत्तरित	3
शीशा	3
प्रोत्साहन	3
पॉंडिचेरी	3
संहार	3
मेशराम	3
पदस्थापित	3
उपजी	3
अध्यापकों	3
कंसाला	3
रंजिश	3
लहराते	3
रेफर	3
उपाधीक्षक	3
नारनौंद	3
घुसकर	3
डिवीजन	3
विजयी	3
उपकेंद्रों	3
मीटिंग	3
कन्या	3
गिरफ्तारियां	3
ड्रग	3
स्कैल्टन	3
पर्चे	3
रिका	3
एबी	3
बहबलपुर	3
बेरुखी	3
निष्कासित	3
कहलगांव	3
जावेद	3
मनाए	3
खारे	3
तापमानों	3
ब्लास्टर	3
खिलौना	3
सना	3
चबूतरे	3
जूते	3
अचंभित	3
सोलंगनाला	3
खातिर	3
कमाया	3
नियोजित	3
जागरुकता	3
घुटने	3
टॉम	3
कोडे	3
दवे	3
सॉफ्टवेयर	3
हॉलों	3
बापू	3
म्यांमारी	3
स्वार्थ	3
आईसीएमआर	3
स्वर्णिम	3
बांधने	3
आँसू	3
बेटा	3
कारागार	3
जॉर्डन	3
गारंटर	3
अन्यायपूर्ण	3
मैसर्स	3
असुरक्षित	3
खोजे	3
कुंए	3
यमन	3
पिल्लै	3
सोते	3
गला	3
कपलिंग	3
बोगियों	3
तौकीर	3
उलमा	3
धर्मस्थल	3
मानेंगे	3
हत्याएं	3
सातवें	3
नून	3
संन्यासिन	3
तेजतर्रार	3
राजदूतों	3
वाणी	3
बुद्धिजीवी	3
हरि	3
गोलमेज	3
कांफ्रेस	3
उपक्षेत्र	3
पुंडीर	3
लाशों	3
घेराबंदी	3
संपति	3
जाखौली	3
मनीराम	3
माफीनामा	3
फैजी	3
व्यवधान	3
हबीबुल्लाह	3
हॉंगकॉंग	3
तुरा	3
जगजाहिर	3
झंडा	3
मोहसिना	3
किदवई	3
रपट	3
प्रोडक्शन	3
योद्धा	3
माइक	3
बेसिक	3
पशुओं	3
दीक्षांत	3
सिरोही	3
भ्रूण	3
तंबाकू	3
निरस्त	3
कार्यस्थलों	3
सकने	3
किशोरवय	3
अवयस्क	3
चिह्न	3
प्रिय	3
हॉवर्ड	3
जन्मे	3
रावण	3
विद्वान	3
वर्णित	3
सुलझाई	3
हताश	3
तौलने	3
सिक्का	3
निकोलस	3
तस्कर	3
रॉबर्ट	3
कल्याणार्थ	3
संगीतकार	3
केआरसी	3
ट्रांसपोर्ट	3
ध्वनि	3
मारगांव	3
लोनिवि	3
एफएसएल	3
कंकालों	3
दफन	3
लाखनमाजरा	3
रणधीर	3
खरीददार	3
उ	3
बहुआयामी	3
हिचक	3
अबु	3
टीआई	3
एल्बो	3
अधिकांशतः	3
पदभार	3
हेरफेर	3
हर्ट्ज	3
आकस्मिक	3
पदोन्नति	3
ठहराने	3
निष्कासन	3
घिर	3
प्रतिलिपि	3
स्टॉफ	3
पीएमएल	3
निर्णयों	3
परिवर्तनों	3
सीईसीए	3
दराज	3
बुजुर्गो	3
व्यवहारिक	3
विशेषकर	3
डॉयज	3
रेखांकित	3
भाषाएं	3
रावत	3
राजमार्गों	3
जिनको	3
लपेटे	3
झंडे	3
झड़प	3
वित्तायुक्त	3
विश्वनाथ	3
तह	3
नजमा	3
हेपतुल्ला	3
डिसप्ले	3
टोरंटो	3
संस्कारों	3
मुस्लमानों	3
आर्म	3
धरे	3
प्रशस्ति	3
सीबीएसई	3
महोदय	3
गुप्तचरों	3
जाकिर	3
निविदाओं	3
भाईयों	3
बैगल	3
स्कार्फ	3
अभिव्यक्ति	3
प्रताड़ना	3
वाइको	3
सुनाने	3
घुसी	3
कैंसरी	3
फाइबर	3
घटकों	3
राष्ट्रव्यापी	3
बैरक	3
तेजस	3
मिग	3
स्टडीज	3
होप	3
कराईकल	3
सामुदायिक	3
कुलगाम	3
चिकित्सीय	3
कराधान	3
फासिस्ट	3
सुब्रह्मण्यम्	3
निष्कर्षों	3
अप्रसार	3
उसको	3
खत	3
बस्तियां	3
नायब	3
बारात	3
रामकृष्ण	3
क्रासिंग	3
छेड़खानी	3
सालाकाटी	3
वर्षगांठ	3
पारगमन	3
बीन	3
आरंभिक	3
वास्तुकार	3
उगाही	3
केबिन	3
एयरलाइन	3
इराकियों	3
एपी	3
नेवी	3
उपाधि	3
तारो	3
आसो	3
भीतरी	3
सक्सेना	3
प्रीमियम	3
सुधरी	3
रिजल्ट	3
विद्यालयों	3
पीआईआर	3
बसंतकुंज	3
निजता	3
भिवानी	3
सबस्टेशन	3
कुरुक्षेत्र	3
पंचतारा	3
देय	3
खाँ	3
सुगंध	3
चैट	3
अनुभवी	3
अहसान	3
बांस	3
बहुजन	3
सबको	3
गतिविधि	3
जर्नल	3
अंशों	3
जीआईएचएल	3
प्रचुर	3
कोजो	3
अधर	3
चैत्	3
ध्	3
तु	3
अष्	3
टधातु	3
वाट	3
बिरला	3
हिम	3
पाषाण	3
संप्रभु	3
क्षेत्रफल	3
उत्तरदायी	3
ऐस	3
पेशा	3
निष्ठा	3
टीना	3
पहलू	3
टाइगर	3
ग्रीष्मकालीन	3
श्रृंखलाओं	3
हॉक	3
एजेटी	3
हाईपर	3
मरीज़ों	3
मरीज़	3
दाखिले	3
सप्तऋषि	3
स्कॉट	3
ऋणों	3
कर्जदार	3
दोगुना	3
निर्भय	3
रिवाज	3
लालाराम	3
वंशवाद	3
रकाबगंज	3
भ्रामक	3
डॉलफिन	3
निर्माणाधीन	3
गुजरती	3
चौथी	3
बहा	3
जमान	3
रीमिक्स	3
स्पा	3
प्रातः	3
अंडे	3
भूतल	3
फ्लोर	3
भूख	3
चूँकि	3
मिलाने	3
नेशन	3
मिड	3
मिराज	3
मार्गदर्शन	3
दुलानी	3
दांतेवाड़ा	3
सेक्यूलर	3
अखंड	3
प्रतिमाह	3
कर्फ्र्यू	3
पक्की	3
धातु	3
भागीरथी	3
भौतिकी	3
इल्सनर	3
बेशक़	3
पीटा	3
चाइल्ड	3
रिकॉर्डिंग	3
साइंसेस	3
आँकड़ों	3
मुंगेकर	3
पंढे	3
नवीनतम	3
मि	3
क्षत्रिय	3
यूएनएलएफ	3
बलूचिस्तान	3
मोहरों	3
उधारी	3
न्यायायिक	3
क्रांतिकारियों	3
मक्कड़	3
योगेंद्र	3
चलाता	3
लेवल	3
डॉक्यूमेंट	3
राष्ट्रपतियों	3
राजबीर	3
राजोरी	3
मवेशियों	3
अपर्याप्त	3
गारमेंट	3
कार्यभार	3
मोहनदास	3
हीलिंग	3
अनुमानों	3
गर्भ	3
ज्योतिषियों	3
जयमाला	3
अयप्पा	3
मदमहेश्वर	3
जमाव	3
चप्पुओं	3
शिकारे	3
गिरि	3
प्राप्ति	3
सोशल	3
श्रीमान	3
विमानन	3
महत्वाकांक्षाओं	3
ट्विटर	3
बीजों	3
ऊतकों	3
पैड	3
प्रांतीय	3
हीमोग्लोबिन	3
गयीं	3
क्रिस्चियन	3
क्रिस	3
चैम्पियनशिप	3
उधार	3
एंडी	3
बांड	3
समकालीन	3
सीएनएन	3
एपिसोड	3
रूपांतरण	3
कार्लोस	3
प्रशान्त	3
बाल्कन	3
थ्रेस	3
मकदूनियाई	3
आयरलैंड	3
अन्त	3
स्लोवाकिया	3
विघटित	3
पारम्परिक	3
भूविज्ञान	3
पीले	3
पाम	3
आल्पस	3
पारिस्थितिकी	3
पापुआ	3
गिनी	3
क्रिस्टोफर	3
कोलम्बस	3
फैलाव	3
निबंध	3
बोड	3
हेरेड	3
चन्द्रमा	3
खितान	3
लियाओ	3
अवशेषों	3
बेसिन	3
कांस्य	3
मापते	3
नामकरण	3
किपलिंग	3
ऑटोमन	3
शत्रुओं	3
विविध	3
वर्णमाला	3
रोमा	3
हिचकॉक	3
मंचन	3
बैरी	3
जैस्मिन	3
रेस	3
चैम्पियन	3
रेफर्टी	3
मिशिमा	3
ब्लंट	3
वैलेंटिनो	3
निरूपण	3
क्यूरी	3
होल्डन	3
केशा	3
गैलेक्सी	3
उपयोगकर्ता	3
संरचनाओं	3
हकदार	3
फेफड़ों	3
मैड्रिड	3
जैसाकि	3
कम्युनिटी	3
समाजवादियों	3
तुर्क	3
वर्साय	3
अंटार्कटिक	3
एंडीज	3
ेंसिव	3
टैकल	3
म्बल	3
इंटर्सेप्शन	3
ब्रोंकोस	3
मैनिंग	3
डेनवर	3
फुटबॉल	3
पोलोनिया	3
ड्रेंगोट	3
सापेक्ष	3
अक्षर	3
स्ट्रिंग	3
बाइनरी	3
एन्कोड	3
थो	3
गुणा	3
आवश्यकताएं	3
स्वीकारोक्ति	3
क्रमागत	3
टुक	3
ऑटोमोबाइल	3
रिवर	3
बर्नार्डिनो	3
किंग्स	3
एमएलएस	3
इंटरैक्टिव	3
गेज	3
जिन्हे	3
मैनकिन	3
उन्नीसवीं	3
लेफ़ेवरे	3
फ्रांसीसियों	3
फ्रेडरिक	3
प्रणोदक	3
प्रतिबिंबित	3
वेल्डिंग	3
ते	3
लूनार	3
लॉग	3
कटाई	3
विलुप्त	3
बाइलेटेरिआ	3
ायला	3
फैली	3
केर्नी	3
विवाहित	3
वर्चुअल	3
ट्रांसफर	3
लक्षणों	3
समयरेखा	3
उत्तराधिकार	3
एविसेना	3
फॉक	3
राजवंशों	3
स्केच	3
ट्यून	3
बोर्ते	3
फार्मासिस्टों	3
प्रतिरक्षित	3
दमनकारी	3
रोकती	3
अनुकूलित	3
अभिग्राहक	3
एंटीजन	3
शेली	3
अवज्ञाकर्ता	3
विनियमन	3
एथलेटिक्स	3
पियरे	3
कैरोलिन	3
ऑगस्टाइन	3
सिम्पसन	3
समुद्रतट	3
देवता	3
डेल्क्स	3
साइबरमैन	3
जोन्स	3
पर्टवे	3
बेकर	3
गोथिक	3
गणित	3
दार्शनिक	3
अन्नम	3
मैराथन	3
ग्रीनहाउस	3
सैनॉबक्टिरियम	3
न्यूक्लियस	3
धनात्मक	3
प्रमेय	3
युग्म	3
ड्यूक्सने	3
आवेश	3
सेक्शनल	3
मस्जिदों	2
फाइन	2
कार्यशाला	2
ऑडिटोरियम	2
कविताओं	2
शास्त्रीय	2
श्यामला	2
चित्रकला	2
आवासों	2
आर्काइव	2
फन	2
हवेलियाँ	2
चाँदी	2
कढ़ाई	2
करवाता	2
इटारसी	2
मांडू	2
उज्जैन	2
सेवाएँ	2
बरसों	2
बरस	2
महलों	2
रुद्र	2
शान	2
बीर	2
छतों	2
जहाँगीर	2
छतरियाँ	2
धार्मिकता	2
रंगों	2
अनोखी	2
बलुआ	2
मोह	2
नर्मदा	2
सीढ़ी	2
उतरकर	2
धार	2
हाथी	2
जाली	2
ईको	2
खींचता	2
ऊँची	2
साक्षी	2
घना	2
हिरण	2
फकीर	2
पृथ्वीराज	2
पोते	2
हमीर	2
पदम	2
बाँध	2
बनवाए	2
रेस्ट	2
केंटर	2
अनुबंधित	2
पन्द्रह	2
वहीँ	2
यश	2
हसीन	2
इंटरलेकन	2
ओस्ट	2
सूर्योदय	2
चूके	2
किलों	2
नजरों	2
मेहरबान	2
छटा	2
मैदानों	2
स्टिक	2
लगाइएगा	2
पिस्त्रो	2
ब्रेड	2
भूलिएगा	2
एफिल	2
जद्दोजहद	2
दीर्घाओं	2
मिस्त्र	2
कलाओं	2
पुलों	2
कारीगरी	2
नजारों	2
किनारों	2
वर्धन	2
बारीकियों	2
खाक	2
रोशन	2
लाइव	2
अनूठे	2
खींचती	2
उल्टा	2
ठिठक	2
सजी	2
भूंकप	2
कंपन	2
मनोरंजक	2
शार्क	2
फोर	2
कार्टून	2
कैनेडी	2
औऱ	2
बिछा	2
आलीशान	2
फाइव	2
मस्ती	2
एम्	2
टर्डम	2
मचल	2
कैनाल	2
जू	2
विंडो	2
निर्वस्त्र	2
यूरोमार्ट	2
रोटरडैम	2
व्यू	2
मेरीटाइम	2
यात्राओं	2
स्पीडो	2
हार्बर	2
ट्रिप	2
ख्वाब	2
खिले	2
ट्यूलिप	2
उक्ति	2
हीरों	2
पंच	2
राजघरानों	2
राजघराने	2
भग्नावशेष	2
एसी	2
धर्मशालाएँ	2
छुट्टियाँ	2
सुनहरे	2
मुकुट	2
भाटी	2
जैसल	2
चौड़े	2
पटुवों	2
नथमल	2
नीली	2
दबा	2
पेंटिंग्स	2
अठखेलियाँ	2
नैसर्गिक	2
अभिभूत	2
जोधपुर	2
आजमाया	2
हैंडीक्राफ्ट	2
गवर्नमेंट	2
जागती	2
दूधिया	2
चाँदनी	2
नहाए	2
लगतीं	2
सीकरी	2
बागों	2
गुप्तकालीन	2
बेसनगर	2
सिंहों	2
खंडहर	2
विहारों	2
बाँट	2
नगरी	2
बसें	2
कैफेटेरिया	2
रूपए	2
दलालों	2
मर्यादित	2
करवाते	2
शौर्य	2
कृष्	2
दीवानी	2
भक्ति	2
क्	2
तौडगढ़	2
पहुँचते	2
बाउंड्रीवाल	2
प्राप्	2
होंने	2
पौराणिक	2
सुनहरी	2
शानो	2
थापत्	2
ताल	2
रोमांचक	2
मध्	2
सूख	2
हिस्	2
सितारा	2
अतिरिक्	2
सूर्यकुंड	2
भोग	2
शिला	2
ज्	2
कैलेंडर	2
तृतीया	2
सुविधाजनक	2
फूलचट्टी	2
विश्रामगृह	2
पलों	2
शू	2
पहनें	2
रगड़	2
खुशनुमा	2
केप	2
मित्रता	2
ट्राम्सो	2
फ्यूर्ड	2
मुहाने	2
गाते	2
ईसवी	2
विराजमान	2
ग्रेनाइट	2
थापित	2
विशिष्	2
ट	2
अनगिनत	2
चौड़ा	2
चंदेल	2
ब्रह्मा	2
सांसारिक	2
मान्	2
यता	2
महँगी	2
रेप्टाइल	2
पार्लियामेंट	2
पक्षियों	2
कोबरा	2
दक्ष	2
शक्तिपीठ	2
महत्ता	2
बूँद	2
गिरता	2
बुवाई	2
कोचीन	2
त्रिवेंद्रम	2
टापू	2
खगोल	2
सीढ़ियाँ	2
कछुए	2
नवरात्रि	2
मनोकामना	2
लक्षित	2
पणज़ी	2
दीप	2
बदतमीजी	2
गार्ड्स	2
देवगन	2
रंगारंग	2
कार्निवाल	2
कोताही	2
मिनिस्टर	2
मुंडा	2
बालाओं	2
बाट	2
रघुराज	2
दृढ़	2
मंत्रोच्चार	2
एम्स	2
पितृ	2
रेजिमेंट	2
करीमनगर	2
देशम	2
दूसरों	2
बंगरप्पा	2
सरसंघचालक	2
खिलाफत	2
मुसलिम	2
हेडगेवार	2
उतारने	2
गोलवलकर	2
भड़काया	2
पीढ़ियों	2
भंडारी	2
साले	2
चारे	2
रेणु	2
दसियों	2
होनेवाली	2
तिहाड़	2
गाजियाबाद	2
पाले	2
पृथक	2
समस्त	2
लालुंग	2
बोलता	2
मुकदमें	2
कबूलने	2
घूस	2
टालते	2
लंका	2
साल्ट	2
अनुपलब्धता	2
नकलची	2
छठा	2
कॉस्ट्यूम	2
आउटफिट	2
चुराकर	2
प्रेसकांफ्रेंस	2
ब्लू	2
तहलियानी	2
गोयनका	2
उभरते	2
स्टाइल	2
सजावट	2
जुलता	2
प्रिंटिंग	2
मक्का	2
बिके	2
पब्लिसिटी	2
प्रोग्रेसिव	2
विचारधाराओं	2
कबाइली	2
पटैटो	2
खरीदेगी	2
सौजन्य	2
भांप	2
जर्निशन	2
बारोंगप्पा	2
मटर	2
हैक	2
पासवर्ड	2
खोलेंगे	2
होर्डिंग	2
छाये	2
लू	2
विक्षोभ	2
बरसा	2
रिमझिम	2
छिन्न	2
टूटकर	2
बत्ती	2
गुल	2
फंसने	2
खुदकुशी	2
हालचाल	2
वोटरों	2
आदतन	2
एकाउंटेंट	2
वरदराजा	2
पेरुमल	2
चेल्लप्पा	2
त्यागराजन	2
पैसों	2
कंस्ट्रक्शन	2
भुलाने	2
संक्षेप	2
संभाग	2
चमोली	2
उत्तरकाशी	2
पंगु	2
धौलपुर	2
दुबे	2
मनोचिकित्सक	2
न्यूरो	2
ताइवान	2
लातूर	2
आर्मेनिया	2
क्वेटा	2
वरियावा	2
कपाड़िया	2
जड़ें	2
उखाड़ने	2
गुण	2
बनें	2
वैसी	2
ट्रेडिंग	2
सुझाया	2
बढ़ाये	2
क्रिसमस	2
उपहारों	2
लदे	2
मसीह	2
सगी	2
शिकायती	2
इत्तफाक	2
जाएजा	2
वेदर	2
मजबूरन	2
नुमाइंदा	2
परदा	2
चौतरफा	2
बनारस	2
आईसीएआर	2
पैंतालीस	2
तड़प	2
कैसी	2
प्यारी	2
शैला	2
नाना	2
धर्मनिरपेक्षता	2
कुर्बानी	2
बेनतीजा	2
ग्रीन	2
होटल्स	2
टस	2
मस	2
सिकरिया	2
लिबास	2
खुशनूदा	2
बहू	2
दूंगी	2
कसम	2
अडिग	2
साह	2
ठान	2
जमावड़ा	2
गिलास	2
कुम्हारों	2
रौनक	2
कुम्हार	2
मोहल्लों	2
समेटने	2
वरदान	2
ढूंढने	2
चौपट	2
मीना	2
परोसने	2
परोसी	2
राशियों	2
डाकघर	2
आटो	2
पीएनबी	2
शशिकांत	2
श्रीवास्तव	2
चतुराई	2
मांगना	2
नुक्ताचीनी	2
कर्ण	2
बचाए	2
प्रचारित	2
कदापि	2
मुंडे	2
सगे	2
दौड़ते	2
नौकर	2
कुवैती	2
उदासीन	2
अपनाता	2
कैंसिल	2
हड़बड़ी	2
कलक्ट्रेट	2
टेक्नालोजी	2
सभागार	2
माडल	2
एकाधिकार	2
एनीमेशन	2
एप्लीकेशन	2
राजनयिकों	2
बूथ	2
कारें	2
फोटोग्राफरों	2
अभद्रता	2
जत्था	2
समझाना	2
गुस्साई	2
एसोसिएशंस	2
उच्चाधिकार	2
शटल	2
केनेडी	2
अंतरिक्षयात्रियों	2
आईएसएस	2
इलीन	2
सोची	2
इंतज़ार	2
खुलवाया	2
फ़ायदा	2
बटालियनों	2
राखी	2
माइबोंग	2
गुफ़ा	2
इमरान	2
पाएंगी	2
विन	2
लीपापोती	2
स्थगन	2
मलहोत्रा	2
भोगियों	2
टिन	2
नगद	2
इस्तीफ़ा	2
आलोचनाओं	2
सिंचित	2
विस्तारीकरण	2
घटने	2
मेस	2
गोला	2
फ़िलहाल	2
हेलीकॅप्टर	2
खिसकती	2
बरसाईं	2
काफिला	2
अछबल	2
रुप	2
बलवंत	2
जेके	2
बट्ट	2
रसायनों	2
बोरी	2
पोटेशियम	2
नाइट्रेट	2
महाज	2
कश्मीरियों	2
डेली	2
कौंडोलीजा	2
पावेल	2
अनुमोदित	2
उपप्रधानमंत्री	2
उलटफेर	2
जनभावना	2
रचा	2
सिएन	2
करारों	2
अपारदर्शिता	2
हरा	2
ओपनर	2
जोड़ी	2
कॅलिंगवुड	2
थमा	2
फ्लिंटॅफ	2
नौसैनिक	2
अभ्यासों	2
शंघाई	2
युद्घपोतों	2
जनरलों	2
कलई	2
नोंक	2
छीन	2
हैसियत	2
कनकपुरा	2
दोहराने	2
हासन	2
शत्रुता	2
गोबर	2
ऑनर	2
फंसा	2
भेदिए	2
देशवासियों	2
कंवेंशन	2
निर्वर्तमान	2
कासिम	2
बागडोर	2
मुहाली	2
पुरी	2
नैतिकता	2
बोलेंगे	2
प्रतिकार	2
झाड़	2
ऑडियो	2
कैसेट	2
उलटा	2
जुमला	2
मची	2
असलम	2
सेतु	2
चकन	2
दा	2
दुरई	2
इज़ाफ़े	2
घटाए	2
गलतफहमी	2
एहतियाती	2
झुठलाते	2
मुशर्रफ़	2
संबध	2
तूफ़ान	2
कृष्णास्वामी	2
वायुसैनिकों	2
लुढ़ककर	2
पर्त	2
घनी	2
पालम	2
दिखना	2
मालदा	2
नवजात	2
गूढ़	2
खगोलशास्त्री	2
कोकू	2
ताउ	2
काटते	2
बेबी	2
संवर्धन	2
संचित	2
ग्रहीय	2
स्टेलर	2
नर्सरी	2
डाइऑक्साइड	2
पुच्छल	2
फ़र्जी	2
आजमाने	2
बागियों	2
तेवरों	2
केशूभाई	2
ठग	2
उठते	2
लांच	2
डेबिट	2
ड्राफ़्ट	2
बैलेंस	2
कलेक्शन	2
सच्चा	2
माफ़ी	2
भाईचारा	2
वक्ताओं	2
महिंदर	2
गुरबचन	2
बलदेव	2
महीपाल	2
डीएससी	2
सहकर्मी	2
लॉगबुक	2
ज़िक्र	2
लिता	2
विस्फ़ोटकों	2
सीमापारीय	2
दौड़ती	2
आरकेपुरम	2
थक	2
दोराब	2
शेरनाज़	2
सुपारीवालों	2
ज़्यादा	2
हड्डी	2
माली	2
आर्किटेक्ट	2
मलयालम	2
विभूतियों	2
अलंकृत	2
हरगोविंद	2
चैतन्य	2
ब्रजवासियों	2
राधा	2
रूंधी	2
शोलाका	2
रुकती	2
चढ़ाया	2
सिपाहियों	2
बैगों	2
विमानपत्तन	2
रेस्तरां	2
खोलेगा	2
कैफे	2
आउटलेटों	2
एयरलाइनों	2
सिटीजंस	2
रुकेगी	2
तलाशा	2
मेहंदीरत्ता	2
गुरेज	2
लाभान्वित	2
सर्व	2
आईसीडीएस	2
मातम	2
मंसूबा	2
थमी	2
धनतेरस	2
ट्रेडर्स	2
रंधावा	2
लेडी	2
शॉपिंग	2
संस	2
अतुल	2
चप्पे	2
लटक	2
याकूब	2
खुदा	2
कोट	2
असमां	2
सर्बिया	2
एना	2
फाल्ट	2
चेकोस्लोवाकिया	2
अधिसूचित	2
हवालात	2
कानूनन	2
जरिया	2
गुनाह	2
यशपाल	2
आफ्टर	2
टुमारो	2
जर्सी	2
कृति	2
हलकान	2
बढ़ाते	2
विनम्रता	2
टोबैको	2
अभिनेताओं	2
डबल्यू	2
हाट	2
पत्नियों	2
रेजीमेंट	2
आवा	2
इनामी	2
कमलेश्वर	2
कोतवाली	2
खूंखार	2
मुरलीधर	2
कर्तव्यों	2
निर्वाह	2
इमरोज	2
ज्ञानपीठ	2
वृत्तांत	2
विवेकपूर्ण	2
महानिदेशकों	2
सलवा	2
बसी	2
जुटाई	2
नौकाओं	2
ग्लेंड	2
ट्रैवेल	2
मजहबी	2
कोल्लम	2
अलप्पड	2
नौकाएं	2
वगैरह	2
अनाथ	2
ओलाफुर	2
वासियों	2
ग्रिमसन	2
इस्टेट	2
बेनामी	2
कारपोरेशन	2
राघवन	2
शोभा	2
सौभाग्य	2
करुणाकरन	2
पिल्लई	2
जैकब	2
समीकरण	2
कक्षाओं	2
तकरीर	2
फिक्की	2
चढ़ाए	2
भैरो	2
एलायंस	2
अहलूवालिया	2
चेयर	2
घंटी	2
बजती	2
ठुमके	2
समंदर	2
वीर	2
चौंका	2
किरकिरी	2
छिपाया	2
उछाला	2
निगाहें	2
बल्लभगढ़	2
मरडोक	2
दबोचते	2
रजामंद	2
अन्तर्राष्ट्रीय	2
सप्लायर्स	2
एनएसजी	2
पैरवी	2
वायदों	2
नौबत	2
बुलेट	2
खस्ताहाल	2
दयनीय	2
सिवा	2
शून्यकाल	2
एमडी	2
संलिप्त	2
कबाब	2
पांचवां	2
कोहड़ा	2
निकलती	2
शराबी	2
फैलाकर	2
हफ्ता	2
तबका	2
सरगर्मी	2
पढ़ना	2
पंखे	2
श्रीमती	2
असहज	2
वीरभद्र	2
निरर्थक	2
लटकती	2
हमदर्दी	2
जताना	2
तनख्वाह	2
व्यंजनों	2
भरमार	2
बहुप्रतीक्षित	2
लगानी	2
डीएई	2
सौंपेगी	2
दिमासा	2
पनाह	2
दिफू	2
राष्ट्रपिता	2
बचाओ	2
गिरामी	2
आयोजकों	2
भुखमरी	2
झुग्गी	2
नाइक	2
बॉबी	2
लीलावती	2
घाव	2
फलों	2
जंगी	2
संवारने	2
निश्चय	2
हेलीकॉप्टरों	2
पनडुब्बियों	2
डीएसआरवी	2
बिगड़ती	2
करोड़पति	2
केबीसी	2
रिकॉर्डेड	2
प्रजातांत्रिक	2
अनियमितताएं	2
पोर्टल	2
डीजी	2
गोदावरी	2
थर्मल	2
गांधार	2
चुकाई	2
आरईएल	2
आईआरसीटीसी	2
प्रभुनाथ	2
उलझ	2
आरडीएस	2
एलएलबी	2
शातिर	2
ललकारा	2
कांवड़	2
बोर	2
हेगड़े	2
लातविया	2
खटाई	2
शिराक	2
चिंताएं	2
अर्थव्यवस्थाओं	2
बांधे	2
छोड़ेंगे	2
लहजे	2
हवाईअड्डों	2
सौंपना	2
उत्सुकता	2
यूनिवर्स	2
कन्वेंशन	2
आँखों	2
वेगा	2
अभिवादन	2
उतारेगा	2
खोते	2
नवनिर्वाचित	2
हुडा	2
कुमारी	2
रणदीप	2
पलड़ा	2
लिहाज	2
चर्चाएं	2
बनाम	2
जाटों	2
प्रयासरत	2
कंजरवेशन	2
आईयूसीएन	2
प्रभागीय	2
वनाधिकारी	2
बैनर्जी	2
फ्रैंक	2
भ्यूंडार	2
ख्याति	2
विश्वव्यापी	2
वायोस्फेयर	2
नागपट्टिनम	2
गृहराज्य	2
एड़ी	2
बूटासिंह	2
बैठती	2
फोतेदार	2
दृढ़प्रतिज्ञ	2
तिकड़ी	2
मतपेटियों	2
स्याही	2
गनर	2
निरंजन	2
आमद	2
खींचना	2
थर्रा	2
अपर	2
आंगलांग	2
रिजर्वेशन	2
काउंटर	2
धुबरी	2
बोलकर	2
एमसीडी	2
हथौड़े	2
शोरूम	2
दस्तों	2
मछलियां	2
बताकर	2
पढ़ता	2
बलविंद्र	2
ब्लास्ट	2
डोमेस्टिक	2
बालासुब्रह्मण्यम	2
हानिकारक	2
नशे	2
गिरफ्त	2
किशतवाड़	2
तहसील	2
ज़ख्मी	2
शोधों	2
लीगल	2
स्टडी	2
वली	2
दुर्घटनाओं	2
चाहत	2
नीदरलैंड्स	2
परमिट	2
शोधकर्ता	2
ट्रकों	2
शर्मनाक	2
रेलयात्रियों	2
रेफरेंस	2
सूचक	2
पीएमओ	2
कार्बाइड	2
एमएस	2
जन्मभूमि	2
रची	2
कतर	2
सिद्घांत	2
बलराम	2
न्यायालयों	2
पंचमी	2
नमाज़	2
टेंट	2
रंगे	2
उपमंडल	2
दबाने	2
शिकायतकर्ता	2
नोटों	2
अलॉट	2
परगना	2
मुकरने	2
हनीमून	2
कागज़ी	2
जिम्मे	2
आइए	2
अंग्रेज	2
स्वाधीनता	2
झांसी	2
बिगुल	2
बहादुरी	2
चुपचाप	2
कब्रों	2
राजपरिवार	2
दुःखी	2
इंसाफ	2
मदर	2
टेरेसा	2
दिलों	2
निर्मला	2
एमसी	2
तांता	2
टूल	2
ट्रेसर	2
तिरुअनंतपुरम	2
रिसोर्स	2
क्लिक	2
शिकंजे	2
सुलझाए	2
हेडर	2
आईपी	2
प्रदाता	2
आईएसपी	2
सुलतान	2
रखाव	2
क्यू	2
एटॉमिक	2
जलसे	2
संवर्द्धन	2
परदे	2
अजीज़	2
सुमाथिपाला	2
शिपिंग	2
मानसा	2
पृष्ठों	2
अमानवीय	2
सहेली	2
नग्न	2
गुरमेल	2
दबिश	2
पिघल	2
एयरलाइंसों	2
सेवानिवृत्ति	2
पायलेट	2
दिनकरन	2
प्रोन्नति	2
डालेगी	2
क्षमा	2
साना	2
फ्रिगेट	2
उद्भव	2
डुबकी	2
ध्यानाकर्षण	2
बरहामपुर	2
नामोनिशान	2
उतारना	2
स्माइल	2
मुत्तहिदा	2
मजलिस	2
जलील	2
जिलानी	2
मुकम्मल	2
कुंठित	2
अड़ंगा	2
कैंची	2
प्रोड्यूसर	2
पटकथा	2
ईटीसी	2
झेलनी	2
दूरदर्शन	2
प्लस	2
वांछनीयता	2
हलफनामों	2
प्रतियां	2
संलग्न	2
अख्तियार	2
अवकाशकालीन	2
बाध्यता	2
रूमा	2
जफरुल्ला	2
गिने	2
बिठाया	2
कार्यशैली	2
उपजे	2
कट्टरवाद	2
हाईस्कूल	2
सुमैया	2
टीचर	2
इंचार्ज	2
घोष	2
प्रायोजकों	2
राजनायिकों	2
बदलावों	2
ड्राइविंग	2
आबंटन	2
चेचेन	2
नकाबपोशों	2
लिस्ट	2
सबकी	2
मुक्की	2
हिला	2
रफ्ता	2
ढर्रे	2
सदमे	2
एड	2
सरोज	2
ख़ुफ़िया	2
डीटीसी	2
पहाड़गंज	2
गुज़रने	2
श्रृंखलाबद्ध	2
बिलकुल	2
कस्बों	2
लालटेन	2
बेरोज़गार	2
गीज़र	2
प्रणालियां	2
पुनर्जीवित	2
समर्थ	2
झूठ	2
पुलिंदा	2
लाएगी	2
जहाजरानी	2
बालू	2
जलाशय	2
संग्रहण	2
बच्चियों	2
एंजियोग्राफी	2
चलाते	2
जेबारी	2
चौंकाने	2
सैम	2
विकेंद्रीकरण	2
माशेकर	2
सचमुच	2
सूत्रधार	2
पनीर	2
ईंट	2
हिज़बुल	2
बचती	2
स्तब्ध	2
ह़क़	2
औपचारिकताएं	2
जानकार	2
कॉर्पोरेट	2
किसके	2
ग्रूप	2
पेट्रोकेमिकल	2
बंधु	2
नज़दीकी	2
देओल	2
सेमा	2
कमाए	2
खिलवाड़	2
अखनूर	2
बद्र	2
लड़ेगी	2
इकट्ठे	2
अलपुझा	2
ब्रह्मचारी	2
ओवरों	2
अर्धशतक	2
गियर	2
रज्जाक	2
मोल	2
रिफाइनरियों	2
रिफाइनरी	2
अदाकारा	2
ताक	2
आरपीओ	2
टाकेयो	2
अशांति	2
हिन्दूवादी	2
अधिकारिक	2
गोलवल्कर	2
जन्मशती	2
गुरूजी	2
सम्मेलनों	2
हिन्दुत्व	2
वेनेजुएला	2
मोटेरा	2
रिपोर्टें	2
प्रतिज्ञा	2
भीष्म	2
हंट	2
अभिजीत	2
सांवत	2
टेलिविजन	2
गा	2
क़दम	2
ज़ब्ती	2
मिलिट्री	2
टुकड़ियां	2
अतिवादी	2
कैंटीन	2
नगण्य	2
राज़ी	2
सुलझाया	2
माँगा	2
मोहर	2
रामलीला	2
परिधान	2
वर्जित	2
दंडनीय	2
वैष्णोदेवी	2
पंजाबियों	2
कैसा	2
विधिवत	2
पूजन	2
छपाई	2
हिन्दी	2
सफ़र	2
रोज़	2
पहुँचेगा	2
पाठशाला	2
शर्म	2
कसना	2
नुमाइंदे	2
चकमा	2
टाइटलर	2
मातृभूमि	2
आरपीआई	2
वसंतन	2
वसंथन	2
काने	2
शुभा	2
नीरू	2
अन्ना	2
कीर्ति	2
पर्वतीय	2
डीजीएचएस	2
बचते	2
पर्दाफाश	2
निवृत्त	2
सता	2
गल्फ	2
अनसुना	2
सैफई	2
पूंजीपतियों	2
पिकनिक	2
मिलाए	2
धर्माधिकारी	2
नाजिम	2
कॉन्सलेट	2
समितियां	2
भरुचा	2
मांडेवाला	2
तटबंध	2
डेरे	2
फसलें	2
अंकुर	2
धर्मपाल	2
पीतांबर	2
घनश्याम	2
हाइडल	2
नीयत	2
कार्रवाइयों	2
डीआरएम	2
पटरियों	2
सुधींद्र	2
करुणा	2
सुकुमार	2
खंडेलवाल	2
सर्वसम्मत	2
बोर्डो	2
डीए	2
वेतनमान	2
ऑथॉरिटी	2
लेखी	2
हफीजा	2
कादिर	2
हफीज़ा	2
शुरूआती	2
समन्वित	2
अत्याधिक	2
सामंजस्य	2
बैठाने	2
राशन	2
पगडंडियां	2
हटकर	2
टारगेट	2
मैप	2
राडार	2
लोकदल	2
ओम	2
सभाएं	2
अपरान्ह	2
पिछड़	2
कपूरथला	2
बाजवा	2
विभागाध्यक्ष	2
डाक्टरों	2
सहाय	2
मकबरों	2
थम	2
चाहने	2
केक	2
चाकू	2
राजपुरा	2
खामी	2
मध्यस्थ	2
फलूजा	2
बमों	2
केजीएल	2
सीक्रेट	2
हथगोले	2
तहकीकात	2
प्रतिपूर्ति	2
गतिविधियां	2
अर्द्ध	2
मिलिटरी	2
फिरोजाबाद	2
हाथरस	2
पोलियोग्रस्त	2
यूनीसेफ	2
रामपुर	2
सफाया	2
फैलना	2
पसार	2
स्क्वॉयर	2
मलबा	2
ढहने	2
दोहराए	2
अकादमिक	2
पहनाने	2
वास्तविकता	2
टेक्सास	2
सजीव	2
सशंकित	2
विसंगतियों	2
ट्रेवल	2
एलटीए	2
एसोचैम	2
सर्कुलर	2
नियोक्ता	2
आवभगत	2
तात्पर्य	2
इलेक्ट्रानिक	2
एनएसडीएल	2
बॉन्ड	2
रिलीफ	2
आईडीबीआई	2
एलआईसी	2
हाउसिंग	2
एलआईसीएचएफ	2
अवधियों	2
बालासुब्रह्मण्यन	2
इरादे	2
टिकने	2
रमेशनाथ	2
काठमांडू	2
अधिग्रहण	2
कम्पनी	2
बिंदी	2
आहिस्ता	2
प्लेनेटोरियम	2
चश्मे	2
जुटाए	2
कोझीकोड	2
अड़ा	2
रघुनाथ	2
खजाना	2
शराबे	2
रम्सफील्ड	2
पीना	2
भूजा	2
नाश्ता	2
छिला	2
जायकेदार	2
दाने	2
पकौड़ी	2
भोज्य	2
स्वयंसेवियों	2
पारिस्थितिक	2
डेंग्याई	2
रेसकोर्स	2
हलकों	2
आनाकानी	2
प्रभार	2
खंभे	2
ज्वार	2
झांसे	2
सलिल	2
भौर	2
प्लेस	2
डीएसजीएमसी	2
लौटेंगे	2
गंवाने	2
बरतनी	2
चाही	2
बंधी	2
फर्रुखाबाद	2
सियालदह	2
सांकेतिक	2
मांगें	2
मुख्यालयों	2
नवरात्र	2
निबटाने	2
सुलझाना	2
सेंटीमीटर	2
युद्घस्तर	2
महरोत्रा	2
समझना	2
अपनाती	2
समझती	2
चलायी	2
टुटेजा	2
गुमशुदगी	2
आईडी	2
फर्नाँडिस	2
नैय्यर	2
प्रशस्त	2
भूखंड	2
चक्रबर्ती	2
प्रतिमाओं	2
जिम्मेवारी	2
अलबर्ट	2
आइंस्टीन	2
दीपांकर	2
शीशराम	2
एनआईएफ	2
छापी	2
धीरुभाई	2
शुभचिंतक	2
फार्मूले	2
भावनात्मक	2
कैश	2
मेगा	2
रंगारेड्डी	2
सुमन	2
माधवन	2
इंफ्रास्ट्रक्चर	2
आत्मनिर्भर	2
फिलीपींस	2
छुपा	2
सुप्रीमकोर्ट	2
सर्वेयर	2
ढूंढ़ा	2
सेनापति	2
अनिश्चितकालीन	2
मैती	2
आयुर्वेदिक	2
बहुराष्ट्रीय	2
भूरि	2
पारिकर	2
मठों	2
ट्रस्टों	2
अकूत	2
धर्मादा	2
ब्याह	2
शामियाने	2
ओमप्रकाश	2
एजाज	2
वीरता	2
रिंग	2
बोध	2
चुरा	2
शाकिर	2
दब	2
आच्छादित	2
नाला	2
सुपुर्द	2
क्रिकेटर	2
खेले	2
विकेटकीपर	2
तटरक्षकों	2
बंगलादेशी	2
तटरक्षक	2
फजीहत	2
पहुंचीं	2
दयानंद	2
महाविद्यालय	2
अमेठी	2
विकलांगों	2
टाइगर्स	2
मोहिलारी	2
बीटीसी	2
दबदबा	2
विजयवर्गीय	2
सूंघ	2
ईद	2
भाईचारे	2
शहरकाजी	2
वास्ता	2
कृष्णवीर	2
एमटीवी	2
कहें	2
मैत्री	2
आंतकवाद	2
फलस्तीन	2
नेहरूवाद	2
विषयक	2
सर्वोपरि	2
प्रासंगिक	2
फिसड्डी	2
पैमाइश	2
सर्वदेशिक	2
प्रशासकों	2
एरिक	2
भगोड़े	2
खींचा	2
उत्पात	2
ग्लोबीजेन	2
ओलंपिक	2
चाबी	2
थिक्से	2
ईमानदार	2
पंथ	2
गीता	2
बलविंदर	2
परमार	2
राधाकृष्णन	2
संगीता	2
दंपति	2
निकाहनामा	2
लिहाज़ा	2
कालीकट	2
वाजिब	2
हसीना	2
डब्लूटीए	2
सीड	2
मार्टिना	2
नवरातिलोवा	2
आस्ट्रेलियन	2
किरिलेंको	2
बैठीं	2
बचाते	2
खिताबी	2
किसे	2
चुनेंगे	2
नम्बर	2
गोडसे	2
संबद्घ	2
खटखटाना	2
सुपरसोनिक	2
लाती	2
एमपी	2
एयरजोन	2
खरीदनी	2
उत्पादकों	2
अफेयर्स	2
ग्रोथ	2
परवाह	2
रहूंगा	2
सिगरेटों	2
चक्रवर्ती	2
मुरारी	2
ब्रांडों	2
आत्मकथा	2
साहस	2
फलस्वरूप	2
लचीलापन	2
प्रशंसनीय	2
मनाएंगे	2
भयावहता	2
अंबुमणि	2
गंदगी	2
बनाएं	2
बेहाल	2
बुलाना	2
जम्हूरियत	2
प्रोटेक्शन	2
अलापा	2
शबीर	2
पृथकतावादी	2
उवर्रकों	2
देतीं	2
विषम	2
सैफुद्दीन	2
सोज	2
बिठाने	2
एसईजेड	2
बदरपुर	2
फिजिबिलिटी	2
लॉयड	2
एचएसआईडीसी	2
हाऊस	2
ऑर्डिनेंस	2
तबादला	2
जब्बार	2
शुक्रिया	2
उड़ाकर	2
स्वभाव	2
तबकों	2
लाठी	2
निराकरण	2
अफ़गानिस्तान	2
करजई	2
मोहब्बत	2
सुनाते	2
सर्किल	2
इमामबाड़ा	2
मुतवल्ली	2
गिनाते	2
तीर	2
उभरती	2
प्रधानमंत्रियों	2
जघन्य	2
एनसीईआरटी	2
चिंगारियां	2
सवारियों	2
प्रेशर	2
चिल्लाना	2
आउटर	2
रेलिंग	2
छत्रपति	2
सत्यपाल	2
आबिद	2
भाभा	2
अपहरणों	2
रातों	2
पारेख	2
अभिभावक	2
डीन	2
मैनपुरी	2
अतरौली	2
मतगणना	2
गढ़चिरौली	2
बखेड़ा	2
संप्रग	2
बनीं	2
खूबी	2
थिलौड	2
खोजों	2
आईएमसी	2
तत्वाधान	2
मापने	2
पैमाना	2
कंपोजिट	2
मैटेरियल	2
दुश्मनों	2
दुविधा	2
खेलकूद	2
ग्रेजुएट	2
दर्शनार्थ	2
धक्कामुक्की	2
राघवेंद्र	2
अलविरा	2
संक्रांति	2
आरएस	2
विनोद	2
रविंद्र	2
दलीलें	2
आंच	2
सूत्रपात	2
शांतिप्रिय	2
वार्डो	2
ताले	2
बेचैनी	2
फटते	2
खुलवाकर	2
अथॉरिटी	2
फुल	2
प्रिपेड	2
एक्टीवेशन	2
घसीटने	2
शर्मिला	2
भगवाकरण	2
माजिद	2
बांधा	2
निरंकुश	2
मोच	2
जाओ	2
एमक्यूएम	2
अलताफ	2
कोहली	2
ताल्लुकात	2
इब्राहीम	2
झाड़ने	2
जोड़ना	2
अनिवार्यता	2
हंगल	2
ट्रस्टी	2
महाराज	2
करदाताओं	2
डीज़ल	2
हामी	2
केरोसिन	2
वसूला	2
राह	2
दूरगामी	2
हुसैनीवाला	2
हसरत	2
जाग	2
हुमायूं	2
कहूंगा	2
खिल	2
फारुक	2
सपनों	2
महबूबनगर	2
स्मॉल	2
बुकर	2
जीतकर	2
सैन्यकरण	2
जूरी	2
अल्जेब्रा	2
इंफाइनाइट	2
लेखों	2
विरोधस्वरूप	2
उदारवाद	2
औपचारिकता	2
निभाते	2
मांगते	2
पीठासीन	2
मिलाते	2
मंसूबों	2
नौजवान	2
छुरेबाजी	2
शाहगंज	2
गिरफ्तारियों	2
पेरियाकुडी	2
शंकाराचार्य	2
पांचजन्य	2
फैक्ट्रियों	2
टोली	2
फतुहा	2
नालंदा	2
फैक्ट्री	2
आफताब	2
पढ़कर	2
अब्बासी	2
बनायी	2
एनआईएन	2
भविष्यवाणियां	2
महापात्रा	2
बोकारो	2
जंतर	2
मंतर	2
अनाधिकृत	2
ठिकाना	2
धूलकणों	2
एलेन	2
मल्लिकार्जुन	2
अहमदीनेजाद	2
पडेगा	2
गुजराती	2
विद्युतीकरण	2
निरीक्षकों	2
दिखाएगा	2
अमावस्या	2
बलबीर	2
पुंज	2
निशानी	2
हौसले	2
करनैल	2
गुरूद्वारा	2
शेखों	2
ईयू	2
पीयरसन	2
विनियमों	2
व्यापर	2
जोखा	2
खरी	2
बदली	2
सिंहा	2
अनावश्यक	2
इंश्योरेंस	2
गठिया	2
रिवार्ड	2
योजनागत	2
सीईटी	2
कॉमन	2
कॉलेजेस	2
माकन	2
गार्डेन	2
राजू	2
अजीम	2
निकटतम	2
थिप्से	2
रोने	2
लॉकअप	2
पौन	2
बरताव	2
असमंजस	2
विफलताओं	2
शिष्टाचार	2
मैत्रीपूर्ण	2
दिखते	2
मोनाजिर	2
खरमास	2
टेबिल	2
मैगजीन	2
रियायतें	2
इष्ट	2
मशीनें	2
बुझाने	2
कटिंग	2
लपटों	2
पेट	2
थ्रिलर	2
सेंचुरी	2
एमी	2
बहल	2
बावकर	2
विसंगतियाँ	2
फासला	2
कनेक्टिविटी	2
निश्चिंत	2
दुर्घटनावश	2
सेवकों	2
घृणा	2
चिराग	2
राजनीतिकों	2
दोगुने	2
बल्ला	2
कैफ़	2
उतरेगा	2
वायरल	2
मंडराने	2
ताकतें	2
गॉडफादर	2
बायोडाटा	2
नारायणगढ़	2
अर्धसैनिक	2
करंट	2
ऑडिटर	2
उत्साहजनक	2
हर्ज	2
डेटाबेस	2
बेअदबी	2
संचालकों	2
प्लाट	2
तोपों	2
पराक्रम	2
आन	2
कारखानों	2
स्टोर्स	2
दस्तावेजी	2
कोंडोलिजा	2
कोंडोलीजा	2
समझता	2
खटक	2
आईएएनएस	2
सैयाफ	2
एडमिनिस्ट्रेशन	2
रामेश्वर	2
गाज	2
ब्रश	2
कलपुर्जे	2
पंप	2
बवेजा	2
एयरक्राफ्ट	2
बेल	2
कंधों	2
यूएसएआईडी	2
चिल्ड्रेन	2
केशुभाई	2
कमरों	2
शत्रुघ्न	2
दिखाकर	2
प्रवास	2
बांट	2
दबी	2
चिंगारी	2
रूल	2
सविता	2
शारदा	2
अवनी	2
मजूमदार	2
इज़ाफा	2
आंसुओं	2
दुष्यंत	2
सुने	2
एस्कॉर्ट	2
मेज	2
थपथपाकर	2
येदियुरप्पा	2
प्रभात	2
वूमेन	2
नेस	2
ग्लैडरेग्स	2
पड़ीं	2
प्रकाशक	2
चढ़ाने	2
मुकाम	2
जुड़ना	2
दिला	2
सूरजपुर	2
चलीं	2
उतरना	2
क्वालिस	2
शमा	2
सून्हा	2
प्रिसिंपल	2
यूथ	2
प्रायोजित	2
हड़प	2
शीशे	2
गरमा	2
परिधि	2
बहुसंख्यक	2
यूएनडीपी	2
ईजाद	2
हदें	2
लांघ	2
कंट्रोलर	2
भ्रांति	2
न्यायसंगत	2
हड़कंप	2
रोष	2
फिंगर	2
कगार	2
मठाधीशों	2
छुआछूत	2
मार्शलों	2
अरोड़ा	2
जींद	2
हांसी	2
सोनू	2
बिमला	2
पूनम	2
तोताराम	2
आईएलओ	2
वैश्वीकरण	2
परम्परागत	2
किलिमो	2
इसाक	2
केयोदे	2
मजबूरी	2
प्रलोभन	2
निर्दलियों	2
सिंडिकेट	2
नकारेपन	2
स्टिंग	2
खामियां	2
प्रतिचि	2
हेल्थकेयर	2
ब्लॉकों	2
डाक्टर	2
अधीनस्थों	2
आरके	2
प्रभारियों	2
सलाखों	2
विद्या	2
मीनारों	2
स्टेरॉयड	2
अनिश्चित	2
भान	2
दुर्भावनापूर्ण	2
बुढ़ाखेड़ा	2
समीपवर्ती	2
मेकर	2
सरीखी	2
बंट	2
सदानंद	2
एफीशेंसी	2
इफीशंसी	2
जोड़ती	2
वीवीएस	2
ड्रेसिंगरूम	2
इंटीरियर	2
फैसलाबाद	2
सोए	2
बोलती	2
ऊझी	2
खेलती	2
स्वस्थ्य	2
लेटेक्स	2
रबर	2
फैलकर	2
बूंद	2
भ्रांतियों	2
टूक	2
आईएमडीटी	2
तारबंदी	2
नदियां	2
कलराज	2
हैबिटैट	2
नौकरियां	2
सुंदरलाल	2
पीडब्लूडी	2
हताहतों	2
ब्लैंक	2
चैक	2
बुझे	2
देवेंद्र	2
अर्से	2
धुलेश्वर	2
विरोधाभासी	2
उद्यमों	2
सोशलिस्ट	2
दागे	2
सिल्वर	2
आरोग्य	2
समाहित	2
ओरिएंटेशन	2
आमूल	2
एमसीआई	2
बताएं	2
सराहा	2
बमबारी	2
उखाड़कर	2
मिल्स	2
एंग्लो	2
शीतल	2
ऑर्गेनाइजेशन	2
तिरुवनंतपुरम	2
डाट्स	2
व्यापकता	2
असावटी	2
संधू	2
अवाम	2
बीएनएचएस	2
सिरमौर	2
बैजनाथ	2
कयास	2
फतवा	2
आक्रामकता	2
रिवाल्वरों	2
शस्त्रों	2
सुगम	2
शस्त्र	2
विकट	2
कद	2
रॉबसन	2
गेट्स	2
व्यवसायियों	2
अनुराग	2
चिप	2
जालसाजी	2
अग्निकांड	2
गंवाई	2
मंत्रिमंडलीय	2
कच्चा	2
पीवी	2
मचाने	2
शीर्षस्थ	2
गुरुग्रंथ	2
संतों	2
अमरीक	2
कासिर	2
सिएटल	2
उजामा	2
सूबे	2
सियासत	2
एमएचसीसी	2
सीबीएमएस	2
गोलियों	2
ब्यौरे	2
इरकान	2
इरकॉन	2
नाले	2
धारदार	2
अर्द्धसैनिक	2
फर्नांडिस	2
यूटीआई	2
गिरी	2
प्रोटेक्टर	2
इमिग्रेंट	2
सीजीएचएस	2
प्रोविडेंट	2
सत्यवीर	2
पिंकी	2
माँगें	2
ठहराए	2
नीलिगाम	2
स्वर्गीय	2
नजरंदाज	2
शमीम	2
पंधे	2
अयाद	2
नजफ	2
बसरा	2
जैम्स	2
हेल्पलाइन	2
जांचकर्ता	2
चैम्बर	2
वजाहत	2
चिर	2
छिंदवाड़ा	2
राणे	2
थाम	2
चुस्त	2
जिम्मेदारियां	2
जुगत	2
क्षुब्ध	2
फील्डिंग	2
नजरिये	2
फुटेज	2
कैमरे	2
वर्द्धन	2
संगठनात्मक	2
अटकलबाजी	2
बेल्ट	2
कूदने	2
हटाते	2
गणशंकरन	2
एमडीएमके	2
अल्फांसो	2
रवींद्र	2
डायरी	2
त्रिलोकी	2
किरणपाल	2
ठुकराए	2
किशनगंज	2
प्रतापगढ़	2
एनएचआरसी	2
खटाल	2
गाय	2
भैंस	2
टेकनोलॉजी	2
नकारने	2
उमेश	2
कंग	2
जोरों	2
लोनावाड़ा	2
चम्पा	2
नियुक्तियां	2
रवींद्रन	2
नारी	2
निकेतन	2
महामंत्री	2
डटे	2
नाइन	2
कुबेर	2
रूपर्ट	2
हमाम	2
कार्यक्षमता	2
पूर्णतः	2
रामकिशन	2
लोहे	2
पक्का	2
गर्दन	2
ग्रंथों	2
आख्यानों	2
संजीवनी	2
बूटी	2
कुंभकरण	2
बंदर	2
भरते	2
महेश्वर	2
पुरा	2
अशिक्षित	2
मुसहर	2
सशक्तिकरण	2
पृथक्करण	2
तापीय	2
प्रतिस्पर्धात्मक	2
सार्वजानिक	2
गोलाबारूद	2
गड्ढे	2
हस्तांतरित	2
विश्वस्त	2
सुसज्जित	2
यावर	2
ऐ	2
वतन	2
गीतकार	2
युद्धपीड़ितों	2
लिखवाया	2
रिकार्डिंग	2
अमूमन	2
रिकार्डों	2
आवामी	2
उद्यम	2
एसबीएम	2
प्लानिंग	2
खिदमत	2
मुलाजिमों	2
बेगार	2
मुलाजिम	2
बजा	2
बेलदार	2
अपवादों	2
बोलबाला	2
स्टेटस	2
एसआरएफ	2
दफनाया	2
क्रूर	2
लैबोरेट्री	2
गंड़ासे	2
महम	2
जलाया	2
फट	2
लपटें	2
बोले	2
सीने	2
भेजेगा	2
भेजना	2
रिचार्ज	2
लानी	2
इकाईयों	2
ओवैसी	2
संप्रदाय	2
मधुर	2
एसएस	2
साहनी	2
बिजलीघरों	2
तैसे	2
पदोन्नत	2
अधूरा	2
खलफान	2
फैसल	2
नोज	2
कीचड़	2
क्रू	2
फिसलने	2
फ्लडलाइट	2
सांडिआ	2
लेबोरेटरीज	2
सेंसरों	2
घुसपैठिए	2
लूंग	2
कारोबारी	2
यूएन	2
सहिष्णुता	2
बृंदा	2
जुटाना	2
कॉर्डिनल्स	2
माराडिगा	2
ऑस्ट्रेलियन	2
इटैलियन	2
यमुनोत्री	2
कष्ट	2
अमानत	2
खयानत	2
कागजों	2
गोलबंदी	2
आएं	2
टूर	2
हिमायती	2
रू	2
अवास्तविक	2
छीनने	2
विधिक	2
अंसतुष्ट	2
स्कूटर्स	2
भड़काने	2
पौधा	2
मजूदरों	2
भरण	2
एसडीओ	2
मिलान	2
यथार्थवादी	2
मनोबल	2
अंबार	2
धुरंधर	2
ड्रीम	2
वेद	2
आईएसडी	2
शोले	2
मैग्नीफिसेंट	2
सम्मिलित	2
अन्नादुरई	2
पंचगनी	2
मायका	2
यूरोपीयन	2
इंजनों	2
लगाएगा	2
मुट्ठी	2
ओआईसी	2
क्षमताओं	2
उदारीकरण	2
चयनसमिति	2
फिटनेस	2
कीपर	2
ग्यात्सो	2
परिश्रम	2
नामदेव	2
ढसाल	2
एचीवमेंट	2
रचनाकारों	2
फेलोशिप	2
फेलो	2
ताम्र	2
रणजीत	2
अभिनंदन	2
रामनाथ	2
एनेक्सी	2
मर्सिडीज	2
होलोग्राम	2
लुटियन	2
बंगलो	2
शेरटन	2
असुविधा	2
राजघाट	2
डलवाने	2
फिरोजशाह	2
जीएम	2
बीएसईएस	2
एआई	2
खोलते	2
मटन	2
डिशों	2
मूलतः	2
स्वीट	2
सीडीआर	2
बर्वे	2
रोकते	2
जयकुमार	2
सीआरपीसी	2
अनुपस्थित	2
युद्धस्तर	2
चंपारण	2
द्रव्यमान	2
ऑप्टिकल	2
मारन	2
उदघाटन	2
बंटे	2
घुसे	2
चरणबद्ध	2
मुसाब	2
संवेदी	2
वसुंधरा	2
राजे	2
स्टॉप	2
मुजाहिद्दीन	2
हिज्ब	2
पंजाल	2
डछान	2
एसपीओ	2
फंडों	2
पंक्ति	2
रफा	2
बहादुरगढ़	2
वाल्मीकि	2
लूटपाट	2
दंडाधिकारी	2
बंदूकें	2
रामलाल	2
रमज़ान	2
भटिंडा	2
फिसलन	2
बग़ैर	2
बहुमंजिला	2
लोकेश्वर	2
पांटा	2
दुर्लभतम	2
सुचारू	2
डीम्ड	2
मौसमी	2
मुस्लमान	2
डेमोक्रेट	2
केरी	2
मायूसी	2
इत्तेफाक	2
तुमने	2
दारुल	2
उलूम	2
एहसान	2
कड़वाहट	2
लेट	2
सिग्नल	2
निष्पादन	2
धर्मेद्र	2
वादाखिलाफी	2
सनी	2
देयोल	2
पौदीवाड़ा	2
महमूदनगर	2
बढ़ई	2
विश्वकर्मा	2
बगहा	2
एसडीएम	2
खदेड़	2
नतीजतन	2
नाजी	2
साठवीं	2
सखालिन	2
साइबेरिया	2
अराजक	2
अजरबैजान	2
क़तर	2
हाइड्रोकार्बन	2
डाउन	2
हक़दार	2
इस्माईल	2
मल्टीपल	2
दरबार	2
बरतते	2
छाती	2
जेफ	2
नक्शा	2
मचाई	2
देशांतर	2
एनआईओ	2
कछुओं	2
दबावों	2
पेट्रोकेमिकल्स	2
पद्घति	2
व्यावहारिकता	2
दानिश	2
अस्थिरता	2
सश्रम	2
अफशां	2
छपरा	2
गोंडा	2
गिरती	2
सेंचुरियन	2
व्लादिमीर	2
बिजनेसमैन	2
अंडर	2
एंटरटेनमेंट	2
प्रेसीडेंट	2
डालिए	2
सूखाग्रस्त	2
परीक्षार्थी	2
स्वयंपाठी	2
इंट्रेस्ट	2
सर्वर	2
क्रोएशिया	2
रॉ	2
उबाल	2
लाठियां	2
भूगर्भ	2
वेक्टर	2
बख्श	2
एपीएफएल	2
आभास	2
विचलन	2
चलन	2
मल्टीफ्रेगरेंस	2
उतारी	2
मनचाही	2
हक़ीकत	2
यूएसबी	2
हेलो	2
हाय	2
बाय	2
मैसेंजर	2
मैट	2
सीएमएस	2
दागा	2
चैंपियनशिप	2
भौमिक	2
मिसाइलों	2
धमकियों	2
इंगित	2
रूटीन	2
पीसीए	2
नेग्रोपोंटे	2
निर्वासन	2
गुटबाजी	2
विद्यमान	2
इथियोपिया	2
रंगदारी	2
लाभदायक	2
बौद्धों	2
जय	2
भूखे	2
एजेंसिंयों	2
कॉन्ट्रैक्ट	2
बिगाड़ने	2
शौरी	2
अग्निहोत्री	2
बोरिया	2
बिस्तर	2
सर्विसेज	2
कोइजुमी	2
टोलिया	2
मंदाकिनी	2
बासवान	2
कठपुतली	2
हिलाने	2
कोटेसना	2
विलेज	2
किराये	2
पहुँचती	2
टाईम	2
सूडान	2
बरसी	2
तुषार	2
निखरी	2
गांधीवादी	2
दूरदर्शी	2
चीनियों	2
अत्	2
यंत	2
संस्	2
माथा	2
कुँवर	2
थानीय	2
अस्	2
थियों	2
भस्	2
रामाभार	2
बंधन	2
दिशाओं	2
संरक्षिका	2
पेंटिंग	2
पगोडा	2
संगमरमर	2
दिल्	2
यवस्	2
पथिक	2
बुग्याल	2
हिमनद	2
मानो	2
पालकी	2
अर्धा	2
अस्थि	2
लचर	2
परमाचार्य	2
गैरमौजूदगी	2
वेल्लूर	2
निर्भरता	2
समानताएं	2
दिखती	2
टेलीसर्विस	2
अनलिमिटेड	2
कार्डलेस	2
एडीसी	2
हैंडसेट	2
कायदे	2
बौखलाए	2
तन	2
पूर्णकालिक	2
सुन	2
ननों	2
बुनियाद	2
कार्नर	2
आबंटित	2
नीतिगत	2
गुजारने	2
वढेरा	2
भूलीं	2
टहलीं	2
निर्जन	2
निकलीं	2
दंपत्ति	2
टिब्बा	2
भीनी	2
अनुकूलता	2
फैजाबाद	2
सिया	2
पूर्ववर्तियों	2
मीडियम	2
फिस्कल	2
स्ट्रेटजी	2
कृत्य	2
भोलानाथ	2
हौज़री	2
जलकर	2
दमकल	2
हरिकिशन	2
गली	2
ब्यूटी	2
फोम	2
उपसभापति	2
बुद्धिमत्ता	2
ब्रॉडबैंड	2
सेलुलर	2
प्रसंस्करण	2
इन्फ्रास्ट्रक्चर	2
मुद्रास्फीति	2
सस्ती	2
रिएक्टर	2
चौकसी	2
क्योटो	2
सूबेदार	2
एसॉल्ट	2
आईइडी	2
डॉक्टर्स	2
संक्रामक	2
दुर्भावनाओं	2
एडिशनल	2
इमराना	2
उल्टे	2
सरमा	2
ढिंग	2
तहस	2
नहस	2
रीति	2
राष्ट्रवाद	2
अर्थों	2
मुख्त्यार	2
इंस्टीटयूट	2
नेचुरल	2
सटी	2
उकसाया	2
सिविलियन	2
चंडीमंदिर	2
धकेल	2
अपवित्र	2
यात्राएं	2
पाटने	2
बीआरओ	2
सलामाबाद	2
तब्दीली	2
ऋषियों	2
आसनों	2
खुलती	2
स्ट्रेट	2
मिरगी	2
मानवशास्त्रियों	2
बारीकी	2
आदिम	2
लिटिल	2
यूज	2
लैंडयूज	2
बीआरपीएसई	2
विशेषताओं	2
एंटीबायोटिक्स	2
नार्मन	2
केमिकल	2
वानिकी	2
बदलेगी	2
अप्रत्याशित	2
पोजीशन	2
तांडव	2
अम्मान	2
तान	2
टाईगर	2
कैंपों	2
जेलर	2
भोला	2
मुलाकातियों	2
परिस्थिति	2
कठिनाइयों	2
पालिका	2
बायकॉट	2
सैटेलाइट	2
गरूड़	2
एसयू	2
स्क्वॅड्रन	2
लौटा	2
धातुओं	2
दुष्प्रचार	2
सारस्वत	2
ज्यूडिशियल	2
संप्रदायों	2
झड़पों	2
फ्लैग	2
बहुपक्षीय	2
भ्रमित	2
मिनरल	2
हतोत्साहित	2
टिप्पणियां	2
बीआईएस	2
बैरिकेड	2
चर्चों	2
पैकेटों	2
ब्रॉड	2
स्टीवन	2
देशद्रोही	2
संभाले	2
मनोरमा	2
गोलियाँ	2
महिलाएँ	2
शस्र	2
पुरोहित	2
मददगार	2
ओलिवर	2
सेक्रेटरी	2
साइन	2
भैरव	2
शेरोंवाली	2
जगराता	2
हुगली	2
भस्म	2
पाँव	2
जागृत	2
बहती	2
सीढ़ियों	2
गुंबदों	2
घाजी	2
जलाल	2
तत्त्वों	2
नरमपंथियों	2
क़ामयाब	2
फलुजा	2
दोहान	2
घराने	2
ज्यादतियों	2
कटा	2
मधुबनी	2
खगड़िया	2
समस्तीपुर	2
सामानों	2
सीखते	2
जवाबदेही	2
अविवाहित	2
लगनी	2
काँची	2
एआरटी	2
बेहुरिया	2
मिजोरम	2
बाएँ	2
लकवा	2
बिश्वास	2
नर्सिंग	2
जयंत	2
दाएँ	2
संकाय	2
नामांकित	2
साया	2
लहू	2
लुहान	2
लीपा	2
डिस्चार्ज	2
एचएमएस	2
यूनियनों	2
बेंगलौर	2
संकेतों	2
अभिन्न	2
डिपेंडेबल	2
बैरीकेडिंग	2
उठाएँगे	2
मुनि	2
संभागों	2
नलसार	2
जीवनी	2
लिखना	2
टीपू	2
निजाम	2
फौजिया	2
लाइ	2
मैपिंग	2
नारको	2
एनालेसिस	2
धमाकेदार	2
कंधे	2
फैन	2
शहीदों	2
नलवी	2
अनापत्ति	2
झोटा	2
मंजू	2
आत्महत्याएँ	2
इलाक़ों	2
हक्सर	2
तथ्यात्मक	2
रिपोर्टिंग	2
आकाओं	2
मल	2
कॉउंसिल	2
सेफ्टी	2
मवेशी	2
खाएँ	2
फांस	2
काटे	2
वर्गीय	2
जिज्ञासा	2
करतब	2
आँक	2
बैटरी	2
चौबारे	2
दवाईयाँ	2
निवेदक	2
पुरस्कारों	2
सत्य	2
स्पॉन्ज	2
तकनीक़ी	2
नक़दी	2
कॉपर	2
पार्ट	2
दिस	2
दैट	2
चकित	2
जुर्म	2
लड़कियाँ	2
बालक	2
छापेमारी	2
हबीबुल्ला	2
जरवा	2
जगाई	2
शोंपेन	2
ओंगी	2
बाजपेयी	2
मुनाबाव	2
खोखरापार	2
पहुँचेगी	2
खतामी	2
दलाल	2
चटख	2
वन्यजीव	2
व्यवस्थाओं	2
मूर्ती	2
पहुँचाया	2
स्काउट	2
मंत्रमुग्ध	2
माणा	2
कुंवारे	2
कोरी	2
मंडलों	2
पुरातत्वविदों	2
खेमकरण	2
फ्लास्क	2
औषधि	2
मक्कू	2
मंत्रोच्चारों	2
शुकदेव	2
शांतिकुंज	2
बाशिंदों	2
दशमलव	2
परंपरानुसार	2
मुनस्यारी	2
चोपता	2
पहाड़ियां	2
घनमीटर	2
दशनामी	2
पंचतरणी	2
लालसा	2
कड़ाह	2
ट्रांजिशन	2
योग्यता	2
सुअर	2
एंजेल	2
सेलिब्रिटी	2
प्रायोजन	2
प्रयोजन	2
स्पॉटिफाई	2
उगाए	2
चिढ़	2
टार्लो	2
अर्थदण्ड	2
इसपर	2
गिटार	2
वादक	2
सूदूर	2
तू	2
हार्मोन	2
अनुसंधानकर्ताओं	2
पुग	2
एबॉट्सफोर्ड	2
क्लेन	2
विषाक्त	2
असामान्य	2
सलाहकारों	2
मेलिस	2
फेसबुक	2
अनुमानतः	2
डफी	2
एप	2
पॉट	2
उद्गम	2
सीबीएस	2
विलासिता	2
केरोलिना	2
भिन्नता	2
कैरेल	2
डोमेनिको	2
मियामी	2
बास	2
नील	2
तर्कसंगत	2
लड़ाइयों	2
लिबरल	2
डेमोक्रैट	2
उम्मीद्वार	2
रग्बी	2
टेक्स्ट	2
उन्मुख	2
सैद्धान्तिक	2
खनिज	2
कैटेलेनो	2
संरक्षणवादियों	2
मिडिल	2
सेल्टिक	2
आयरिश	2
पत्तियां	2
विंटरकॉर्न	2
हर्बर्ट	2
बांड्स	2
महासागरों	2
क्रान्तिकारी	2
निपुण	2
सेड	2
तरंगों	2
ड्रामा	2
डॉस	2
कॉटन	2
स्पर्श	2
जटिंग	2
वैयक्तिक	2
आरम्भ	2
प्रतिभागी	2
उत्पादकता	2
स्नोमैन	2
अनाया	2
प्योंग्यांग	2
बुढ़ापे	2
जुआन	2
जिन्दा	2
ज्वालामुखी	2
बाजा	2
एथेंस	2
फारस	2
फारसी	2
पिंड	2
मोराविया	2
आस्ट्रिया	2
मोरिविया	2
मोजमिर	2
डेनमार्क	2
फिनिश	2
परिवेश	2
डाई	2
ऑक्साइड	2
भाषी	2
आयुवर्ग	2
साहेल	2
सभ्यताएं	2
उनपर	2
लैगून	2
वाइन	2
परन्तु	2
डेन्यूब	2
रोमानिया	2
युक्रेन	2
मिसिसिपी	2
कंसास	2
उपचारों	2
तराई	2
समतल	2
अल्पाइन	2
ठण्डा	2
सामान्यतया	2
केंटुकी	2
शहरीकरण	2
अलास्का	2
ब्रिसबेन	2
काहिरा	2
जमीनों	2
स्पेनी	2
निर्विवाद	2
स्थलडमरूमध्य	2
केपटाउन	2
मांचू	2
अमान्य	2
कादेश	2
रैमसेस	2
पिलेट	2
टेस्टामेंट	2
सत्रह	2
नाटककार	2
कुओ	2
वांग	2
लम्बा	2
कैनानाइट	2
थुतमोज	2
चन्द्र	2
तालिका	2
एल्ड्रिन	2
निलम्बित	2
ओटोमन	2
लम्बाई	2
हिस्पानिया	2
ट्रिक्स	2
व्हीलर	2
गृहयुद्ध	2
तनावों	2
क्रेमर	2
बपतिस्मा	2
स्पार्टा	2
पर्ल	2
क्यूबा	2
समझदारी	2
जनसांख्यिकीय	2
स्कॉट्समैन	2
मेसेनियाई	2
बीसवीं	2
कॉम्पैक्ट	2
ढील	2
मीजी	2
सम्राटों	2
मरणोपरान्त	2
विश्वयुद्ध	2
आनुवंशिक	2
लामार	2
पेशेवरों	2
रडार	2
एल्वारेज	2
एंटीना	2
मौखिक	2
हर्जल	2
कोरोना	2
संगीतमय	2
इसाई	2
अक्षम	2
रियली	2
लव	2
गेयर	2
एंजेल्स	2
मंचीय	2
गुड	2
निभाया	2
उम्मीद्वारी	2
खर्चे	2
स्टीलर्स	2
माई	2
ह्यूज	2
जोलियट	2
अल्फा	2
यॉर्क	2
राष्ट्रपित	2
सेवारत	2
पेबे	2
टेनेसी	2
कॉमिक	2
कैमियो	2
आधिपत्य	2
बदलना	2
स्वीडिश	2
यंत्र	2
बजाया	2
श्रोताओं	2
अलार्म	2
लैरी	2
डुंडार	2
शत्रु	2
एर्डोगन	2
लुकास	2
एल्डर	2
अविकसित	2
उड़ाते	2
एंसेल्मी	2
हेलमेट	2
उदाहरणों	2
उबेर	2
वैली	2
पूंजीकरण	2
पेड्रो	2
संकेतकों	2
तेरहवीं	2
उत्साहपूर्वक	2
बोस्फोरस	2
तांबे	2
हंगरी	2
खण्डहर	2
सफलताओं	2
अवांछित	2
आप्रवासी	2
पामेर	2
इंड्युरेंस	2
तबतक	2
ताड़	2
अपुलिया	2
दर्शाने	2
प्रतीकात्मक	2
ऑस्ट्रिया	2
वाल्टर	2
मोरिकोन	2
निकोलाई	2
सहकार्यों	2
पार्श्व	2
जानबूझ	2
पुंटा	2
लाइटहाउस	2
लैंडमार्क	2
बर्गोयने	2
हडसन	2
मध्ययुगीन	2
सिंहासन	2
पॉम्पी	2
सीज़र	2
मार्को	2
करियर	2
ोर्स्ड	2
कोलमैन	2
कॉर्नरबैक	2
टचडाउन	2
क्वार्टरबैक	2
मिलर	2
कॉम्प्लेक्स	2
आश्रय	2
अर्थात्	2
क्राकोव	2
वोला	2
पेस	2
नॉरमैंडी	2
डेंस	2
हाउटविले	2
काउंट	2
नॉर्मन्स	2
फ्रैंक्स	2
अर्मेनियाई	2
ओरसेल	2
अमाल्	2
ि	2
ट्रांसमिशन	2
स्टोन	2
पेटेंटों	2
गणितीय	2
बिटस्ट्रिंग्स	2
ऑब्जेक्ट	2
दीक	2
मैट्रिक्स	2
फ़ंक्शन	2
इनपुट	2
ाने	2
प्रमाणपत्र	2
मारिया	2
ऑरेंज	2
साइड	2
तिजुआना	2
डिवीजनों	2
ओंटारियो	2
लुइस	2
बेकर्सफील्ड	2
सिंगल	2
एनबीए	2
अनाहेम	2
एलए	2
चाइवस	2
डीवीबी	2
एमपीईजी	2
एचडी	2
मटेरियल	2
स्ट्रीम	2
एस्ट्रा	2
यूटलसैट	2
टेरेस्ट्रियल	2
वर्जिन	2
कैरिज	2
पर्यावरणविद	2
मेलबोर्न	2
लोअर	2
सोलहवें	2
राजाज्ञा	2
प्रोटेस्टेंटवाद	2
अठाहरवीं	2
वर्जीनिया	2
गैलिकन	2
बिशप	2
केल्विन	2
शमन	2
कालांतर	2
जु	2
उनमे	2
वंशजों	2
थियोडोर	2
फ्रांस्वा	2
लुफ्टवा	2
एडॉल्फ	2
मार्सिले	2
लोथर	2
ियर	2
रैंकिन	2
द्रव	2
कंडेनसर	2
दोहन	2
एनर्जीप्रोजेक्ट	2
रोटार	2
स्टेटर	2
ब्लेड	2
सरफेस	2
अनुप्रयोगों	2
प्रतिगामी	2
प्रिस्टले	2
सर्वप्रथम	2
शाब्दिक	2
गैसों	2
पेलियोक्लाईमेटोलॉजिस्ट	2
आइसोटोप	2
वाष्पित	2
बैंडों	2
माप	2
मापन	2
मोनोऑक्साइड	2
विषाक्तता	2
गैंग्रीन	2
जहरीली	2
विसंपी	2
इजरायल	2
अंतर्निहित	2
परिष्कृत	2
ोतरी	2
गैसोलीन	2
निसान	2
डैटसन	2
मानवयुक्त	2
मॉड्यूल	2
स्पेससूट	2
ईवीए	2
वाटर	2
प्लग	2
आनुपातिक	2
सिमेन्थल	2
अमज़ोनिका	2
अमज़ोनिया	2
वर्षावन	2
पेरू	2
भूभाग	2
गीगाटन	2
पोषित	2
पाठ्यपुस्तक	2
जिलेटिनस	2
जीवाश्मों	2
कैम्ब्रियन	2
फ़ाइलोजेनेटिक्स	2
निडारिया	2
कंकत	2
टेनोफोर	2
ोआ	2
संकेतन	2
सोडियम	2
पोरिफेरा	2
डाउनटाउन	2
एवेन्यू	2
नवनिर्मित	2
बोलेवार्ड	2
योसेमाइट	2
कैनियन	2
अपग्रेड	2
चौड़ाई	2
अनुक्रम	2
पीयर	2
विनिर्देशों	2
ट्रायड	2
्रेम	2
इंटरएक्टिव	2
गेटवे	2
गीगाबिट	2
क्लेड्स	2
पिट	2
ऑप	2
ज़ूम	2
कन्ट्री	2
एंथ्रेक्स	2
पांडेमिक	2
चूहों	2
बुबोनिक	2
न्यूमोनिक	2
समयरेखाएँ	2
ईऑन	2
संकुचित	2
तलछट	2
स्ट्रैटिग्राफिक	2
भूभौतिकीय	2
उपसतह	2
बिरूनी	2
परसिअन	2
हटन	2
शोधपत्र	2
पोंस	2
एलियस	2
वॉल	2
शील्ड्स	2
ाई	2
जियोर्डी	2
ब्रायन	2
वेयर	2
सुरंगों	2
पॉलिटेक्निक	2
मिंग	2
तांग	2
लाह	2
रेशम	2
कार्यशालाओं	2
पोशाक	2
शीपशांक्स	2
टेट	2
ब्लेक	2
फुसेली	2
यंगर	2
अपडेट	2
वैनिटी	2
एडवेंचर	2
गोल्डेनसन	2
मर्जर	2
नेटवर्कों	2
स्पेलिंग	2
हैप्पी	2
डेज़	2
स्पिनऑफ़	2
बूत	2
मर्किट्स	2
जोकी	2
अभिजात	2
लॉर्ड्स	2
एनक्लोजर	2
मूल्यवान	2
हुलगु	2
ममलुकों	2
तकनीशियनों	2
आसवन	2
कैनन	2
कार्बोनेट	2
औषधालय	2
संज्ञानात्मक	2
औषधियों	2
कोशिकाएं	2
मेलाटोनिन	2
लिम्फोसाइट	2
खोजा	2
प्रतिजन	2
रोगजनक	2
एंटीबॉडी	2
एपिटोप्स	2
परजीवी	2
मास्क	2
थोरो	2
ऑस्ट्रियाई	2
अवज्ञाकर्ताओं	2
संघटित	2
सीवर	2
मलम	2
व्यवसायिक	2
एर्गन	2
नशूलेन	2
ब्राउन	2
संकायों	2
कैम्ब्रिज	2
स्थानांतरण	2
आवेदकों	2
बान	2
एडम्स	2
रूजवेल्ट	2
जॉर्जिया	2
रिबॉल्ट	2
कैरोलीन	2
जैक्सनविले	2
फे	2
मीन	2
फ्लोयड	2
पेरोटी	2
समाजों	2
परिलक्षित	2
वक्र	2
पिकेटी	2
रोमांच	2
कैथरीन	2
सॉन्ग	2
योगदानकर्ता	2
उत्तरार्ध	2
शैलियों	2
सारीनेन	2
सिद्धांतकार	2
कुबलई	2
बर्मा	2
कबीले	2
जिंग	2
हुआंग	2
झोंग	2
गेगीन	2
शेंग	2
नेस्तोरियन	2
हुइहुई	2
उदाहरणार्थ	2
ओडिंगा	2
केन्याटा	2
राजेन्द्र	2
पर्यावरणीय	2
पूर्वानुमान	2
एमबीएच	2
आरेख	2
युगीन	2
आंक	2
ोन	2
सायनोबैक्टिरियल	2
क्लोरोप्लास्टस	2
इंडोसिम्बोटिक	2
क्रोमलवियोलेट	2
दृ	2
डायटोम	2
प्राकृत	2
सम्मिश्र	2
अंकगणितीय	2
गुणनखंड	2
त्रुटि	2
संख्याओं	2
गॉर्ज	2
अंगूर	2
म्यूज़	2
स्केल्ट	2
राइनलैंड	2
योग्यताएं	2
फ्रेड	2
इस्लामवादी	2
तुरबी	2
सोसाइटियों	2
मैकिंडर	2
कल्पनाशील	2
टास्कफोर्स	2
मेथोडिस्ट्स	2
एबॉर्शन	2
सेक्सुअलिटी	2
आत्मसंयम	2
एनुअल	2
ग्लेन	2
नोवा	2
स्कोटिया	2
डिनविडी	2
यांत्रिकी	2
चुंबकत्व	2
इलेक्ट्रोवीक	2
चुम्बकीय	2
अन्योन्यक्रिया	2
वक्रता	2
प्रक्षेपवक्र	2
टेंसर	2
नवाब	1
शाहजेहन	1
मेहराबें	1
इज्तिमा	1
कुदसिया	1
गोहर	1
अंतरंग	1
बहिरंग	1
रिहर्सल	1
सज्जित	1
जीवंत	1
श्रृव्य	1
प्रजातीय	1
अरेरा	1
रायसेन	1
सीहोर	1
मंदसौर	1
शहडोल	1
सफारी	1
हैक्टेयर	1
माँसाहारी	1
प्राणियों	1
इन्वेंशन	1
प्लेनेटेरियम	1
सँकरी	1
बीडवर्क	1
सीक्वन	1
ओवरब्रिज	1
नौकायन	1
एक्वेरियम	1
गाड़ियाँ	1
पचमढ़ी	1
शिवपुरी	1
मध्यकाल	1
धुँधला	1
बनवाई	1
बनवाकर	1
कलाकारी	1
लक्ष्मीनारायण	1
राजमहल	1
कलात्मकता	1
कहतीं	1
नाजुकी	1
समृद्धिपूर्ण	1
मधुकर	1
शोख	1
कलाकृतियाँ	1
तालाबों	1
मुंज	1
कापुर	1
गयासुद्दीन	1
हरम	1
गलियारे	1
बालकनी	1
तवेली	1
सुखदायी	1
झुकी	1
हिंडोला	1
अफगानी	1
मोहित	1
गलियारा	1
खंभों	1
आर्चेस	1
रूपमती	1
विहंगम	1
निमाड़	1
बदगा	1
दरिया	1
मजार	1
मघत	1
लोहानी	1
गुफाएँ	1
सनसेट	1
महू	1
हथियाने	1
नवाबों	1
उत्कर्ष	1
वर्गमीटर	1
कहलाता	1
तेंदुआ	1
चीतल	1
नीलगाय	1
जंगली	1
सूअर	1
सिंहद्वार	1
भाद्रपक्ष	1
सुदी	1
चतुर्थी	1
गोविंदा	1
बागभट्ट	1
वंशीय	1
जलालुद्दीन	1
चौहानों	1
नष्टभ्रष्ट	1
मालवा	1
सवाई	1
माधोसिंह	1
मिलक	1
एलिज़ाबेथ	1
एडेनबर्ग	1
घुमाने	1
कभार	1
चौकियाँ	1
वनकर्मी	1
डंडा	1
कारे	1
बँटा	1
वादियाँ	1
पत्तियों	1
ढकी	1
नयनाभिराम	1
चहल	1
कदमी	1
कासल्स	1
योद्धाओं	1
बैगपाइपर	1
अनोखे	1
स्कर्ट	1
पुरूषों	1
जिंदादिल	1
घुमक्कड़	1
मुरीद	1
सैंडी	1
भाड़	1
एंकात	1
मंत्रीमंडल	1
कासलों	1
ग्रास	1
जन्नत	1
कहलाने	1
खिलाया	1
सिखाया	1
आजमाना	1
गलियाँ	1
भटकते	1
सुथरे	1
माइनस	1
सुहानी	1
कॉफी	1
लोफ	1
रेस्त्रां	1
मंजिलें	1
म्यूजियमों	1
लवीस	1
मोनालिसा	1
पेंटिग	1
विक्ट्री	1
सेमोथरेस	1
पिरामिड	1
वीनस	1
स्टेच्यू	1
विश्वप्रसिद्ध	1
कलाकृतियों	1
चिन्हों	1
उठाइएगा	1
चहलकदमी	1
कलाप्रेमियों	1
डिजनीलैंड	1
मजे	1
बिल्डिंगों	1
चमचमाती	1
सुथरी	1
भूकम्प	1
मंजर	1
जीवटता	1
बदशक्	1
नगरिया	1
अँधेरा	1
छाते	1
पब	1
डिस्कोथेक	1
ओरलैंडोंवासियों	1
वन्डर	1
जाइए	1
जनाब	1
कम्प्यूटर	1
लुत्	1
फ	1
विनिंग	1
प्रिंसेस	1
फियोना	1
इंटरेक्टिव	1
नन्हे	1
डायमेंशन	1
बिरंगी	1
वॉल्टडिजनी	1
कल्पनाओँ	1
रुबरू	1
मिकी	1
रचते	1
मैजिकल	1
कासल	1
विश	1
ट्रू	1
डिज़नी	1
क्लासिकल	1
कैरक्टरों	1
एक्साइटिंग	1
एडवेंचरस	1
पैक्ड	1
राइड्स	1
बड़ों	1
स्लाइड्स	1
न्यूईयर	1
ईव	1
ओरलैंडोवासी	1
मनाते	1
सेनफोर्ड	1
मँहगे	1
डेज	1
मँहगी	1
मौज	1
पैंतिस	1
पैंतालिस	1
उठेगा	1
नहरों	1
आएँ	1
भूलें	1
समाँ	1
आरटिस	1
जूर	1
परिंदों	1
निराले	1
रेडलाइट	1
वर्किंग	1
युवतियाँ	1
चुकाना	1
हाइटैक	1
पैरोनॉमिक	1
प्रसिद्घ	1
संभालकर	1
मिनिट	1
विक्रेता	1
कोस्टर	1
डायमंड	1
अनगढ़	1
तराशा	1
प्रमोट	1
विजिट	1
करवाती	1
वेत्ताओं	1
पुराण	1
नारद	1
रत्ना	1
मगध	1
कल्चुरी	1
विक्रमादित्य	1
सिंघ	1
कटनी	1
सतना	1
फॉरेस्ट	1
एयरकूल्ड	1
बीचोंबीच	1
बिता	1
मरुभूमि	1
सच्चे	1
द्योतक	1
बुर्ज	1
भूत	1
राजपूती	1
पहचाना	1
खिड़की	1
छज्जे	1
चमकती	1
बारीक	1
गुंबदाकार	1
मोर	1
कोष्ठकों	1
दाँतो	1
उँगली	1
पंछियों	1
मेहराबनुमा	1
वेश्या	1
परिचायक	1
अमूल्य	1
धरोहरें	1
संगृहित	1
मूमल	1
डेजेर्ट	1
लोद्रवा	1
कल्पवृक्ष	1
परिपूर्ण	1
सूर्यास्त	1
लोदी	1
परचम	1
लहराएगा	1
जुबान	1
मुहब्बत	1
उपमाएँ	1
फीकी	1
गुंबदनुमा	1
छतें	1
जज्ब	1
वपूर्ण	1
दीवान	1
काँच	1
शीशमहल	1
रामबाग	1
निर्मि	1
जहाँआरा	1
तराशे	1
मेहताब	1
अतुलनीय	1
वि	1
पू	1
चारदीवारी	1
सारिपुत्र	1
महामोगल्लेना	1
कटोरा	1
भिक्षा	1
बरतन	1
पाँचवी	1
हेलियोडोरस	1
चैत्यगिरी	1
दर्श	1
टैक्सियाँ	1
रूकने	1
रूका	1
महंगी	1
गाइडों	1
हाईलैंड्स	1
कुआलालम्पुर	1
लंकावी	1
पुजारियों	1
उत्सवों	1
निवासस्	1
मृतियों	1
संजोए	1
संख्	1
कुरेदने	1
सृजनात्	1
मक	1
तराशकर	1
वहीदा	1
तमन्	1
फिल्	1
झरना	1
जलकुंड	1
रहवासी	1
मोहल्	1
सौभाग्	1
चौदहवीं	1
मोहम्	1
सीढियाँ	1
उकेरा	1
नहाया	1
ऊँट	1
सवारी	1
तौड	1
घूमना	1
लुभाता	1
तीर्थंकर	1
आदिनाथजी	1
धनवान	1
यापारी	1
चि	1
त्	1
राजपूताना	1
मर्यादा	1
घूँघट	1
दुमंजिला	1
बरामदे	1
आईने	1
अविस्	1
मरणीय	1
तव	1
श्रीकृष्	1
विष	1
प्	1
याला	1
यारी	1
महक	1
तपता	1
जलस्रोत	1
सों	1
चित्तौडगढ़	1
श्रेयस्	1
सस्	1
छी	1
दिव्यशिला	1
योतिशिला	1
मैया	1
इच्	1
छानुसार	1
जौलीग्रांट	1
अवश्	1
चप्	1
सैंडल	1
पोर्टस	1
विद्युतकण	1
इलेक्ट्रॉन	1
गैसें	1
जलने	1
अरोरा	1
बोरेलिस	1
आल्टा	1
होनिंग्सवेग	1
गल्फस्ट्रीम	1
मीगर	1
मनोहारी	1
उत्तरायण	1
छिपता	1
चौबीसों	1
मोल्डे	1
ओल्डेन	1
नार्ड	1
ग्लेशियरों	1
ब्रिक्सडलेन	1
जोस्टेडल्सब्रीन	1
योरप	1
ब्राइगन	1
नृत्	1
यशोवर्मन	1
लक्ष्	1
ब्रह्मदेव	1
शिवसागर	1
घोड़ों	1
सूर्यदेव	1
ग्	1
यारहवीं	1
गंडदेव	1
पंचायतन	1
धंगदेव	1
ब्रह्माजी	1
सहस्रमुखी	1
वराह	1
तराश	1
हर्षवर्मन	1
जगदंबा	1
वामन	1
जनश्रुतियाँ	1
बच्	1
चे	1
गुरुकुल	1
हें	1
विश्	1
वास	1
रमने	1
मनुष्	1
पटरियाँ	1
जूरोंग	1
जूलॉजिकल	1
सेंटोसा	1
त्यौहारों	1
जुरोंग	1
पेंग्विन	1
जलप्रपात	1
मगरमच्छ	1
प्रशिक्षक	1
साँप	1
चुंबन	1
रोमांचकारी	1
नीलांचल	1
स्त्री	1
शक्तिपीठों	1
ताँता	1
पुराणों	1
जामाता	1
भित्ति	1
अंबूवकी	1
अमीती	1
अवध	1
कामरूप	1
कंचनजंघा	1
सरायघाट	1
दादर	1
एअरलाइंस	1
एअरवेज	1
डेक्कन	1
घूमें	1
जगहें	1
सुरम्य	1
कचारी	1
ईराकी	1
उपदेशक	1
उपासकों	1
जनन	1
तांत्रिकों	1
सेलेब्रिटिज	1
दुव्यर्वहार	1
प्रज्जवलित	1
बंगाली	1
गंगाजल	1
बरतना	1
पछाड़ते	1
इंटरकान्टिनेंटल	1
नोएडावासियों	1
कुचिंग	1
पुकारा	1
फिक्स	1
मलेशियन	1
हेमेंद्र	1
लालवानी	1
लॅसेल	1
इंसपेक्टर	1
माटी	1
ज्येष्ठ	1
रंगाराव	1
मुखाग्नि	1
लिपटे	1
दागकर	1
बिड्डा	1
वंगारा	1
विमानतल	1
बेदखल	1
छेडे	1
उभरेगी	1
लाएंगे	1
जयाप्रदा	1
केसी	1
मालवीय	1
धर्मपरिवर्तन	1
ताशकंद	1
माधवराव	1
सदाशिवाराव	1
कालखंड	1
स्वंयसेवक	1
गुरू	1
आज्ञा	1
कुशा	1
भाऊ	1
सौवीं	1
मनाएगा	1
बढ़ाएं	1
घोटालेबाजों	1
जगदानंद	1
बिक्रम	1
पालीगंज	1
कटने	1
उघाड़	1
जेलें	1
यातनाओं	1
शर्मसार	1
कीजिए	1
चंद्रभान	1
शौचालय	1
डासना	1
कमरुद्दीन	1
कबूतरों	1
गैंगवार	1
अन्नू	1
जलपाईगुड़ी	1
अलीपुरद्वार	1
प्राजित	1
कामतापुर	1
सजायाफ्ता	1
दास्तान	1
मचांग	1
चक्की	1
मनोरोगी	1
सड़ते	1
अवसाद	1
यातनाएं	1
गाली	1
गलौज	1
असह्य	1
ऐय्याशी	1
गैंग	1
कसा	1
रत्नागिरी	1
गंदे	1
उभरने	1
ध्रुवीकरण	1
किराना	1
जज्बाती	1
झेलम	1
कार्ट	1
जमन	1
राजनीतिज्ञों	1
भुनाना	1
सीनाजोरी	1
ओरिजनल	1
शाद	1
बंटी	1
सुपरहिट	1
वेडिंग	1
धुआंधार	1
ऑप्शन्स	1
फिस्स	1
कढ़े	1
ट्राउजर	1
बजने	1
टीशर्ट	1
क्रिस्टल	1
कढ़ी	1
विजुअल	1
ट्रेंड	1
मोनोपली	1
मदीना	1
उछालने	1
गड़बड़	1
वेंडेल	1
रॅड्रिक्स	1
पचड़े	1
पड़ना	1
अलायंस	1
खूनखराबा	1
उगेगा	1
बीजा	1
बीजेंगे	1
आबोहवा	1
बीघा	1
बीजे	1
नोरबू	1
चिन्ह्ति	1
उगाने	1
मंगवाकर	1
पतले	1
वाइरस	1
रहस्यमयी	1
स्कॅब	1
कीस्ट्रोक	1
लॅगर	1
टोफर	1
वेबर	1
प्रोग्रामों	1
स्कॉब	1
टीन	1
जानमाल	1
सुहाना	1
चक्रवाती	1
आर्द्रता	1
बादशाहपुर	1
ओले	1
अंधड़	1
एहतियातन	1
बूंदाबांदी	1
फूले	1
वोटर	1
महारैली	1
रद	1
लोढ़ा	1
नपे	1
त्रिकाला	1
द्वेष	1
मिटाता	1
शांतिपूर्वक	1
खिन्नता	1
इबरार	1
कामरेड	1
डालेंगे	1
बद्री	1
हेमकुंठ	1
रूद्रप्रयाग	1
बागेश्वर	1
मुंस्यारी	1
निलांग	1
कामेट	1
द्रोणागिरी	1
त्रिशूल	1
वेदिनी	1
चौखंबा	1
दौसा	1
भरतपुर	1
श्रीगंगानगर	1
प्रवृत्तियों	1
निमहांस	1
नजरबंद	1
बाम	1
तजाकिस्तान	1
कोबे	1
तंगहान	1
ग्वाटेमाला	1
इर्जीकैन	1
चिलान	1
टोकियो	1
याकोहामा	1
मुन्नीलाल	1
रजिस्ट्रार्स	1
लड़ेगा	1
बुनकरों	1
इस्तीफों	1
संशय	1
बुलानी	1
निपटाएंगे	1
शिर्डी	1
साहेब	1
छिड़ेगा	1
सगंठन	1
मालवन	1
पढ़ाया	1
बहुगुणा	1
ऑपरेटरों	1
सत्रों	1
ऊंचाइयों	1
उलझना	1
अल्ताफ	1
लखीराम	1
रेंजर्स	1
सुमेधी	1
नॅरवाल	1
केकोटली	1
वनीता	1
सताई	1
चिट्ठियां	1
वॉच	1
सामुहिक	1
बोई	1
रोपाई	1
सीना	1
जोरी	1
सत्यव्रत	1
दिमागी	1
मुनाफावसूली	1
संभला	1
ब्रोकरों	1
रोलओवर	1
अटकने	1
झलकता	1
पाह्म्कग	1
भीग	1
व्यस्तता	1
भूलकर	1
तड़पती	1
तमन्ना	1
दूरियों	1
मिलाएगा	1
जरुरत	1
करामात	1
फौजें	1
चुकाए	1
घुसते	1
नौगावां	1
सादात	1
बाइस	1
अम्मी	1
रहूंगी	1
तलाशते	1
वालिद	1
भूरा	1
कलुवा	1
कस्में	1
करूंगी	1
मैने	1
पत्नि	1
वलीमे	1
कारीअमरोहा	1
काज़ी	1
बालिग	1
एसओअमरोहा	1
गोंविद	1
माननी	1
बिखरने	1
मुस्तैदी	1
फुर्सत	1
गूंथ	1
ताजे	1
सुखाने	1
घड़े	1
मटके	1
पुश्तैनी	1
आदेशानुसार	1
पहना	1
थमाकर	1
सावधि	1
महा	1
इनवेस्ट	1
फेसिलिटी	1
गुणांक	1
स्वतः	1
जमाकर्ताओं	1
एक्जिक्यूटिव	1
कॉलम	1
जीतेंगीं	1
भुनाएगी	1
रंचमात्र	1
लौटें	1
द्वि	1
पक्षीय	1
गोपीनाथ	1
निहत्थे	1
बेशरम	1
कोयले	1
रोते	1
भागीं	1
वानखेड़े	1
कैंसिलेशन	1
फ्लाइटों	1
क्लस्टर	1
हर्टज	1
कंप्यूटरिंग	1
क्लस्टरिंग	1
रैड	1
हैड	1
आपरेटिंग	1
औसकर	1
एचपीएल	1
क्रैचिंग	1
प्रोब्लम	1
परमाणुओं	1
हटेंगे	1
हटेगा	1
सूरनकोट	1
बेरीकेडिंग	1
जंजाल	1
रोकटोक	1
गुरिल्ला	1
आपा	1
मोटरसाइकिलें	1
मीडियाकर्मी	1
कोप	1
दुर्व्यवहार	1
आकाशवाणी	1
चौराहे	1
दयाशंकर	1
अवमाननाजनक	1
अपशब्द	1
एजी	1
पलटी	1
कतिपय	1
बिक्रीकर	1
संवर्धित	1
महासंघ	1
उबरते	1
समयानुसार	1
सफलतापूर्ण	1
कैली	1
वेंडी	1
लॅरेंस	1
कमारडा	1
स्टीफ़न	1
रॅबिंसन	1
नोगुची	1
अनहोनी	1
अटलांटिस	1
खादिमों	1
दरवाज़ा	1
सहस्त्र	1
देबाशीष	1
एचआरसी	1
काचर	1
टंकी	1
दीमा	1
हाओलाम	1
डाओगा	1
किस्तवार	1
कुरैशी	1
शफ़ीक	1
दस्तावेज़	1
रैनबैक्सी	1
सिप्ला	1
लाइसेंसिग	1
धरी	1
कुबूल	1
किंकर्तव्यविमूढ़	1
उगलवा	1
उकसाने	1
चिल्ला	1
साफगोई	1
ख़त्म	1
कैमरामैन	1
लाभांवितों	1
लुटाने	1
अपवंचकों	1
मोबाइलधारक	1
कार्डों	1
म्युचुअल	1
कमेंटरी	1
ढूढने	1
इस्तीफ़े	1
अफ़सोस	1
विविधीकरण	1
एनडीसी	1
कार्ययोजना	1
रेनफीड	1
अथॅरिटी	1
ढेरों	1
कुदरत	1
कोरिक	1
खारक	1
बेतहाशा	1
गुमार	1
पूह	1
रेकांग	1
पियो	1
पठार	1
पक्के	1
चट्टानें	1
मोहिउद्दीन	1
सोफी	1
बुडलवाला	1
सैफुल्ला	1
फारुख	1
लोलू	1
एल्युमिनियम	1
सल्फेट	1
गन	1
सद्दीक	1
नाजिर	1
इफ्तिखार	1
तहरीके	1
इंकलाबी	1
अहद	1
एक्सेलसियर	1
कचगरी	1
इंकमबेंसी	1
फैक्टर	1
टर्निंग	1
ताजपोशी	1
ब्रोंकाइटिस	1
दलीय	1
जनआंदोलनों	1
मैककॅर्मेक	1
प्रगाढ़ता	1
बरते	1
नैय्या	1
डुबाने	1
चटा	1
बिसात	1
झटकने	1
टॉस	1
निराशाजनक	1
कबीर	1
बोल्ड	1
ब्लैकविल	1
श्रीसंत	1
पवेलियन	1
लौटाया	1
प्रतिष्ठान	1
दस्यु	1
गरमाहट	1
पहाड़ाबाद	1
हवस	1
भुक्तभोगी	1
नौसिखिए	1
मंजे	1
कद्दारों	1
चेन्नमा	1
अनिच्छा	1
अविभाजित	1
खानी	1
सथनुर	1
रवन्ना	1
होलनसिंपुरा	1
रामनगरम	1
अयंगार	1
माइक्रो	1
बायोलॅजी	1
नहलाया	1
बालिकाओं	1
कस्तूरबा	1
कारवाइयों	1
उच्चपदस्थ	1
शपथग्रहण	1
शेरे	1
रोपड़	1
फेज़	1
दास्तां	1
सच्ची	1
दुहाई	1
खोखलापन	1
माणक	1
सीता	1
झलकियां	1
खबरिया	1
समापन्न	1
पदनाम	1
विवादस्पद	1
अध्यक्षा	1
चिंतन	1
मुखातिब	1
असंतुलित	1
प्रादेशिक	1
गौण	1
तसनीम	1
इब्ने	1
उड़ी	1
तंगधार	1
टिटवाल	1
पूंछ	1
रामनाथन	1
दृष्टा	1
क्रार्यक्रम	1
एनसीएमप	1
एनसीएमपी	1
घटाई	1
फ़र्क	1
सिचाई	1
टेलीफ़ोन	1
झुठलाने	1
लोंगों	1
लीलने	1
सुखबंस	1
सीमापार	1
जकार्ता	1
देऊबा	1
एमकेआई	1
चीफ़	1
ऑपरेशनल	1
कंक्रीट	1
कारनिक	1
मालवाहक	1
पिलानी	1
अटक	1
चमकीली	1
गुलमर्ग	1
स्कींग	1
रिजार्ट	1
बिछ	1
बर्फ़बारी	1
कंपकंपा	1
लुढ़कर	1
आबू	1
पत्तन	1
फ़ॉग	1
रेंगते	1
फरक्का	1
लालकिला	1
फरुखाबाद	1
रीवां	1
रोचेस्टर	1
डैन	1
प्रकाशवर्ष	1
छिद्र	1
कारनेजी	1
इंस्टीट्यूशन	1
एलन	1
चट्टानी	1
निहितार्थ	1
सेंटॅरस	1
इंफ्रारेड	1
मिथेनॉल	1
ढंके	1
खगोलशास्त्रियों	1
नापाक	1
फकर	1
सल्वा	1
अमरसिंह	1
आडे	1
माफ़ीनामा	1
परिस्थितियां	1
तख्ता	1
फरेबियों	1
परख	1
पावती	1
रिच	1
सेविंग	1
क्लेक्शन	1
डिपाज़िट	1
गुणज	1
साहिबजादा	1
फेस	1
जोगिंदर	1
साहिबान	1
दर्शाए	1
अमरजीत	1
पेलिया	1
राजिंदर	1
छतवाल	1
कुलवंत	1
मलकीयत	1
सेखों	1
पंधेर	1
बेटन	1
विशवविद्यालय	1
इग्नू	1
उपकुलपति	1
पीएचडी	1
विभूषित	1
महानता	1
तेजस्वा	1
नीरज	1
करायी	1
जबलबुर	1
काफ़िले	1
सुरक्षागार्डों	1
अख्नूर	1
डोमना	1
सतपाल	1
निशू	1
प्रश्नोत्तरकाल	1
सि	1
र्फ़	1
पूछना	1
अल्पकालिक	1
सरफ़राज़	1
राजेश्वर	1
बढाई	1
अभागी	1
अबला	1
ज्यादती	1
नन्हीं	1
उजड़ा	1
बधिर	1
परिवारवालों	1
चुकीं	1
जेठानी	1
फ़िरोज़	1
भांजी	1
पेइंग	1
मेनका	1
भेजती	1
गुज़ारा	1
छपने	1
ईएनटी	1
कामेश्वरन	1
नंदिनी	1
कवियत्री	1
सुगताकुमारी	1
गजल	1
उधास	1
पद्मनाभन	1
अप्पू	1
उबैद	1
वृंदावन	1
रासाचार्य	1
कृष्णलीला	1
श्रीजी	1
ठाकुरजी	1
आर्शीवाद	1
श्रीकृष्ण	1
विधाओं	1
विधा	1
पीटकर	1
एसई	1
सतवीर	1
रामबीर	1
घायलावस्था	1
ब्रांडेड	1
रिफ्यूलिंग	1
लुनावाड़ा	1
जस्टीस	1
नरकंकाल	1
बिगड़नी	1
पुनरीक्षित	1
मधुमिता	1
चुपके	1
आरोपमुक्त	1
जिप्सियों	1
गंवाना	1
टीके	1
उबरकर	1
दहली	1
ढलते	1
सजने	1
समझें	1
डराने	1
जगमगा	1
बेखौफ	1
अंकिता	1
सजग	1
गार्गी	1
सहेलियों	1
खुलेंगी	1
मुसीबतों	1
दुकानदार	1
जख्म	1
सहला	1
हारने	1
महकमे	1
मखौल	1
उड़ाया	1
लक्षण	1
हबीबुद्दीन	1
वशंज	1
ढ़ंग	1
पुरातत्वीय	1
लखपत	1
जासूस	1
काउंसलर	1
अटैची	1
सूझबूझ	1
मार्फत	1
मानवाधिकारवादी	1
इवानोविक	1
साफिन	1
ग्रैंडस्लैम	1
सीग्रेड	1
हंतुचोवा	1
सुधरते	1
कान्फ्रेंस	1
द्रव्यों	1
लगाता	1
भल्ला	1
जुए	1
जुआरी	1
गुजां	1
देविंदर	1
फ्रेंड्स	1
डिमिंग	1
धुंधलापन	1
अध्ययनकर्ता	1
चित्रकार	1
लियोनाडर्	1
विंसी	1
परावर्तित	1
अर्थसाइन	1
कालिख	1
वाष्प	1
उड़ता	1
जलप्लावित	1
बोरीवली	1
गोरेगांव	1
पटरियां	1
ऑर्गनाइजर	1
चलेंगे	1
अनुभूति	1
सुराज	1
सुथरा	1
खलिलुर	1
शाहरुख	1
वाइफ	1
वोकेशनल	1
सेंटरों	1
अशीष	1
धर	1
दबोचा	1
रामबचन	1
रोहतास	1
महान्यायवादी	1
अदालतें	1
सुप्रसिद्ध	1
हौजखास	1
पुस्तकें	1
रसीदी	1
अक्षरशः	1
महासम्मेलन	1
मनोभावों	1
कटास	1
स्मरण	1
निरोधी	1
जुडूम	1
जागरण	1
टेलीकांफ्रेंसिंग	1
पनपती	1
सोहार्द्र	1
बिगड़ता	1
करुंगापल्ली	1
तालुका	1
अझीक्कल	1
अलप्पुझा	1
मुत्तुकुलम	1
कायमकुलम	1
पुत्थुकुंगर	1
वायुसेवा	1
मशविरे	1
हॉलसर	1
एस्ग्रेमसन	1
सचदेव	1
एगिलसन	1
ट्रांस	1
हब	1
पहचाने	1
खुलापन	1
एयरोनॉटिकल	1
ऑर्ट	1
अलफुर	1
रेगनर	1
शाकाहार	1
मुस्कुरा	1
अंडरवल्र्रर्ड	1
क्लिफटन	1
कास्कर	1
मकोका	1
बीएमसी	1
म्यूनिसिपल	1
क्रॉफोर्ड	1
परदाफाश	1
बस्ते	1
घटेंगी	1
शुल्कों	1
बास्केट	1
ओमेन	1
आईयूएमएल	1
कुंजलिकुट्टी	1
जेएसएस	1
गोवरी	1
गूंजने	1
बैबी	1
मरियम्मा	1
बालाकृष्ण	1
बिठाना	1
घुट्टी	1
सुबोध	1
टटोलें	1
तालीम	1
तब्लीग	1
सामंती	1
पिरोने	1
प्रार्थनाएं	1
नामो	1
मोंटेक	1
सज्जन	1
सुईयों	1
आतिशबाजी	1
धुनों	1
मनाकर	1
घंटियां	1
ढोल	1
सैलाब	1
उमड़ा	1
छलकाए	1
फासीवाद	1
सावरकर	1
झुकें	1
अभियोजक	1
धारवाड़	1
निषेधाज्ञा	1
ईदगाह	1
फहराने	1
विक्रम	1
झलकना	1
जनसंसाधन	1
प्रथमदृष्ट्या	1
नियमानुसार	1
फर्नांडिज	1
कॉल्स	1
जाँचकर्ताओं	1
टिक	1
सिधे	1
गुडगाँव	1
लीन	1
इन्कलाबी	1
कड़ियों	1
एयरबैग	1
पहुँचाएं	1
टेक्निकल	1
सर्विलांस	1
रुपर्ट	1
साझीदार	1
जगज़ाहिर	1
तगड़े	1
मापी	1
मेडन	1
बुरहास	1
सिमंजुताक	1
सिमेउलू	1
गुनुंग	1
सितोली	1
प्रायोजक	1
स्ट्रॅ	1
दीना	1
कुबैशी	1
आंदोलनकारियों	1
अरमबाम	1
लोकेंद्र	1
उठाये	1
प्रौद्यौगिकी	1
न्यूक्लीयर	1
थमर्न्यूक्लीयर	1
एक्सपेरिमेंटल	1
जनरेशन	1
प्रूफ	1
ऑफिसर्स	1
हलदर	1
श्रमायुक्त	1
मूलापेरियर	1
तनातनी	1
डीएमके	1
एमके	1
पीएमके	1
डिप्टी	1
बीचबचाव	1
गोश्त	1
कतराता	1
शबाब	1
लड़का	1
आजमगढ़	1
बेलइसा	1
मुहल्ले	1
बिलरियागंज	1
बरदह	1
च्यूटहीं	1
बसखारी	1
चलाती	1
खीझकर	1
पालने	1
कूदी	1
बैठाकर	1
घुमाता	1
लाता	1
रैकेटों	1
घूमकर	1
बाबुओं	1
कतराती	1
मनबढ़	1
बुलाते	1
सर्किलों	1
थकान	1
खटिया	1
संघशासित	1
प्रतिद्वंद्विता	1
हरिप्रसाद	1
राजभवनों	1
जयसवाल	1
दबाते	1
पंखा	1
दबाया	1
सरका	1
लपेटकर	1
सरकाया	1
कल्पा	1
कुर्सियों	1
उलटपुलटकर	1
प्रभावितों	1
निश्चित्	1
जोशोखरोश	1
बैंक्वेट	1
मलाड	1
कुरार	1
दादासाहेब	1
सुधर	1
रेस्तरांओं	1
विश्वभर	1
सुइयों	1
आतिश्बाजी	1
जगमगाने	1
थिरकते	1
डेस्क	1
जंजुआ	1
सिबी	1
हुंदई	1
मॉडलों	1
स्कोडा	1
न्यूक्लियर	1
एनपीसीआईएल	1
विदित	1
येदुरप्पा	1
आंगलोंग	1
खूनी	1
चंगुल	1
तख्तियों	1
अंकल	1
हार्टकोर्ट	1
समेकित	1
अमर्त्य	1
दम्पत्ति	1
क्योंझर	1
बीरबरपुर	1
गर्भावस्था	1
परित्याग	1
दिहाड़ी	1
लकड़ियां	1
बेचती	1
दम्पति	1
सुदम	1
मेगास्टार	1
नली	1
डाइवरटीकुलाइटिस	1
आंत	1
क्रिविक	1
पनडुब्बीरोधी	1
नौसेनाध्यक्ष	1
डीप	1
रेस्क्यू	1
व्हेकिल	1
ओरियन	1
अपग्रेडिंग	1
गोशकोव	1
वाररूम	1
ढ़ांचे	1
बीपीसीएल	1
एचपीसीएल	1
आईबीपी	1
रिफाइनिंग	1
साईबाबा	1
तिब्बतियों	1
जेआईएच	1
आर्टिलेरी	1
चिन्ना	1
बिछाए	1
अस्तित्वहीन	1
तोहफों	1
चंडी	1
काकीनाडा	1
खरब	1
छमाही	1
कवास	1
द्वंद्व	1
आईटीजेड	1
गरमाया	1
तिरहुत	1
गुप्तेश्वर	1
तौहीद	1
एडमिट	1
अटेनडेंस	1
उर्फ़	1
मोनी	1
कलंजरी	1
कुंज	1
सिंहराज	1
कर्मवीर	1
राजवीर	1
हृदयेश	1
जफ़र	1
मोहल्ले	1
ज्वाइंट	1
सीपी	1
एसबी	1
एतराज़	1
सीजेएम	1
शत्रुतापूर्ण	1
प्रतिशोधात्मक	1
जायज़	1
विरोधात्मक	1
असंवेदनशील	1
मानदंडो	1
त्यागकर	1
सिलवियो	1
बरलूसकोनी	1
जाक	1
यूरोपियन	1
प्रौजेक्ट	1
बूटर	1
वर्द्घन	1
जेनिफर	1
सुंदरियों	1
तनुश्री	1
क्विटो	1
सांसे	1
व्यग्र	1
पेराग्वे	1
यानिना	1
त्रिनिदाद	1
टोबैगो	1
उपविजेताओं	1
फिनेजी	1
उत्तेजना	1
बांहों	1
एमीलिया	1
बेलौस	1
मुस्कान	1
हिलाकर	1
कोरियोग्रॉफी	1
सफॉग	1
बैले	1
बिताना	1
गायन	1
डायमंड्स	1
सूझी	1
लेजर	1
लिखावट	1
गायिका	1
कारोबारियों	1
टोक्यो	1
खंगालना	1
भूलतीं	1
चूड़ियां	1
भजनलाल	1
बीरेंद्र	1
शमशेर	1
तजुर्बे	1
सिमट	1
निर्विविवाद	1
बीएससी	1
ग्रेजुएशन	1
दुश्वारियों	1
कमजोरियों	1
घई	1
नेचर	1
द्विसदस्यीय	1
हैरिटेज	1
आईकलग्रीन	1
जैरजीनापई	1
जोशीमठ	1
पर्वतारोही	1
चौदह	1
काजीरंगा	1
मानस	1
क्येलादेव	1
मृतक	1
समाया	1
संख्याबल	1
बीएसपी	1
अर्जुनसिंह	1
माखनलाल	1
वरिष्ठतम	1
मद्देजनर	1
दारानगर	1
गंज	1
ओमवेश	1
जालौन	1
कसता	1
सीज	1
शिशुपाल	1
दिरावटी	1
बिहारीलाल	1
विरूद्ध	1
गैरजमानती	1
हनक	1
सपाहियों	1
भानुप्रताप	1
मुकेश्वर	1
बटोली	1
तर	1
बतर	1
बरसते	1
ढेरियों	1
ढंकने	1
जाड़े	1
सेंटीग्रेड	1
देवदूत	1
कुकी	1
बोकाजान	1
मानेन	1
मकरीजोरा	1
अंगारकाटा	1
मोरीगांव	1
फेंककर	1
चिरांग	1
शांतिपुर	1
अभयपुरी	1
हाईफाई	1
महरौली	1
नामीगिरामी	1
हथौड़ों	1
कटर	1
पिलर	1
लेंटर	1
मोटाई	1
सुनित	1
खाकर	1
कागजातों	1
बेअंत	1
जलबेड़ा	1
आरएसपुरा	1
भगोड़ा	1
बरकत	1
कौलपुर	1
पिंका	1
साली	1
बलवीर	1
बैसाखी	1
डेटोनेटर	1
पौष्टिकता	1
कड़वी	1
क़ाफिले	1
ट्रांसप्लांटेशन	1
राहें	1
ऑर्गन	1
ट्रांसप्लांट	1
सोशियो	1
द्ब	1
अंजू	1
टिक्कू	1
किडनी	1
गैरहार्ड	1
दुनियाभर	1
त्रिस्तरीय	1
बंध	1
अचरज	1
अवकाशप्राप्त	1
कारसेवकों	1
बेटिकट	1
चैयरमैन	1
वारेन	1
मुआवज़े	1
खिलांगुंड	1
छुपे	1
दुर्गापुर	1
खड़गपुर	1
दिंसबर	1
हदों	1
निर्वहन	1
गौरवपूर्ण	1
निस्तारण	1
हैंडल	1
केसों	1
ओवरहॉल	1
चाट	1
जाएंगीं	1
जाखड़	1
न्यापालिका	1
नरोत्तम	1
फलनीकर	1
जुम्मा	1
नमाजियों	1
अंर्तगत	1
कलानौर	1
तोशाम	1
टेंडरों	1
मैसर्ज	1
हरेराम	1
हरेकृष्णा	1
गेटकीपर	1
गहनता	1
अलमारियों	1
छापामारी	1
करन	1
लिखवाई	1
लिखवा	1
जहाज़	1
थीः	1
फूंका	1
देनेवाले	1
मक़बरा	1
क़िला	1
मक़बरे	1
ज़फर	1
लालकिले	1
नज़ाकत	1
कॉल्विन	1
मालाएं	1
गुज़िशता	1
मुरार	1
जड़ेरुआ	1
डैम	1
कब्रें	1
खींचते	1
हिंडन	1
झुका	1
बेसीलिका	1
सेप्टिक	1
धर्मगुरू	1
राष्ट्रपुरुष	1
शोषितों	1
अथक	1
मसीहा	1
शोषित	1
गजब	1
धर्मो	1
प्रेरणास्त्रोत	1
मानववादी	1
इजहार	1
मिशनरीज	1
चेरिटी	1
सुपीरियर	1
ईश्वरीय	1
परमपिता	1
परमेश्वर	1
मसीही	1
कार्डिनल	1
पास्टर	1
राष्ट्राध्यक्ष	1
एजीगिलियो	1
सियॅम्पी	1
सिल्वियो	1
बेरूसलोनी	1
खिलाना	1
एलेक्ट्रॉनिक	1
डिटेक्टिव	1
डरा	1
कंप्यूटिंग	1
ईआरडीसीआईटीवीएम	1
तिरुअनंतपुर	1
तुम्हारे	1
आंकें	1
गुमनामी	1
टेलीग्राफ	1
क़ादिर	1
बशीरुद्दीन	1
उम्मा	1
तमीरे	1
नऊ	1
कहुटा	1
अफगानिस्तानियों	1
बुलेटिन	1
साइंटिस्ट	1
हफीज़	1
खुशाब	1
उन्मादी	1
प्लूटोनियम	1
क़वायद	1
लांबा	1
परिषद्	1
तारिक़	1
अनिश्चितकाल	1
फिक्चर	1
मोरारका	1
अस्वस्थता	1
थिलंगा	1
आईसीसी	1
एक्जीक्यूटिव	1
ताज़ा	1
हेवी	1
इलेक्ट्रिकल्स	1
जुटाया	1
एससीआई	1
रहम	1
रामगढ़	1
शाहपुरिया	1
रूबी	1
अमनप्रीत	1
सराबोर	1
कर्मजीत	1
आंतकवादियों	1
प्रभा	1
याचना	1
बमकांड	1
स्ट्राइक	1
कंपीटेंस	1
रिव्यू	1
मझगांव	1
डॉक्स	1
शिपयार्डो	1
शिवालिक	1
स्टील्थ	1
केफालोआन	1
धन्य	1
सुनता	1
गुजरेंगे	1
ऐसोसिएशन	1
संवेदनशीलता	1
लड़ूंगी	1
कामपुर	1
दंगल	1
छिपाई	1
परामर्शदाता	1
शाहखर्ची	1
सीनेटर	1
जमियत	1
हेग	1
जेनेवा	1
रेवाल	1
सर्वोदय	1
डवलपमेंट	1
नान	1
माणिकराव	1
होदलया	1
गावित	1
अंतः	1
मंत्रीय	1
उद्देश्यीय	1
पेचीदगियों	1
असहयोगात्मक	1
देखेगी	1
द्विवार्षिक	1
पक्षकार	1
गजट	1
धज्जी	1
अर्हता	1
नजम	1
संपादकीय	1
पकड़ती	1
कुचलने	1
रोडमैप	1
मुर्शिदाबाद	1
शिक्षिका	1
आनंदमणि	1
गल्र्रर्स	1
रक्खा	1
सुष्मिता	1
अध्यापिकाओं	1
सलीके	1
भद्र	1
आकांक्षा	1
यूनाईटेड	1
कानसेंसस	1
संयोजकत्व	1
रामेंद्र	1
बेलोस	1
प्रश्नचिह्न	1
ब्रूस	1
जासफेन	1
कनिष्क	1
हितकर	1
स्कीमों	1
खुशियां	1
गम	1
दुबली	1
पतली	1
चिल्लाकर	1
पाऊंगी	1
मिलूंगी	1
खाऊंगी	1
चेचेन्या	1
निढाल	1
दमघोंटू	1
आईएसटी	1
घुटनों	1
सहम	1
हैलीकॉप्टर	1
कच्छाल	1
विस्थापन	1
शीटों	1
बंटाने	1
विपदा	1
माथापच्ची	1
गोविंदपुरी	1
अलबदर	1
अलमंसूरियन	1
खालिस्तान	1
कारगुज़ारी	1
आफ़ताब	1
विस्फ़ोटों	1
तर्ज़	1
शख़्स	1
विस्फ़ोटक	1
रखवा	1
बिन्दुओं	1
टटोलकर	1
गैरपारंपरिक	1
खोजते	1
बिकते	1
ग़ौरतलब	1
नगरों	1
आदित्य	1
शॉप	1
कुमारतंग	1
लक्षमण	1
कादिरगमार	1
मूनसिंघे	1
निरुपमा	1
नामंज़ूर	1
ज़िम्मेदार	1
जिताने	1
एसडीएफ	1
नचिप्पन	1
लेंगी	1
छुड़वाए	1
कुरवई	1
मुरुगन	1
तात्कालिक	1
मेट्टूर	1
स्टेनली	1
जफरूल्लाह	1
भेजते	1
जुड़वां	1
सर्जन	1
रमजान	1
त्रासद	1
अबूधाबी	1
ज़येद	1
थकती	1
सकूं	1
बेटियों	1
जुदा	1
होश्यार	1
रबी	1
फीका	1
टैक्नोक्रेट	1
हज़ारों	1
ग़रीबों	1
सुरक्षाबल	1
कामयाबियाँ	1
मज़बूत	1
मढ़ने	1
पुख़्ता	1
पर्दाफ़ाश	1
ह़द	1
हफ़्तों	1
छिड़े	1
तेज़ी	1
इंडस्ट्रीज़	1
ढूँढ़	1
प्रत्यारोपों	1
कंवलजीत	1
हटी	1
बडोदरा	1
बॉयोडाटा	1
नसरीन	1
अरिफीन	1
फरजंदान	1
मिल्लत	1
पट्टन	1
शेड	1
पलहालन	1
पॉलिथीन	1
डिफ्यूज	1
जिओ	1
एआरवाई	1
फ्रैंडली	1
फाइट	1
उतारेंगे	1
लड़ते	1
अमृतापुरी	1
अमृतानंदमयी	1
निगल	1
मोमबत्तियां	1
प्रियजनों	1
दुआएं	1
आनंदमयी	1
अहाते	1
टकरायी	1
अजीक्कल	1
पूनतरातुरूतु	1
अल्लापट	1
शरणार्थियों	1
उपमा	1
पकाया	1
नागापट्टनम	1
अभयमित्र	1
बेखौफ़	1
बौना	1
बदौलत	1
एसीए	1
वीडीसीए	1
आउटफील्ड	1
संभाली	1
साझीदारी	1
नवीद	1
लपका	1
तालियों	1
गड़गड़ाहट	1
सधे	1
अफरीदी	1
बटोर	1
उमस	1
अधीर	1
हफीज	1
शोएब	1
एडीलेड	1
तुर्कमेनिस्तान	1
मुदगल	1
हौंडा	1
हड़तालें	1
मंद	1
संवेदनात्मक	1
हस्तलिखित	1
एजेंडों	1
जनसांख्यिकी	1
प्रोफाइल	1
प्रधानता	1
ह्यूगो	1
फ्रियाज	1
नरहरि	1
न्योते	1
जीसीसी	1
बोतलें	1
इरकक	1
ज़रूरतों	1
मिटा	1
ज़माने	1
टेलेंट	1
ऑइडल	1
आख़िरकार	1
करोंड़ों	1
भिलाई	1
गायकों	1
क़ानून	1
अधीक्षकों	1
साहा	1
ह़लफ़नामा	1
ज़िलावार	1
टॉस्क	1
बीएसफ	1
टुकड़ियाँ	1
एमसीसी	1
वर्द्घित	1
क़ीमतों	1
वृद्घि	1
कैंटीनों	1
ख़ाली	1
मुक़ाबले	1
ख़फ़ा	1
चैलेंज	1
ब्लेंडर्स	1
प्राइड	1
क़ाफ़ी	1
निधार्रित	1
सुधाकर	1
वासुदेव	1
ज़िले	1
बाक़ी	1
निकालती	1
दस्तावेज़ों	1
पहचानता	1
परिधानों	1
कोटियत्तम	1
हिफाज़त	1
अपलिंकिंग	1
तकिये	1
ग्लोव्स	1
रूमाल	1
नेपकीन	1
एम्ब्रायडरी	1
कृत्यों	1
वैष्णो	1
एसएमवीडीएसबी	1
अरबियों	1
अफ़ग़ानियों	1
अलामी	1
एचएमए	1
मुर्तज़ा	1
अलक़ायदा	1
अफ़ग़ान	1
रुख़	1
उलझने	1
धर्मपत्नी	1
अर्चन	1
मानिंद	1
हवन	1
चौदहवाँ	1
मुरादाबाद	1
सबेरा	1
छपकर	1
सिर्फ़	1
आवाज़	1
प्रामाणिक	1
ख़बर	1
पाठकों	1
ज़हरखुरानों	1
नक्शेकदम	1
लुभा	1
हुनर	1
हिचकते	1
काटना	1
ज़हरखुरानी	1
गुज़रते	1
बुज़ुर्ग	1
अफ़ज़ाई	1
सटा	1
प्रवृत्त	1
माहिर	1
ग़ैरक़ानूनी	1
हया	1
छोड़िए	1
स्योराई	1
जमनिया	1
ढीना	1
एसएसआई	1
नुमाइंदों	1
गृहनगर	1
मुक्तेश्वर	1
बटोही	1
पेटियां	1
हत्थे	1
यथास्थिति	1
बैजल	1
स्वाभिमान	1
अठावले	1
अहीर	1
डिसिप्लनरी	1
मॉनिटरिंग	1
चेंगलपट्टू	1
काना	1
घिरने	1
कोडाईकराई	1
धनु	1
अनबू	1
नित्य	1
गोकुल	1
सुतिंदरराजा	1
संथान	1
कोनेशवरन	1
विजयनंदन	1
हरिया	1
रुबन	1
श्रीपेरुमबदूर	1
लिब्रेशन	1
जीएनएलएफ	1
गोरखाओं	1
चटगांव	1
बूझकर	1
आक्षेप	1
नकाब	1
मदरसा	1
अमीरात	1
धाबी	1
दुर्भाग्य	1
कट्टरपंथ	1
कृपया	1
अंतर्विरोध	1
लगवाती	1
करोड़ो	1
तरस	1
स्पॉट	1
ओढ़कर	1
खोखले	1
बिवरेजेज	1
प्रा	1
साल्वे	1
कीटनाशक	1
बताएगा	1
कारबोनेटेड	1
बिवरेज	1
बोतलों	1
अकारण	1
प्रिंटलाइन	1
दर्शा	1
नाइमातुल्ला	1
जमीनें	1
जेएमसी	1
पहद	1
पीटीए	1
अफ्रीकन	1
रादौर	1
डूबते	1
जलमग्न	1
संधाला	1
संधाली	1
गुमथला	1
बागवाली	1
जठलाना	1
उन्हेड़ी	1
करहेड़ा	1
काका	1
कमालपुर	1
हथनीकुंड	1
वैस्टर्न	1
ठप्प	1
टाला	1
बढ़ीं	1
टिकटों	1
कोटमोल	1
श्रीरामपुर	1
अनसूचित	1
भतीजी	1
पूर्ववत	1
जुआल	1
ओरम	1
मोरचों	1
थावरचंद	1
प्यारेलाल	1
नीत	1
वजीफे	1
बकुल	1
आपटे	1
कोझिकोडे	1
एंटरप्राइजेज	1
हाइड्रो	1
मंगवाया	1
मंगवाए	1
बिछुड़ी	1
लाड़ली	1
पुत्रों	1
रंगाई	1
पुताई	1
कुर्सियां	1
लादने	1
करवाई	1
ख्वाज़ा	1
सलाहुद्दीन	1
नतिनियों	1
नाती	1
देखेंगी	1
हवाईअड्डे	1
कादीरगमर	1
विस्मय	1
भगाए	1
ढोना	1
स्ट्रेचर	1
आशाजनक	1
लड़कर	1
माद्दा	1
खाइयों	1
घाटियों	1
भावभीनी	1
नाइंसाफी	1
करीबियों	1
प्रयुक्त	1
पिछड़ने	1
गुरकंवल	1
सिंगला	1
सोढ़ी	1
घबरा	1
करतूतों	1
उधेड़बुन	1
मेडीसिन	1
सलाना	1
धमकाते	1
दबंग	1
गोरखधंधा	1
फैलाए	1
एनाटॉमी	1
मुम्बई	1
इदरीस	1
पंत	1
रुपरेखा	1
हिचकिचा	1
कुरील	1
सैम्बी	1
कलालों	1
केतन	1
कौंध	1
शूट	1
ओके	1
शाहबाज	1
फिल्माए	1
लाइटों	1
सपरिवार	1
खिंचवाए	1
नूंह	1
लौटेगी	1
कव्वाली	1
फिल्मांकन	1
दुजाना	1
खिंचवाई	1
फोटोग्राफर	1
सदा	1
सरहद	1
शंभु	1
बैरियर	1
भांपना	1
बाघा	1
क्रास	1
पीएपी	1
चुगिट्टी	1
दीवाने	1
आउटलुक	1
क्षतिपूर्ति	1
होल्डर्स	1
बैनर्स	1
बींजिंग	1
कानूनविदों	1
प्रतिवेदन	1
उकसावे	1
बदलेंगे	1
आंकना	1
मनवाते	1
मेंबर	1
बदलवा	1
अल्पजीवी	1
हराना	1
टर्नर	1
कारबाइन	1
रोनाल्डो	1
थैला	1
एसआरई	1
अनुग्रह	1
अपराधिक	1
वीसीडी	1
औचक	1
शोबन	1
बागपत	1
मोनोवेलेंट	1
टाई	1
वैक्सीन	1
पिलायी	1
विषाणुओं	1
पिला	1
चार्लस	1
यूस्टन	1
बजी	1
लीवरपूल	1
चैरिंग	1
झोले	1
डेटोनेट	1
मैजस्टिक	1
पतित	1
सभ्य	1
विकृत	1
बौद्घिक	1
दस्तख्त	1
इनीशिएटिव	1
हस्ती	1
सलाम	1
संवेदनाएं	1
पैट्रियॅट	1
सेंट्रिक	1
बैटलफील्ड	1
कोंडलीजा	1
पेसिफिक	1
फालोन	1
पैट्रियाट	1
लॉकहीड	1
फाल्कन	1
कैलीफोर्निया	1
कलाइकुंडा	1
जार	1
ड्रीर	1
वीभत्स	1
झेले	1
पेंटागन	1
रिइंबर्समेंट	1
एलाउएंस	1
पार्थसारथी	1
चैंबरों	1
निष्कर्षो	1
नियोक्ताओं	1
भुगतानों	1
यूनिटों	1
डिबेंचर	1
समावेश	1
फैसिलिटेशन	1
इन्फार्मेशन	1
किस्तों	1
बॉटमलाइन	1
वैद्यनाथन	1
पीआईओ	1
एराइवल	1
टाईटलर	1
पर्याआधार	1
कांचीपुरम	1
ज्यूडिशयल	1
सेशन	1
नजीर	1
काथिरवन	1
मृत्युपूर्व	1
थामे	1
मैनाली	1
टेलिकॉम	1
यूटीएल	1
कनक	1
गोष्ठियों	1
मंहगा	1
पाक्षिक	1
चमकीले	1
सरकते	1
दिखेगा	1
किरकिरा	1
अठखेलियों	1
शहरवासियों	1
डकोटा	1
अंडरग्रेजुएट	1
विष्णु	1
कांपुरू	1
टिमोथी	1
यंग	1
नापने	1
अटे	1
नंगी	1
आवश्यकतानुसार	1
बाकुल	1
आप्टे	1
सत्यनारायण	1
जटिया	1
सुनवाने	1
सुननी	1
दोहराती	1
सुनें	1
होहल्ला	1
सतुआ	1
चना	1
मकई	1
बादाम	1
सत्तू	1
सादगी	1
कटहल	1
मसालेदार	1
लटपटी	1
मसाला	1
सब्जियां	1
लौकी	1
कद्दू	1
सहजन	1
नेनुआ	1
भिंडी	1
मसूर	1
अरहर	1
तवे	1
सोनाचुर	1
घी	1
गोभी	1
चाव	1
सब्जियों	1
पकौड़ा	1
कस	1
चाइना	1
साइंटिफिक	1
एक्सपेडिएशन	1
गावो	1
पर्वतारोहियों	1
बिखेरे	1
कायर	1
अनीता	1
झुकाना	1
डरने	1
किर्लोस्कर	1
शर्मिंदा	1
जुर्रत	1
लानत	1
मलानत	1
भयंकर	1
पुष्पदान	1
गाधवी	1
कराएं	1
प्रेसीडेंसी	1
दलदली	1
बहाव	1
पहरेदारी	1
विभक्त	1
जत्ती	1
बदिन	1
तहसीलों	1
अंतर्राष्ट्रीयकरण	1
घबराए	1
भाटा	1
घबराहट	1
अशांत	1
जुलूसों	1
पहुंचनी	1
कनॉट	1
गतका	1
गुरुद्वारों	1
सिक्खी	1
निभानी	1
हरिन्दर	1
महासाचिव	1
कुमारतुंगा	1
प्रलय	1
सिहरा	1
टेंटों	1
एएन	1
चमकदार	1
जागिंग	1
गर्जना	1
वायुसैनिक	1
कतारबद्ध	1
मलक्का	1
घावों	1
मरहम	1
कंकणा	1
कैंपेल	1
कुसुम	1
निवेदन	1
ठहरना	1
खोएं	1
करनाल	1
संवर्द्धित	1
लड़ेंगे	1
समरू	1
रोकथाम	1
आंगनबाड़ी	1
वजहों	1
डालेगा	1
रिसाव	1
उगाई	1
हेक्टेअर	1
गगनदीप	1
कराऊंगा	1
जिआबाओ	1
तिब्बतन	1
कॉज़	1
अल्फाज़	1
जिआबाओं	1
लखन	1
बख्तरबंद	1
गाडियां	1
बाचतीत	1
नजाकत	1
नुकसानदेह	1
मोड़ना	1
कल्याणकारी	1
लौटता	1
कालर	1
खामोशी	1
रेलगाड़ी	1
मानें	1
सरहदों	1
सच्चर	1
फाली	1
नारीमन	1
समादेश	1
वृक्षों	1
इनर्जी	1
द्रव्य	1
ग्लाइसेरोल	1
बायोगैस	1
बाइप्रोडक्ट	1
इंजिनों	1
डिजाइंस	1
स्टैंडर्ड्स	1
ऑर्गनाईजेशन	1
विरुधनगर	1
नल्लूर	1
मूर्तिकार	1
सुशांत	1
रबीन्द्रनाथ	1
विद्यासागर	1
अब्राहम	1
खींचेगा	1
अवलोकन	1
भीड़खींचू	1
बृंदावन	1
मंहता	1
भूमिधर	1
बर्मन	1
रोकीबुल	1
खस्ता	1
बारपेटा	1
कोश	1
उलझन	1
साबके	1
गुपचुप	1
मलफोर्ड	1
स्ट्रा	1
दीप्ति	1
नीना	1
फ्लैगशिप	1
सुझाई	1
बैंकर्स	1
फ्लो	1
प्रमोटर्स	1
सोनभद्र	1
सीतापुर	1
हरदोई	1
ललितपुर	1
लखीमपुर	1
खीरी	1
बांदा	1
चित्रकूट	1
मिरजापुर	1
महोबा	1
हमीरपुर	1
बाराबंकी	1
सत्तारूढ	1
नाखुश	1
रामजीलाल	1
दोषपूर्ण	1
भूस्थैतिक	1
नायुदम्मा	1
यानों	1
पीएसएलवी	1
दूरसंवेदी	1
चंद्रायन	1
चंद्रमा	1
सस्ता	1
बढ़ाएंगे	1
क्वालालांपुर	1
सम्मलेन	1
ब्रुनेई	1
कम्बोडिया	1
वियनतियेन	1
कोलंबो	1
अर्जियों	1
वेणुगोपाल	1
अनुसूची	1
अर्जियां	1
घात	1
थोउबल	1
पैट्रोलिंग	1
वायथू	1
धमाका	1
बरसानी	1
डबास	1
उखरूल	1
तामांगलोंग	1
चंडेल	1
आसू	1
फर्नांडीज	1
खदेड़ा	1
कठघरे	1
कोल्ड	1
सुभाषचंद्र	1
गद्दार	1
आरलेकर	1
पंडाल	1
आउटडोर	1
कैटरर्स	1
धर्मवीर	1
वीजोटो	1
टिंयी	1
संतो	1
स्मृतिचिह्न	1
फिरदौस	1
भूमंडलीय	1
बिट्टा	1
शह	1
इंदू	1
माइकेल	1
ऑर्थर	1
चेकिंग	1
ऑटोमेटिक	1
लूटे	1
मनसेरा	1
फैलाता	1
छूटने	1
गुनगुनी	1
हिमस्खलन	1
पिन	1
मशोबरा	1
भंतूर	1
सोलांग	1
बहांग	1
बहुचर्चित	1
दिलवाया	1
जुटाकर	1
नेक	1
संगकारा	1
नाबाद	1
नारकोंडम	1
अक्कादेवी	1
नावों	1
चाहतीं	1
संभालेंगी	1
रणनीतिकार	1
ताकतवर	1
बानगी	1
पहनेंगी	1
समसपुर	1
सलोन	1
डलमऊ	1
इंपैक्ट	1
महावीर	1
हरचंदपुर	1
फरीदपुर	1
औचित्यहीन	1
सरजारंग	1
टेरीटोरियल	1
एडीएफबी	1
बीएलटी	1
क्रिश्चियन	1
कोआर्डिनेशन	1
एबीसीसीसी	1
निष्ठाओं	1
फटका	1
वीरानगी	1
आंखे	1
तरेरने	1
सुमित्रा	1
हरनाम	1
ढाल	1
बिसेन	1
इंडस्ट्रीयल	1
रिलेशन	1
मनाएं	1
पिरान	1
कलियर	1
सज्जादानशीं	1
मंसूर	1
साबरी	1
कार्रवाईयों	1
फैलाना	1
मंगलौर	1
घिनौना	1
अंजान	1
कृषक	1
दगाबाजी	1
सिपाह	1
साहबा	1
देवबंदी	1
बदर	1
मांगनी	1
आईटीवी	1
एमएच	1
स्क्रॉल	1
वचन	1
रेग्यूलेशन	1
अजहर	1
कोयम्बटूर	1
मदनी	1
त्रुटिपूर्ण	1
पैगंबर	1
मिलाद	1
बेखबर	1
भलाई	1
रथ	1
गोष्ठी	1
नरसिंहराव	1
नेहरुवाद	1
पुण्य	1
पढ़ाएंगे	1
बिठाकर	1
चलें	1
गोहत्या	1
कहेगी	1
क्लिन	1
सौंपेगा	1
धोखे	1
दाउद	1
धीरेंद्र	1
प्रतिनिधिदल	1
तस्नीम	1
नूरानी	1
गौतरलब	1
गिरिजाघरों	1
पूरन	1
प्रोबेट	1
शॉलवाले	1
डीड	1
जवाहिरी	1
पुष्ट	1
जवाहरी	1
दावोस	1
इकोनॉमिक	1
ग्लोबेट्यूड्स	1
ग्लोबेहैव	1
लोकाजेन	1
ग्लीबीजेन	1
बीपीओ	1
ग्लोबीजेंस	1
बाजी	1
चहुंमुखी	1
मेहनती	1
चांगसाम	1
शेराब	1
जांगपो	1
धर्मस्थलों	1
घिरी	1
सलवार	1
कमीज	1
ओवरकोट	1
पहनीं	1
सोहराबुद्दीन	1
लगाएगी	1
आतंकवादरोधी	1
जबान	1
दाभी	1
संतराम	1
वंजारा	1
चंद्रयानगुट्टा	1
ट्रैवल्स	1
सांगली	1
ड्रॉफ्ट	1
काजियों	1
हाशिया	1
दारूल	1
कजा	1
निकाहनामे	1
संघर्षपूर्ण	1
बोंदारेंको	1
अना	1
ग्रोनेफेल्ड	1
भिड़ना	1
दायां	1
घुटना	1
गैंरड	1
स्लैम	1
बेजा	1
गलतियां	1
तुड़वा	1
विनर्स	1
टाइब्रेकर	1
टखने	1
निवारक	1
अगुल	1
पानोवा	1
वाकओवर	1
समीकरणों	1
उपचुनावों	1
पांचवें	1
नाथूराम	1
ढोने	1
हत्फ	1
वाद	1
सम्बोधित	1
दाविंची	1
क्रिश्चिन्स	1
जक्खड़	1
कलेक्ट्रेट	1
रैन	1
एआईएमआईएम	1
असादुदीन	1
आवैसी	1
दफ्तरों	1
मंडराते	1
जलाना	1
खांडसारी	1
गुड़	1
त्रिवेनी	1
तरूण	1
सहानी	1
विपुल	1
बेपरवाह	1
ओड़ीपुर	1
नागौर	1
वनवास	1
उड़ती	1
अरूण	1
मंत्रीस्तरीय	1
केसरी	1
जर्नलिस्ट	1
अनाप	1
शनाप	1
आईटीसी	1
रजाई	1
सुबोदीप	1
भादंस	1
प्रत्याशिता	1
कुल्हाड़ी	1
थ्रू	1
कॉरिडोर	1
हितैषियों	1
पत्ता	1
बयानबाजियों	1
उम्मीदवारी	1
हर्पर	1
परिवर्धित	1
वृहत्तर	1
स्कार्पियो	1
लचीले	1
लचीलेपन	1
सिकंदर	1
अमानुल्लाह	1
नवल	1
एन्सेफलाइटिस	1
टिशू	1
सुअरों	1
योगी	1
आदित्यनाथ	1
बीआरडी	1
बेमौत	1
नीचा	1
जताएंगे	1
सिब्ते	1
रजी	1
धब्बा	1
राइट्स	1
वेल्फेयर	1
धड़ा	1
सम्मानजनक	1
भट	1
इतेहादुल	1
मुसलमीन	1
नकेल	1
सुधारें	1
ठहराती	1
यूरिया	1
डीएपी	1
एमओपी	1
दोगुनी	1
रखरखाव	1
मिलें	1
ग्रुपों	1
रोया	1
सहूलियतों	1
कृपाल	1
आटोरिक्शा	1
सुधारनी	1
सहूलियतें	1
फागुनी	1
कफन	1
नसीब	1
आईएमटी	1
टाउनशिप	1
एक्स्टर्नल	1
एफआईए	1
एलिवेटिड	1
फ्लाई	1
एबल	1
कार्यदल	1
भूखंडों	1
अभिकरण	1
निपटाएं	1
लखानी	1
सट्टेदारों	1
अगवानी	1
सह्याद्री	1
वार्डन	1
कार्टूनिस्ट	1
वरली	1
राजराजेशवरी	1
नाट्य	1
हीरक	1
ग्रेंड	1
आयुधों	1
मटैलिक	1
इनसास	1
ईशपुर	1
शिशु	1
आईसी	1
एमपीएस	1
गंवाए	1
फिरोजा	1
तहे	1
टीथवाल	1
जयेन्द्र	1
चिन्नापांडी	1
ब्योरे	1
कंधा	1
थपथपा	1
फटक	1
कितनों	1
ग्रीनपार्क	1
सीमर	1
सधी	1
तालियां	1
निहाल	1
वाह	1
सबेरे	1
प्रतिभाशाली	1
भौंचक्का	1
मिलवाया	1
इशारों	1
झुरझुरी	1
करतीं	1
कैप	1
पहनी	1
टेनरी	1
लड्डू	1
अपनाएगी	1
अलगावादियों	1
संकोच	1
बेमिसाल	1
हाफिज	1
मकबरा	1
मुकर्रर	1
कस्टोडियन	1
एएसए	1
बेदार	1
केयरटेकर	1
पिछड़ों	1
हितैषी	1
हमदर्द	1
उपलब्धियां	1
नीतीश	1
दौलतमंद	1
गेगांग	1
निर्दलीयों	1
लेजिस्लेचर	1
खिरमे	1
सीडब्लूसी	1
चेन्नीथाला	1
गोगई	1
विजया	1
ताहिलरमानी	1
डटकर	1
वर्कशाप	1
वैक्यूम	1
टॉकी	1
रुकवाई	1
दुर्गंध	1
पहिए	1
चिपक	1
पहिया	1
तसल्ली	1
प्रोसीक्यूटर	1
कार्मिक	1
प्रासीक्यूटर	1
पैंतीस	1
ट्रांबे	1
कायर्रत	1
दहाई	1
खलफाम	1
तामिम	1
यूएई	1
मासूमों	1
रटाई	1
माताएं	1
अजनबियों	1
चॉकलेट	1
घुट्टियां	1
पिलाती	1
हराम	1
पाबंदियों	1
मनोवैज्ञानिकों	1
खलल	1
सुप्रिया	1
ढले	1
सिखाई	1
प्रधानाचार्या	1
अजनबी	1
साधे	1
संग	1
मचाएं	1
दिलाएंगे	1
रेवतीरमण	1
प्रबंधतंत्र	1
राममुनि	1
मेहरोत्रा	1
तिलमिला	1
तंज	1
नाकामी	1
सबका	1
द्रोह	1
फोड़ना	1
भोगने	1
रामजन्म	1
हजम	1
वेश्याओं	1
सर्टीफिकेट	1
वैधानिक	1
गफलत	1
सूझ	1
जनतंत्र	1
गैरहाजिरी	1
बनाएंगी	1
पंचायतीराज	1
जनजागरण	1
छिटपुट	1
बीतते	1
मदान	1
परसलगोटा	1
बीनागुड़ी	1
कासंसुर	1
एसआरपीएफ	1
गुटीय	1
पुनर्मतदान	1
बटमालू	1
बसोली	1
बीदर	1
उठायी	1
भाजपाध्यक्ष	1
किसका	1
अचेत	1
बादलवाला	1
बेहोशी	1
अम्बुमणि	1
इम्तहान	1
आविष्कार	1
गंगाराम	1
नेफ्रोलॉजी	1
प्रेक्टिस	1
केयर	1
अविनाश	1
इंटरमीडियट	1
आईआरबीएम	1
बूस्ट	1
व्हैक्ल	1
पीबीवी	1
इंटीग्रेटिंग	1
इंटेलिजेंट	1
डिकॉय	1
डमी	1
छत्तीस	1
तालमीज	1
आईएफएस	1
मेडीकल	1
मचाया	1
पंचतत्व	1
विलीन	1
येदीयुरप्पा	1
अनंतकुमार	1
सिद्धलिंगैया	1
भड़के	1
दागने	1
बेताब	1
पर्वतम्मा	1
मुचलके	1
सिक्योरिटी	1
कैटरीना	1
सुराना	1
सिंतबर	1
पर्ची	1
छटते	1
जम्वाल	1
नजदीकियों	1
स्टारों	1
तावड़े	1
सबेर	1
सिंधी	1
निर्धनतम	1
नालको	1
सीसीएस	1
कबाड़	1
श्रेडेड	1
कतरन	1
आनी	1
एजिग्लियो	1
एजेग्लियो	1
आगवानी	1
फ्रेंका	1
जियान	1
फ्रेंको	1
फिनी	1
लेतजिया	1
मोराती	1
परिसंघ	1
जहानाबाद	1
गार्डों	1
जबर्दस्ती	1
खुलवाए	1
गुजारी	1
पौ	1
हुजूम	1
बदइंतजामी	1
कोस	1
मौजू	1
आवाजों	1
सुदामा	1
संतरियों	1
सुनते	1
दौड़े	1
भागना	1
हमको	1
खाकी	1
मिथिलेश	1
विश्वमोहन	1
तालीमुरा	1
रेंट	1
होंगें	1
मुक़दमे	1
डेमोक्रेसी	1
हिंदूवादी	1
कुत्ते	1
सहेंगे	1
बासु	1
फिसल	1
डॉरसी	1
रिबन	1
कौमी	1
लीडरशीप	1
इनिशिएटिव	1
मुहाजिरों	1
अतंर्राष्ट्रीय	1
टोमैटो	1
कैचप	1
अशासनात्मक	1
झटक	1
धर्ता	1
अनीस	1
भिजवाए	1
अपराधीकरण	1
स्वर्णजीत	1
बेगमपेट	1
चिथड़े	1
मुज़ाहिद्दीन	1
गंगुभाई	1
एकॉडमी	1
रविशंकर	1
उस्ताद	1
भीमसेन	1
कागजी	1
विनीता	1
क़तई	1
दीर्धकालीन	1
रोड़े	1
अटकाने	1
मुखपत्र	1
वीकशनम	1
पुर्नस्थापना	1
बीड़ा	1
मनाएगी	1
जोरा	1
छगन	1
भुजबल	1
डीपी	1
वरूण	1
प्रभु	1
जीतते	1
करुणाकरण	1
फूंककर	1
दक्षेस	1
रायशुमारी	1
वार्ताएं	1
छायाकारों	1
बांछें	1
अमलगम	1
अलूर	1
ग्रामस्वराज	1
आदिलाबाद	1
खम्माम	1
वारंगल	1
नालगोंडा	1
अनंतपुर	1
कड्डपा	1
सचिदानंदन	1
सर्वोकृष्ट	1
बांधों	1
हंगामेदार	1
विधानमंडलों	1
बतंगड़	1
कुप्रथा	1
गैरजरूरी	1
छुपी	1
गाकर	1
लूटकर	1
डाल्टनगंज	1
पोखरा	1
उपद्रवी	1
अलहदादपुरा	1
मुहल्ला	1
सलाहाबाद	1
मारती	1
क्षेत्राधिकारी	1
मुहम्म्दाबाद	1
गोहना	1
निष्फल	1
महताब	1
तिरुवरुर	1
कोट्टुर	1
पीतम	1
पीठिका	1
अगल	1
तत्पर	1
फैक्ट्रियां	1
खुशरुपुर	1
शार्टसर्किट	1
धुएं	1
मजूबरी	1
फर्नाडिस	1
बीजू	1
त्रिवेदी	1
न्यूट्रीशन	1
मेहरबानी	1
झोंकों	1
गिरिडिह	1
चंदोरो	1
बीहड़	1
लोहा	1
आतंकित	1
डेंगू	1
व्यवस्थाएं	1
छिड़काव	1
तिलांजलि	1
यथाशीघ्र	1
उल्हास	1
संबधी	1
स्पेसक्राफ्ट	1
सकुशल	1
कार्लटन	1
सहूलियत	1
अंतरिक्षीय	1
एल्युमीनियम	1
कनस्तर	1
वायुमंडल	1
पैराशूट	1
प्रोपल्शन	1
विंड	1
पार्टीक्लस	1
जेनेसिस	1
प्रॉब	1
डुगवे	1
प्रोविंग	1
ग्राडंड	1
औंधे	1
वजहें	1
रैलियों	1
उमड़ने	1
खड़गे	1
हुक्केरी	1
गौड़ा	1
देवीगौड़ा	1
रिवाना	1
मंजुनाथ	1
मीराजुद्दीन	1
इसरतजहां	1
एहुद	1
तेहरान	1
बिरादरी	1
प्रगाढ़	1
पालदी	1
इर्द	1
गिर्द	1
सिखाना	1
अभयसिंह	1
जाला	1
अड़चनों	1
जायेंगे	1
समयबद्घ	1
जायेंगी	1
टिएर्नी	1
टूनाइट	1
नाइटलाइन	1
जनसंहार	1
दामाद	1
कामेल	1
युद्घों	1
बदलवाने	1
करवाएगी	1
भैरोंसिंह	1
बालासुब्रमण्यम	1
एनसीडब्लू	1
मंगाने	1
सकरा	1
गुप्तेशवर	1
सजाए	1
ताजी	1
चिड़ियों	1
झंडातोलन	1
पस्त	1
रत्नालय	1
जठार	1
सुझाएगी	1
एमएचएन	1
चंदूमाजरा	1
लोहाडा	1
पंजौली	1
जनमेजा	1
धांधलियां	1
गड़बड़ियां	1
एसवाईएल	1
एफटीए	1
शुल्कीय	1
रम	1
अकाउंटेंट	1
दोहा	1
एनएचआरएम	1
एमटीए	1
सईदा	1
पाएंगीं	1
फ़िजां	1
थर्ड	1
मेडिक्लेम	1
ओरियंटल	1
पिलाते	1
बीमित	1
क्लेम	1
हरजाने	1
वादी	1
मालती	1
आईआईएससी	1
बचाएगा	1
छठवें	1
डायरेक्ट	1
टैक्सेज	1
फिंरज	1
बेनेफिट	1
चेंबर	1
कॉमर्स	1
जटिलताओं	1
एटीआर	1
समयावधि	1
नाओलेकर	1
एण्ड	1
एआईसीईटी	1
रुकावट	1
मधुसूदन	1
मिस्त्री	1
रामजी	1
राधिका	1
सेलवी	1
करछना	1
बलजीत	1
मुन्नी	1
सतीश	1
अहिरौरी	1
प्रभाष	1
बघरा	1
अनुराधा	1
प्रेमलता	1
नाक	1
इगलास	1
मलखान	1
सैदपुर	1
सिद्धौर	1
मगन	1
धर्मी	1
मड़ियाहूं	1
मिल्कीपुर	1
मुजेहना	1
छीनी	1
रफी	1
कांगड़ा	1
गुलेर	1
द्वारहाट	1
उक्रांद	1
पुष्पेश	1
नेगी	1
बालाघाट	1
मोहता	1
एमआईएम	1
मोअज्जम	1
आसिफनगर	1
सिद्दीपेट	1
जोड़ाबागान	1
श्यामपुकुर	1
इन्टाली	1
पोइनगुइनिम	1
गवांनी	1
चिल्लाती	1
मांसाहारी	1
दुप्पटा	1
जहीरा	1
पोछते	1
गाछुआपाड़ा	1
उपस्तंभ	1
गर्मजोशी	1
फायदेमंद	1
एनएन	1
संवादाताओं	1
मश्विरा	1
सज्जाद	1
एनकाउंटर	1
स्पेशलिस्ट	1
पडाते	1
खुंखार	1
सागीपोरा	1
रायफल	1
यूबीजीएल	1
संबल	1
हाजम	1
इक्यावन	1
बशरत	1
डेयरी	1
पालकों	1
वीनने	1
वैल्यू	1
एडेड	1
गवर्निंग	1
बॉडी	1
पालक	1
जयमंगल	1
डिकोम	1
कुआं	1
तालुकदार	1
बहना	1
ह्यूस्टन	1
बूट्स	1
कूट्स	1
कुओं	1
बरकाकाटी	1
किलोलीटर	1
जलन	1
ट्वंटिएथ	1
नक़ल	1
टेलीफिल्म	1
नोमिनी	1
कीफर	1
स्युदरलैंड	1
नरेन्द्र	1
कुशवाहा	1
कॉम	1
अनिरुद्ध	1
रिपोर्टरों	1
सिद्दकी	1
हुडको	1
सुधारी	1
फ्लीट	1
बोलियां	1
रच	1
कांट्रेक्टर	1
केमिकल्स	1
डिपार्टमेंटल	1
तिगुने	1
झांसा	1
बचाकर	1
प्रॉपर्टी	1
प्रॉपटी	1
रूठा	1
मध्यक्रम	1
वसीम	1
जाफर	1
उल्टियों	1
उतरेंगे	1
जूस	1
बदन	1
उल्टियाँ	1
एंटीबॉयोटिक	1
कोकब	1
बॉयज़	1
आदमियों	1
काटजू	1
व्याख्यानमाला	1
सोचिये	1
आतुर	1
सत्यनिष्ठा	1
सूर्यकांत	1
नंदगोपाल	1
दांतन	1
तैराक	1
नंदनपुर	1
पीडीएस	1
हिस्ट्री	1
जेंटलमेन	1
कैडेट्स	1
इंतजामात	1
स्कूल्स	1
अपनानी	1
रणनीतियों	1
जगमीत	1
मीत	1
हुक्मनामा	1
साहिबानों	1
जत्थेबंदियों	1
कमेटियों	1
सोसायटियों	1
ग्रंथी	1
रागी	1
जत्थों	1
खरीदना	1
एडीएई	1
रीजन	1
एग्ज़िबिशन	1
डीएलएफ	1
आयुध	1
ऑर्डनेंस	1
ओएफबी	1
जरूरतें	1
मायूस	1
युद्घक	1
स्थायित्व	1
पांचवा	1
मंजुला	1
एहमियत	1
डेबी	1
फ्रोस्ट	1
मैप्स	1
हरीकेन	1
टेरासर्वर	1
ज्योग्राफिक	1
जूलॉजीकल	1
गच्चीबोवली	1
मादिगा	1
पोरटा	1
एमआरपीएस	1
महानाडु	1
पलटनें	1
जना	1
मुल्ला	1
शेरपाओ	1
वांछितों	1
अबदुर्राब	1
इत्तेहाद	1
मणिशकंर	1
बमुश्किल	1
सहिंता	1
दुलियाजान	1
पेंट	1
डिब्बा	1
होवित्जर	1
डिस्ट्रीब्यूशन	1
टॉक्र्यू	1
वेसेल	1
सस्पेंशन	1
लेइंग	1
वॉल्व	1
रैमर	1
लेवलिंग	1
डिवाइस	1
आईएसएपी	1
लेक्चर	1
भुलाया	1
उर्वरा	1
जूझने	1
माइक्रोन्यूट्रेंट	1
एपीएमसी	1
एरोनॉटिक्स	1
आईएआई	1
हेलीकॉप्टर्स	1
यूरोकॉप्टर	1
सौंवा	1
असमय	1
खेलकर	1
ट्रॉफी	1
रोचक	1
त्रिकोणीय	1
ड्रा	1
खेली	1
स्टेट्स	1
जैकेट	1
एयरकंडीशन	1
रामटहल	1
गर्त	1
अवनति	1
भटक	1
चैन	1
फंजाबम	1
कांगला	1
असमिया	1
अतानू	1
भुयन	1
कविताएं	1
सुलग	1
एडवार्डो	1
फ्लेरियो	1
गुरूवार	1
चित्रवृत	1
प्रेमचंद	1
छलक	1
सूरतवासियों	1
सफ़ल	1
बशीर	1
जज्बात	1
अराजकताओं	1
जीवनराय	1
ललितभाई	1
यूसुफ	1
तुलसीबाग	1
आईडीई	1
चेतावनियों	1
आपत्तियां	1
विचारार्थ	1
थपथपाई	1
बाजारवादी	1
सास	1
भूमिहीन	1
लायीं	1
हंसी	1
ठिठोली	1
बगावत	1
खरगे	1
शत्तार	1
करवाएंगे	1
टलने	1
आरपीसी	1
बुलाती	1
बांच	1
एसडीपीओ	1
किरन	1
हर्जाने	1
जिंटा	1
बॉयफ्रेंड	1
डाइंग	1
नुस्ली	1
खानदान	1
खिलखिलाकर	1
बोलीं	1
इश्क	1
परवान	1
यंगस्टर्स	1
ट्राले	1
बत्तियां	1
रेंग	1
वायुयानों	1
उड़ने	1
रक्सौल	1
हटिया	1
निलांचल	1
मोहियापुर	1
छंटने	1
सिएलो	1
बताईं	1
बिछुड़े	1
जातीं	1
ग्यारहवीं	1
बियोंड	1
बाउंडरीज	1
लीपफ्रॉग	1
सौम्य	1
एसटीसी	1
आलोच्य	1
योको	1
भांग	1
खिलाकर	1
सुगर	1
नशीला	1
लस्सी	1
पिलाई	1
बजरंग	1
टूटे	1
सायाजी	1
समालया	1
टूटा	1
झूठी	1
मंत्रीपद	1
चंदूलाल	1
राजेशम	1
पंचायतें	1
दिखाती	1
रूझान	1
बढा	1
प्रचलन	1
कारखाने	1
एडीबी	1
यूएनएफपीए	1
महाबलिपुरम	1
डब्ल्यूएफपी	1
डब्यूएफपी	1
कन्याकुमारी	1
चित्तीसिंहपुरा	1
छाने	1
रैलियां	1
सुलझता	1
घेरता	1
सिफारिशी	1
गिरीश	1
एजीएम	1
पक्षपातपूर्ण	1
विवशता	1
मेमोरेंडम	1
आंकडों	1
दुधवा	1
कटरनीघाट	1
मोरखेड़ी	1
बिजेंद्र	1
प्राचार्य	1
सुदर्शना	1
अलगाववाद	1
अल्पसंख्य	1
असमानताओं	1
बोइग	1
हाईड्रॉलिक	1
रिसने	1
रुका	1
सिओल	1
इंदौरा	1
रामप्रकाश	1
संपत	1
हरमोहिंदर	1
चड्ढा	1
फूलचंद	1
मुलाना	1
रामराय	1
जोहड़	1
पोता	1
दानी	1
सत्यवान	1
किताबो	1
वेदो	1
क्रेन	1
निकलवाकर	1
खाड़ाखेड़ी	1
तालकटोरा	1
लिनाह	1
छेबी	1
गवाया	1
पार्कलैंड	1
नैरोबी	1
छुड़ाकर	1
गवाने	1
नाजायज	1
नफीतुल्ला	1
बड़ौदा	1
भायंदर	1
अमत्र्य	1
बखिया	1
उधेड़ी	1
खुची	1
बेचनी	1
सेलाइन	1
नकारापन	1
दुमका	1
क्लीनिकों	1
नीम	1
हकीमों	1
लहतलाली	1
डालता	1
डिहाइड्रेशन	1
नियमीकरण	1
खरा	1
जनपद	1
मनचलों	1
क्षेत्राधिकारियों	1
पाण्डेय	1
विहीन	1
झुकने	1
बृजभूषण	1
गढ़ी	1
एनफोर्समेंट	1
एनसीबी	1
पहुंचाता	1
सप्लायर	1
शिवानी	1
यतिन	1
वैलियम	1
डाइजेपाम	1
चेज	1
इन्फोर्समेंट	1
ओसीडीईटीएफ	1
तबादले	1
सबरवाल	1
बालकृष्णन	1
तोड़मरोड़	1
पंचनामा	1
उकलाना	1
बिशनोई	1
लुहार	1
बरवाला	1
चाटनी	1
पार्टनर	1
उभरा	1
पार्टनरों	1
दोषारोपों	1
फारमूले	1
राघोपुर	1
रामलखन	1
खजौली	1
श्रीनारायण	1
जमालपुर	1
रमा	1
मोतीहारी	1
चनपटिया	1
ठाकुरगंज	1
महबूब	1
कैसर	1
सिमरी	1
सिद्दीकी	1
बहेड़ा	1
पशुपति	1
पारस	1
अलौली	1
अश्विनी	1
चौबे	1
देवनाथ	1
फूलपरास	1
हिमायत	1
रूपये	1
फिजूलखर्ची	1
फिजूल	1
कसी	1
चकाचौंध	1
इफीसेंसी	1
वातानुकूलित	1
वीएस	1
किलोवॉट	1
गुरसेवक	1
वालिया	1
विजेयता	1
बैठना	1
दीदी	1
मिसेज	1
दुलारे	1
दुलारने	1
एंक्लोजर	1
खिलाते	1
शरारती	1
डांसर	1
टोपसिया	1
कनौजिया	1
मुखरता	1
शुद्धता	1
शिलादान	1
धोए	1
ज्ञानदास	1
सत्ताहीन	1
वितंडा	1
कूटनीति	1
चहकते	1
तत्वावधान	1
गुलजार	1
स्वयंनिर्मित	1
सीखा	1
स्कीयर	1
प्रतिभावान	1
परशुराम	1
युवतियां	1
फैलते	1
चालीसा	1
रथयात्रा	1
हिंदूजा	1
बिखेरने	1
बनारसी	1
स्पर्मीसाइडल	1
चिकनाई	1
ताज्जुब	1
अंचलों	1
शौच	1
नही	1
उन्होनें	1
ल्युब्रीकेंट	1
चिकना	1
तादात	1
मिक्स	1
तारकोल	1
बजरी	1
चिकनी	1
वाटरप्रूफ	1
लीकप्रूफ	1
रिस	1
ग्रसित	1
टेकने	1
टेके	1
लेंटाज	1
वृंदा	1
लिफाफे	1
लिफाफों	1
चंचलगुडा	1
भावकर	1
चार्जशीट	1
लिफाफा	1
इकबाकिया	1
फ्लश	1
बुलाये	1
श्रममंत्री	1
बुलाएं	1
हसुभाई	1
सेक्रेटेरियट	1
वरदराजन	1
इंटक	1
मंहगाई	1
दोनापाउला	1
डोनापाउला	1
श्रमशक्ति	1
मोचन	1
गंगवार	1
सत्यम	1
लिबर्टी	1
डिस्ट्रीब्यूटरों	1
वेव	1
डिलाइट	1
अभिनीत	1
मल्टीपलेक्सेज	1
नागपाड़ा	1
सादाफ	1
महाडा	1
वाहिनी	1
जबानी	1
प्रसन्नता	1
दिपेंद्र	1
बंगश	1
नदारद	1
फर्नांडीस	1
मुस्कुराहट	1
मधु	1
दंडवते	1
मेंहदी	1
तीर्थगिरि	1
गोंडर	1
राजो	1
गढ़वी	1
दिवाली	1
जार्डन	1
आत्माओं	1
महासमुंद	1
टांगे	1
केबिनेट	1
कारपोरेट	1
कोडरमा	1
गुरुपा	1
डायनामाइट	1
क्यूल	1
करजारा	1
मोर्टार	1
चिंदविन	1
खपलांग	1
उत्तरपूर्वी	1
पढ़ाए	1
पद्धतियों	1
स्वार्थवश	1
चूल	1
प्रैक्टिकल	1
डीसीआई	1
तपाक	1
कृतसंकल्प	1
आईएसएम	1
त्रिभुज	1
फार्मूलों	1
एसोसिएसन	1
गुरूद्वारों	1
जूरिस्ट	1
आईसीजे	1
आईसीजी	1
आदिश	1
मालीबाग	1
तहां	1
इक्का	1
दुक्का	1
स्टीफेनी	1
राज्यलक्ष्मी	1
निवारण	1
आईएनजी	1
वैश्य	1
इंटरप्राइजेज	1
डिपोजिट	1
रसीदें	1
सीएसई	1
आजमा	1
बंटेगा	1
सीटे	1
ढिलाई	1
रोड्स	1
अत्याचारपूर्ण	1
क्रूरता	1
तुंरत	1
एलडीएफ	1
सुब्रामण्यम	1
बिशुनपुरा	1
जगदीशपुर	1
टोला	1
जगलाल	1
पैंट	1
बंडी	1
झोंपड़ी	1
भीख	1
कोण	1
खिलाई	1
बोगियां	1
वाया	1
स्टापेज	1
धड़धड़ाता	1
दौड़ता	1
तहरीक	1
प्नाकृतिक	1
सीजैडए	1
प्नदेश	1
आल	1
जदीद	1
सवालनामा	1
रजा	1
सैय्यद	1
नसबंदी	1
नसबंदियां	1
नदवा	1
रूलिंग	1
क्लीनचिट	1
नोटिफिकेशन	1
बरेलवी	1
हनफी	1
मसलक	1
शियाओं	1
शिया	1
किसकी	1
गुड़िया	1
वस्तुतः	1
पर्याय	1
दंबग	1
अपरिहार्य	1
आग्नेय	1
क्रिमिनालॉजी	1
साइंसेज	1
शुभ्रा	1
सान्याल	1
कट्टा	1
कौशिक	1
व्यावसायी	1
प्रेमजी	1
पायदान	1
वाट्सन	1
श्रेष्ठता	1
हिंदुजा	1
श्रीचंद	1
गोपीचंद	1
सातवां	1
चेलसी	1
अब्रामोविक	1
एलेज़ाबेथ	1
जटानिया	1
प्रसाधन	1
विक्रांत	1
गुलु	1
ललवानी	1
इलेक्ट्रॅनिक्स	1
भिखु	1
फार्मास्युटिकल्स	1
बागरी	1
सुखपाल	1
अहलुवालिया	1
जालसाज	1
नासर	1
ज्यूरी	1
अलीपुर	1
गोंसाल्वेस	1
केजी	1
विक्रमजीत	1
भवानीपुर	1
हितल	1
ड्रामे	1
गोविंदाचार्य	1
मदनदास	1
सरीखा	1
वक्ता	1
आदिग्रंथ	1
गुरूओं	1
सूफी	1
कीर्तन	1
शिक्षाविद्	1
हारून	1
बिग	1
लेबनानी	1
ओरेगांव	1
समी	1
क्राई	1
रेंच	1
बटेर	1
लालबत्ती	1
नवनिर्माण	1
स्वशासन	1
फारमूला	1
बेगुनाह	1
बेकसूर	1
स्वयत्तता	1
सौंपकर	1
नुमाइंदगी	1
कठुआ	1
भिन्नताओं	1
होरडिंग	1
हेरिटेज	1
असैनिक	1
उच्चायोगों	1
जीलानी	1
नियोजन	1
पोलनेट	1
देवास	1
नरंजीपुर	1
परस्त	1
पाश्विकता	1
जैनपोरा	1
सागूहंदामा	1
सुंगन	1
काच्छन	1
निर्ममता	1
रस्सियों	1
पट्टियां	1
कटी	1
धब्बों	1
चिचलीपोरा	1
फैयाज	1
वीरवार	1
आंतकियों	1
मुज्जफरपुर	1
फर्नडिस	1
जिग्मे	1
सिंगे	1
वांगचुक	1
माइन	1
स्वीपर	1
राजपथ	1
सीसीटीवी	1
इनकम	1
प्रवृष्टियां	1
मुद्राएं	1
डिसपेंसरियों	1
फंगस	1
पाँचों	1
इमिग्रेशन	1
क्लीयर	1
जयकरण	1
गबन	1
उमाशंकर	1
कोटिकर	1
साम	1
इंश्योरेंश	1
अथॉरटी	1
हुक्का	1
भैण	1
अड़े	1
रामदिया	1
वधू	1
कडे	1
हाजन	1
पर्रे	1
बचेगा	1
लुटा	1
देबब्रत	1
यूपीआई	1
कुर्द	1
सामरा	1
बहुल	1
ब्रांडॅन	1
सीरियन	1
मर्चेंट्स	1
डिजास्टर	1
सेफर	1
निदर्ष	1
बर्बरतापूर्ण	1
बख्शेंगे	1
पदचिन्हों	1
पूर्वे	1
रजक	1
टीटवाल	1
कामन	1
सबसिडी	1
कराये	1
युद्धवीर	1
एनपीसी	1
ब्रजेश	1
निवृत	1
फर्नॉडीस	1
तिरुपति	1
पंहुचने	1
फोड़े	1
पंहुची	1
एकला	1
चलो	1
रे	1
फोड़ा	1
पचा	1
अंदरुनी	1
इडेन	1
ढकेलने	1
छोड़ेगी	1
देवव्रत	1
महाभारत	1
राजसिंह	1
अपूर्व	1
समीति	1
एसोसिएशनों	1
पुंछी	1
बिगाड़	1
कलईराजन	1
पांडुरंगन	1
फेंकते	1
एयूदीप्पन	1
करुप्पासामी	1
पंडियन	1
कणप्पन	1
डीपीआई	1
सेल्वम	1
नोकझोंक	1
चेंगलपेट	1
रघु	1
सुंदर्शा	1
सुस्त	1
ठुकराते	1
मेराजुद्दीन	1
थपथपाते	1
निष्पक्षता	1
जुंबिश	1
इत्तला	1
बनाएगा	1
पालतू	1
बिल्लियां	1
संपर्कों	1
जुटेंगे	1
पेंगें	1
मिथला	1
इंतजामों	1
फतेहगढ़	1
शहीदी	1
प्राथमिकताओं	1
विश्वविख्यात	1
बॉरलॉग	1
पनाम	1
कोऑर्डिनेटर	1
लगाएंगी	1
बीता	1
मर्तबा	1
छीछालेदर	1
एकबारगी	1
टेबलेट	1
आयोडीन	1
स्टैंडिंग	1
राजशेखरन	1
राममनोहर	1
जंजगीर	1
शिक्षाकर्मियों	1
बर्दाशत	1
नायलेकर	1
होमवे	1
गवडा	1
वैक्प्पा	1
गावड़ा	1
अल्प	1
युगलों	1
शरणगृह	1
पद्धतिओं	1
शरीयत	1
उतारेंगी	1
जाएगें	1
कुछेक	1
धनाढ्य	1
कैरी	1
रोजलिन	1
ग्रेटेल	1
परिसंपत्ति	1
पोलो	1
अंचल	1
दशहरे	1
रिझा	1
कारखाना	1
किफायत	1
सरवरी	1
देवभूमि	1
रद्दी	1
शिवा	1
होटलवाले	1
कायल	1
खानों	1
बर्नरों	1
चूल्हा	1
तंदूर	1
चूल्हे	1
सदैव	1
आयवर्गवालों	1
रत्नों	1
प्रतिबिम्ब	1
सिरवाला	1
गुत्थियों	1
बर्कले	1
करामाती	1
भरनी	1
सोता	1
ढूंढ़ते	1
राक्षस	1
नागोजी	1
सत्यतीर्थ	1
योगेन्द्र	1
कसौटी	1
पंचांग	1
मेघनाद	1
वध	1
चकनाचूर	1
चूहा	1
भोजपुरी	1
परेशानियां	1
चंद्रका	1
मांझी	1
फीताशाही	1
माझी	1
महत्वहीन	1
लगें	1
प्रायोगिक	1
प्लेटफॉर्मो	1
ब्रीडर	1
साफतौर	1
अन्योन्यता	1
रियेक्टर	1
रियेक्टरों	1
पहुंचाए	1
बन्र्स	1
हनोवर	1
सिद्धरमैया	1
खात्मा	1
कुकून	1
मुत्तुलक्ष्मी	1
मीरजी	1
मुंढल	1
पलटकर	1
छतरपुर	1
सिरसा	1
ड्राईवर	1
आंनद	1
बंधने	1
साईकिल	1
शिकारा	1
गुजरे	1
बख्शी	1
लड़कपन	1
यजदी	1
ईयाद	1
कुरान	1
छोड़ूंगा	1
गाजी	1
टप्पन	1
बारहम	1
मिलाया	1
मारवान	1
मुआशेर	1
मितुल	1
कामदार	1
भावपूर्ण	1
स्वरबद्ध	1
अपंग	1
देशभक्ति	1
ओतप्रोत	1
कोकिला	1
रायॅल	1
अल्बर्ट	1
गाया	1
कैसेटों	1
रिकॉर्डों	1
निर्देशिका	1
मुश्ताक	1
प्रतिनियुक्ति	1
कंट्री	1
राजाराम	1
कयासों	1
बहादुरों	1
अमले	1
आईपीएच	1
दिहाड़ीदारों	1
आपरेटर	1
रेंजर	1
फारेस्ट	1
वर्कर	1
साहबों	1
वर्दीधारी	1
ठसक	1
मेम	1
हुक्म	1
बजाने	1
सिंबल	1
फील्डमैन	1
दोतरफा	1
विकासात्मक	1
सर्वसहमति	1
वर्द्धराजन	1
खिलाफी	1
अरंबद	1
इंद्रा	1
करुंगी	1
खातमे	1
लुनावड़ा	1
इनसानी	1
पंडरावड़ा	1
हबीब	1
पनमा	1
पंडरावडा	1
एनजीओ	1
रेडहिल	1
पंडरवडा	1
बुढ़ानपाना	1
चारपाई	1
छिड़ककर	1
छुप	1
मरा	1
लिपट	1
स्क्वायड	1
एक्सपर्ट	1
उंगलियों	1
खालिस्तानी	1
रोकें	1
भड़केगा	1
भराया	1
क्रय	1
विक्रय	1
स्टाम्प	1
रजिस्ट्रारों	1
बकायदा	1
भिजवा	1
एडवांटेज	1
गोइंग	1
होगीं	1
ग्राम्य	1
राजपाल	1
पिछड़ापन	1
रिस्क	1
मुस्ताक	1
रवलपुरा	1
शाना	1
राईफल	1
ट्रांसपेरेंसी	1
जांबिया	1
मलावी	1
मोजांबिक	1
आयकरदाताओं	1
टॉपर	1
तहिलयानी	1
भ्रष्ट्राचार	1
वाँ	1
हव्वा	1
उबरना	1
स्वीकारते	1
पेसरों	1
चलमेश्वर	1
भानू	1
रामचंदर	1
इत्तेहादुल	1
मुस्लमीन	1
असादुद्दीन	1
बाशा	1
मुंसिफ	1
लतीफ	1
सुधरेगी	1
सुचेतगढ़	1
सियालकोट	1
अफजाई	1
खाया	1
नीतिश	1
लालकृष्ष	1
इकाइयां	1
हाहाकार	1
सीएमडी	1
खड़कने	1
ब्रेकर	1
लड़खड़ा	1
फ्रीक्वेंसी	1
एसजीपीजीआई	1
याज्ञनिक	1
भुज	1
उद्घव	1
राज्यव्यापी	1
तेलगुदेशम	1
तामीली	1
गृहसचिव	1
माले	1
जंगम	1
शिवनाज	1
समन	1
उजबेक	1
अब्जर्वर	1
फूफी	1
तंजानियन	1
फिसलकर	1
प्रफ्फुल	1
गीले	1
हैंगर	1
शर्मिंदगी	1
रुकवाने	1
नियाजी	1
संधित	1
स्वीकार्यता	1
गिमिगनानो	1
टस्कन	1
भूमंडलीयकरण	1
टोही	1
बांग्लादेशियों	1
रैगनार	1
हकीकतों	1
जीआईएस	1
हाशिए	1
पेरेंट्स	1
मेंटेनेंस	1
सहचर	1
बुद्धदेब	1
दिलाना	1
डिवॉन	1
देहावसान	1
कैथोलिक्स	1
उत्तराधिकारियों	1
नाईजीरिया	1
एरियांजे	1
डियॉज	1
होंडूरन	1
रोड्रिग्ज	1
बहुभाषाई	1
पुर्तगीज	1
सुधारना	1
पंचवर्षीय	1
उबारा	1
धड़कन	1
कहलां	1
सूर्या	1
पैडर	1
फ्लैटों	1
कागजात	1
होम्यो	1
विशाखापट्टनम	1
वैगन	1
उमाकांत	1
लॉकरों	1
मजहब	1
दांव	1
पेंच	1
लामबंदी	1
पयर्टक	1
खर्चीलापन	1
सपाटे	1
लिमन्यो	1
बेफिक्र	1
राकांपा	1
निर्धनों	1
नज़रिया	1
श्रवण	1
रामनरेश	1
पुनर्निर्धारण	1
तल्खी	1
पितातुल्य	1
दीनदयाल	1
आदर्शो	1
मापदंडों	1
अधिकर	1
गुजरते	1
बिलकिस	1
आरोपित	1
पाखंडपूर्ण	1
कराएगें	1
काशीराम	1
भुलाकर	1
सुधरे	1
साइकिल्स	1
प्रोमिला	1
इस्सर	1
मोटरसाइकिल्स	1
लाव	1
होंडाकर्मी	1
असामाजिक	1
मजूदर	1
मुबारकबाद	1
यूकिहीरो	1
ओशिया	1
माद्यायोकी	1
काटो	1
आईआर	1
कांट्रैक्ट	1
आमसहमति	1
हंसुभाई	1
बीएचपी	1
बिलिटन	1
ईरानियन	1
एक्सपोर्ट	1
एनआईजीईसी	1
बरतें	1
डाकघरों	1
शतरंज	1
बब्याल	1
गड़ी	1
मलेरकोटला	1
निरंतरता	1
उछलती	1
होंठ	1
हिलते	1
धुंधला	1
मारिसिशियन	1
बढ़ें	1
मेलजोल	1
फ्रीका	1
सांसत	1
महारथियों	1
निपट	1
मेजबानों	1
मुजाहिरा	1
बैटिंग	1
अब्दुर	1
लेग	1
कुर्बान	1
लवरेज	1
संभलकर	1
फरहत	1
हाफ	1
स्थितियां	1
बोतलबाजी	1
एटीएफ	1
बोतल	1
सांगवान	1
वैंकया	1
हेमा	1
मालिनी	1
गवारा	1
कसूरवार	1
कैलाशपति	1
दहल	1
उमड़ी	1
चुनौतीपूर्ण	1
स्क्वॉड	1
भटकाने	1
पीसीओ	1
कॉलों	1
समुराई	1
हममें	1
प्रतिबद्घताओं	1
सोचें	1
जन्मदिवस	1
कसीदे	1
काबिलेजिक्र	1
पारसी	1
मेहरबाई	1
रीना	1
आशुतोष	1
गौरीकर	1
रोमांस	1
महाबलेश्वर	1
मंगाकर	1
खिचाव	1
रिलैक्स	1
प्लॉजो	1
हूयजेंस	1
वलयों	1
रिंग्स	1
विशालकाय	1
पासाडेना	1
प्रोपलशन	1
उछल	1
बृहस्पति	1
चंद्रमाओं	1
प्लनेटरी	1
डीवीडी	1
नेक्स्ट	1
जेनेरेशन	1
पैट्रिक	1
स्टीवर्ट	1
चक	1
नोरिस	1
फिलस्तीन	1
टैस्ट	1
लेफ्ट	1
विश्वासपात्र	1
हथिया	1
आक्रोश	1
एसपीसीसी	1
आसांगथांग	1
अनंतमूर्ति	1
राजस्थानी	1
कथाकार	1
विजयदान	1
देथा	1
चेलिशेव	1
उपलक्ष्य	1
उद्घधाटन	1
अनेकता	1
अद्वितीय	1
पौत्री	1
शिल्पी	1
क्वात्रा	1
लाइफटाइम	1
बांग्ला	1
मंदाक्रांता	1
होस्केटे	1
नीलाक्षी	1
महत्तर	1
कुर्रतुलऐन	1
हैदर	1
विनायक	1
करंदीकर	1
सोबती	1
विद्यानिवास	1
जयकांतन	1
खेलचंद्र	1
गुंटूरू	1
शेषेंद्र	1
राही	1
छात्राएं	1
नेत्रहीन	1
उड़न	1
डीएल	1
डीडीवाई	1
भीलवाड़ा	1
अंडरवियर	1
बनियान	1
स्टीकरों	1
हिफाजत	1
चाक	1
चौबंद	1
तामझामों	1
चाणक्यपुरी	1
परिंदा	1
ठहरेंगे	1
गुजरेगा	1
हेलिकॉप्टरों	1
हेलिकॉप्टर	1
मंगाए	1
विदेशयात्रा	1
घसीटना	1
विशाखापत्तनम	1
जमशेदपुर	1
खिलाने	1
एसीसी	1
मनमुटाव	1
म्यूनिख	1
ऐड्रस	1
पतों	1
वायरसों	1
स्कैनरों	1
खोलें	1
बटर	1
नॉनवेज	1
लॉरा	1
लजीज	1
कोरमा	1
फिश	1
करी	1
केवेज	1
पाइन	1
एप्पल	1
विद	1
फ्रेश	1
सिजनिंग	1
ब्रॉकली	1
सूप	1
मूंग	1
हलवा	1
मेंटीनेंस	1
बतायी	1
निर्धारकों	1
सुशोभा	1
डीपीजी	1
बाल्टिस्तान	1
गिलगिट	1
प्रतिबद्घ	1
दीर्घकाल	1
युवतियों	1
पहनती	1
असहिष्णुता	1
फैलती	1
उत्तरार्द्घ	1
राजेंद्रन	1
देवदास	1
नवचेतना	1
पुनरीक्षण	1
तमिलों	1
बागमती	1
सुस्ता	1
छनखन	1
असीम	1
सरीखे	1
कारनेगी	1
बटलर	1
नेपचून	1
टैक्सास	1
बारबरा	1
मैकार्थर	1
दयानिधि	1
आप्टिकल	1
दुरूह	1
खानाबल	1
लोलाब	1
अड़कर	1
उद्धधाटन	1
एअरोनॉटिकल	1
एडीए	1
खांमियों	1
करेगें	1
सैद्घांतिक	1
कार्यान्वयन	1
फतल	1
धमकियां	1
शरणस्थली	1
नबील	1
वीआरसी	1
गांववालों	1
एडुसेट	1
रिसोर्ससेट	1
जानकारियाँ	1
सजाएंगे	1
पट्टिनाचेरी	1
कलंकित	1
दानकर्ताओं	1
उजड़े	1
लखेड़ा	1
सुव्यवस्थित	1
चलाऊ	1
बगीचे	1
जैनापोरा	1
आदिल	1
ऊधमपुर	1
महोरे	1
डुंगा	1
देड्डी	1
इजाज	1
बाली	1
सजाद	1
तृंगा	1
डुंग	1
डूरु	1
सौरबाठी	1
पंझधार	1
हायर	1
सेंकेण्ड्री	1
चपरासी	1
तृंगई	1
सोनौल्ला	1
जीरा	1
जख्मों	1
जुगाड़	1
दुखों	1
ओंकार	1
थापर	1
मत्था	1
टेका	1
सिरोपा	1
मुंहतोड़	1
मचियाल	1
हलाल	1
बांदीपोरा	1
रिशिपोरा	1
दियालगाम	1
हिज्बुल	1
मक़बूल	1
वागे	1
कटरासू	1
निफ्टी	1
बाज़ारों	1
ख़रीदारी	1
क़रीबी	1
मेवात	1
नीरजा	1
रौनकीराम	1
रिसाल	1
रौनकी	1
सालिंस	1
रामपाल	1
नूरन	1
छतेहरा	1
समता	1
लाइसेंसी	1
शिवलाल	1
लूटी	1
झेलना	1
बर्फीली	1
उधम	1
सुखबीर	1
भिखारी	1
डूबा	1
एडीशनल	1
सेफ	1
स्ट्रकचर	1
जोधबपुर	1
गंगानगर	1
आयोगों	1
लटकाए	1
स्थितियाँ	1
पहुंचाएगा	1
पछुआ	1
पूर्वा	1
मुड़	1
घनीभूत	1
कुमायूं	1
फतेहपुरी	1
मुकर्रम	1
पसंदी	1
रखीं	1
कॉउसिंल	1
इरान	1
जिद्द	1
आउटसोर्सिंग	1
उल्लंधन	1
उड़ेंगी	1
एसजी	1
एमजी	1
नाइत्तेफाकी	1
जैनुर	1
राशिदीन	1
शफीकुर्रहमान	1
कासमी	1
फायदों	1
मुफ़ती	1
जुल्फिकार	1
मयारी	1
आएंगी	1
कार्यकलापों	1
प्रयोगशालाओं	1
मास्टरों	1
जैट्रोफा	1
धमक	1
ढ़ाई	1
मनगढ़ंत	1
सिनेमाघर	1
माँगे	1
शोलों	1
झुलसते	1
विकराल	1
आरएएफ	1
रोडवेज	1
फूंकने	1
डालीं	1
दुस्साहसिक	1
पुलिसबल	1
केला	1
ज्वालापुर	1
चढ़त	1
दूल्हे	1
वरमाला	1
फेरों	1
रस्म	1
छुड़वाया	1
कुसारी	1
अंधेरा	1
क्रोधित	1
हंडिया	1
अंजनी	1
स्लीपर	1
पुआल	1
फंसी	1
गुरमीत	1
एडीजीपी	1
सालाकोट	1
अघीक्षक	1
भुयान	1
गोसाई	1
इंटर	1
फेस्टिवल	1
दीफू	1
घेराव	1
आईआरबी	1
भौंडसी	1
ब्लादीमिर	1
उठेंगे	1
अमानुल्ला	1
जादून	1
थोरियम	1
तुर्केमिनिस्तान	1
टीएपी	1
जाही	1
आक्रोशित	1
रोको	1
विरार	1
वसई	1
मुंब्रा	1
तामिनी	1
शेल्का	1
मारोती	1
सावंत	1
हरिश	1
गोरखनाथ	1
जमाकर	1
हिचकिचाहट	1
कुचलकर	1
चिनाब	1
बग्गा	1
अज़हर	1
लाइन्स	1
शबाना	1
रेशमा	1
साऊथ	1
ताहेर	1
मर्चेंट	1
करीमुल्लाह	1
क्षत्री	1
फिरोज	1
गाज़ी	1
हाजी	1
क़ादरी	1
हाज़ी	1
ननकाना	1
नईम	1
अक़बर	1
एजार	1
जगतार	1
रेख	1
वास्तु	1
मुवक्किल	1
निपटाए	1
लीड्स	1
ब्रैडफोर्ड	1
एयरबस	1
माईक	1
रूटर	1
वीभत्सता	1
नौसैनिकों	1
लथपथ	1
लेटे	1
जूता	1
बेंडर	1
नेवल	1
सर्वेयरों	1
लगाएंगे	1
प्रलयंकारी	1
पृथ्वीस	1
अक्षांस	1
हाइड्रोग्राफी	1
आफिस	1
ओसियनग्राफी	1
दानवी	1
मूंगे	1
उवर्रता	1
इकोलॉजी	1
सेक्रेट्री	1
सिमरनजीत	1
घरौंदा	1
मगरमच्छों	1
ज्योतिरादित्य	1
नाराज़गी	1
समवन्य	1
चतुर	1
कूपन	1
तल्ख़	1
सखा	1
लेंगें	1
मंत्रिस्तरीय	1
फ्रेट	1
कॉरीडोर	1
कुंवर	1
गिरजा	1
साजिशकर्ता	1
अकाट्य	1
अपीलों	1
पीपी	1
नावलेकर	1
षड्यंत्रकारी	1
रचे	1
जबाव	1
सुपौल	1
डाल्टेनगंज	1
सिबसागर	1
जमाराशि	1
सुधारते	1
तानाशाही	1
ज्योतिषि	1
आवेदक	1
नक्षत्र	1
पूर्वाभासी	1
लग्न	1
गोचर	1
कमियों	1
डाटा	1
उछलते	1
डिपॉजिट	1
फेवरिट	1
वैल्यूड	1
एआईएम	1
इनवेस्टमेंट	1
हर्षवर्धन	1
जोह	1
बुल्स	1
बियर्स	1
क्रमिक	1
कमोवेश	1
अंडरवैल्यूड	1
गब्र्याल	1
बचें	1
लॉंच	1
एनएवी	1
फायनेंशियल	1
कंसलटेंट	1
चुनें	1
बरपाना	1
सेल्यिसस	1
कंपार्टमेंट	1
विषयवार	1
धर्मार्थ	1
डोमेन	1
बही	1
आईएसओसी	1
विल्ज	1
बढ़ेंगे	1
इरादों	1
एनॉलिसिस	1
विएना	1
एजंसियां	1
परिवारिक	1
आस्ट्रियन	1
प्राइवेसी	1
पांडा	1
जगतसिंह	1
भांज	1
बिफरे	1
जेई	1
खुलवा	1
भांजकर	1
भगा	1
थानेसर	1
धुनाई	1
पिहोवा	1
सैयदां	1
अधीक्षण	1
केवी	1
इंडोर	1
कूलर	1
सुजीत	1
क्लोजर	1
जीपीएस	1
कंवजेस	1
आकंलन	1
परपेंडीकुलर	1
एक्यूट	1
एंगिल	1
उठतीं	1
राजरानी	1
सीरियलों	1
याद्दाश्त	1
अम्बेडकर	1
मुड़कर	1
व्यामोह	1
कुहासे	1
छांटने	1
दिखाएं	1
सीवेज	1
अवशिष्ट	1
गिरना	1
निजात	1
कोऑपरेशन	1
जेबीआईसी	1
इस्टीमेट	1
नेटसर्फिंग	1
हॉबी	1
समझिए	1
मनमोहक	1
समझो	1
लगाइये	1
सलेक्ट	1
एंटर	1
दबाएंगे	1
ग्रीटिंग	1
रिसीवर	1
भठेजा	1
याहू	1
वर्जन	1
करवाए	1
ओडीबल्स	1
मनपसंद	1
एमबीए	1
एजुकेशनल	1
एप्टीट्यूड	1
पाठ्यक्रमों	1
मिनिस्ट्री	1
ह्यूमन	1
एआईएमए	1
चैपिंयनशिप	1
ब्राजिलियन	1
स्ट्राइकर	1
लिमा	1
बागान	1
स्पोर्टस	1
होनहार	1
मोहनबागान	1
गोलची	1
सुब्रत	1
लपके	1
कोहनी	1
टकराई	1
होसमट	1
सत्यप्रकाश	1
चूकेगी	1
खेमेबंदी	1
दुस्साहस	1
पहुँचना	1
माउंटव्यू	1
ठहरी	1
उल्लेखीय	1
जलमे	1
फिज़ूल	1
दावेदारी	1
आदिस	1
अबाबा	1
खेदजनक	1
खोदने	1
मज़दूर	1
सुनिश्चिचत	1
आंगन	1
बाड़ी	1
रोजगारों	1
उगाया	1
कपास	1
स्त्रोत	1
उद्यमियों	1
र्बैकों	1
करानी	1
इकनॉमिक्स	1
स्टडीज़	1
जेएनयू	1
मैरी	1
अंबेडकरवादी	1
परिर्वतन	1
भीमराव	1
दार्लंग	1
हिंदूवादियों	1
तिरलोचन	1
ब्रोकर	1
लबानिया	1
अमीषी	1
हॉस्टल	1
चौकस	1
मथ	1
सद्भाव	1
सुरक्षातंत्र	1
ठन	1
घटते	1
निर्मली	1
मिथिलांचल	1
सियाल्दह	1
जनसेवा	1
कंपटीटिव	1
बिडिंग	1
जूहु	1
बाँधने	1
हॉस्पिटेलिटी	1
बतरा	1
हॉस्पिटैलिटी	1
सर्विसेज़	1
अनुपूरक	1
लाभों	1
आलेख	1
अभिशप्त	1
सशर्त	1
बाध्यताओं	1
आकांक्षाओं	1
वर्ना	1
बढ़ाएगा	1
याशुकुनी	1
दीर्घावधि	1
ढाँचा	1
अड़चन	1
शोयची	1
नाकागावा	1
सदाकाजू	1
तानीगाकी	1
हेयजो	1
ताकेनाका	1
ताकायोशी	1
तसुदेना	1
जुनीचीरो	1
गोविंदघाट	1
हेमकुंड	1
धामों	1
विष्णुप्रयाग	1
धौली	1
अलकनंदा	1
नंदाकिनी	1
पिंडर	1
रामगंगा	1
इतिहासविदों	1
प्लेटिनम	1
रत्नाकर	1
वीरेन्द्र	1
ज़हीर	1
इरफ़ान	1
महारथी	1
लागोस	1
जीआईएचल	1
हथियाना	1
अजाओकूता	1
प्रोवाइडर	1
लिमिन्को	1
लाइबेरियन	1
माइनिंग	1
कॅलिन	1
पॅवेल	1
वासुदेवन	1
अलोकप्रिय	1
सिद्धि	1
सोवियत	1
विघटन	1
हौवा	1
बरपाया	1
मचे	1
विश्वस्तरीय	1
खुलेगा	1
मसविदे	1
बदलें	1
उतरती	1
ग्रेगरी	1
क्रेग	1
शक़	1
तुक़	1
शयनयान	1
आइवरी	1
हटाएंगे	1
परपौत्र	1
हँसमुख	1
एकाधिकारवादी	1
अहिंसावादी	1
अलगाव	1
कुश	1
कुशावती	1
मल्	1
लों	1
प्राचीनकाल	1
धर्मावलंबियों	1
लुंबनी	1
बोधगया	1
सारनाथ	1
विशद्	1
ह्वेन	1
फाह्यान	1
इत्	1
सिंग	1
यादा	1
तत्	1
पुरातत्	1
ववेत्	1
कर्निंघम	1
भव्	1
प्रवेशद्वार	1
हूबहू	1
प्रतिकृति	1
भग्	1
नावशेष	1
अशोककालीन	1
अलौकिक	1
बोधि	1
चिरनिद्रा	1
महाजनपदों	1
मों	1
इन्	1
हीं	1
वाशिंदों	1
अर्द्धगोलाकर	1
बुद्धकालीन	1
वस्	1
तुएं	1
धातुएं	1
सिक्	1
सौजन्	1
विस्	1
वरूप	1
जातक	1
फव्वारा	1
बतख	1
बँधी	1
घंटियाँ	1
सुरम्	1
जलमंदिर	1
नं	1
थित	1
टेशन	1
जंक्	1
शन	1
कसया	1
आरामदायक	1
लोटस	1
निक्	1
रेसीडेंसी	1
धर्मशालाओं	1
युगांतर	1
शरणस्थल	1
मुनियों	1
साधक	1
परिव्राजकों	1
महामंदिर	1
यत्र	1
तत्र	1
सिरंगा	1
पुष्पकुंज	1
दूब	1
खंडों	1
फोड़कर	1
झरनों	1
फव्वारों	1
समेटे	1
उद्दाम	1
हिमशिखर	1
मृत्युलोक	1
झाँकने	1
झरोखा	1
गौरीकुंड	1
कटवाँ	1
शिलाखंडों	1
शिलाखंड	1
भूरे	1
कोनों	1
सुदृढ़	1
प्रदक्षिणा	1
पोली	1
मंडप	1
स्तंभों	1
गवाक्षों	1
ईशान	1
मातृकाएँ	1
निःसंदेह	1
नाकविहीन	1
चौर	1
विसर्जन	1
जेद्दा	1
चंद्रशेखरेंद्र	1
यज्ञों	1
मंत्रों	1
आहुति	1
कलश	1
पीठाधिपति	1
स्वर्णाहल्ली	1
आदिस्थानम	1
बाजारोन्मुखी	1
बासुदेव	1
ट्रैकों	1
स्वपोषित	1
नियुक्तियों	1
हलधर	1
नरसिम्हन	1
जनशिकायतों	1
कार्यक्षम	1
बेदाग	1
जेएमएम	1
महाभियोग	1
उतने	1
एसेस	1
डेफिसिट	1
टेलिसर्विस	1
फ्लैश	1
अनबिलिवेबल	1
मुददे	1
दरियादिली	1
माखन	1
भवें	1
जेडीयू	1
जीवनयापन	1
पवित्रता	1
निस्वार्थ	1
कुचले	1
सकूंगी	1
टर्न	1
अवर	1
न्याययिक	1
चस्पा	1
निरक्षरता	1
निरक्षर	1
साक्षर	1
तोड़ना	1
दूंगा	1
द्रास	1
तोलोलिंग	1
ब्रितानी	1
बयार	1
फुरसत	1
राबर्ट	1
हैलीपेड	1
पापा	1
तयशुदा	1
फ्लावर	1
फासले	1
रिहाइश	1
छुट्टियां	1
ओझल	1
देवदार	1
क्षणों	1
स्मृतियों	1
बहुतेरे	1
कल्याणी	1
हिदायतें	1
हसरतें	1
खुर्राट	1
नितांत	1
चाह	1
पीसीसी	1
वढ़ेरा	1
हामटा	1
रोहतांग	1
लद्दाखी	1
देऊ	1
चंद्रखणी	1
जोत	1
पतालसु	1
ब्यास	1
शिरघण	1
तुंग	1
शलीणधार	1
फ्रेंडशिप	1
भीगकर	1
बूंदों	1
सेब	1
बिजाई	1
इंद्रदेव	1
बौछारें	1
ड्रिलबु	1
संमजोतर	1
कामिकोटि	1
दूरभाष	1
विमलेंद्र	1
खालिक	1
अल्लामा	1
असगर	1
मंथन	1
जमील	1
इलियासी	1
मजहरी	1
कल्वे	1
रुशेद	1
हेलाल	1
मौलानाओं	1
नदवी	1
शासकीय	1
करवाकर	1
सदस्यगण	1
वेतनभोगी	1
माक्रो	1
इकॉनामिक	1
फ्रेमवर्क	1
फिस्किल	1
रोलिंग	1
टॉरगेट	1
एफआरबीएम	1
मुद्रास्फीती	1
अधिभार	1
मालों	1
द्वेषपूर्ण	1
फॉर्मूले	1
जीएसएम	1
क्लोनिंग	1
तिमंजिला	1
गाल	1
दमकलकर्मियों	1
यमुनापार	1
अंतःवस्त्र	1
थिनर	1
स्पार्क	1
मिनटों	1
खलबली	1
उतारकर	1
मुर्दाघर	1
मधुप	1
भैंरो	1
मंगलोर	1
कृष्णमूर्ति	1
प्रधानाचार्य	1
सीरीज़	1
सिंबायोसिस	1
प्रसन्न	1
लाइसैंस	1
अरसे	1
रोहन	1
गावस्कर	1
हेमांग	1
बदानी	1
लक्ष्मीपति	1
बालाजी	1
यमुनानगर	1
छछरौली	1
प्राथमिकताएं	1
घ्यान	1
तसवीर	1
झेलने	1
राजकोषी	1
छूमंतर	1
स्फीति	1
वचनबद्धता	1
अर्थवयवस्था	1
एयरोनॉटिक्स	1
एरोस्पेस	1
कैलिबर	1
हॉविटजर	1
चैरीटेबल	1
विजेन्द्र	1
बीपीएल	1
माँगेगा	1
भराकर	1
लगवाएँ	1
निशुल्क	1
एस्कॉर्टस	1
एमकेडब्ल्यू	1
मैमोरियल	1
फातमी	1
कुमकुम	1
वीरचंद	1
प्रत्यक्षदर्शियों	1
नवांशहर	1
भागा	1
भागे	1
दौड़ाकर	1
कनपटी	1
कंटीली	1
नियंत्रकों	1
मॉरीशस	1
ओमान	1
घाना	1
उजबेकिस्तान	1
अधिकरणों	1
इन्फॉर्मेशन	1
सिस्टम्स	1
दोषारोपण	1
साँठ	1
गाँठ	1
इज्जत	1
ग्लेनईगल्स	1
मैकक्लेलन	1
शिराक़	1
छेड़े	1
जेसीओ	1
मज़हबी	1
लाईट	1
इनफेंट्री	1
तालाचीड	1
जबावी	1
नाबार्ड	1
फिजीशियंस	1
ऑरिजिन	1
एएपीआई	1
मैरीलैंड	1
लैनहम	1
ईएमएस	1
रहन	1
परिसंपत्तियाँ	1
पंजी	1
स्कॉर्पियो	1
बहुउद्देशीय	1
फायरपॉवर	1
दौड़ाई	1
बिज्र	1
लग्जरी	1
सेगमेंट	1
घटाया	1
सिएल	1
आव्रजक	1
थानान्तर्गत	1
जेरामाई	1
आव्रजकों	1
कायरतापूर्ण	1
कृत	1
डॉक्टरेट	1
मानवीयता	1
नफील्ड	1
फिल	1
डकैत	1
परिहार	1
इटावा	1
पापों	1
काशी	1
करूँगी	1
अदम्य	1
कारनामों	1
रचाई	1
टुडे	1
सामंतवाद	1
कल्पनात्मक	1
गुरुद्धारा	1
बायोटेक्नोलॅजी	1
नईस	1
सिराजुल	1
इसलाम	1
बीएलपी	1
स्टूडेंट	1
टेक्नालॅजी	1
छिपी	1
महाविनाश	1
गार्जियन	1
इस्त्राइल	1
अलबरदेई	1
सैन्यकर्मी	1
गोताखोर	1
वेली	1
बोक्किल	1
विद्याधरन	1
अमनदीप	1
गर्ग	1
यांत्रिक	1
पोआरी	1
बागवानों	1
नगदी	1
स्पैन	1
भाग्यशाली	1
प्रभाकरण	1
मुगेसकेटी	1
संजीवन	1
प्रत्यक्षदर्शी	1
नुखू	1
टाशी	1
डुनडुप	1
पंचकूला	1
हुसैनबाद	1
बंदूकों	1
आवाजें	1
गूंजा	1
उरूसा	1
तांगे	1
कोसते	1
भावविह्वल	1
सुलेमान	1
जशन	1
मंडलीय	1
मित्रतापूर्ण	1
अप्रसन्नता	1
गीतों	1
पॉपुलर	1
हेलियोथैरेपी	1
ओजोनथैरेपी	1
ट्रेंडी	1
योगाभ्यास	1
पंचसितारा	1
नूडल्स	1
परोसा	1
कटारिया	1
हास्य	1
बीट	1
लय	1
लहराया	1
अगरबत्ती	1
परफ्यूम	1
बिखेरकर	1
मॉर्निंग	1
वॉक	1
जगे	1
पनप	1
सैलून	1
योगिलेट	1
वीएलसीसी	1
क्षेत्रवार	1
हटती	1
बंदिशें	1
राष्ट्रहित	1
परंपराएं	1
शर्ट	1
शॉर्टस	1
फूटी	1
हिलने	1
पूर्वाभास	1
जीनवशैली	1
भाले	1
सूअरों	1
भारतवासियों	1
पीकर	1
आदी	1
असहमत	1
स्ट्रैट	1
स्पोर्ट	1
बेचैन	1
मिक्सलैंड	1
बंधा	1
रेजिडेंट्स	1
शत	1
कंफेडरेशन	1
कन्फेडरेशन	1
लाभदायी	1
सलाहों	1
मंदी	1
इश्यू	1
परखा	1
दायित्वों	1
ढाँचागत	1
आरआईडीएफ	1
वाटरशेड	1
पॅलिसी	1
मंचों	1
खामियाँ	1
गड़बड़ियाँ	1
मिटाया	1
कल्पनाओं	1
फर्टीलाईज़र	1
अमादलपुर	1
ताकता	1
नाथन	1
पापुलर	1
स्वामीनाथन्	1
अपार	1
फोडर	1
क्रॉप्स	1
मंसूरियन	1
राइफलें	1
छिपकर	1
हथगोला	1
ईल्म	1
महफूज़	1
अटकलें	1
वेलुपिल्लई	1
पोट्टू	1
जाफना	1
मुलातिवियू	1
अफवाहें	1
ब्रॉडकास्टिंग	1
शरारत	1
दैवी	1
संदागिरी	1
भृगुकुमार	1
बृंदाबन	1
खारगुली	1
गमर	1
विमुक्ति	1
पेरामुना	1
अबुझमादिया	1
अबुझमाद	1
धरातल	1
ग्रेडों	1
कठिनाईयों	1
निषेधात्मक	1
एमएफएन	1
आंतकवादी	1
लिखता	1
हुमायूँ	1
कुप्रभावित	1
अवरोधों	1
निर्यातकों	1
जेलमंत्री	1
भुगतने	1
फुलवारी	1
हेर	1
आगोश	1
फिशरमैन	1
विवेकानंदन	1
पुतुपुत्तिनम	1
तुतिकोरिन	1
फिशरीज़	1
पालिकाओं	1
सिकंदराबाद	1
वेलिंगटन	1
दुष्परिणामों	1
दमनात्मक	1
घुटते	1
जनांदोलन	1
आयोजक	1
नाबिद	1
शंका	1
रीफ्यूलर	1
रीफ्यूलिंग	1
भरेंगे	1
वायुसेनाकर्मी	1
बेबाकी	1
दूरदर्शिता	1
संघर्षो	1
उझवुर	1
तंगी	1
वैद्यन	1
कोट्टायम	1
इंटरमीडिएट	1
लेक्चरर	1
घूमा	1
जेआरडी	1
इकोनॅमिक्स	1
ओट्टापलम	1
गाशकोव	1
ट्रेनर	1
फॉल्कन	1
लटके	1
अटके	1
सर्राफा	1
बहुमूल्य	1
औंस	1
टंच	1
उछलकर	1
गिन्नी	1
बदनाम	1
कर्ताधर्ता	1
टोकाटाकी	1
उछाली	1
गुटखा	1
रसिकलाल	1
माणिकचंद	1
ईवीएम	1
मिट	1
प्रधानंमत्री	1
मेजें	1
काब़िज़	1
कार्रवाईयां	1
चलतीं	1
गड़बड़ाए	1
सोहन	1
निभाएंगे	1
कटाक्ष	1
आश्वासनों	1
चुटकी	1
रवींद्रनाथ	1
टेगौर	1
ठहाकों	1
पैकेजों	1
बीएड	1
कुंडा	1
भैया	1
शैलेन्द्र	1
बिंदेश्वरी	1
सीएन	1
जिलाध्यक्ष	1
सियाराम	1
सुनाएगी	1
हस्तीमल	1
आंग्रे	1
गोवर्धन	1
घोरा	1
फार्महाउस	1
धर्मग्रंथ	1
अप्रिय	1
बशारत	1
सम्मानपूर्ण	1
अलापते	1
बांधना	1
किरानदुल	1
हिरोली	1
अमोनियम	1
एसएलआर	1
जुदुम	1
बारगढ़	1
बस्तर	1
कोट्टाचेरू	1
जशपुर	1
अरा	1
उलटी	1
अन्याय	1
बाहिनीपति	1
सुनेंगे	1
क्विक	1
राजधानियों	1
नेदुमबास्सेरी	1
धर्मों	1
देखता	1
खौफजदा	1
संदेहास्पद	1
डेकर	1
एस्टोन	1
गुजारनी	1
डिस्ट्रिक्ट	1
चाइनीज	1
आकलैंड	1
खिड़कियां	1
अलफराक	1
कल्चरल	1
हेलेन	1
राष्ट्रद्रोही	1
प्रवीन	1
लौहपुरुष	1
भत्तों	1
किश्तों	1
लौटाना	1
राष्ट्रीयकृत	1
दिलाएगा	1
पसर्नल	1
भड़कने	1
छिंगमारोंग	1
कोंगबा	1
सेंटूर	1
मूल्याँकन	1
एचसीआई	1
महानियंत्रक	1
फारवर्ड	1
हिना	1
सहाब	1
शम्सुद्दीन	1
प्रतापपुर	1
कारतूसों	1
राजद्रोह	1
वायलार	1
कहलाएँगे	1
एमओआईए	1
खुलेंगे	1
कराके	1
दिलाएगी	1
जनप्रतिनिधि	1
नमो	1
क्षीर्ण	1
परती	1
प्रियदर्शिनी	1
वृक्ष	1
नक़द	1
नरेंद्रन	1
जानकी	1
अम्माल	1
टीआरएफआई	1
जमालुद्दीन	1
भगवती	1
मैदीनी	1
समयबद्ध	1
चुकाने	1
गोल्डस्मिथ	1
डेजर्टेड	1
जाएँगी	1
फाईनल	1
चेकअप	1
रिलीज़	1
कृश	1
ब्लफ	1
तुसी	1
फरहान	1
ज़ीनत	1
अमान	1
निभाएँगी	1
जानारेड्डी	1
काँफ्रेंस	1
गुग्गुल	1
भीम	1
भीमशिला	1
भैरवनाथ	1
क्षेत्रपाल	1
भूमिदेव	1
सोनप्रयाग	1
जनश्रुति	1
तपस्या	1
नूतन	1
ब्रह्म	1
धूनी	1
जलती	1
किंवदंती	1
ग्रीष्म	1
महापर्व	1
पड़वा	1
ऋतु	1
जलता	1
उठाती	1
ससम्मान	1
दंडी	1
ऊखीमठ	1
बैंडबाजे	1
कोलकातावासी	1
दुर्गादेवी	1
राशमोनी	1
कथाएँ	1
अपमानित	1
क्रोध	1
ध्वंस	1
अँगूठे	1
नकुलेश्वर	1
टेराकोटा	1
महापूजन	1
शक्तिरूपी	1
गहनों	1
विवेकानंद	1
बीबीडी	1
रासमणि	1
श्रद्धापूर्वक	1
पंखुड़ियाँ	1
परमहंस	1
प्रवचन	1
मंजिलों	1
सुन्दर	1
आकृतियाँ	1
दक्षिणा	1
नट	1
दालान	1
अटचाला	1
शियालदाह	1
हाउराह	1
साइकल	1
बाथ	1
चचेरा	1
पेट्रियॉटिक	1
कुर्दिस्तान	1
रामदी	1
सम्पर्क	1
महमद	1
सहेजने	1
श्राईन	1
पिघलने	1
संरक्षा	1
भौतिकशास्त्री	1
नयन	1
रॉन	1
अलबामा	1
हेंसविले	1
पलटवार	1
बाउंसर	1
रक्षात्मक	1
गरमपंथियों	1
नरमपंथ	1
हारी	1
झुकाने	1
मौजदूगी	1
खटकती	1
गुरेज़	1
नाक़ामयाब	1
फाँस	1
बाँटने	1
कलयुग	1
शकुनी	1
धीरू	1
चमचे	1
चेला	1
चाटुकारों	1
बचके	1
रहो	1
आँच	1
इयाद	1
मलेक	1
दांगी	1
उत्पादित	1
मेगावॉट	1
क़ायदे	1
मकड़जाल	1
इलेक्ट्रॉनिक्स	1
जूट	1
मैटल	1
बंदिशों	1
प्लांटों	1
जरूरतभर	1
बचेगी	1
कैडेट	1
षडयंत्र	1
ढ़ाँचे	1
पहुँचाना	1
सम्मानपूर्वक	1
शिवहर	1
नरमदेश्वर	1
रोसड़ा	1
बँटवारे	1
गारोहिल्स	1
कोर्टमार्शल	1
बेंगलोर	1
हकीक़त	1
दूरियाँ	1
रिमोर्ट	1
बचता	1
खिल्ली	1
उड़ाई	1
बटोरने	1
उगलने	1
चौकन्ना	1
जुल्म	1
चेतना	1
बदनामी	1
बंधुआ	1
मंतव्य	1
पैनी	1
सुनाएगा	1
गहमा	1
गहमी	1
तकरार	1
बालासुब्रह्मण्यम्	1
उत्तमराजा	1
बदसलूकी	1
टाईप	1
अंगूठे	1
स्टूल	1
दिनकरण	1
यदुनाथ	1
बुलावा	1
जिलाध्यक्षों	1
ऑर्गिनाइजेशन	1
खेरा	1
टूलकिट	1
कोरपोरेशन	1
बौंड	1
अंतुले	1
नागालैंडा	1
लक्षद्वीप	1
अल्पसंख्या	1
नुमाइंदें	1
हेमरेज	1
तलाशना	1
क्लॉट	1
वयोवृद्ध	1
एसजीजेसी	1
रेजिडेंट	1
अजवंत	1
विरमानी	1
दाखिलों	1
तरनतारन	1
अजनाला	1
कोर्सों	1
झूल	1
खोटी	1
रोजी	1
सद्गोपाल	1
उदासीनता	1
डिग्रीधारी	1
बिंदुओं	1
बीटीए	1
मेट्रोपॉलिटन	1
ड्राईवर्स	1
सीएमटीडीयू	1
करजाट	1
मुन्नाभाई	1
सूज	1
सहरावत	1
नागर	1
जनसभाएं	1
टेलीग्राम	1
रीजनल	1
आश्रित	1
आशु	1
रैलियाँ	1
ज्वलंत	1
आसन्न	1
घटनाचक्र	1
सिरा	1
सभामंच	1
तैश	1
पलटा	1
छींटाकशी	1
मंत्रिगणों	1
डेलिगेट्स	1
किसानी	1
जुमलेबाजी	1
अंपायर	1
शकूर	1
रामाराव	1
फलतः	1
मेधावी	1
लेजिस्लेटिव	1
तेलगुदेशम्	1
तेदेपा	1
बुद्धिजीवियों	1
दलगत	1
क्षत्राणियाँ	1
बाँधकर	1
सौपा	1
उत्साही	1
लाँघ	1
चंद्रभूषण	1
गढ़मुक्तेश्वर	1
कोविद	1
लाग	1
लपेट	1
निष्कंटक	1
देबदत्त	1
तांबिल	1
लेइमाखोंग	1
माउंटेन	1
नकारते	1
आज़ादी	1
जनमतसंग्रह	1
आईजोल	1
जीओसी	1
गुजरा	1
लाभार्थियों	1
पुनर्गठित	1
पीएफ	1
एरियर	1
शेषचलपति	1
बर्धवान	1
हिंगलाज	1
शहबाज	1
कलंदर	1
उमरकोट	1
क़ायदेआज़म	1
मेज़बान	1
करूँगा	1
हश्र	1
मनाएगीं	1
ध्वजारोहण	1
जाएगीं	1
त्रिशंकु	1
मिलेगीं	1
सत्यानाश	1
नीलामी	1
माल्या	1
खरीदकर	1
कोहिनूर	1
प्रिंस	1
मुअज्जमजहाँ	1
गिरवी	1
नीलाम	1
ढाला	1
सेमी	1
डॉलरों	1
पीएलआर	1
बेलगाम	1
बैंकरों	1
बेहिसाब	1
मार्जिन	1
मैनन	1
एफआईपीबी	1
निभाएगी	1
साइज	1
बिहारवासियों	1
बेवकूफ	1
इल्जाम	1
बख्श्ते	1
खटास	1
यशंवत	1
हजारीबाग	1
वित्तमत्री	1
फ्लॉप	1
सुरीली	1
छेड़ी	1
ठोंकने	1
लबरेज	1
वैलेस	1
अचरेकर	1
जानतीं	1
हटतीं	1
वाड्रा	1
जैदी	1
उपर्युक्त	1
राजगुरु	1
तकाजा	1
अनसुनी	1
आइंस्टाइन	1
हरनामदास	1
ओहदा	1
धुरंधरों	1
तेजासिंह	1
सुच्चा	1
लंगाह	1
जरनैल	1
कोटकपूरा	1
मक्खन	1
प्रधानगी	1
डब्बोवाली	1
सूबा	1
धनौला	1
रजिंदर	1
संतोख	1
समरा	1
करमुवाल	1
गुरजिंदर	1
सुखजिंदर	1
किरणजीत	1
मनजीत	1
पंजोली	1
रघुजीत	1
विर्क	1
उपप्रधान	1
ध्वनिमत	1
एनओसी	1
एआईसीटीई	1
सूत्रीय	1
लंच	1
मेम्बर	1
सरदाना	1
तहरीर	1
हरीनगर	1
पतंग	1
रतनपुरा	1
नयागांव	1
किरायेदार	1
पुलिया	1
बिछाया	1
परिस्थितिजन्य	1
रायलसीमा	1
आयवर्ग	1
हौलनाक	1
घोषणाएँ	1
परेहज	1
पैरोकारी	1
क़दर	1
भूले	1
छपीं	1
परिस्थितियाँ	1
सर्टिफिकेट	1
लालूजी	1
रहूँगा	1
सवर्णों	1
पहुँचाएगा	1
ब्राह्मण	1
तर्कों	1
गुनियों	1
डायरेक्टरी	1
नवलकर	1
एंक्लेव	1
आयुर्विज्ञान	1
सॉलिडेरिटी	1
सपोर्ट	1
रिवोल्यूशनरी	1
स्ट्रगल	1
वारावारा	1
गदर	1
राजकिशोर	1
हरिसिंह	1
टर्क	1
सम्मत	1
सरकारिया	1
बाछें	1
आका	1
खटखटाओ	1
सूचनाएँ	1
हताशा	1
गतिविधियाँ	1
तैयबा	1
संचालनकर्ता	1
फुर्कान	1
पंपोर	1
डिस्टिक	1
रफिया	1
हासिम	1
हमजा	1
दिलावर	1
गुटो	1
मुर्गों	1
बीएसएल	1
रेलों	1
शाक	1
घास	1
पशुपालन	1
पोल्ट्री	1
अंडों	1
टेमीफ्लू	1
लैबोरेटरी	1
बनायीं	1
जाएँगीं	1
सवेर	1
निबटना	1
मार्क्र्सवादी	1
अयोग्यता	1
निबटाया	1
गुज़ारिश	1
गूँजा	1
जलियांवाला	1
नियत्रंण	1
फूँक	1
भोजनावकाश	1
केंन्द्र	1
कछुआ	1
दिवसों	1
कृष्णन्	1
सातों	1
गड़ाए	1
सोचिए	1
प्रतियोगी	1
कंडिश्नर	1
वाशिंग	1
अप्लाइंसेज़	1
झुककर	1
पुरम्	1
देहली	1
एनएफयूएजे	1
माइक्रोफोन	1
सीपीयू	1
भंगिमा	1
प्रतिक्रियाएँ	1
सीसीडी	1
माँसपेशियों	1
एक्यूरेटर	1
असमतल	1
क्विरियो	1
रोबो	1
धौलाकुँआ	1
स्प्रिंगडेल्स	1
गोकक	1
मुर्शीद	1
बँटवारा	1
बिम्सटेक	1
खालिदा	1
नदियाँ	1
संगीन	1
नांगल	1
कलां	1
मुरथल	1
जॉय	1
तिर्की	1
सिहाग	1
चलाईं	1
काँस्टेबल	1
खटखटाएंगे	1
बिशन	1
दलबारा	1
चिटगाँव	1
गुरिल्लाओं	1
अलमगारी	1
हवाल	1
मनयाल	1
कुंदा	1
चराने	1
मुंगेर	1
चितरंजन	1
फर्नानडिस	1
पद्मनाभैया	1
चिशी	1
स्वू	1
मुईवा	1
गृहमंत्रालय	1
गुने	1
निवेदकों	1
सुझाने	1
जीएमआर	1
हवाईअड्डा	1
सृजनात्मक	1
पुष्पा	1
महिलानामा	1
साबत	1
आरसी	1
निरोध	1
जाएंगें	1
अलॉय	1
विजेन्दर	1
श्रीकृष्णा	1
बंदरअब्बास	1
डेलराम	1
नॉटिकल	1
श्रॉफ	1
गुंडों	1
बिपिन	1
देवेन्द्र	1
जगताप	1
हुकुमचंद	1
कालिया	1
शकील	1
सबीर	1
चिमनी	1
रेस्टोरेंट	1
फिराक़	1
माँगने	1
नवघर	1
पॉश	1
रेडिमेड	1
मालकिन	1
अवाक	1
काँचीमठ	1
कुबूलने	1
हवलदार	1
वरनहाल	1
बड़गाम	1
बेग	1
कुटगली	1
अंडरवर्लड	1
राशद	1
अक्षांश	1
बर्द्धन	1
सरफराज़	1
क़बूल	1
पहारबाद	1
रहीँ	1
दरम्यान	1
आंशका	1
मधुबन	1
रामसिंहासन	1
बीएसएस	1
बेली	1
लिपिक	1
कामता	1
लाइब्रेरियन	1
प्रोग्रामर	1
रत्नेश	1
याचिकाएँ	1
नियुक्तियाँ	1
सहपाठी	1
संभालेंगे	1
संभालेंगीं	1
संसाधान	1
पलत	1
होम्योपैथी	1
एनालिसिस	1
परासरण	1
देसाई	1
सॉलिसिटर	1
एएसजी	1
वाशिंदे	1
क़हर	1
जिरकातन	1
सलामती	1
कैंपबेल	1
डुगांग	1
खानाबदोश	1
सेंथली	1
सीसीएमबी	1
थंगराज	1
सन्न	1
आक्रमणकारी	1
साम्राज्यवादी	1
दृष्टांत	1
ढूँढ़े	1
सिमोन	1
बोलिवर	1
फौजों	1
हज़रत	1
निज़ामुद्दीन	1
मशरख	1
बर्दाश्त	1
नाराज़	1
आवाम	1
उपमुख्यमंत्री	1
मंगतराम	1
कोइट	1
तिहलन	1
बैजोरिया	1
आँकड़ें	1
औपचारिकताएँ	1
वेश्यावृति	1
उपबंध	1
वेश्यावृत्ति	1
आहट	1
लुभाती	1
चुबंक	1
परतों	1
कसमसाते	1
नुकीली	1
बरछियों	1
गंगनानी	1
ओपी	1
दत्तात्रेय	1
स्थली	1
गृहों	1
तिलवाड़ा	1
स्यालसौढ़	1
घुमंतुओं	1
प्रतिपालक	1
श्रीकांत	1
चंदोला	1
खुलते	1
दुर्गापूजा	1
कपल	1
मंत्रोचार	1
कतारें	1
नंबूदरीपाद	1
ओढ़ाया	1
घृत	1
कपाटोद्घाटन	1
भंडारे	1
मोलफा	1
वृक्षारोपण	1
रोपकर	1
छुआ	1
रेले	1
शबरीमलाई	1
अरुप	1
पटनायक	1
ढोलों	1
आतिशबाजियों	1
शायर	1
देवदर्द	1
गुरदेव	1
कुषाण	1
कैटफाइसस	1
हर्षाछीना	1
जेड्स	1
बीड्स	1
छेद	1
तकली	1
धागा	1
कोटली	1
वसावासिंह	1
चपटे	1
उकेरी	1
कुषाणकालीन	1
ढलाई	1
साइटों	1
जेवरात	1
श्रीदर्द	1
खुदाइयों	1
सुराही	1
खिलौने	1
पेंदी	1
जालीदार	1
बर्तनों	1
डाइयां	1
मृदाकला	1
वंडाला	1
रदों	1
ईंटें	1
ओंकारेश्वर	1
जमाण	1
पंचकेदारों	1
मद्महेश्वर	1
उनियाणा	1
रांशी	1
गौंडार	1
रमणीक	1
उपकार्यधिकारी	1
नंबूरी	1
नौटियाल	1
नानू	1
कार्याधिकारी	1
ढौंडियाल	1
मैठाणी	1
दीनानाथ	1
तिवाड़ी	1
गुरुलिंग	1
आरएन	1
थपलियाल	1
पद्मभूषण	1
शुक्रताल	1
ब्रह्मलीन	1
शवयात्रा	1
साधकों	1
विह्लल	1
एमएएम	1
नुनवान	1
बालटाल	1
जत्थे	1
चाप	1
उतराती	1
सर्द	1
बेअसर	1
शिकारों	1
कौतुहल	1
झंडेवाला	1
एएक्स	1
नारीवेश	1
कन्याओं	1
बुना	1
धृत	1
लपेटा	1
बजाकर	1
सुलेमसराय	1
पहुंचेंगी	1
श्रद्धाभाव	1
सुधाकांत	1
स्वास्तिका	1
खोवा	1
कुमाऊं	1
दुबके	1
धारचूला	1
लंबगांव	1
सिल्क्यारा	1
बणगांव	1
तुंगनाथ	1
पवांलीकांठा	1
पटागणियां	1
चिरबटिया	1
कालीशिला	1
डांडा	1
देवरियाताल	1
दुगलबिट्टा	1
ढंकी	1
गोपेश्वर	1
बैण्ड	1
औली	1
मंत्रोचारण	1
घाटों	1
बैचों	1
उन्नीसवां	1
मिर्गी	1
अर्धकुंभ	1
नहाने	1
प्रदूषित	1
तिगुना	1
गलने	1
जनित	1
मंत्रोच्चारण	1
दीपेंद्र	1
अखाड़ा	1
श्रावण	1
चंदनबाड़ी	1
शेषनाग	1
सौन्दर्य	1
उत्कृष्टता	1
आश्चर्यो	1
चढ़ाते	1
अलीम	1
औरंगजेब	1
अभूतपूर्व	1
शान्तिपूर्ण	1
शुमैन	1
ब्लॉग	1
आप्रवासियों	1
लॉबीस्ट	1
ऊबर	1
मोशन	1
पिक्चर	1
कंज्यूमर	1
उबाऊ	1
सिखाए	1
अन्तर्वस्तु	1
तुलनात्मक	1
इनफिल	1
जॉर्जटाउन	1
बीआईडी	1
स्टर्नलीब	1
संभाव्यता	1
गोंडोला	1
पोटोमैक	1
निकालनी	1
छलांग	1
खांजिर	1
साक़िब	1
चिड़ियाघर	1
पनवलकर	1
आंद्रे	1
प्राइस	1
गद्दे	1
दबाकर	1
यजीदी	1
ऑसबोर्न	1
स्पीकर्स	1
फेलॉन	1
क्लाइड	1
मुमकिन	1
नाइटली	1
कीरा	1
किएरा	1
पुर्जे	1
विश्लेषकों	1
सैमसंग	1
हुआवेई	1
मेट	1
इंटरफेस	1
एपल	1
सिरि	1
आईएजी	1
एक्सेस	1
फाई	1
जीसीएचक्यू	1
ब्लॉगर्स	1
हार्डवेयर	1
फोरम्स	1
जेसी	1
लाब्रोक्का	1
रेडिट	1
सोल्हीम	1
किगाली	1
डायनासोर	1
थोप	1
मीटियारिटिक	1
इरिडियम	1
अंकुरित	1
आरएचएस	1
त्वचा	1
डुबोया	1
बीम	1
शेनझेन	1
गोरे	1
तुम	1
क्रीमिया	1
कंसर्ट	1
व्लादिवोस्तक	1
कामचत्का	1
बेलग्रेड	1
आर्ट्स	1
राष्ट्रीयता	1
एसोसिएटेड	1
झगड़ा	1
कुएरन	1
ग्रेविटी	1
अनुसंधानकर्ता	1
गर्भनिरोधकों	1
गर्भनिरोधक	1
जीवनकाल	1
मूत्राशय	1
ब्लैडर	1
ढूंढ	1
कैम्ब्रिजशायर	1
पैपवर्थ	1
एडेनब्रूक	1
स्कैन	1
फेफड़ें	1
ट्रुडीउ	1
छुरा	1
एकांतप्रिय	1
असहयोगी	1
कोठरी	1
अनिच्छुक	1
ऱहता	1
दण्डित	1
प्रान्त	1
शक्तियां	1
रीको	1
फेफड़ो	1
गिलब्यूट	1
ऩये	1
उपेक्षापूर्ण	1
मिलेनिया	1
सीबीसी	1
इंजेक्शन	1
गेरी	1
मैकनेइली	1
मियाद	1
स्पांसरशिप	1
स्कैंडल	1
गोमेरी	1
क्यूबेक	1
दिशानिर्देशों	1
ऩियमों	1
सास्केल	1
असीमित	1
लिंडसे	1
गे	1
रोजर्स	1
कोंडो	1
जीटीए	1
डायट्रिच	1
डेनेवर	1
कोलोराडो	1
मतली	1
कनैडियन	1
ब्लड	1
दिशानिर्देश	1
दानदाताओं	1
अल्ट्रासाउंड	1
प्लेनो	1
बोएमर	1
अजन्मे	1
सैक्रोकोसाइजील	1
टेराटोमा	1
टेलबोन	1
बोनो	1
बदमाशी	1
तुच्छ	1
सीआरटीसी	1
सुनवाईयों	1
हिस्सेदारों	1
प्रतिक्रियाओं	1
बहसों	1
छल्ला	1
हिल्सबोरो	1
प्रतिबंधात्मक	1
कैम्पबेल	1
लागों	1
पंजीयन	1
निपटें	1
कार्यकालों	1
सांस्थानिक	1
सुल्ला	1
सहानुभूतिपूर्ण	1
उम्मीद्वारों	1
स्लेट	1
उन्माद	1
भावशून्य	1
जेइऑन	1
नक	1
इफ	1
बक	1
चुनौतियां	1
रूखे	1
लूप्स	1
झूमने	1
तंत्रिका	1
पुनरुत्थान	1
जुड़ाव	1
प्लेटो	1
जागते	1
कैप्लान	1
पूर्वप्रभावी	1
फाउण्डेशन	1
ऑफसेट	1
जेटल्स	1
ट्रॉम	1
टाइपसेट	1
वुड्स	1
एलिस	1
नक्शों	1
शीतयुद्ध	1
केस्टेवेन	1
वोल्मर	1
ओल्ने	1
सचेतक	1
परित्यक्त	1
शालीन	1
जनरेटर	1
तुमसे	1
दिव्य	1
फ्लिक	1
श्रीमति	1
युद्धकारी	1
अर्थपूर्ण	1
संकोची	1
पहुंचाते	1
प्रशंसाओं	1
हॉस्पिटल्स	1
नस्लवादी	1
सेक्सिस्ट	1
टेस्को	1
जोड़ते	1
नेक्टार	1
कार्डधारकों	1
अम्ल	1
रूपहली	1
रेखाएं	1
बेतुकी	1
आत्मसम्मान	1
रोक्को	1
तल्लीन	1
ज्वेलरी	1
नॉर्थैम्पटन	1
विश्विद्यालय	1
विन्टुअर	1
चश्मा	1
फिल्माया	1
मोटोक्रॉस	1
वाग्देवी	1
म्युजेज	1
लॉबी	1
दोषमुक्त	1
लाइसेंसिंग	1
आरएसबीपी	1
पिटीशन	1
एवरी	1
प्रस्तुतकर्ता	1
पैकहम	1
चलिये	1
सैटरडे	1
पूछेंगे	1
मुकदमेबाजी	1
कॉड	1
सोल	1
मेगरिम	1
पोलक	1
अगोरा	1
सुलभ	1
निःसंतान	1
अस्वीकृति	1
फायरवॉल	1
बूबी	1
ट्रैप	1
बेलिंघम	1
टोपी	1
टैपर	1
ठोंकते	1
ब्राउज	1
लॉलीपॉप	1
ततैया	1
कोकून	1
प्यूपा	1
स्वादिष्ट	1
फेफड़ा	1
सुपारी	1
छाल	1
मेंढ़क	1
कैटफिश	1
निर्बलता	1
एंड्र्यू	1
ड्रॉ	1
मोंटे	1
बेनॉइत	1
पेयरे	1
किल्टर	1
होपले	1
बिलयन	1
युरो	1
डिएस	1
ब्रेक्जिट	1
इयॉन	1
एवरो	1
सिंपल	1
सेलेक्ट	1
निधियों	1
उमड़े	1
अवीवा	1
इन्वेस्टर्स	1
टार्गेट	1
कोषों	1
स्टर्लिंग	1
एडिडास	1
तैर	1
पुनर्वसन	1
रिहैब	1
एनएचएस	1
खेलेंगे	1
मरात	1
पागलखाने	1
निभाकर	1
आरएससी	1
आघात	1
शॉकवेव	1
नसें	1
कांपते	1
ग्लेंडा	1
समसामयिक	1
विमुख	1
कर्म	1
बनावटी	1
निस्संदेह	1
बॉब	1
सतत	1
बिल्ली	1
पाजामा	1
अकल्पनीय	1
चित्ताकर्षक	1
मिलिकन	1
अजीबोगरीब	1
ओडी	1
जिमर	1
घटित	1
संडरलैंड	1
फ्लॉक	1
कोटिंग	1
टावर	1
राशेल	1
विन्हैम	1
अपार्टमेंट	1
जुनून	1
दफनाने	1
शान्त	1
मापा	1
सोचे	1
मूंद	1
उल्लंघनों	1
जीरो	1
आडंबरपूर्ण	1
अहंकारी	1
जहरीला	1
फ्लोरिडावासी	1
जीओपी	1
सिंहासनों	1
सराही	1
विंड्स	1
स्प्रिंग	1
विज्ञापित	1
हार्ले	1
डेविडसन	1
सट्टा	1
अस्ट्रेलियाई	1
फ्राइड	1
चिकेन	1
अतृप्त	1
केएफसी	1
पैरेंट	1
यम	1
लिबर्टीज	1
लविंग्स	1
रिचर्ज	1
असन्तुष्ट	1
लविंग	1
शादीशुदा	1
मिल्ड्रेड	1
रिपोर्टर	1
स्ट्रेंजर	1
चमकना	1
नेगान	1
जेफरी	1
मॉर्गन	1
कष्टदायी	1
टाकिंग	1
डेड	1
बर्राट	1
ड्रोन	1
स्लैक	1
इमोजी	1
जीआईएफ	1
मेमे	1
स्टिकर	1
फीड	1
उपयोगकर्ताओं	1
वृह्त्तर	1
आइनर	1
अवश्वसनीय	1
ब्रिस्बेन	1
गोल्फर	1
फांद	1
खलिहान	1
बिकना	1
जॉनी	1
सने	1
क्रिएटिव	1
अलेजांद्रा	1
ढालने	1
मैग्लेव	1
यास	1
मरीना	1
टाइमिंग	1
महानाखोन	1
उभार	1
धुंधली	1
सलास	1
मूर्तिकला	1
गिल्ड	1
बर्गरों	1
मैग्नीज	1
सीसा	1
कोबाल्ट	1
मॉलीब्डेनम	1
टैगा	1
संपूर्णता	1
युनिवर्सिएड	1
मेजबानी	1
क्रैस्नोयार्स्क	1
हिन्द	1
सेशल्स	1
टिमोन	1
हेलेना	1
रेगिस्तानी	1
शिथिया	1
संधियां	1
जलडमरूमध्य	1
स्ट्रेट्स	1
मेगैरियन	1
बाइजेंटियम	1
डेरियस	1
मेगाबाजुस	1
जीतों	1
पाएओनियन्स	1
मेसिडोनिया	1
एमिन्टास	1
प्रभुता	1
एथिना	1
एस्टी	1
ग्रीको	1
यान्नी	1
स्माराग्दिस	1
मोनैको	1
फ्रैंको	1
मोनेगास्क	1
फॉंटविएली	1
बर्गेरॉन	1
मैसम	1
जलवायुविज्ञानियों	1
स्लावों	1
स्लाव	1
प्रवासन	1
मोरिवियाई	1
ज़होरी	1
आयी	1
नितरा	1
जीतेने	1
रास्तिज़	1
रास्तिस्लाव	1
मीनकिएली	1
क्वेन	1
व्यंजन	1
बोलियों	1
कॉकेशस	1
सिसकॉकेशस	1
ट्रांसकॉकेशस	1
बूंदें	1
सोखकर	1
टेक्टॉनिक	1
चोटियां	1
किलिमंजारो	1
नाविकों	1
बांतु	1
निकृष्टतम	1
कामकाजी	1
उपनिवेशन	1
साझी	1
गुंथा	1
फिनिशियन्स	1
ऑग्स्टस	1
नॉस्ट्रम	1
ब्लाइंडलिया	1
जलमार्ग	1
क्रिस्टियनसैंड	1
लिलेसैंड	1
छिछले	1
फ्योर्ड्स	1
मीठे	1
बियर	1
शहद	1
ब्योर	1
फ्रूट	1
स्टालियन	1
हुसुम	1
श्लेई	1
वेटलैंड	1
ऑस्ट्रो	1
प्रशियन	1
तोपखाने	1
फ्लेंसबर्ग	1
अभेद्य	1
मेजा	1
टुल्सिया	1
चिलिया	1
ओडेसा	1
ओब्लास्ट	1
टोपोग्राफिक	1
विशेषताएं	1
शीतोष्ण	1
ओहियो	1
विलो	1
लोलैंड	1
रनऑफ	1
किलोवाट	1
रोन	1
टिकिनो	1
पो	1
बहते	1
एड्रियाटिक	1
ज्वालामुखियों	1
विन्यास	1
मैग्मा	1
सिलिका	1
चिपचिपा	1
सबकुछ	1
अभयारण्य	1
बसनी	1
मेलानेशियाई	1
इंडियाना	1
कैबिनेटमेकर	1
बर्बादी	1
संघनन	1
परवार	1
जोशपूर्ण	1
वेस्टइंडीज	1
सड़कविहीन	1
मालिकाने	1
डोंगी	1
सैलिएन	1
एटकिंसन	1
कियकिया	1
रेगिस्तानों	1
सामग्रियां	1
चलनी	1
महीन	1
टकराते	1
मोटापे	1
आंधियां	1
गेजिरा	1
मुद्रण	1
नेवादा	1
कैरेबियन	1
कैरिब्स	1
पंद्रहवी	1
एंटिलास	1
एंटिलेस	1
पनामा	1
युरेशिया	1
अनभिज्ञ	1
तंत्रों	1
ढंक	1
अंडरसी	1
वैविध्य	1
आख्यान	1
ब्रूक्स	1
संपादन	1
पांडुलिपि	1
लॉवीस्ट	1
गोंगमिन	1
गोर्यिओ	1
बुनयादी	1
देहाती	1
नगरवासियों	1
शिकाई	1
ब्रेस्टेड	1
विद्वतापूर्ण	1
ट्युनिप	1
अमुरु	1
थटमोज	1
लड़ी	1
एंटिपस	1
हेरेडियस	1
यरुशलम	1
यीशु	1
कुरिन्थ	1
अठारह	1
लीप	1
लातियम	1
युद्धभूमि	1
वीरगति	1
जुलियन	1
योग्यताओं	1
आंशी	1
बियान	1
निकलवाया	1
दुर्जेय	1
राजदरबार	1
सलेर्नो	1
तिबेरियस	1
ऑगस्टस	1
रोजमर्रे	1
इमानदारी	1
यथेष्ट	1
प्रार्थनाओं	1
महाद्वीपिय	1
उपासना	1
कल्टिक	1
मेसेबोट	1
वेदी	1
वर्गाकार	1
मेगालिथ	1
एकमत	1
कर्नाक	1
विजित	1
चौदहवी	1
अमर्ना	1
पत्रों	1
प्रमाणपत्रों	1
सालगिरह	1
वाल्स	1
रूलर	1
अधूरे	1
साक्षात्कर	1
बेवर्ली	1
शादियां	1
हैब्सबर्ग	1
पर्मा	1
वेधशाला	1
उगते	1
विषुव	1
युकाटन	1
गौरवशाली	1
रोमनीकरण	1
कराकल्ला	1
नयां	1
रुडयार्ड	1
फ्लोरेंस	1
गेरार्ड	1
साउथसी	1
गजेट	1
सोचता	1
मेई	1
मनोविज्ञान	1
कारकों	1
आयों	1
गृहयुद्धों	1
पगार	1
साम्प्रदायिक	1
सम्राज्य	1
सामंजस्यपूर्ण	1
पतनशील	1
डोमिनिकन	1
हेनरिख	1
साल्जबर्ग	1
मैलियस	1
सेफार्डिक	1
नेस्तस	1
मेस्ता	1
थेसाली	1
थर्मोपिले	1
दर्रे	1
बांटता	1
उसपर	1
एथेनियाई	1
एकेयिआई	1
पहरा	1
अन्दर	1
कैथरिन	1
रोमानोव	1
आदर्शीकृत	1
अंधा	1
सुखोथाई	1
सोलहवीं	1
रसद	1
प्यूअर्टो	1
रिको	1
गुआम	1
जुला	1
क्लासिकीय	1
प्रसूता	1
कब्रगाहों	1
चरने	1
पिथेकाउसे	1
कुमे	1
केले	1
प्लान्टेन	1
ऊन	1
सिद्धान्तों	1
पुर्जों	1
पेलोपोनेसस	1
रैम्बलर	1
कीकार	1
परिपाटी	1
शोवा	1
गतिशीलता	1
तलवारबाजी	1
चांडलर	1
वेलर	1
युगान्तरकारी	1
धावे	1
ऑटोसोमल	1
व्याख्याएं	1
इंसानों	1
उत्कट	1
हुनान	1
हुबेई	1
लिन	1
जेक्सु	1
नानकिंग	1
गुआंगझोऊ	1
तियेनत्सिन	1
पीकिंग	1
मैंडल	1
अविष्कारों	1
स्टॉपलाइट	1
टैबलेट	1
कार्बोनेटेड	1
घुल	1
स्क्रिप्ट	1
डर्नांड	1
लटका	1
गॉल	1
चर्चिल	1
हेरोइन	1
केरेनगी	1
जिन्दगी	1
ईगल	1
एयरलिफ्ट	1
कोणीय	1
द्विध्रुवीय	1
सीजीए	1
पाएं	1
अप्रशिक्षिति	1
पायलटों	1
कांगो	1
जनवादी	1
लुबुम्बाशी	1
करत	1
साउल	1
जकड़	1
एंग्लिकन	1
रेवरेंड	1
हेशलर	1
हठी	1
बैचलर	1
औरतों	1
होमर	1
हैमरस्मिथ	1
इलैने	1
फिल्मा	1
ओसवाल्ड	1
युनिवर्सल	1
यूनीफॉर्म	1
एटीएम	1
प्राबोवो	1
सुबियांतो	1
इंडोनेशियाई	1
जोकोवी	1
युधोयोने	1
किम	1
ओपेरा	1
अलेक्जेंडर	1
इवनिंग	1
कुरैंट	1
समीक्षाएं	1
लिखीं	1
ढूंढे	1
नटिंघम	1
किरीमुइर	1
नाऊ	1
नयू	1
मिलयन	1
टोले	1
शिक्षाओं	1
लेनॉक्स	1
काउंटेस	1
डगलस	1
नस्लीय	1
पदानुक्रम	1
पोलैंट	1
शेकी	1
ग्राउण्ड	1
चूमने	1
बिलबोर्ड	1
थ़ॉट	1
चार्ट	1
पेनिस्टन	1
विज़	1
ग्लिंडा	1
विच	1
रनर	1
विल्किस	1
पुनर्निर्वाचित	1
ग्राफ्टन	1
टोरी	1
नैतिकताओं	1
कंबरलैंड	1
स्ट्रेथियर्न	1
व्यभिचारी	1
एनी	1
होर्टन	1
बिकने	1
सिगुर	1
फ्योगुर	1
पियानो	1
बेउफ	1
लुईस	1
डिस्पैच	1
लाबेउफ	1
केनसेथ	1
इलियट	1
रैफर्टी	1
रॉबिन्सन	1
प्रेयर	1
ईगन	1
पुनर्मिलन	1
ट्रैक्स	1
डेक्का	1
रेकॉर्ड्स	1
हम्बलबम्स	1
फादर	1
डिडन्ट	1
लाइक	1
एनीवे	1
रिकॉर्ड्स	1
मर्फी	1
स्तालिन	1
बेरिया	1
अबाकुमोव	1
एमजीबी	1
पेटेन	1
युआक्जाक्शन	1
थॉम्पसन	1
शान्तिप्रिय	1
मेसोअमेरिकी	1
पालों	1
डोंगियों	1
स्टार्लिन	1
आलेखक	1
खलनायक	1
थानोस	1
मार्वल	1
कॉमिक्स	1
शीर्षकों	1
स्टर्लिन	1
रीच	1
तोकुगावा	1
लेयासु	1
येवस	1
लॉरेंट	1
एम्बेसड्रेस	1
लेसी	1
हालस्ट्रॉम	1
कॉमेडी	1
सैल्मन	1
फिशिंग	1
इवान	1
मैकग्रेगर	1
क्रिस्टिन	1
मपेट्स	1
पिगी	1
रिसेप्शनिस्ट	1
स्टॉलर	1
एंगेजमेंट	1
जैसन	1
कालाकार	1
लूपर	1
रायन	1
जॉन्सन	1
ब्रुस	1
विलिस	1
गॉर्डन	1
लेविट	1
घिसा	1
पिटा	1
रोमियो	1
जूलियट	1
शेंक	1
नोर्मा	1
टैल्मेज	1
हेलिफैक्स	1
चैम्बरलिन	1
मढ़ा	1
रक्षकों	1
सुडेटन	1
मार्सेली	1
पायफ	1
मोमोने	1
होतीं	1
स्काईलार्क	1
उपन्यासों	1
प्रणेता	1
इरीने	1
पोलियम	1
हान्स	1
पैटर्सन	1
रेडियम	1
सीटीवी	1
मांट्रियल	1
एंकर	1
इरानी	1
बुचर्ड	1
प्लांटाजेनेट	1
संतानें	1
जोआन	1
गाउंट	1
लिवेट	1
ग्लोरिया	1
मशाल	1
सबरीना	1
प्लेब्वाय	1
हम्फ्रे	1
बोगार्ट	1
ऑड्रे	1
हेपबर्न	1
जिमी	1
कार्टर	1
रिपब्लिकनों	1
डेमोक्रेटों	1
जीवनदान	1
मार्क्सवाद	1
मार्गदर्शक	1
रहस्यपूर्ण	1
मानवतावाद	1
धर्मशास्त्र	1
नैशविले	1
स्क्रिटी	1
पोलिटी	1
गैम्सन	1
प्रोड्यूस	1
डोर्सेट	1
सोमरसेट	1
एड्गर्स	1
फिल्म्स	1
स्टोरीबोर्ड	1
संकल्पना	1
प्रचारात्मक	1
गार्थ	1
जेनिंग्स	1
हिचिकर्स	1
रैम्बो	1
आग्रहों	1
समेटते	1
वश	1
जदान	1
डीएफबी	1
एस्सेन	1
कीबोर्ड	1
संकरा	1
कदाचित	1
पार्कर	1
परिषदें	1
कुन	1
ज़ेइट	1
जादूगरी	1
डरावना	1
वाद्य	1
मॉंस्टर	1
मैश	1
ब्यूस्त	1
क्रैट्शेमर	1
जीर्ण	1
शीर्ण	1
टटोलता	1
हरेक	1
घेरते	1
बत्तखों	1
फतह	1
मूर्खतापूर्ण	1
कर्बेर	1
सनसनी	1
सेरेना	1
गर्भनिरोध	1
यीशू	1
चूने	1
सन्निहित	1
अनुकरणीय	1
गुंटर	1
ब्रुइन	1
वांस	1
स्पीजेल	1
फ्लैप	1
बरोसो	1
बारोसो	1
अदला	1
निरन्तरता	1
एऔन	1
हरीरी	1
हिलेरी	1
अदनान	1
अपतटीय	1
क्रेनाच	1
दुखदायी	1
डीपीए	1
उदाहरणस्वरूप	1
यूट्यूब	1
दूषित	1
मस्तिष्क	1
प्रलेखन	1
कोमे	1
परमाणविक	1
एकेपी	1
अनुदारपंथियों	1
प्रतिपादन	1
गॉडेंस	1
हाउते	1
गैरोने	1
राशिदा	1
दाती	1
सरकोजी	1
ब्राइस	1
हॉर्टेफ्यूक्स	1
मूर्ख	1
विश्वासों	1
मेजों	1
गिलार्ड	1
ओवरियरे	1
टिप्पणि	1
यों	1
अपीलीय	1
ईटीए	1
विधेयकों	1
फिगारो	1
कैस्टलफ्रांको	1
वेनेटो	1
खण्ड	1
शेपार्ड	1
जेरोनिमो	1
वाउचर	1
सीजीआई	1
मेस्त्रे	1
यूरोजोन	1
कोरैडो	1
पसेरा	1
वापल	1
ईसीबी	1
विश्वविद्याल	1
कासा	1
मार्ता	1
जुकरबर्ग	1
ट्रे	1
रोसी	1
सिलिकॉन	1
अमेजन	1
स्नैपचैट	1
नेतृत्वकर्ता	1
माउन्टेन	1
क्रस्टीना	1
सिफ्युएन्तेस	1
अनुदारपंथी	1
सेक्टोरियल	1
जेवियर	1
मरोतो	1
डुरान	1
पिंटैडो	1
यूनियनें	1
जुझारू	1
बानेज	1
निपटना	1
कॉस्पेडल	1
संदेशों	1
बेरन	1
क्लेरेट	1
पद्वी	1
सांचेज	1
इवोले	1
राष्ट्रों	1
दक्षिणपंथियों	1
फेडेरिको	1
फेलिनी	1
विदूषक	1
परछाई	1
हंसाने	1
काऊब्वाय	1
व्यंग्य	1
भोथरे	1
लताड़ना	1
प्रहसन	1
रेला	1
टुकड़ा	1
सुलझे	1
सुन्दरता	1
मुंडो	1
एफएसएलएन	1
प्लाजा	1
विक्टोरियाज	1
ब्रेक्सिट	1
वृहदाकार	1
उत्सवपूर्वक	1
टेलीग्राफिक	1
वर्टेमबर्ग	1
रेशेनबाख	1
ओबरमार्सबर्ग	1
गोल्डेन	1
मछलीघर	1
फ्रांसिस्को	1
येर्बा	1
बुएना	1
मॉस्कोने	1
समानान्तर	1
इस्तांबुल	1
प्राचीनतम	1
तिथियां	1
ऑट्ज़ी	1
ममी	1
चढ़ाना	1
असेम्बली	1
औपनिवेशक	1
स्वेज	1
बाल्टिक	1
थोपने	1
फ्रांज़	1
राजतंत्रों	1
डिसिब़ॉंडनबर्ग	1
खर्चीले	1
रूपर्ट्सबर्ग	1
ननें	1
इबिंजेन	1
खण्डहरों	1
टेलेकॉम	1
सुद्बादेन	1
मेर्डिन्जेन	1
उलरिच	1
पीछा	1
सेंसरशिप	1
असम्भव	1
वेइस	1
कोलोन	1
ब्रेमेन	1
स्प्रिंगर	1
बढावा	1
षाले	1
विगुइए	1
कोंते	1
केरकासोने	1
किलाबंद	1
एमनेस्टी	1
टोने	1
बेलिंगशाउसेन	1
ब्रांसफील्ड	1
अर्नेस्ट	1
शैकल्टन	1
अट्ठाइस	1
चित्रांकन	1
मॉस	1
मैओरियम	1
पाइरस	1
लिेए	1
सिसली	1
मिसेनियाई	1
अंधकार	1
लिपि	1
भुलाई	1
यूनानियों	1
फोनेशियन	1
स्वशासी	1
स्वशासित	1
इसाईयों	1
मातृभाषा	1
जबतक	1
चौकियां	1
परिवर्तनकामी	1
प्लुवियज	1
संदिग्धों	1
बर्नार्ड	1
टेपी	1
वितरक	1
रेमिस	1
बेल्जियम	1
टिनटिन	1
रूपान्तरित	1
बेल्जियन	1
वाल्ट	1
व्यर्थ	1
जॉर्जेज	1
रोजेन	1
जर्माइने	1
विवाहेतर	1
इंडो	1
प्लेटों	1
उभरता	1
सेस्तो	1
सान	1
गिओवान्नी	1
विला	1
पेलुक्का	1
रेसट्रैक	1
ग्रैंडस्टैंड	1
अस्तबलों	1
वैटिकन	1
मृत्युदण्ड	1
मुद्राशास्त्र	1
न्युमिजमैटिक	1
संग्राहकों	1
अन्दरूनी	1
कलाकृतियां	1
मेनहिर	1
डॉल्मेन	1
अपुलियाई	1
कैलेब्रियाई	1
सैम्नियम	1
मोलाइसे	1
ओरिएंटल	1
बासिलिकाटा	1
क्राउच	1
किनारा	1
मुट्ठीभर	1
रियासतें	1
कोर्सिकन	1
तोपखाना	1
नेपोलियन	1
बोनापार्ट	1
मारेंगो	1
विलेन्युव	1
छोड़नी	1
नैपोलियन	1
ऑस्टरलिट्ज	1
ग्रेनविले	1
ज़ार	1
अलेक्सान्द्र	1
प्रथाओं	1
फायोरेलो	1
एपिस्कोपल	1
ताउम्र	1
ब्रम्हांडों	1
ओलिविया	1
गोफ्रेडो	1
पेतरास्सी	1
एनियो	1
ब्रूनो	1
सिसीलिया	1
रक्षागृह	1
कंजर्वेटरी	1
सिनेमाई	1
मेट्टी	1
डिनर	1
शैलीगत	1
गाउदी	1
ऐप्स	1
सहारों	1
पाल्मा	1
यहूदियों	1
ऑरगेनी	1
टिपो	1
एंडिनो	1
क्रस्ट	1
लिनारेस	1
रिवोल्यूशन	1
विंडिकेशन	1
निर्वासितों	1
सीमारेखा	1
डेव	1
एस्ते	1
रासा	1
बदलनी	1
सराटोगा	1
स्वंत्रतता	1
ब्रांट	1
उपनिवेशवादी	1
अल्बानी	1
फ्रीमैन	1
आरम्भिक	1
रूपान्तर	1
पंचम	1
चाची	1
इसाबेला	1
एनरिक	1
ब्यूनस	1
आयर्स	1
संघीकरण	1
किकी	1
डोंट	1
गो	1
ब्रेकिंग	1
कापुआ	1
लेवी	1
सीजेरियाई	1
कुरियो	1
कंसोलेट	1
चुनेगा	1
निहत्था	1
पढ़ी	1
प्रोकाउंसल	1
ेन्स	1
इन्टरसेप्शन	1
कावन	1
शॉर्ट	1
रिकवरी	1
लाइनमैन	1
मारिओ	1
बॉलर	1
जेरेड	1
कोनी	1
एलियल	1
लाइनबैकर्स	1
ल्यूक	1
क्युचली	1
इंटरसेप्शन	1
कुएक्ली	1
कर्ट	1
शटडाउन	1
लौटाए	1
पिट्सबर्ग	1
एएफसी	1
चैंपियन	1
पैट्रिओट्स	1
प्लेऑफ़	1
पैटन	1
लीड	1
एलवे	1
ग्रैमी	1
गागा	1
मार्ली	1
मैटलिन	1
बॉल	1
खिलाडियों	1
पेनल्टी	1
बेनी	1
ाउलर	1
र्स्ट	1
निकटवर्ती	1
ओरगॉस्क	1
सास्की	1
सैक्सन	1
अंतर्युद्ध	1
मोमस	1
कैबरे	1
लियोन	1
शिलर	1
मेलोड्राम	1
वोज्शिएक	1
बोगसुलावस्की	1
स्मारकीय	1
रंगमंच	1
उपति	1
ड्रामाटिक	1
प्रतिद्वंद्वियों	1
एकलस्ट्रलासा	1
राष्ट्रिय	1
कोनवीक्टर्सका	1
राब	1
बॉटम	1
ेशनल	1
ुटबॉल	1
वॉरसॉ	1
मारियाविट्स	1
वोग्ट	1
बुरमिस्रज	1
डिवी	1
काउंटियों	1
पॉविएट्सके	1
पात्रता	1
ल्यूबेल्स्की	1
ग्दान्स्क	1
पॉज़्नो	1
उर्सिनोव	1
उर्सिनव	1
क्राको	1
कम्पनियाँ	1
वर्कर्स	1
रोल्लो	1
पिकार्डी	1
फ्रेंकिश	1
वाइकिंग	1
सीनोइस	1
कॉक	1
कॉलोनियों	1
कोट्टिन	1
पगियों	1
रोलो	1
नॉर्सेन	1
नॉर्वेजियन	1
नॉर्स	1
जैल	1
ऑर्कनी	1
वाइकिंग्स	1
संभवत	1
स्विड्स	1
भूमध्यसागर	1
टेंक्रेड	1
रेनफुल	1
नेपल्स	1
सर्जियस	1
टोउसे	1
अवेर्सा	1
सालर्नो	1
गुइमार	1
एपुलिया	1
कैलब्रिया	1
मैल्फी	1
केपुआ	1
हूटविले	1
ड्रोगो	1
केलेब्रिआ	1
पेचेनेग्स	1
बुल्गार	1
सेल्जुक	1
ाइयाँ	1
लोम्बार्ड्स	1
मेनियाक्स	1
वरांगियन	1
लोम्बार्ड	1
अनातोलिया	1
सेसॉन	1
टेरोन	1
जागीरदार	1
आर्मीनियाई	1
सिलिसिया	1
वृषभ	1
यूफ्रेट्स	1
फिलेटेरस	1
ब्राचमियस	1
रैमबॉड	1
अफ्रानजी	1
्रैंक्स	1
एंटीओक	1
टेरसस	1
इटालो	1
बेथेंकोर्ट	1
पोइटेविने	1
गैडीफेर	1
सालले	1
लैं	1
ारोट	1
केनेरियन	1
फुएरतेवेंटुरा	1
हिएरो	1
गेस्कोनी	1
कैस्टिलियन	1
उपनिवेशवादियों	1
सुदृ	1
शोमैनशिप	1
आद्यप्ररूपीय	1
गुजारा	1
अस्पष्टता	1
वेट	1
मेजर्स	1
लाइटिंग	1
मैन्युफैक्चरिंग	1
इलेक्ट्रिकल	1
आर्क	1
इनस्टॉल	1
डायनामो	1
कम्यूटेटर	1
संचारित	1
ट्रांसमीटर	1
गुलिएमो	1
ट्रांसलेटैटिक	1
अविष्कार	1
सम्बन्ध	1
एल्गोरिथ्म	1
मैकेनिकल	1
पूर्णांक	1
नोटेशन	1
रिकास्ट	1
पूर्णांकों	1
ट्रां	1
िशन	1
हाँ	1
मानदंडों	1
बेंत	1
चाबुक	1
संटी	1
विद्यालयी	1
एटीएल	1
एनयूटी	1
एनएएसयूडब्ल्यूटी	1
रिपोर्ट्स	1
ाते	1
धर्मगुरुओं	1
फोवा	1
सिद्धी	1
बोधिसत्व	1
व्रत	1
तुलकु	1
पुनर्जन्म	1
शीघ्रतम	1
विटेनबर्ग	1
गलाटियन्स	1
धर्मगीतों	1
नोबॉलिटी	1
बेबीलोनियन	1
कैप्टिविटी	1
फ्रीडम	1
धर्मपरायणता	1
आसक्ति	1
तीर्थयात्राओं	1
एबोरगेशन	1
कॉन्फेशन	1
जजमेंट	1
मोनास्टिक	1
वोज	1
भिक्षुकों	1
शपथों	1
शपथें	1
मोक्ष	1
प्रकाशनों	1
ती	1
प्रस्तावनाओं	1
क्रेनच	1
लक	1
सांचों	1
चित्रकारी	1
ैलाने	1
टिंडले	1
पूर्वगामी	1
अनुवादों	1
रिफॉर्मेशन	1
उतपन्न	1
जोहन्न	1
इश्च	1
हेनरिच	1
वोए	1
च	1
ाए	1
हआ	1
मेसेंजर	1
इंस्टॉन	1
टिडमैन	1
अपनाआखिरी	1
याचक	1
झीलों	1
उत्तरपूर्व	1
लॉन्ग	1
ऑक्सनार्ड	1
थाउज़ेंड	1
ओक्स	1
वेंचुरा	1
सेंट्रो	1
कार्ल्सबैड	1
मार्कोस	1
बारबारा	1
ओबिसपो	1
नुय्स	1
बरबैंक	1
लांग	1
कैलिफ़ोर्निया	1
एनएफएल	1
रेम्स	1
चार्जर्स	1
लेकर्स	1
क्लिपर्स	1
एमएलबी	1
डोजर्स	1
एन्जिल्स	1
पेद्रेस	1
एनएचएल	1
डक्स	1
सॉकर	1
यूएसए	1
स्टबहब	1
प्रतिद्वंदी	1
मूवीज़	1
डॉल्बी	1
फिल्मो	1
साउंडट्रैक	1
ईपीजी	1
प्रॉपराइटरी	1
ओपनटीवी	1
मॉडेम	1
लूपिंग	1
छद्म	1
एनालॉग	1
कक्षीय	1
यूरोबर्ड	1
प्रसारकों	1
चैनल्स	1
इंग्लिश	1
सेतांता	1
स्पोर्ट्स	1
एनटीएल	1
खोए	1
फ्रीव्यू	1
जुएं	1
कंजर्वेटिव	1
एलेक	1
शेलब्रुक	1
आपूर्तिकर्ता	1
डेफिनिशन	1
एएलपी	1
ग्रीन्स	1
बलार्ट	1
बेंडिगो	1
गीलॉन्ग	1
लिबरल्स	1
सीट्स	1
जीतीं	1
मेलबर्न	1
अधिनियमित	1
अनुसरण	1
ब्रॉडमेडो	1
जिलॉन्ग	1
ट्रंक	1
संकरी	1
सुलिवान	1
कोलिन्स	1
मरीन	1
ड्रमर	1
वुडरिफ	1
नैंट	1
फॉनटेनब्लियू	1
चौथाई	1
हुगोनॉट्स	1
नॉरफ़ॉक	1
उन्हे	1
प्रपात	1
मोनैकन	1
पोहतन	1
चेस्टरफील्ड	1
प्राकृतिकरण	1
प्रवासियों	1
सम्बंध	1
पिडमॉन्ट	1
अप्पलाचियन	1
मिसौरी	1
जैक्स	1
तत्पश्चात	1
फेलर	1
स्विस	1
कॉविन	1
वाल्डेंसियन	1
लुबेरोन	1
फरेल	1
सुधारवादियों	1
लस्वरूप	1
ओलिवटन	1
कन्फेशन	1
कैल्विनिस्टिक	1
अल्पकाल	1
घुलमिल	1
उपनामों	1
लवेसियर	1
ड्यूपोंट	1
एलुथेरियन	1
गनपाउडर	1
ब्रैंडेनबर्ग	1
निर्वाचक	1
वंशबेल	1
पर्सिया	1
सैन्याधिकारी	1
एथनिक	1
फोंटेन	1
टैनबर्ग	1
हरमन	1
फाइटर	1
गैलैंड	1
जोकिम	1
अरनॉल्ड	1
पेरीयर	1
रिपब्लिक	1
माइ	1
सामान्यता	1
ज्वलनशील	1
फायरबॉक्स	1
भूतापीय	1
ऊष्मीय	1
आविष्कारक	1
पोर्टर	1
छापता	1
अश्वशक्ति	1
मैकेनिक्स	1
अनुभाग	1
सामन्यतः	1
टर्बाइनों	1
स्टेनलेस	1
कार्नोट	1
प्रविष्टि	1
प्रत्यागामी	1
अतितापित	1
स्टेप	1
सिलिंडर	1
कंपाउंड	1
शाफ्ट	1
स्थैतिक	1
रोटार्स	1
सरंचना	1
ब्लेडों	1
पुनर्निर्देशित	1
निर्वात	1
चर	1
गियरिंग	1
गियरबॉक्स	1
विल्हेम	1
शीले	1
उप्पसला	1
विल्टशायर	1
एंटोनी	1
लेवेजियर	1
प्रयोगों	1
संक्षारण	1
फ्लॉजिस्टन	1
मिथ्या	1
ऑक्सिस	1
खट्टे	1
स्वाद	1
हमी	1
अम्लों	1
उपयोगों	1
टांकना	1
स्टील्स	1
गोताखोरी	1
रसायनशास्त्री	1
डेवार	1
लिंडे	1
हैम्पसन	1
द्रवीभूत	1
आसुत	1
संगृहीत	1
एसिटिलीन	1
संपीड़ित	1
ऑक्सीएसिटिलीन	1
सर्वसाधारण	1
तेज़	1
विषमता	1
समाविष्ट	1
स्पेक्ट्रोफोटोमेट्रिक	1
अवशोषण	1
तरंग	1
दैर्ध्य	1
कैनोपियों	1
विकीर्णता	1
वनस्पतियों	1
परावर्तन	1
प्रतिदीप्ति	1
हाइपरबेरिक	1
चेम्बरों	1
विसंपीडन	1
सांद्रता	1
हीम	1
एनारोबिक	1
बैक्टीरिया	1
गोताखोरों	1
गोता	1
ित	1
नाइट्रोजन	1
हीलियम	1
बुलबुले	1
योम	1
किपुर	1
निर्यातक	1
खरीदते	1
बेचते	1
अपस्फीति	1
भूभागों	1
निक्सन	1
ेडरल	1
िस	1
लगना	1
समाधानों	1
वास्तविकताओं	1
उद्यमशीलता	1
नवाचार	1
वांछनीय	1
खरीददारों	1
क्रेसिडा	1
मज़्दा	1
कंडीशनिंग	1
स्टीयरिंग	1
एएम	1
एफएम	1
लॉकिंग	1
संयत्र	1
लक्जरी	1
एक्यूरा	1
लेक्सस	1
इनफिनिटी	1
सीमैन	1
तदर्थ	1
गोलोविन	1
चयनित	1
हाइब्रिड	1
होबोल्ट	1
शीया	1
फ़्लाइट	1
एमएसए	1
खूबियों	1
रूपांतर	1
वर्नर	1
ब्रॉन	1
मानवरहित	1
सैटर्न	1
भरेगा	1
एलएमपी	1
एक्सट्रावेहिकुलर	1
एक्टिविटी	1
वाइ	1
र	1
फिशबोल	1
कूल्ड	1
ग्रिसोम	1
शैफ़ी	1
प्रेरक	1
एल्टीट्यूड	1
काउंटडाउन	1
सिमुलेटिड	1
सिमुलेशन	1
एकसाथ	1
गंध	1
कुंडी	1
घुट	1
नफ़्ज़र	1
रेस्टॉरेशन	1
लॉरी	1
कैमरों	1
हिलाव	1
संसाधित	1
कीन्सकोप	1
रिस्टोर	1
ेद	1
संधियाँ	1
स्थापाना	1
मास्ट्रिच	1
नाइस	1
ग्रीस	1
साइप्रस	1
एस्टोनिया	1
लिथुआनिया	1
माल्टा	1
स्लोवेनिया	1
बुल्गारिया	1
ग्रीनलैंड	1
शक्तियाँ	1
प्रमुखताएँ	1
अनिर्वाचित	1
करनेवाले	1
हस्तांतरणीय	1
पीपुल	1
इकोलॉजिस्ट	1
लेस	1
वर्ट्स	1
कुप्रबंधन	1
सैंटर	1
क्रातिया	1
डेमो	1
बहुलता	1
नियमो	1
मिलानी	1
शेयरधारक	1
स्वरुप	1
एनिल	1
सिंद्धांतिक	1
वान	1
गेंड	1
लोस	1
पारस्परिकता	1
अम्मिनिस्ट्रिजियोन	1
डेल	1
फ़ानान्ज़े	1
गोमांस	1
विनियम	1
स्वचालित	1
अपरिवर्तनीय	1
ाल	1
परिकल्पित	1
व्यवसायों	1
श्रमबल	1
पुर्तगाली	1
फ़्लोरस्टा	1
अमाज़ोनिया	1
सेल्वा	1
अमेजनिया	1
फॉरगेट	1
अमज़ोनीएन	1
अमेज़ॅनजेनवाउड	1
पतझ	1
ैला	1
वेनेज़ुएला	1
इक्वाडोर	1
बोलीविया	1
गुयाना	1
सूरीनाम	1
फ़्रेंच	1
गयाना	1
अमेजनास	1
वर्षावनों	1
प्रजातियाँ	1
चारागाह	1
ज़मीन	1
पशुधन	1
सोयाबीन	1
लेडिमेरे	1
ओलिवेरा	1
अमेज़ॅन	1
उपज	1
चरागाह	1
सोया	1
प्रवर्धन	1
स्थलीय	1
मीट्रिक	1
अम	1
ोनियन	1
सदाबहार	1
मायनों	1
उपकेंद्र	1
वनस्पतियाँ	1
सुख	1
अवशोषित	1
गिगाटन	1
शिकारी	1
सूक्ष्म	1
लार्वा	1
रोटिफ़र	1
क्रस्टेशियंस	1
अपवाद	1
साल्पस	1
परजीवियों	1
पिंडों	1
टेंटीला	1
ियाँ	1
कोलोब्लास्ट्स	1
चिपचिपी	1
पकड़ता	1
फाइलम	1
चपटा	1
प्लैटिएक्टेनिड्स	1
छत्ते	1
एंटोफोरेस	1
दाँतों	1
विविधताएँ	1
मकड़ियों	1
पकड़ते	1
शरीरों	1
प्रतिनिधी	1
टेंटेकल	1
लॉगेस्टैटन	1
विकासवादी	1
वंशवृक्ष	1
बाइलेटेरियन	1
क्रेटेशियस	1
पैलियोजीन	1
दर्शाते	1
मोनोफ़ाइलिटिक	1
प्रवासीय	1
तरीको	1
स्ट्रिप्स	1
पंक्तियाँ	1
टेनेस	1
पंक्तियों	1
स्टैक	1
हिलता	1
नीचले	1
स्टेम	1
लागरस्टेटन	1
ऊतक	1
डेवोनियन	1
एम्सियन	1
प्युटेटिव	1
बर्गेस	1
शैले	1
संरचनाएँ	1
मुड़े	1
मांसल	1
कैंटेनियन	1
मुख्या	1
जुडी	1
एडियाकेरेन	1
एण्ड्रोमेडा	1
जेली	1
बहुकोशिकीय	1
मेटाजोआ	1
नीडारिया	1
सनीडारिया	1
प्लाको	1
होमोबॉक्स	1
रिसेप्टर्स	1
परिदृश्यों	1
प्लेको	1
स्नायु	1
मांसपेशी	1
विसंगति	1
स्पंज	1
शीघ्रता	1
ायलम	1
टोफोरेस	1
हॉक्स	1
नीलसन	1
सीमाएँ	1
मैक्सिकन	1
हमोंग	1
लाओटियन	1
प्रारम्भ	1
उद्यमी	1
थियो	1
किर्नी	1
केरमन	1
बुलेवार्ड	1
थॉर्न	1
ब्रुकहेवन	1
जेन्सेन	1
एल्म	1
उपखंड	1
पाउंड	1
गृहस्वामी	1
गृहस्थ	1
साझेदारियाँ	1
जोड़ता	1
सिएरा	1
क्लोविस	1
हंटिंगटन	1
आइजनहावर	1
एटस्कैडेरो	1
मेंडोटा	1
रीडले	1
जानेवाले	1
साइनेज	1
ऊर्ध्वाधर	1
हंग्री	1
कंटेंट	1
मेमरी	1
ओरिएंटेड	1
एप्लिकेशन	1
बाइट	1
नोड	1
क्रियाशील	1
एज	1
क्रियाओं	1
अंतरों	1
क्रमबद्ध	1
यूडीपी	1
इंटरफ़ेस	1
मिनीकंप्यूटरों	1
पावरहाउस	1
इक्विपमेंट	1
एक्स्प्लोर	1
आर्बर	1
डेट्रॉइट	1
लांसिंग	1
अलावां	1
जॉब	1
सबमिशन	1
टाइमनेट	1
टेलनेट	1
ईथरनेट	1
अटैच्ड	1
टीसीपी	1
लाभकारी	1
कंसोर्टियम	1
लैंबार्डरेल	1
कम्युनिकेशन	1
एकाउन्ट	1
ट्रैक्ट	1
परिचालित	1
उपभेदों	1
आइसोलेट्स	1
वैरिएंट	1
महामारियों	1
कारक	1
जीनोटाइप	1
सम्भवतः	1
हैन्सेटिक	1
अल्टरनेटिव	1
ट्विग	1
कैंटर	1
डंकन	1
इबोला	1
रक्तस्रावी	1
पुरातत्वविद्	1
बार्नी	1
स्लोन	1
वाटरफ्रंट	1
पुरातात्विक	1
थीसिस	1
नकारता	1
मक्खियों	1
टाइफस	1
चेचक	1
श्वसन	1
सेप्टिकैमिक	1
क्लेरकेनवेल	1
खोदकर	1
वसीयतें	1
वियना	1
ओस्लो	1
अल्जीयर्स	1
कॉन्स्टेंटिनोपल	1
जियोलॉजिक	1
उपसमूह	1
तारांकन	1
होलोसिन	1
प्लेइस्टोसिन	1
फाउनल	1
तलछटी	1
चूकि	1
डार्विन	1
प्रकारों	1
स्थानीयकरण	1
ड्रिल	1
सेक्शंस	1
सर्वेक्षणों	1
कुँए	1
आयामों	1
वातावरणों	1
निष्कर्षण	1
गैरीसन	1
रेहान	1
भूवैज्ञानिकों	1
रचनाओं	1
सिना	1
पोलीमैथ	1
मीलों	1
शेल्स	1
भूविज्ञानी	1
सैटलमेंट	1
टुकड़े	1
वाल्सेंड	1
एंड्स	1
सेगेडुनम	1
अराबिया	1
टीले	1
पिक्टिश	1
बूचर	1
इनडोर	1
रात्रिभोज	1
लॉइंग	1
मेहराब	1
प्रतिस्थापित	1
लिंडिस्	1
ार्न	1
टाइनसाइड	1
फॉग	1
फुटबॉलर	1
गैस्कोनिक	1
अन्वेषक	1
वॉकीयर	1
ट्रैश	1
टेलर	1
भूतपूर्व	1
गिटारवादक	1
ट्रान्जिट	1
माध्य	1
गेट्सहेड	1
क्वीन	1
एलिजाबेथ	1
नेक्सस	1
यूकैसल	1
टाइनमाउथ	1
सुंदरलैंड	1
हिल्टन	1
डरहम	1
मैन्युफैक्चरर्स	1
मार्लबोरो	1
समरसेट	1
संग्राहलय	1
अप्लाइड	1
केंसिंग्टन	1
गॉटफ्रीड	1
सेम्पर	1
ब्रॉम्प्टन	1
जलपान	1
फार	1
इस्टर्न	1
संग्रहों	1
पूर्णकाय	1
क्लासिक	1
क्लोइज़न	1
एनामेल	1
कलर	1
ज़ूंडे	1
कॉस्टयूम	1
नोटबुक	1
वर्ड	1
इमेज	1
फैशनेबल	1
पोशाकों	1
टैलबोट	1
ह्यूजेस	1
डिपार्टमेंट	1
हैरोड्स	1
म्यूजिकल	1
इंस्ट्रूमेंट्स	1
रेनेसाँ	1
फर्नीचर	1
हॉरमन	1
हॉर्नमैन	1
वाद्ययंत्रों	1
एडविन	1
लैंडसीर	1
विल्की	1
मुलरेडी	1
पॉवेल	1
फ्रिथ	1
मिलिस	1
हिप्पोल्टे	1
डेलारोचे	1
इसाबेल	1
पूर्णाकार	1
हय	1
फुन्गई	1
मार्कस	1
घियरेर्ट्स	1
बेसाकफुमी	1
फियोरावेंटे	1
फेरामोला	1
ब्रूघेल	1
एन्थोनी	1
डाइक	1
लुडोविको	1
कार्रेसी	1
वेरियो	1
जियोवनी	1
बतिस्ता	1
टाईपेलो	1
डोमिनिको	1
टाईपोलो	1
कैनाल्टो	1
हेमन	1
पोम्पियो	1
बाटोनी	1
सैंडबी	1
विल्सन	1
एयटी	1
लॉरेंस	1
डेंबी	1
पार्क्स	1
बोनिंगटन	1
अल्फोंस	1
लेग्रोस	1
आगंतुकों	1
उड़कर	1
ट्रोइका	1
डॉट्स	1
धारियों	1
मिनिमलिस्ट	1
ग्राफिकल	1
शेड्यूल	1
सीक्वेंस	1
झंकार	1
साउंडमार्क	1
फैनफेयर	1
वेरिएंट	1
जिंगल्स	1
ड्रम	1
किंटनर	1
अनिर्णय	1
रिसीवर्स	1
गारंटीड	1
बेचना	1
मर्ज	1
रेटिंग	1
स्लॉट	1
बेचें	1
दिखायें	1
ऑडिएंस	1
ोत्तरी	1
आरोन	1
मिडशेन	1
चार्लीज	1
थ्रीज़	1
लेवरने	1
शर्ली	1
फ़ैंटेसी	1
क्लोज़	1
फ़ॉर	1
कम्फर्ट	1
सोप	1
बेंसन	1
मोर्क	1
माइंडी	1
प्रभाग	1
रिपर्टरी	1
हर्स्ट	1
निकलोडियन	1
ओन्गगीरात	1
जमूखा	1
केराइट	1
तोघरुल	1
पितृत्व	1
अटकलबाज़ियों	1
अनुलोम	1
ाना	1
गुणात्मक	1
कोकोचू	1
उद्घोषणा	1
डरकर	1
डलान	1
बलजुत	1
देग	1
िंदा	1
तोग्रुल	1
क़ारा	1
ख़िताई	1
अभिलेख	1
एदसेन	1
खोरू	1
येनान	1
दोंग्शन	1
दाफो	1
डायन	1
कुंबुम	1
िनिंग	1
तेहर	1
शि	1
पुनर्निर्मित	1
कैस्पियन	1
ओगेदेइ	1
सेनायें	1
ज़िया	1
ख़्वारज़मिड्स	1
बढे	1
समरकंद	1
उर्जेनच	1
कीव	1
आक्रमणों	1
हत्याएँ	1
खुज़ेस्तान	1
गज़ान	1
लेवंत	1
फिलिस्तीन	1
गाजा	1
हराकर	1
हमदानी	1
मर्व	1
निशापुर	1
बाटू	1
कीवन	1
नोवगरोद	1
प्सकोव	1
विलोपित	1
पर्यवेक्षित	1
प्रबंधित	1
विशेषज्ञता	1
फ़ार्मास्यूटिकल	1
नियन्त्रक	1
ज़कारिया	1
ेस	1
जाह्रवी	1
अबुलकसिस	1
उत्सादन	1
लिबर	1
सर्वेंटरी	1
रुचिकर	1
ज	1
बूटियों	1
सबुर	1
सादल्लाह	1
मरिदिनी	1
वाफिद	1
मुद्रित	1
मेस्यू	1
युनिवर्सलिबस	1
पर्टिक्यूलरीबस	1
एबेंग्यूफिट	1
मेडिसिस्टमिस	1
सिंप्लीबस	1
अबानो	1
वेनेरिस	1
मारिदिनी	1
मुवाफाक	1
आर्सेनिक	1
सिलिकिक	1
विट्रियल	1
लेड	1
सत्यापन	1
यौगिक	1
फ़ार्मेसी	1
व्यतीत	1
नुस्खों	1
स्वचालन	1
ओमनीकेयर	1
किन्ड्रेड	1
फ़ार्मेरिका	1
फार्मेसियां	1
क्षेत्राधिकारों	1
विनियमित	1
क्षेत्राधिकार	1
अन्यत्र	1
विकार	1
आवर्ती	1
मनुष्यों	1
आनुवांशिक	1
जीवधारी	1
हाशिमोटो	1
थायरॉयडिटिस	1
मधुमेह	1
मेलेटस	1
प्रणालीगत	1
ल्यूपस	1
एरिथेमेटोसस	1
ग्लूकोकार्टोइकोड्स	1
अवांछनीय	1
दुष्प्रभाव	1
मोटापा	1
हाइपरग्लाइसेमिया	1
ऑस्टियोपोरोसिस	1
मज़बूती	1
खुराक	1
मेथोट्रेक्सेट	1
एज़ैथोप्रिन	1
मारना	1
अव्यवस्थित	1
दुष्प्रभावों	1
सीक्लोस्पोरिन	1
जगने	1
विभेदित	1
प्रभावकारक	1
लिम्फोसाइट्स	1
रोगजनकों	1
कोर्टिसोल	1
कैटेकोलामाइन	1
दुर्बलताओं	1
जागने	1
ऑक्सीडेटिव	1
इम्युनोग्लोबुलिन	1
व्युत्पन्न	1
लैंप्री	1
हैगफिश	1
वैरिएबल	1
बांधते	1
अमीनो	1
शर्करा	1
छुपाए	1
उत्परिवर्तित	1
टीकों	1
ट्रिपैनोसोमा	1
ब्रूसी	1
ढकना	1
कने	1
झिल्ली	1
पहचानना	1
पीटरलू	1
नरसंहार	1
पर्सी	1
एनार्की	1
छवियों	1
क्रिया	1
अहिंसक	1
ादी	1
अनार्की	1
अप्रभावी	1
खण्डन	1
इच्छाओं	1
फेंकने	1
रिवाजों	1
ताने	1
बाने	1
फेरेन	1
डेक	1
हंगेरियन	1
ज़िन	1
हार्वे	1
अस्वीकृत	1
डिनायल	1
ब्राउनली	1
टेबल	1
रूरी	1
प्लोशेयर	1
फाटकों	1
दरांती	1
ढकने	1
वाईपोहाई	1
सेबंद	1
अराजकतावादी	1
कैमडेन	1
प्रतिवादियों	1
दुराचार	1
एकजुटता	1
अंध	1
प्रसन्नतापूर्वक	1
खरीदारों	1
वित्तपोषण	1
ठेकेदारों	1
इन्हे	1
श्रेणियां	1
डेवलपर्स	1
बिल्ड	1
विनिर्देश	1
ज़ोनिंग	1
ढहना	1
प्रोहिबिटुम	1
तृतीयक	1
ट्यूशन	1
अनुदानित	1
समवर्ती	1
प्रथानुसार	1
परिणामस्वरुप	1
मिशनरियों	1
रंगभेद	1
श्रेणियों	1
रंगभेदी	1
पिताओं	1
टोपेका	1
सुविचारित	1
वर्णभेद	1
अकादमियां	1
रेडक्लिफ	1
एडवांस्ड	1
ऑलस्टोन	1
नेबरहुड	1
दंत	1
लोंगवुड	1
्यादा	1
ऑलस्टन	1
कैंब्रिज	1
वीक्स	1
डेंटल	1
लॉन्गवुड	1
निर्धन	1
कौंसल	1
केंट	1
होल्डिंग्स	1
कार्नेगी	1
चयनात्मक	1
निम्नतम	1
हैंकॉक	1
क्विंसी	1
रदरफोर्ड	1
हेस	1
फ्रैंकलिन	1
गोर	1
सेबेस्टियन	1
पिनेरा	1
मैनुअल	1
सैंटोस	1
जोस	1
फिगर्स	1
फेलिप	1
काल्डेरोन	1
सेलिनास	1
गोर्टारी	1
मिगुएल	1
त्सखिआगिन	1
एल्बेगडोर	1
एलेजांद्रो	1
टोलेडो	1
मा	1
यिंग	1
जेउ	1
अल्बानियाई	1
नोली	1
मैकेंज़ी	1
ट्रूडो	1
एंटोनीस	1
समरस	1
नेतन्याहू	1
शॉन	1
डोनोवन	1
इग्नाटिएफ़	1
मुर्तजा	1
सनम	1
अबुल	1
मौल	1
मुहिथ	1
पुंटलैंड	1
अब्दिवेली	1
एंथोनी	1
लुजत्सो	1
गार्डनर	1
डुवल	1
सम्मिलन	1
समुद्रतटीय	1
टिमुकुआ	1
बस्तियों	1
संकीर्ण	1
सेमिनॉले	1
वाका	1
पिलाटका	1
काऊ	1
जैक्सन	1
खोजकर्ता	1
रेने	1
गौलाइन	1
लाउडोनियानेर	1
सतूरीवा	1
मेंडेज़	1
एविलेस	1
मेटो	1
उपरांत	1
हेडन	1
बर्न्स	1
स्टोरी	1
सिविक	1
हिस्पैनिक	1
मेक्सिको	1
डोरा	1
तूफ़ानी	1
सैफिर	1
फ्रांसेस	1
बोनी	1
बवंडर	1
बेरिल	1
हवाएँ	1
स्टिग्लिट्ज़	1
ब्रांको	1
मिलानोविच	1
पहुँचाती	1
गैलर	1
ज़ीरा	1
शिक्षुता	1
उर्वरता	1
पुनर्वितरण	1
प्रवत्ति	1
कुज़नेट	1
आघातों	1
जादुई	1
कुजनेट	1
महत्त्वपूर्ण	1
आईएमएफ	1
अर्थशास्त्रियों	1
सहस्त्राब्दी	1
लोच	1
सरलता	1
बहुमुखी	1
सोनिक	1
पेचकश	1
व्यक्तित्व	1
पाखण्डी	1
अनअर्थली	1
सुसान	1
फोरमैन	1
टॉम्ब	1
वाटरफील्ड	1
एम्प्टी	1
कॉन्सटेंटाइन	1
एहसास	1
फियर	1
डॉटर	1
पुनर्जीवन	1
कथात्मक	1
मोफ़ात	1
टायलर	1
पाइपर	1
मार्था	1
फ्रीमा	1
अग्येमैन	1
मिक्की	1
नोएल	1
हरकनेस	1
बैरोमैन	1
द्वितीयक	1
एलेवेंथ	1
पॉन्ड	1
करेन	1
गिलन	1
रोरी	1
डारविल	1
एलेक्स	1
किंग्स्टन	1
क्लारा	1
वेस्वाल्ड	1
जेना	1
बेमेल	1
मुला	1
ातों	1
घुमाव	1
मैककी	1
डुडले	1
पीपल	1
भूतिया	1
जायंट्स	1
हॉर्न्स	1
निमोन	1
कहानियाँ	1
टॅलन्स	1
वेंग	1
चियांग	1
संचालक	1
ट्रेवर	1
सेवेन	1
डूम्सडे	1
कॉलिन	1
अल्टीमेट	1
बैंक्स	1
नाटकों	1
शौकिया	1
प्रस्तुतियों	1
टेरी	1
कर्स	1
ट्रस्टियों	1
इवेस	1
कॉब	1
कोब	1
शेप्ली	1
रुटान	1
कूलिज	1
होलाबर्ड	1
रोश	1
कॉलेजिएट	1
मिशेल	1
मैग्डलेन	1
हचिंसन	1
क्राइस्ट	1
ईरो	1
मिडवे	1
लेयर्ड	1
लुडविग	1
माइस	1
डेर	1
रोहे	1
ड्यूरेल	1
हैरिस	1
रेजेनस्टाइन	1
स्किडमोर	1
वालिंग्स	1
मेरिल	1
नेट्च	1
ब्रूटलिस्ट	1
गेराल्ड	1
रैटनर	1
मैक्स	1
पैलेव्स्की	1
रेजीडेंशियल्स	1
रेजिडेंस	1
डाइनिंग	1
मनसुइटो	1
कांच	1
वाचनालय	1
स्नातकोत्तर	1
डेकेयर	1
शंक्मैन	1
ओर्थोजेनिक	1
स्कूलसंचालित	1
हाइड	1
मानविकी	1
अंतःविषय	1
सत्या	1
नडेला	1
ओरेकल	1
एलिसन	1
सैक्स	1
एमएफ	1
कॉर्ज़िन	1
मैकिनसे	1
लेखांकन	1
मैकिंसे	1
एर्ली	1
कैथे	1
ब्लूमबर्ग	1
एलपी	1
डैनियल	1
डॉक्टरऑफ़	1
सुइस	1
ब्रैडी	1
डॉगन	1
मॉर्निंगस्टार	1
मैनसिटो	1
कब्स	1
रिकेट्स	1
एडम	1
मिल्टन	1
फ्रीडमैन	1
थैचर	1
कैप्चर	1
प्रस्तावक	1
स्टिग्लर	1
गैरी	1
जन्मदाता	1
सैमुएलसन	1
यूजीन	1
फामा	1
सोवेल	1
घोटालों	1
जावा	1
अनुपयुक्त	1
त्रान	1
वायट	1
दांग	1
फ़ुज़ियान	1
किन्ह	1
दै	1
विएट	1
क्वॉक	1
तुआन	1
लेटर	1
ट्रॉन	1
दाओ	1
लियाम	1
केली	1
ज़ू	1
ज़ोंगडाओ	1
फुजियान	1
डैओवादी	1
ज़ोंगाडो	1
डाकुओं	1
चंपा	1
अयुरबरवाड़ा	1
बैजू	1
कन्फ्यूशी	1
टोंग	1
ज़ी	1
प्रख्यापित	1
कन्फ्यूशियस	1
येसु	1
टेमर	1
ताईदिंगी	1
राजकुमारों	1
हान	1
जर्केंस	1
शब्दावली	1
खेतान	1
जर्केन	1
लियू	1
बिंगज़ॉन्ग	1
याओ	1
आलोचनात्मक	1
झोंगशू	1
प्रिविंस	1
अधिव्यापन	1
शांगशू	1
कुल्लुग	1
वुज़ोंग	1
ईसाइयों	1
जीसस	1
इंटरप्रेटर	1
त्रिदोषन	1
यिन	1
यांग	1
वू	1
दर्जें	1
सेमु	1
सेमू	1
ईएसीसी	1
किबा	1
पीएनयू	1
ओडीएम	1
रुटो	1
क्रिमिनल	1
ाव	1
शी	1
जिनपिंग	1
यूनिसेफ	1
मालिन्दी	1
मोबासा	1
किलिफी	1
डियानी	1
कियां	1
वैश्यावृत्ति	1
वेश्याएं	1
रैलिंग	1
बॉक्सिंग	1
एथेलिटिक्स	1
स्टीप्लचेज	1
कामनवेल्थ	1
केन्याई	1
एथलीट्स	1
क्लेन्जिन	1
दौ	1
सर्वोच्चता	1
सुपरिचित	1
धावकों	1
विश्वविजेता	1
नदेरेबा	1
रुदिशा	1
होइसिंग	1
गि	1
ोउली	1
रोबर्ट	1
औरबर्ट	1
बोलिन	1
डब्ल्यूजी	1
समरी	1
सघनता	1
अतिरिक्त्त	1
डाईऑक्साइड	1
ेगा	1
वउनका	1
परिमाण	1
परिवर्त्तन	1
वर्धित	1
नीतिनिर्माताओं	1
भलीभांति	1
डब्ल्यूडब्ल्यूए	1
आईसीएसआई	1
मापनी	1
टीएआर	1
प्रमुखतः	1
सहस्रशताब्दी	1
गोलार्ध	1
रेमंड	1
ब्रेडले	1
मालकम	1
हॉकी	1
उच्चतर	1
पोलाक	1
क्रोएली	1
लौरी	1
ब्रि	1
्	1
विधियों	1
पुनर्निर्माणों	1
अंगूरों	1
अभिलेखीय	1
इंगलैंड	1
रेखाचित्र	1
प्रभावशीलता	1
तापन	1
मोंट्रियल	1
रेखीय	1
यूकार्योटिक	1
फगोकयटिक	1
वकोल	1
अंतरतम	1
लिपिड	1
बिलाएर	1
साइनोबैक्टेरियम	1
घेरती	1
फगोसोमल	1
कोशिकामय	1
यूकरयोटिक	1
आत्मसात	1
साइटोप्लास्म	1
संश्लेषित	1
प्रत्यक्षतः	1
प्लास्टिडस	1
प्लास्टिड	1
ग्लूकोफीट	1
रहोडोफाइट	1
क्लोरोप्लास्टिडन	1
प्लेस्टोम	1
लीवेरवर्ट	1
तबसे	1
ग्लूकोफीटस	1
क्षमतायुक्त	1
पूर्वाग्रह	1
वंशवलियों	1
खोये	1
डीआटोमस	1
हेट्रोकोनोटोफाइटा	1
धारणाएं	1
सायनोबैक्टिरिया	1
वेसिकल	1
सायनोबैक्टिरियम	1
होमोलोगस	1
भाजक	1
गुणक	1
गुणनफल	1
गुणधर्म	1
सत्यापित	1
किन्तु	1
बहुगुणक	1
एल्गोरिदम	1
राबिन	1
बहुपदीय	1
धीमा	1
विधियां	1
मेर्सेन	1
अद्यतन	1
अपरिमितता	1
ट्विन	1
पॉलिग्नैक	1
सिनचेज़ल	1
ब्रोकार्ड	1
अभाज्यों	1
लीजेंड्रे	1
सामान्यीकृत	1
न्यूनतमता	1
अनिर्णयता	1
अवयवों	1
परिमित	1
अभिप्रेत	1
अविभाज्य	1
त्रिविअल	1
नॉट्स	1
संयोजित	1
मैनिफोल्ड	1
ओस्ट्रोव्स्की	1
बिंगन	1
बॉन	1
संरूपण	1
तनन	1
रोमांटिक	1
प्यारे	1
देशीय	1
मिलिंगन	1
रिजन	1
नेदरज़र्न	1
म्युज	1
ग्लेशियल	1
प्लेस्टोसिन	1
हिमयुग	1
ैल	1
सबसॉइल	1
पिघलना	1
डाउनस्ट्रीम	1
सिकुड़ती	1
मेल्टवाटर	1
उपधारा	1
डूबो	1
ैसला	1
सुनाता	1
सैन्यीकृत	1
तुष्टिकरण	1
बैकबेंचर्स	1
प्रमोटर	1
बिलों	1
ट्राम	1
एयरड्री	1
बाथगेट	1
निपटे	1
वेस्टमिंस्टर	1
गर्भपात	1
लॉटरी	1
मौद्रिक	1
डिसक्वालिफिकेशन	1
नेशनलिटी	1
राष्ट्रमंडल	1
विधानसभाओं	1
इस्लामवाद	1
हॉलिडे	1
एस्पोसिटो	1
गामिदी	1
हेरी	1
अनुदार	1
दहेज	1
माँगों	1
क्लीनिक	1
उपेक्षित	1
धर्मनिरपेक्षतावादी	1
आलोचक	1
रीकंस्ट्रक्शन	1
रिलिजियस	1
थॉट	1
गफ़र	1
निमीरी	1
वफादारों	1
लेवेंट	1
आलोचकों	1
दाइश	1
वहाबी	1
सलाफी	1
जिहादी	1
चरमपंथी	1
खिला	1
अधतन	1
लीबिया	1
नाममात्र	1
जियोग्राफिकल	1
रेटज़ेल	1
हैलफोर्ड	1
भूगोलवेत्ताओं	1
रत्ज़ेल	1
ओरिएंटलिज्म	1
ओरिएंट	1
विवेकहीन	1
स्थपित	1
हीन	1
अस्मिता	1
ओरिएंटलिज़्म	1
डलास	1
जीवनशैली	1
चित्रण	1
रोमानियाई	1
सत्तावादी	1
शासनों	1
रअंदा	1
अनधिकृत	1
पूंजीवाद	1
इतिहासकारों	1
सिद्धांतकारों	1
अगुआ	1
होबसन	1
शम्पेटर	1
थोरस्टीन	1
वेबलिन	1
एंगेल	1
संकुल	1
हॉबसन	1
हॉब्सन	1
सहिष्णु	1
बहुध्रुवीय	1
बादअपने	1
प्रजातंत्रवादी	1
व्हाइटफील्ड	1
विधिपूर्वकअध्ययन	1
नियमशील	1
मेथोडिस्टों	1
कक्षाएं	1
जीना	1
उपसमिति	1
कॉन्फ्रेंस	1
रेव	1
स्टाल्सवर्थ	1
धर्मोपदेश	1
मनी	1
मंडली	1
वफादार	1
कम्युनियन	1
अकिण्वित	1
शराबियों	1
उपवास	1
पढाई	1
पहुँचाता	1
निष्क्रियता	1
बिशपों	1
वादकारियों	1
कमीशनिंग	1
एल्डर्स	1
तारीखें	1
खाती	1
मॉन्ट्रियल	1
उपनिवेशियों	1
मु	1
ाबले	1
न्यूफ़ाउंडलैंड	1
मनमाने	1
चार्टर्स	1
फर	1
स्टॉकड	1
क्लाउड	1
पेकौडी	1
भेजीं	1
वेनगो	1
उदारतापूर्वक	1
विलियम्सबर्ग	1
मिंगो	1
स्काउटिंग	1
कमांडिंग	1
कूलोन	1
फरसे	1
तानाग्रिसन	1
ब्रिटिशों	1
मस्कट	1
लाउडाउन	1
अबरक्रॉम्बी	1
कुमुक	1
मॉन्टल्कम	1
चेवेलियर	1
लेविस	1
बोरलामेक	1
गतिहीन	1
द्रव्यमानों	1
जन्मजात	1
अप्राकृतिक	1
तीरों	1
तीरंदाज	1
अविच्छिन्नक	1
आइजैक	1
आकाशीय	1
सार्वभौमिक	1
फैराडे	1
मैक्सवेल	1
तर्कयुक्त	1
क्वांटम	1
प्रस्फुटन	1
हिग्ग्स	1
बोसॉन	1
आभासी	1
अवस्थिति	1
अप्रमाणित	1
हिग्स	1
न्यूट्रिनो	1
दोलन	1
निगरानियों	1
अनसुलझी	1
सुपरसिमेट्री	1
सापेक्षता	1
समझाती	1
रेखाओं	1
जड़ता	1
पर्यवेक्षण	1
फेंकी	1
बास्केटबॉल	1
परबोला	1
त्रिज्या	1
अमौलिक	1
लोरेंट्ज़	1
गुणन	1
इलेक्ट्रोस्टैटिक	1
आयतन	1
निष्ठता	1
शर्तें	1
टैंसर	1
विकर्ण	1
कतरनी	1
डायमेंशनल	1
एलिमेंट्स	1
विकृतियों	1
तन्य	1
संपीडन	1
