rank	token	count
1	के	19135
2	में	12641
3	की	10730
4	है	10070
5	को	8410
6	से	6873
7	ने	6650
8	कि	5988
9	और	5506
10	का	5214
11	पर	4638
12	हैं	3276
13	कहा	2864
14	इस	2806
15	लिए	2765
16	भी	2538
17	एक	2379
18	नहीं	2225
19	किया	2220
20	कर	2005
21	गया	1955
22	करने	1784
23	यह	1745
24	था	1668
25	उन्होंने	1578
26	ही	1336
27	बाद	1297
28	दिया	1276
29	सरकार	1272
30	हो	1262
31	हुए	1162
32	साथ	1117
33	तक	1005
34	गई	977
35	गए	967
36	थी	884
37	सिंह	875
38	लेकिन	863
39	भारत	843
40	थे	841
41	जा	819
42	व	813
43	रहे	801
44	इसके	785
45	अपने	784
46	दी	773
47	बताया	772
48	तो	753
49	होने	726
50	वह	725
51	लोगों	716
52	पुलिस	708
53	रही	697
54	वाले	684
55	रहा	683
56	जाने	666
57	द्वारा	654
58	रूप	653
59	पहले	651
60	कुछ	648
61	कोई	640
62	जो	613
63	पार्टी	588
64	दो	583
65	उनके	562
66	हुई	554
67	समय	552
68	मंत्री	549
69	करते	548
70	राज्य	532
71	तरह	526
72	मामले	522
73	प्रधानमंत्री	519
74	बीच	515
75	दौरान	514
76	कांग्रेस	513
77	इन	512
78	उन्हें	510
79	अपनी	508
80	अब	502
81	कई	493
82	किसी	487
83	दोनों	486
84	बात	484
85	पाकिस्तान	471
86	अन्य	449
87	किए	447
88	सभी	446
89	बारे	440
90	देने	437
91	चुनाव	435
92	शामिल	433
93	कारण	431
94	दिल्ली	427
95	हुआ	422
96	वे	420
97	पूर्व	414
98	देश	411
99	शुरू	408
100	भाजपा	408
101	क्षेत्र	407
102	भारतीय	405
103	लिया	402
104	साल	390
105	या	389
106	चाहिए	388
107	लेकर	374
108	उनकी	371
109	बैठक	370
110	जाएगा	369
111	सकता	366
112	जाता	359
113	तीन	359
114	अध्यक्ष	359
115	मुताबिक	350
116	आयोग	347
117	केंद्र	346
118	करना	346
119	वर्ष	343
120	कहना	343
121	वाली	341
122	बार	340
123	खिलाफ	339
124	कम	330
125	सुरक्षा	329
126	काम	328
127	रुपये	325
128	जब	322
129	मंत्रालय	318
130	लोग	317
131	जारी	316
132	पास	315
133	दिन	314
134	होगा	310
135	सबसे	310
136	प्रदेश	307
137	ओर	305
138	इससे	303
139	पिछले	299
140	नेता	299
141	जबकि	294
142	कश्मीर	285
143	रिपोर्ट	285
144	उसके	277
145	हालांकि	271
146	यहां	270
147	सूत्रों	269
148	ज्यादा	269
149	जानकारी	266
150	देशों	266
151	जांच	264
152	राष्ट्रीय	262
153	अधिक	261
154	अलावा	259
155	उसे	259
156	फीसदी	258
157	दिए	258
158	बातचीत	257
159	दे	255
160	नेताओं	255
161	राष्ट्रपति	251
162	अभी	250
163	नाम	250
164	तैयार	250
165	विकास	248
166	उस	248
167	इसे	246
168	स्थित	245
169	अदालत	242
170	आज	239
171	तथा	239
172	केंद्रीय	239
173	फिर	237
174	मुख्यमंत्री	236
175	सेना	236
176	काफी	235
177	योजना	235
178	आरोप	231
179	तहत	231
180	अमेरिका	231
181	सकते	231
182	करोड़	230
183	यात्रा	228
184	चार	228
185	फैसला	226
186	पूरी	226
187	अलग	226
188	अधिकारियों	225
189	मनमोहन	224
190	न	223
191	विदेश	223
192	इसमें	222
193	प्रस्ताव	222
194	उत्तर	221
195	कोर्ट	221
196	विचार	220
197	बनाने	218
198	यहाँ	217
199	अनुसार	216
200	राज्यों	213
201	विभाग	212
202	इसका	211
203	हम	211
204	प्रमुख	210
205	अधिकारी	209
206	बिहार	209
207	दल	208
208	बहुत	208
209	मुद्दे	208
210	मंदिर	208
211	संयुक्त	207
212	स्थिति	204
213	मांग	204
214	ये	203
215	गांधी	201
216	इसी	200
217	करेंगे	200
218	जैसे	200
219	समिति	200
220	मुख्य	199
221	विशेष	199
222	ले	199
223	कार्यक्रम	196
224	पद	195
225	होगी	194
226	बयान	194
227	जाना	193
228	वहां	192
229	अमेरिकी	192
230	संख्या	192
231	सकती	192
232	समर्थन	190
233	करीब	190
234	बुधवार	189
235	जिसमें	186
236	पूरा	186
237	बोर्ड	186
238	मदद	184
239	कंपनी	184
240	अपना	184
241	आने	183
242	वरिष्ठ	183
243	क्योंकि	183
244	लाख	183
245	जाएगी	182
246	सीमा	182
247	संबंध	180
248	लगा	180
249	उनका	180
250	उसने	179
251	ऐसा	177
252	पेश	176
253	इसकी	175
254	कानून	175
255	लेने	175
256	राजनीतिक	174
257	संसद	174
258	मंगलवार	173
259	हजार	173
260	होता	171
261	निर्माण	170
262	मुंबई	170
263	घोषणा	169
264	लगभग	169
265	याचिका	168
266	विधानसभा	168
267	होती	167
268	दूसरे	166
269	जाए	166
270	एस	165
271	नेतृत्व	165
272	शनिवार	165
273	दर्ज	164
274	यूपीए	164
275	प्रति	163
276	आडवाणी	163
277	रखा	163
278	इसलिए	163
279	उम्मीद	161
280	ऐसे	161
281	नई	161
282	आगे	161
283	देते	161
284	टीम	160
285	हर	159
286	वजह	159
287	सामने	158
288	फैसले	157
289	सचिव	156
290	विरोध	156
291	चल	156
292	पता	155
293	सदस्य	155
294	सोमवार	154
295	रात	154
296	क्या	154
297	बृहस्पतिवार	153
298	एवं	153
299	यदि	152
300	ली	152
301	जवाब	152
302	जनता	151
303	पी	151
304	बारिश	150
305	करता	150
306	नए	150
307	सोनिया	150
308	बजे	149
309	उसकी	149
310	रखने	149
311	लगाया	149
312	आ	148
313	बंद	148
314	आए	148
315	कोशिश	147
316	जम्मू	147
317	सरकारी	147
318	अगर	147
319	व्यवस्था	146
320	जिले	146
321	मामला	145
322	राजग	145
323	कार्रवाई	145
324	अगले	145
325	शहर	145
326	शुक्रवार	145
327	मिलने	144
328	यादव	144
329	बाहर	144
330	लालू	144
331	पांच	143
332	ए	143
333	जरूरत	142
334	सुबह	142
335	प्रयास	141
336	रक्षा	141
337	घटना	139
338	सवाल	138
339	विभिन्न	136
340	उन	136
341	भूमिका	136
342	तौर	135
343	आर्थिक	135
344	प्रक्रिया	134
345	रहने	134
346	पानी	134
347	वहीं	134
348	माना	133
349	मुलाकात	133
350	मुशर्रफ	133
351	मौजूद	133
352	ऑफ	133
353	आदेश	133
354	मिल	132
355	कमी	131
356	चर्चा	131
357	संभावना	131
358	वापस	131
359	इस्तेमाल	131
360	आतंकी	130
361	कार्य	130
362	स्तर	130
363	जहां	130
364	बना	130
365	लागू	129
366	महत्वपूर्ण	129
367	दक्षिण	128
368	महीने	128
369	महिला	128
370	संघ	127
371	कराने	127
372	मारे	127
373	हाल	127
374	परिवार	127
375	आधार	127
376	तय	127
377	गौरतलब	126
378	चुके	126
379	पूरे	126
380	लोकसभा	126
381	पहली	126
382	छह	125
383	आई	125
384	व्यक्ति	125
385	दुनिया	124
386	पड़ा	122
387	वित्त	122
388	बड़ी	122
389	मिली	121
390	दावा	121
391	घर	121
392	सम्मेलन	121
393	बड़े	120
394	थीं	120
395	समेत	120
396	कंपनियों	119
397	क्षेत्रों	119
398	भारी	119
399	विश्व	119
400	केवल	118
401	ध्यान	118
402	सदस्यों	118
403	चाहते	118
404	प्रभावित	118
405	अभियान	118
406	अंतिम	118
407	रेलवे	117
408	हमले	117
409	अंतर्राष्ट्रीय	117
410	सूचना	117
411	पक्ष	117
412	रविवार	117
413	प्राप्त	117
414	जरिए	116
415	बनाया	116
416	होते	116
417	हत्या	115
418	समस्या	115
419	बजट	115
420	मैं	114
421	भर	114
422	दबाव	114
423	तब	114
424	बन	113
425	स्थान	113
426	वाला	113
427	परमाणु	113
428	फिल्म	113
429	गिरफ्तार	113
430	दलों	113
431	सांसद	112
432	प्रवक्ता	112
433	वार्ता	112
434	लगाने	111
435	दिनों	111
436	पत्रकारों	110
437	बावजूद	110
438	सेवा	110
439	स्थानीय	110
440	कुमार	110
441	आतंकियों	110
442	निर्देश	109
443	संगठन	109
444	कृषि	109
445	आम	108
446	पाकिस्तानी	108
447	सुप्रीम	108
448	खान	108
449	पहुंच	107
450	स्वास्थ्य	107
451	जाती	107
452	गयी	107
453	बढ़ाने	106
454	स्वीकार	106
455	उपलब्ध	106
456	वाजपेयी	105
457	राजद	105
458	मानना	105
459	गृह	105
460	खुद	104
461	कभी	104
462	उपयोग	103
463	दर	103
464	सात	103
465	स्कूल	103
466	दूर	103
467	आयोजित	103
468	बाजार	102
469	राजधानी	102
470	जून	102
471	सके	102
472	मौके	101
473	गांव	101
474	रेल	101
475	मौसम	101
476	सुनवाई	101
477	पश्चिम	101
478	नीति	100
479	जताई	100
480	दूसरी	100
481	जिससे	99
482	प्रदर्शन	99
483	सदन	99
484	शिक्षा	99
485	बिजली	99
486	सहयोग	99
487	लगातार	99
488	जल्द	98
489	हाईकोर्ट	98
490	उसका	97
491	हिस्सा	97
492	इनमें	97
493	राहत	97
494	उच्च	96
495	होंगे	96
496	होना	96
497	स्पष्ट	96
498	जगह	96
499	पासवान	96
500	आया	95
501	वृद्धि	95
502	गठबंधन	95
503	करके	95
504	सी	95
505	निजी	95
506	मीडिया	94
507	राष्ट्र	94
508	देखते	94
509	युद्ध	94
510	संबंधित	94
511	बड़ा	94
512	शांति	94
513	जेल	93
514	करेगी	93
515	राज्यपाल	93
516	बच्चों	93
517	हाथ	92
518	जी	92
519	घंटे	92
520	देना	92
521	गठन	92
522	चीन	92
523	करती	91
524	मोहम्मद	91
525	समूह	91
526	जरूरी	91
527	घायल	90
528	जिसे	90
529	चुकी	90
530	आप	90
531	साफ	89
532	इलाके	89
533	पीछे	89
534	हवाई	89
535	मुस्लिम	89
536	जिस	89
537	परिषद	88
538	शाम	88
539	इलाकों	88
540	हमें	88
541	संबंधी	88
542	हासिल	88
543	वक्त	88
544	गैस	88
545	अतिरिक्त	87
546	सही	87
547	पाया	87
548	बिना	87
549	बैंक	87
550	बनाए	87
551	मिला	87
552	दस	87
553	आर	86
554	रोक	86
555	किसानों	86
556	मसले	86
557	विवाद	86
558	बस	86
559	जस्टिस	86
560	दिसंबर	86
561	कदम	86
562	महासचिव	86
563	माकपा	85
564	मई	85
565	नियंत्रण	85
566	पत्नी	85
567	सीबीआई	85
568	राय	84
569	नटवर	84
570	देर	84
571	देखने	84
572	जनवरी	84
573	बढ़	83
574	खत्म	83
575	सप्ताह	83
576	पंजाब	83
577	समझौते	83
578	विपक्ष	83
579	खारिज	82
580	ऐसी	82
581	विमान	82
582	सामान्य	82
583	तरीके	82
584	पैदा	82
585	चलते	82
586	डॉ	82
587	सहित	82
588	उमा	82
589	मार्च	82
590	भेजा	82
591	शिकायत	81
592	बने	81
593	भाई	81
594	चुका	81
595	मामलों	80
596	इराक	80
597	पश्चिमी	80
598	गुजरात	80
599	कराया	80
600	कार्यालय	80
601	विश्वविद्यालय	80
602	सिर्फ	80
603	लाभ	80
604	प्रसाद	80
605	करार	80
606	मौत	79
607	जिसके	79
608	मध्य	79
609	निर्णय	79
610	करेगा	79
611	सुनामी	78
612	ग्रामीण	78
613	जाते	78
614	तेल	78
615	अप्रैल	78
616	वकील	78
617	मंत्रियों	78
618	आतंकवाद	78
619	समाधान	78
620	इनकार	78
621	उल्लेखनीय	78
622	सत्र	77
623	पहचान	77
624	सत्ता	77
625	प्रदान	77
626	उत्पादन	77
627	भाग	77
628	रह	77
629	अधिकार	77
630	प्रशासन	77
631	उत्तरी	77
632	इंडिया	76
633	एम	76
634	फिलहाल	76
635	गैर	76
636	सामाजिक	75
637	शुरुआत	75
638	जुलाई	75
639	कुल	75
640	बुश	75
641	ब्याज	75
642	तेजी	75
643	पाक	75
644	चला	74
645	प्रणाली	74
646	नजर	74
647	जनरल	74
648	गलत	74
649	संस्थानों	74
650	सार्वजनिक	74
651	बल	74
652	सूची	73
653	समारोह	73
654	अनुमति	73
655	निवेश	73
656	सहमति	72
657	स्टेशन	72
658	व्यापार	72
659	अस्पताल	72
660	विधायकों	72
661	खंडपीठ	72
662	देखा	72
663	तैनात	72
664	ऊर्जा	72
665	हरियाणा	72
666	माह	71
667	वर्तमान	71
668	मिले	71
669	दशक	71
670	ऊपर	71
671	चाहती	71
672	बताते	71
673	जाएंगे	71
674	प्रकार	71
675	कमेटी	71
676	कीमत	71
677	रोकने	71
678	यूरोपीय	71
679	चीनी	71
680	हमारे	70
681	वी	70
682	प्रकाश	70
683	ब्रिटेन	70
684	चुनौती	70
685	अनिल	70
686	हमला	70
687	पाटिल	70
688	तापमान	70
689	गंभीर	70
690	सैन्य	70
691	डी	69
692	लगाए	69
693	जोर	69
694	पहुंचे	69
695	बी	69
696	लगे	69
697	मानव	69
698	नुकसान	69
699	राव	69
700	प्रभाव	69
701	लाल	69
702	अपील	68
703	द	68
704	सड़क	68
705	फोन	68
706	खर्च	68
707	होकर	67
708	यही	67
709	वर्ग	67
710	मुद्दों	67
711	मैच	67
712	मंत्रिमंडल	67
713	नेपाल	67
714	अंदर	67
715	सहायता	67
716	छात्रों	67
717	नागरिक	67
718	धार्मिक	67
719	तुलना	66
720	ट्रेन	66
721	विदेशी	66
722	रिलायंस	66
723	रुख	66
724	वालों	66
725	उससे	66
726	ताकि	66
727	मजबूत	66
728	मार	65
729	नदी	65
730	पूछताछ	65
731	भारती	65
732	बंगाल	65
733	प्रवेश	65
734	मुखर्जी	65
735	लग	64
736	स्थापित	64
737	असम	64
738	पड़	64
739	ठीक	64
740	जवानों	64
741	खबर	64
742	एजेंसी	64
743	शर्मा	64
744	निदेशक	63
745	जॉर्ज	63
746	डिग्री	63
747	जीवन	63
748	जुड़े	63
749	उसी	63
750	मतदान	63
751	परियोजना	63
752	व्यक्त	63
753	आठ	63
754	विरोधी	63
755	संकेत	62
756	सांसदों	62
757	संजय	62
758	समुद्र	62
759	उद्योग	62
760	सितंबर	62
761	अंतरिक्ष	62
762	न्यूनतम	62
763	झारखंड	62
764	बहरहाल	62
765	क्रिकेट	62
766	हूं	61
767	किलोमीटर	61
768	पत्र	61
769	व्यापक	61
770	मानसून	61
771	महाराष्ट्र	61
772	संसाधन	61
773	बेहतर	61
774	सीट	61
775	लाने	61
776	भूकंप	61
777	सुधार	61
778	राज्यसभा	61
779	जिला	60
780	नया	60
781	हिस्से	60
782	अगस्त	60
783	स्वागत	60
784	बचाव	60
785	उनसे	60
786	मुझे	60
787	शंकराचार्य	60
788	विधेयक	60
789	कार	60
790	दौरे	59
791	मिनट	59
792	जल	59
793	निगम	59
794	पूर्वी	59
795	फरवरी	59
796	स्थानों	59
797	असर	59
798	एन	59
799	पूछे	59
800	संपर्क	59
801	उदाहरण	59
802	संसदीय	59
803	बच्चे	59
804	नवंबर	59
805	मौजूदा	59
806	आतंकवादी	59
807	विकसित	58
808	वर्षों	58
809	संगठनों	58
810	खुफिया	58
811	सजा	58
812	कर्मचारियों	58
813	समाप्त	58
814	अच्छी	58
815	मूल्य	58
816	इस्तीफा	58
817	राजनीति	58
818	बम	58
819	आग	58
820	नोटिस	58
821	परिवर्तन	57
822	दिशा	57
823	पार	57
824	आबादी	57
825	लगी	57
826	खरीद	57
827	भीड़	57
828	कानूनी	57
829	रहते	57
830	दायर	57
831	मूल	57
832	विमर्श	57
833	अध्ययन	57
834	देवी	57
835	जैसी	57
836	फ्रांस	57
837	होटल	57
838	दोपहर	57
839	यात्रियों	57
840	संविधान	57
841	विज्ञान	56
842	जिनमें	56
843	जिसका	56
844	बदलाव	56
845	जोशी	56
846	प्रबंधन	56
847	तेज	56
848	करनी	56
849	चिंता	56
850	बनी	56
851	दिखाई	56
852	जवान	56
853	जीत	56
854	पाने	56
855	विस्फोट	56
856	सुझाव	55
857	नियुक्त	55
858	मार्ग	55
859	विश्वास	55
860	उप	55
861	सिन्हा	55
862	कहते	55
863	रहेगा	55
864	जमकर	55
865	इतिहास	55
866	करें	55
867	रवाना	55
868	दौर	55
869	चुनावों	55
870	महिलाओं	55
871	हुसैन	54
872	उठाया	54
873	देकर	54
874	करा	54
875	लगता	54
876	अल	54
877	शासन	54
878	खेल	54
879	संपत्ति	54
880	स्थापना	54
881	पुरस्कार	54
882	विधायक	54
883	आवश्यक	54
884	नेशनल	54
885	प्रत्येक	54
886	अमर	54
887	वित्तीय	53
888	जमा	53
889	सौ	53
890	जे	53
891	भूमि	53
892	मद्देनजर	53
893	हिरासत	53
894	हुर्रियत	53
895	घाटी	53
896	हल	53
897	हटाने	53
898	बढ़ावा	53
899	वोट	53
900	पहला	53
901	सब	53
902	मौका	53
903	तैयारी	53
904	समक्ष	53
905	भेज	53
906	छोटे	53
907	वहाँ	53
908	आशंका	53
909	समान	53
910	लिखा	52
911	नीचे	52
912	श्रीलंका	52
913	बढ़ा	52
914	क्षमता	52
915	राजस्थान	52
916	राज	52
917	सलाह	52
918	धर्म	52
919	अक्तूबर	52
920	अधिकांश	52
921	पुष्टि	52
922	वाम	52
923	प्रावधान	52
924	चिदंबरम	52
925	आरक्षण	52
926	जाँच	52
927	दूरी	52
928	अवधि	52
929	सामना	52
930	बाल	52
931	तरफ	52
932	होनी	52
933	प्रतिशत	51
934	आपूर्ति	51
935	मिलकर	51
936	पर्यटन	51
937	चाहता	51
938	स्वतंत्र	51
939	संभव	51
940	पिता	51
941	संस्थान	51
942	सलाहकार	50
943	संबोधित	50
944	जिम्मेदार	50
945	मैंने	50
946	प्रस्तावित	50
947	टन	50
948	अय्यर	50
949	घोषित	50
950	समीक्षा	50
951	समुदाय	50
952	कैसे	50
953	मंजूरी	50
954	आधारित	50
955	कार्यवाही	50
956	भीतर	50
957	मुठभेड़	50
958	समस्याओं	50
959	यू	49
960	पाई	49
961	दाखिल	49
962	नौ	49
963	आनंद	49
964	खास	49
965	निर्धारित	49
966	नेटवर्क	49
967	एंड	49
968	संघर्ष	49
969	बेहद	49
970	शहरों	49
971	तुरंत	49
972	हिंसा	49
973	हथियारों	48
974	किमी	48
975	वापसी	48
976	अध्यक्षता	48
977	भवन	48
978	जिम्मेदारी	48
979	हमने	48
980	क्यों	48
981	वीं	48
982	गोली	48
983	कड़ी	48
984	कैबिनेट	48
985	चलने	48
986	विस्तार	48
987	छोड़	48
988	प्राकृतिक	48
989	कांफ्रेंस	48
990	राशि	48
991	अवसर	48
992	वर्षीय	48
993	बहस	47
994	पटना	47
995	कटौती	47
996	कही	47
997	दूसरा	47
998	घरेलू	47
999	कर्नाटक	47
1000	शताब्दी	47
1001	लेते	47
1002	आयुक्त	47
1003	मेडिकल	47
1004	चिकित्सा	47
1005	मुद्दा	47
1006	हार	47
1007	नंबर	47
1008	माहौल	47
1009	अहमद	47
1010	मोदी	47
1011	रेखा	46
1012	पहुंचने	46
1013	तलाश	46
1014	सीटों	46
1015	तमाम	46
1016	स्थल	46
1017	हथियार	46
1018	खूबसूरत	46
1019	दोबारा	46
1020	ब्यूरो	46
1021	हवा	46
1022	जहाँ	46
1023	डॉक्टर	46
1024	रखे	46
1025	दर्शन	46
1026	जैसा	46
1027	आयोजन	46
1028	बदल	46
1029	तमिलनाडु	46
1030	आंध्र	46
1031	हमारी	45
1032	रखते	45
1033	टेस्ट	45
1034	सपा	45
1035	इंडियन	45
1036	हस्ताक्षर	45
1037	कलाम	45
1038	विकल्प	45
1039	प्रकाशित	45
1040	अब्दुल	45
1041	टिकट	45
1042	महाजन	45
1043	सुरक्षित	45
1044	विषय	45
1045	अनुरोध	45
1046	बांग्लादेश	45
1047	हालात	45
1048	द्वीप	45
1049	राम	45
1050	अड्डे	45
1051	योजनाओं	45
1052	सहयोगी	45
1053	चरण	45
1054	रोजगार	44
1055	सुविधा	44
1056	बरामद	44
1057	एक्सप्रेस	44
1058	तीनों	44
1059	बढ़ोतरी	44
1060	दौरा	44
1061	कह	44
1062	पेट्रोलियम	44
1063	आते	44
1064	पारित	44
1065	धारा	44
1066	जिन्हें	44
1067	बनने	44
1068	भविष्य	44
1069	घुसपैठ	44
1070	रहता	44
1071	पूर्ण	44
1072	साबित	44
1073	पड़ी	44
1074	ईरान	44
1075	संशोधन	44
1076	अयोध्या	44
1077	अच्छा	44
1078	तीसरे	44
1079	पक्षों	43
1080	रखी	43
1081	ब्रिटिश	43
1082	मुकाबले	43
1083	निपटने	43
1084	सर्वाधिक	43
1085	विशेषज्ञों	43
1086	लाइन	43
1087	जिलों	43
1088	जिन	43
1089	अल्पसंख्यक	43
1090	तकनीक	43
1091	आयकर	43
1092	बलों	43
1093	रहती	43
1094	अरब	43
1095	पहुंचा	43
1096	खराब	43
1097	ज्यादातर	43
1098	जैन	43
1099	कल	43
1100	पालन	42
1101	परीक्षण	42
1102	औसत	42
1103	रहेंगे	42
1104	माँग	42
1105	बदले	42
1106	आलोचना	42
1107	बिहारी	42
1108	बाढ़	42
1109	पहल	42
1110	पुराने	42
1111	हैदराबाद	42
1112	परिसर	42
1113	मुख्यालय	42
1114	बल्कि	42
1115	महल	42
1116	छात्र	42
1117	बनाई	41
1118	जमानत	41
1119	हालत	41
1120	आय	41
1121	आश्वासन	41
1122	उचित	41
1123	बिल	41
1124	सिफारिश	41
1125	लड़ाई	41
1126	घरों	41
1127	शादी	41
1128	विनिवेश	41
1129	आवश्यकता	41
1130	पार्टियों	41
1131	गंभीरता	41
1132	धन	41
1133	कोलकाता	41
1134	डॉलर	41
1135	अनुमान	41
1136	हमेशा	41
1137	पड़े	41
1138	सामग्री	41
1139	नामक	41
1140	निशाना	41
1141	पर्यटकों	41
1142	देता	41
1143	परीक्षा	41
1144	हफ्ते	41
1145	न्यायाधीश	41
1146	नागरिकों	41
1147	लिमिटेड	41
1148	भरोसा	41
1149	आवास	40
1150	वैश्विक	40
1151	व्यवहार	40
1152	सैनिकों	40
1153	गठित	40
1154	गाँव	40
1155	तकनीकी	40
1156	निगरानी	40
1157	आधुनिक	40
1158	महसूस	40
1159	लालकृष्ण	40
1160	जानी	40
1161	अपराध	40
1162	अटल	40
1163	कंप्यूटर	40
1164	याद	40
1165	जिसने	40
1166	प्रमोद	40
1167	कॉलेज	40
1168	सक्रिय	40
1169	करे	40
1170	दिवसीय	40
1171	लोकतंत्र	40
1172	केरल	40
1173	अवैध	40
1174	साझा	40
1175	संदेश	40
1176	अली	40
1177	सेंटर	39
1178	उपकरण	39
1179	सालों	39
1180	अंबानी	39
1181	आधिकारिक	39
1182	क्षेत्रीय	39
1183	लंदन	39
1184	इन्हें	39
1185	जान	39
1186	आरोपों	39
1187	अर्जुन	39
1188	स्टील	39
1189	भेजने	39
1190	बेटी	39
1191	तत्काल	39
1192	सिद्धांत	39
1193	आपराधिक	39
1194	स्थगित	39
1195	चौधरी	39
1196	प्रशिक्षण	39
1197	एशिया	39
1198	देगा	39
1199	द्विपक्षीय	39
1200	बजाय	39
1201	मिलेगा	39
1202	उद्देश्य	39
1203	राहुल	39
1204	सफल	38
1205	पाँच	38
1206	प्रथम	38
1207	शक्ति	38
1208	कराई	38
1209	यूरोप	38
1210	कथित	38
1211	प्रतिनिधित्व	38
1212	खड़ा	38
1213	बढ़ने	38
1214	आंदोलन	38
1215	पड़ेगा	38
1216	चली	38
1217	टिथी	38
1218	शिवराज	38
1219	पुल	38
1220	खतरा	38
1221	वैज्ञानिक	38
1222	प्रतिक्रिया	38
1223	आसपास	38
1224	खुलासा	38
1225	शिकार	38
1226	संग्रहालय	38
1227	गिरफ्तारी	38
1228	नगर	38
1229	लक्ष्य	37
1230	अंत	37
1231	पूजा	37
1232	भगवान	37
1233	आपसी	37
1234	संबंधों	37
1235	रद्द	37
1236	उपाध्यक्ष	37
1237	बौद्ध	37
1238	पुरानी	37
1239	बाकी	37
1240	विजय	37
1241	नक्सलियों	37
1242	हिस्सों	37
1243	आपत्ति	37
1244	श्रीनगर	37
1245	सौंप	37
1246	वामदलों	37
1247	निवासी	37
1248	संवाददाताओं	37
1249	माओवादियों	37
1250	अफसरों	37
1251	जापान	37
1252	दोषी	37
1253	देंगे	37
1254	सहमत	37
1255	जज	36
1256	एच	36
1257	अक्टूबर	36
1258	कार्यकर्ताओं	36
1259	लगाई	36
1260	नायडू	36
1261	उनमें	36
1262	आगामी	36
1263	रिकॉर्ड	36
1264	जिसकी	36
1265	धमकी	36
1266	सक्षम	36
1267	ई	36
1268	अधिकतर	36
1269	माध्यम	36
1270	शायद	36
1271	समझौता	36
1272	कर्मचारी	36
1273	बदलने	36
1274	आरएसएस	36
1275	प्रचार	36
1276	बर्फ	36
1277	सांस्कृतिक	36
1278	कैदियों	36
1279	एसोसिएशन	36
1280	सुनिश्चित	36
1281	इंटरनेट	36
1282	तट	36
1283	घटनाओं	36
1284	संधि	36
1285	विशेषज्ञ	36
1286	उजाला	36
1287	लंबी	36
1288	राजा	36
1289	शुल्क	36
1290	प्रकरण	36
1291	न्यायालय	36
1292	सदस्यीय	36
1293	डॉक्टरों	36
1294	मॉडल	35
1295	पाए	35
1296	श्रद्धालुओं	35
1297	गवाह	35
1298	इलाज	35
1299	प्रेस	35
1300	चुनावी	35
1301	कमान	35
1302	लाहौर	35
1303	बगैर	35
1304	चेतावनी	35
1305	सर्वे	35
1306	मिमी	35
1307	सैनिक	35
1308	टी	35
1309	अमल	35
1310	वोल्कर	35
1311	जमीन	35
1312	आतंकवादियों	35
1313	सका	35
1314	सिर	35
1315	सम्मान	35
1316	हाउस	35
1317	मोबाइल	35
1318	प्रधान	35
1319	चर्च	35
1320	सलेम	35
1321	अंजाम	35
1322	पति	35
1323	भ्रष्टाचार	35
1324	चंडीगढ़	35
1325	शीर्ष	35
1326	प्रगति	34
1327	हवाले	34
1328	छोड़ने	34
1329	कल्याण	34
1330	पूछा	34
1331	पर्याप्त	34
1332	जद	34
1333	पृथ्वी	34
1334	कराए	34
1335	मुहैया	34
1336	इतना	34
1337	वैसे	34
1338	राजमार्ग	34
1339	लड़कियों	34
1340	जिक्र	34
1341	गतिविधियों	34
1342	मात्रा	34
1343	राजीव	34
1344	शपथ	34
1345	माँ	34
1346	पटेल	34
1347	ऐतिहासिक	34
1348	तत्कालीन	34
1349	तर्क	34
1350	लौट	34
1351	वही	34
1352	उपभोक्ता	34
1353	इंतजार	34
1354	नितीश	34
1355	दरअसल	34
1356	आरोपी	33
1357	मूर्ति	33
1358	मे	33
1359	बीमारी	33
1360	प्रयासों	33
1361	शेयर	33
1362	अनेक	33
1363	महीनों	33
1364	हादसे	33
1365	परवेज	33
1366	विहिप	33
1367	वन	33
1368	दें	33
1369	सीधे	33
1370	दिखाया	33
1371	मकान	33
1372	ऋण	33
1373	मजिस्ट्रेट	33
1374	आकर	33
1375	जॉन	33
1376	अपहरण	33
1377	चलाने	33
1378	मानते	33
1379	निर्भर	33
1380	हिंदू	33
1381	सरकारों	33
1382	सिलसिले	33
1383	किसान	33
1384	दस्तावेज	33
1385	जाम	33
1386	पैसे	33
1387	सर्वेक्षण	32
1388	अचानक	32
1389	कीमतों	32
1390	छूट	32
1391	आंतरिक	32
1392	मुलायम	32
1393	युवा	32
1394	अच्छे	32
1395	पहुंची	32
1396	उठाए	32
1397	किले	32
1398	छोड़कर	32
1399	मां	32
1400	जाहिरा	32
1401	खुशी	32
1402	न्यायिक	32
1403	भाषा	32
1404	उल्लंघन	32
1405	आदि	32
1406	गाड़ी	32
1407	उत्तरांचल	32
1408	चले	32
1409	निकाला	32
1410	एजेंसियों	32
1411	गौर	32
1412	मालूम	32
1413	उड़ान	32
1414	विपक्षी	32
1415	निकल	32
1416	उपकरणों	32
1417	रेड्डी	32
1418	अधिनियम	32
1419	मौजूदगी	32
1420	इस्तीफे	32
1421	ऐलान	32
1422	किस	32
1423	मुकेश	32
1424	उठा	32
1425	कार्यकारिणी	32
1426	बढ़ती	32
1427	देख	32
1428	सफलता	31
1429	प्रयोग	31
1430	विद्युत	31
1431	मंच	31
1432	हिमाचल	31
1433	प्रतिनिधि	31
1434	सौंपी	31
1435	गति	31
1436	बहिष्कार	31
1437	मठ	31
1438	मीटर	31
1439	पासपोर्ट	31
1440	कमजोर	31
1441	लड़की	31
1442	शीघ्र	31
1443	डाला	31
1444	चटर्जी	31
1445	अहम	31
1446	परिजनों	31
1447	अफ्रीका	31
1448	उत्पन्न	31
1449	छवि	31
1450	आमतौर	31
1451	संस्था	31
1452	मानवाधिकार	31
1453	संकट	31
1454	लश्कर	31
1455	फायदा	31
1456	इमारत	31
1457	कला	31
1458	संग्रह	31
1459	देरी	30
1460	मुक्त	30
1461	तस्करी	30
1462	न्यायमूर्ति	30
1463	जाकर	30
1464	इटली	30
1465	गेहूं	30
1466	नियुक्ति	30
1467	भर्ती	30
1468	अंतरिम	30
1469	दर्शकों	30
1470	टीवी	30
1471	जरूर	30
1472	यात्री	30
1473	मैदान	30
1474	यूनिवर्सिटी	30
1475	रास्ता	30
1476	भंग	30
1477	अक्सर	30
1478	लगाते	30
1479	फर्जी	30
1480	प्रो	30
1481	भुगतान	30
1482	विभाजन	30
1483	शुरुआती	30
1484	काली	30
1485	दर्जा	30
1486	चयन	30
1487	अंक	30
1488	अजीज	30
1489	देखना	30
1490	रख	30
1491	झील	30
1492	उठाने	30
1493	पड़ता	30
1494	स्थायी	30
1495	भाकपा	30
1496	यानि	30
1497	औपचारिक	30
1498	उम्मीदवार	30
1499	समर्थकों	29
1500	विस्तृत	29
1501	मिशन	29
1502	सुविधाओं	29
1503	हजारों	29
1504	विचारधारा	29
1505	जनसंख्या	29
1506	चैपल	29
1507	लेना	29
1508	इन्कार	29
1509	विमानों	29
1510	चुना	29
1511	खोलने	29
1512	कमांडर	29
1513	खाते	29
1514	हटा	29
1515	दवाओं	29
1516	योगदान	29
1517	मस्जिद	29
1518	आंकड़ों	29
1519	प्रसिद्ध	29
1520	भेजे	29
1521	अखबार	29
1522	दाऊद	29
1523	दर्जन	29
1524	लिहाजा	29
1525	वायुसेना	29
1526	फंड	29
1527	बहाल	29
1528	इनकी	29
1529	पीठ	29
1530	कायम	29
1531	जताते	29
1532	भोजन	29
1533	फायरिंग	29
1534	राजी	29
1535	हितों	29
1536	बसपा	29
1537	मालिक	29
1538	प्राधिकरण	29
1539	तभी	29
1540	तिब्बत	29
1541	मांगी	29
1542	आगरा	29
1543	हाथों	29
1544	बताई	29
1545	चैनल	29
1546	आती	29
1547	काल	29
1548	पवित्र	29
1549	लागत	29
1550	नासा	28
1551	दक्षिणी	28
1552	एनसीपी	28
1553	शहरी	28
1554	कार्यकाल	28
1555	कंपनियां	28
1556	अफ्रीकी	28
1557	गरीबी	28
1558	गिरोह	28
1559	शाह	28
1560	पिछली	28
1561	सकारात्मक	28
1562	जन्म	28
1563	खड़े	28
1564	इच्छा	28
1565	रिश्ते	28
1566	प्रतिनिधिमंडल	28
1567	चैनलों	28
1568	समाज	28
1569	रामदास	28
1570	प्राचीन	28
1571	कांड	28
1572	वायु	28
1573	किनारे	28
1574	महानिदेशक	28
1575	कारगिल	28
1576	लौटने	28
1577	शर्त	28
1578	लोन	28
1579	सैकड़ों	28
1580	निकट	28
1581	पैसा	28
1582	मिलेगी	28
1583	इनके	28
1584	रणनीति	28
1585	स्कूलों	28
1586	साथी	28
1587	तूफान	28
1588	उसमें	28
1589	गये	28
1590	पहुंचाने	28
1591	आकार	28
1592	इंग्लैंड	28
1593	युग	28
1594	शिविर	28
1595	पुत्र	27
1596	नीतियों	27
1597	खासकर	27
1598	पार्क	27
1599	रंग	27
1600	उर्फ	27
1601	अवगत	27
1602	आता	27
1603	नये	27
1604	कार्यकारी	27
1605	निदेशालय	27
1606	शेख	27
1607	सेट	27
1608	मणिपुर	27
1609	बूटा	27
1610	दावे	27
1611	लगने	27
1612	कप्तान	27
1613	आपको	27
1614	रहेगी	27
1615	आसान	27
1616	सीमित	27
1617	राजदूत	27
1618	अपराधियों	27
1619	वेंकैया	27
1620	जुटे	27
1621	महत्व	27
1622	फ्रांसीसी	27
1623	दरों	27
1624	नष्ट	27
1625	मतलब	27
1626	सवार	27
1627	रन	27
1628	समुद्री	27
1629	अशोक	27
1630	खाली	27
1631	बातें	27
1632	गृहमंत्री	27
1633	आदमी	27
1634	इलाहाबाद	27
1635	दायरे	27
1636	सभा	27
1637	अल्पसंख्यकों	27
1638	मिलियन	27
1639	इंतजाम	27
1640	मिलते	27
1641	समाचार	27
1642	जिनके	27
1643	प्रत्याशी	27
1644	निधन	27
1645	खेलने	27
1646	रास्ते	27
1647	पवार	27
1648	बाहरी	27
1649	नक्सली	27
1650	कृष्ण	27
1651	अर्थ	27
1652	बढ़कर	27
1653	आस	27
1654	पीड़ितों	27
1655	खतरे	26
1656	सूर्य	26
1657	हाई	26
1658	शव	26
1659	मेल	26
1660	रूस	26
1661	जर्मन	26
1662	डालने	26
1663	सेंट्रल	26
1664	निकले	26
1665	आमंत्रित	26
1666	प्लांट	26
1667	खिलाफ़	26
1668	हित	26
1669	पैमाने	26
1670	वितरण	26
1671	खुले	26
1672	विशाल	26
1673	द्रविड़	26
1674	चीत	26
1675	लाया	26
1676	कमरे	26
1677	भागीदारी	26
1678	अभ्यास	26
1679	अधिकृत	26
1680	नाराजगी	26
1681	आपदा	26
1682	काबू	26
1683	परिणाम	26
1684	समझा	26
1685	यातायात	26
1686	बचाने	26
1687	पंचायत	26
1688	बर्फबारी	26
1689	नरेंद्र	26
1690	साजिश	26
1691	लिखे	26
1692	डेढ़	26
1693	संचालित	26
1694	आयात	26
1695	अंडमान	26
1696	आईआईएम	26
1697	एनडीए	26
1698	शोध	26
1699	उपाय	26
1700	मुश्किल	26
1701	मान	26
1702	प्रभारी	26
1703	मेरे	26
1704	माओवादी	26
1705	डिजाइन	26
1706	इंजन	26
1707	न्याय	25
1708	लखनऊ	25
1709	पा	25
1710	ग्रामीणों	25
1711	परियोजनाओं	25
1712	मील	25
1713	पड़ने	25
1714	तस्वीरों	25
1715	गांगुली	25
1716	मतभेद	25
1717	स्थलों	25
1718	फैक्टरी	25
1719	अनुभव	25
1720	वर्षो	25
1721	यूनाइटेड	25
1722	गत	25
1723	मिलती	25
1724	थाने	25
1725	देनी	25
1726	मिसाइल	25
1727	वैज्ञानिकों	25
1728	लंबे	25
1729	महज	25
1730	श्री	25
1731	टाल	25
1732	कारणों	25
1733	गुप्ता	25
1734	हमलों	25
1735	बैंकों	25
1736	ग्रह	25
1737	संहिता	25
1738	श्रम	25
1739	गईं	25
1740	वाशिंगटन	25
1741	समन्वय	25
1742	निकोबार	25
1743	नियमों	25
1744	हमारा	25
1745	शौकत	25
1746	इजाजत	25
1747	पदों	25
1748	कब्जा	25
1749	सागर	25
1750	विवाह	25
1751	दलील	25
1752	ताजा	25
1753	स्वतंत्रता	25
1754	जिन्होंने	25
1755	प्रतिनिधियों	25
1756	बराबर	25
1757	रकम	25
1758	लिखित	25
1759	फीस	25
1760	कौर	25
1761	रिहा	25
1762	ऑल	25
1763	छत्तीसगढ़	25
1764	यूनियन	25
1765	सचिन	25
1766	पथराव	25
1767	हस्तक्षेप	24
1768	शाही	24
1769	मगर	24
1770	कहने	24
1771	औद्योगिक	24
1772	वर्षा	24
1773	खोला	24
1774	लोजपा	24
1775	महिलाएं	24
1776	प्रियंका	24
1777	हों	24
1778	जेलों	24
1779	डीजल	24
1780	किये	24
1781	उम्र	24
1782	पसंद	24
1783	अनारा	24
1784	एफआईआर	24
1785	उड्डयन	24
1786	खरीदने	24
1787	नारायणन	24
1788	साढ़े	24
1789	कोष	24
1790	स्वरूप	24
1791	विज्ञानियों	24
1792	निकलने	24
1793	जाएं	24
1794	इतनी	24
1795	वास्तविक	24
1796	लेंगे	24
1797	फिल्मों	24
1798	पकड़	24
1799	संदर्भ	24
1800	बरकरार	24
1801	आउट	24
1802	विराम	24
1803	विधान	24
1804	अभाज्य	24
1805	सामूहिक	24
1806	बलात्कार	24
1807	फुट	24
1808	कश्मीरी	24
1809	भेजी	24
1810	प्रसारण	24
1811	निलंबित	24
1812	सिख	24
1813	झटका	24
1814	धमाकों	24
1815	बुलाई	24
1816	स्वयं	24
1817	वारंट	24
1818	व्यस्त	24
1819	जिन्ना	24
1820	निवास	24
1821	सुदर्शन	24
1822	प्लेग	24
1823	अथवा	24
1824	रखना	24
1825	आवाज	24
1826	डाल	24
1827	उपायों	24
1828	देती	24
1829	कब्जे	24
1830	भारतीयों	24
1831	संवैधानिक	24
1832	जगत	23
1833	उपस्थिति	23
1834	जरूरतों	23
1835	इस्लामाबाद	23
1836	गिलानी	23
1837	सरबजीत	23
1838	केंद्रों	23
1839	आधा	23
1840	प्रत्यक्ष	23
1841	कौन	23
1842	कैदी	23
1843	मशीन	23
1844	ब्रांड	23
1845	ताजमहल	23
1846	तकरीबन	23
1847	यान	23
1848	चीफ	23
1849	तलाशी	23
1850	संभावित	23
1851	हद	23
1852	सरस्वती	23
1853	तस्वीरें	23
1854	चलता	23
1855	सतह	23
1856	मुख्यमंत्रियों	23
1857	तनाव	23
1858	संस्कृति	23
1859	सीटें	23
1860	ऑपरेशन	23
1861	देगी	23
1862	पैकेज	23
1863	आखिर	23
1864	छोटी	23
1865	घायलों	23
1866	भारद्वाज	23
1867	रोड	23
1868	पब्लिक	23
1869	मकसद	23
1870	मोर्चा	23
1871	उद्घाटन	23
1872	कक्षा	23
1873	मसलों	23
1874	खुराना	23
1875	परेशानी	23
1876	बैठे	23
1877	आग्रह	23
1878	वामपंथी	23
1879	पोप	23
1880	खोज	23
1881	बेचने	23
1882	लोक	23
1883	अंततः	23
1884	रिहाई	23
1885	वास्तव	22
1886	इराकी	22
1887	अधीक्षक	22
1888	सुलझाने	22
1889	वकालत	22
1890	सारी	22
1891	घाटे	22
1892	साक्षात्कार	22
1893	मान्यता	22
1894	खबरों	22
1895	पेरिस	22
1896	बंगलोर	22
1897	बिक्री	22
1898	मुंह	22
1899	दंड	22
1900	शिक्षकों	22
1901	बनाकर	22
1902	प्रवीण	22
1903	आईटी	22
1904	प्रौद्योगिकी	22
1905	मंजूर	22
1906	अभियोजन	22
1907	बताने	22
1908	पॉल	22
1909	प्रतिबंध	22
1910	प्रस्तुत	22
1911	बहन	22
1912	लंबित	22
1913	वें	22
1914	मिलता	22
1915	गांवों	22
1916	दुख	22
1917	पॉवर	22
1918	सेल	22
1919	बुलाया	22
1920	बढ़ी	22
1921	शवों	22
1922	संचार	22
1923	सदस्यता	22
1924	स्वामी	22
1925	गोवा	22
1926	जताया	22
1927	सौंपा	22
1928	गोस्वामी	22
1929	जर्मनी	22
1930	न्यायपालिका	22
1931	वादा	22
1932	अंग्रेजी	22
1933	व्यक्तिगत	22
1934	प्राथमिकता	22
1935	डा	22
1936	मुंशी	22
1937	मना	22
1938	नज़र	22
1939	देखकर	22
1940	शहीद	22
1941	बचत	22
1942	भाषण	22
1943	बहाली	22
1944	रुपए	22
1945	मतों	22
1946	मारा	22
1947	स्टेडियम	22
1948	रहीं	22
1949	नागालैंड	22
1950	शो	22
1951	एसजीपीसी	22
1952	प्रबंध	22
1953	वकीलों	22
1954	क्लोरोप्लास्ट	22
1955	दिवस	22
1956	विपरीत	21
1957	नतीजा	21
1958	कहीं	21
1959	बेटे	21
1960	एयर	21
1961	लहरों	21
1962	अंतर	21
1963	चेन्नई	21
1964	लोकतांत्रिक	21
1965	चोरी	21
1966	ढंग	21
1967	मित्तल	21
1968	इसने	21
1969	पत्रिका	21
1970	अड्डों	21
1971	तारीख	21
1972	पावर	21
1973	गुरु	21
1974	बचने	21
1975	विवादित	21
1976	एल	21
1977	अकाली	21
1978	देखे	21
1979	ऑक्सीजन	21
1980	इस्लाम	21
1981	प्रश्न	21
1982	नाराज	21
1983	बनाना	21
1984	कंट्रोल	21
1985	श्रृंखला	21
1986	संगीत	21
1987	सशस्त्र	21
1988	मंदिरों	21
1989	संस्थाओं	21
1990	जुड़ा	21
1991	मामूली	21
1992	कांग्रेसी	21
1993	चूंकि	21
1994	घटनाक्रम	21
1995	थोड़ी	21
1996	प्रोफेसर	21
1997	वीडियो	21
1998	कब्र	21
1999	विभागों	21
2000	बुरी	21
2001	जरिये	21
2002	मलिक	21
2003	बुद्ध	21
2004	सतर्कता	21
2005	कार्यकर्ता	21
2006	जनजाति	21
2007	निभाई	21
2008	लोकप्रिय	21
2009	खोल	21
2010	इकाई	21
2011	मुसलमानों	21
2012	माने	21
2013	स्टार	21
2014	पौंड	21
2015	योग्य	21
2016	अधिकारों	21
2017	सामान	21
2018	पूर्वोत्तर	21
2019	सलमान	21
2020	मात्र	21
2021	अधिकतम	21
2022	छोड़ी	21
2023	कार्ड	21
2024	सेल्सियस	21
2025	पत्थर	21
2026	यमुना	21
2027	प्रभावी	21
2028	वाहन	21
2029	स्पेशल	21
2030	शिरकत	21
2031	मार्केट	21
2032	बीएसएफ	21
2033	मजबूती	21
2034	विस्फोटक	21
2035	स्टॉक	21
2036	असमानता	21
2037	संदिग्ध	20
2038	जल्दी	20
2039	प्रोजेक्ट	20
2040	अनुरूप	20
2041	वार्षिक	20
2042	आसानी	20
2043	भोपाल	20
2044	अनाज	20
2045	पेशकश	20
2046	मसला	20
2047	सकेंगे	20
2048	चुने	20
2049	इजाफा	20
2050	व्यावसायिक	20
2051	निष्पक्ष	20
2052	टेलीफोन	20
2053	वक्फ	20
2054	ग्राहकों	20
2055	शरीर	20
2056	निर्मित	20
2057	नतीजों	20
2058	अफगानिस्तान	20
2059	गोपाल	20
2060	ढांचे	20
2061	वीजा	20
2062	तथ्य	20
2063	रखकर	20
2064	सफाई	20
2065	छोटा	20
2066	ड्यूटी	20
2067	समझ	20
2068	शिवसेना	20
2069	वाणिज्य	20
2070	कमलनाथ	20
2071	सकेगा	20
2072	छापे	20
2073	वातावरण	20
2074	तरीका	20
2075	कॉल	20
2076	सीबीटी	20
2077	हालाँकि	20
2078	गेंद	20
2079	एनर्जी	20
2080	मेगावाट	20
2081	शहाबुद्दीन	20
2082	विवादों	20
2083	घंटों	20
2084	नौसेना	20
2085	अन्नान	20
2086	संभवतः	20
2087	संवेदनशील	20
2088	गरीब	20
2089	जुड़ी	20
2090	प्रशांत	20
2091	मल्होत्रा	20
2092	अभिनेता	20
2093	समर्थक	20
2094	साम्राज्य	20
2095	ऑन	20
2096	इंदिरा	20
2097	अस्तित्व	20
2098	अरुण	20
2099	विचारों	20
2100	पेंशन	20
2101	महान	20
2102	गंगा	20
2103	नारायण	20
2104	सकी	20
2105	धीरे	20
2106	सीडी	20
2107	संरक्षण	20
2108	मनाने	20
2109	टाटा	20
2110	कोहरे	20
2111	समाजवादी	20
2112	चेयरमैन	20
2113	माता	20
2114	प्रकट	20
2115	संवाददाता	20
2116	स्वस्थ	20
2117	जैक्सनविल	20
2118	ग्रेट	19
2119	फरीदाबाद	19
2120	इन्हीं	19
2121	सिस्टम	19
2122	डेटा	19
2123	एड्स	19
2124	प्रबंधक	19
2125	मेट्रो	19
2126	खुश	19
2127	लड़ाकू	19
2128	खंडन	19
2129	शासित	19
2130	अर्थव्यवस्था	19
2131	अकेले	19
2132	श्रमिक	19
2133	अपेक्षा	19
2134	गिर	19
2135	टैक्स	19
2136	एसएसपी	19
2137	एफबीटी	19
2138	हड़ताल	19
2139	झटके	19
2140	कब	19
2141	मतदाता	19
2142	लोहान	19
2143	ठंड	19
2144	पुलिसकर्मी	19
2145	कारों	19
2146	सद्दाम	19
2147	सौंपने	19
2148	बुनियादी	19
2149	वेतन	19
2150	जापानी	19
2151	दूतावास	19
2152	उपचार	19
2153	कसूरी	19
2154	सेवाओं	19
2155	काउंसिल	19
2156	गुलाम	19
2157	राजस्व	19
2158	दवा	19
2159	आदिवासी	19
2160	वाई	19
2161	आमिर	19
2162	अनुसंधान	19
2163	प्रणब	19
2164	जाया	19
2165	दुकानों	19
2166	घोटाले	19
2167	पिछड़े	19
2168	ग्रहों	19
2169	पड़ोसी	19
2170	दागी	19
2171	महाप्रबंधक	19
2172	उड़ीसा	19
2173	रैली	19
2174	करीबी	19
2175	प्रताप	19
2176	सौरव	19
2177	बता	19
2178	जहाज	19
2179	सम्राट	19
2180	उल्लेख	19
2181	जुटाने	19
2182	पुनर्गठन	19
2183	टेप	19
2184	अभियुक्त	19
2185	अमरीकी	19
2186	सुप्रीमो	19
2187	सिरे	19
2188	गारंटी	19
2189	कहर	19
2190	मंत्रालयों	19
2191	हत्याकांड	19
2192	सहायक	19
2193	द्वितीय	19
2194	शिव	19
2195	दत्त	19
2196	आह्वान	19
2197	बहुमत	19
2198	सारा	19
2199	ईंधन	19
2200	स्टेशनों	19
2201	दिलाया	19
2202	ब्लेयर	19
2203	प्रतियोगिता	19
2204	उत्पाद	19
2205	खासी	19
2206	राबड़ी	19
2207	लाखों	19
2208	ऊंचाई	19
2209	शोक	19
2210	विफल	19
2211	दुकान	19
2212	पहाड़ी	19
2213	वाहनों	19
2214	भट्ठल	19
2215	दान	19
2216	क़ीमत	19
2217	सत्तारूढ़	19
2218	केन्द्र	19
2219	सुपर	19
2220	लड़ने	19
2221	खड़ी	19
2222	इशारा	19
2223	लीटर	19
2224	ग्रहण	19
2225	लाइसेंस	19
2226	नियमित	19
2227	परंपरा	19
2228	हक	19
2229	सम्मानित	19
2230	टेनोफोरा	19
2231	हरी	18
2232	निश्चित	18
2233	परिवहन	18
2234	मानक	18
2235	विभाजित	18
2236	विश्लेषण	18
2237	जानने	18
2238	संपन्न	18
2239	गर्मी	18
2240	राजनाथ	18
2241	डे	18
2242	मद्देनज़र	18
2243	बाबत	18
2244	आधुनिकीकरण	18
2245	मन	18
2246	शूटिंग	18
2247	गोत्र	18
2248	मेरी	18
2249	बतौर	18
2250	नाटक	18
2251	रोशनी	18
2252	बताए	18
2253	जबरदस्त	18
2254	बातों	18
2255	दिलाने	18
2256	लड़	18
2257	नियम	18
2258	आपके	18
2259	प्रमाण	18
2260	मास्टर	18
2261	सुंदर	18
2262	मंडल	18
2263	बनर्जी	18
2264	इब्राहिम	18
2265	लैस	18
2266	इंस्टीट्यूट	18
2267	चलाया	18
2268	मुरली	18
2269	युवकों	18
2270	गायब	18
2271	शीतकालीन	18
2272	खो	18
2273	पहुँच	18
2274	संस्कार	18
2275	एकत्र	18
2276	नायर	18
2277	टेस्ला	18
2278	नॉर्मन	18
2279	शब्दों	18
2280	पीएसयू	18
2281	जयंती	18
2282	एशियाई	18
2283	तीव्रता	18
2284	आयुर्वेद	18
2285	पीड़ित	18
2286	पप्पू	18
2287	शैली	18
2288	परिणामस्वरूप	18
2289	तबाही	18
2290	लता	18
2291	शरीफ	18
2292	हिंदुओं	18
2293	एयरपोर्ट	18
2294	ढाई	18
2295	प्रार्थना	18
2296	अब्बास	18
2297	प्रावधानों	18
2298	उधर	18
2299	साँची	18
2300	गन्ने	18
2301	शून्य	18
2302	जुलूस	18
2303	मानने	18
2304	जंगल	18
2305	सेन	18
2306	कवायद	18
2307	ठहराया	18
2308	दंगों	18
2309	अहमदाबाद	18
2310	उपस्थित	18
2311	बदमाशों	18
2312	अकादमी	18
2313	पोटा	18
2314	बादल	18
2315	डल	18
2316	धमाके	18
2317	प्रणव	18
2318	इंटरनेशनल	18
2319	करोड़ों	18
2320	आजाद	18
2321	द्वार	18
2322	मतदाताओं	18
2323	रोका	18
2324	थोड़ा	18
2325	विशिष्ट	18
2326	स्पीकर	18
2327	हलफनामे	18
2328	नियंत्रित	17
2329	झंडी	17
2330	सुविधाएं	17
2331	चिंतित	17
2332	घाटा	17
2333	सारे	17
2334	संभालने	17
2335	गुट	17
2336	मिट्टी	17
2337	डिजिटल	17
2338	उग्रवादी	17
2339	वेबसाइट	17
2340	तालमेल	17
2341	अवार्ड	17
2342	एफ	17
2343	ऑयल	17
2344	संचालन	17
2345	लिखकर	17
2346	मांगा	17
2347	सड़कों	17
2348	थाना	17
2349	उपग्रह	17
2350	पंजीकरण	17
2351	नतीजे	17
2352	दृष्टिकोण	17
2353	टाइम्स	17
2354	हवाओं	17
2355	इंकार	17
2356	वजन	17
2357	पचास	17
2358	सीआरपीएफ	17
2359	विजेता	17
2360	बधाई	17
2361	नौकरी	17
2362	बढ़ाया	17
2363	आकर्षित	17
2364	विजयेंद्र	17
2365	खाद्य	17
2366	अग्रवाल	17
2367	फॉर	17
2368	एनएससीएन	17
2369	जगहों	17
2370	तारीफ	17
2371	कार्यक्रमों	17
2372	खासतौर	17
2373	सूचित	17
2374	तोड़	17
2375	सोमनाथ	17
2376	मोनिका	17
2377	हवाला	17
2378	सेंट	17
2379	घटक	17
2380	खेती	17
2381	किला	17
2382	मरने	17
2383	जीतने	17
2384	खिलाड़ियों	17
2385	आक्रमण	17
2386	फोटो	17
2387	अति	17
2388	इंडस्ट्रीज	17
2389	चालक	17
2390	सईद	17
2391	साक्ष्य	17
2392	कामयाब	17
2393	जाति	17
2394	पटरी	17
2395	राइस	17
2396	लीग	17
2397	मृत्यु	17
2398	बयानों	17
2399	वस्तुओं	17
2400	उपक्रमों	17
2401	भाप	17
2402	अमरिंदर	17
2403	संतोष	17
2404	नायक	17
2405	शाखा	17
2406	मंजिल	17
2407	मत	17
2408	फसलों	17
2409	संदेह	17
2410	भरी	17
2411	खाड़ी	17
2412	खूबसूरती	17
2413	कुवैत	17
2414	निर्वाचन	17
2415	प्रतिरक्षा	17
2416	तंत्र	17
2417	पहुंचाया	17
2418	निकालने	17
2419	प्राथमिक	17
2420	दिलाई	17
2421	धरती	17
2422	कराची	17
2423	पोस्ट	17
2424	धान	17
2425	उत्पादों	17
2426	आशा	17
2427	राजकुमार	17
2428	स्की	17
2429	श्रद्धांजलि	17
2430	देहरादून	17
2431	जोरदार	17
2432	अंग	17
2433	उम्मीदवारों	17
2434	ताइबा	17
2435	प्रतिबंधित	17
2436	गिराया	17
2437	ग्रुप	17
2438	शब्द	17
2439	गुरुद्वारा	17
2440	सिटी	17
2441	करेंगी	17
2442	तटीय	17
2443	निर्देशों	17
2444	प्रशासनिक	17
2445	शैक्षणिक	17
2446	पाठ्यक्रम	17
2447	वर्मा	17
2448	उत्पीड़न	17
2449	नैयर	17
2450	राजेंद्र	17
2451	शांतिपूर्ण	17
2452	सिंगापुर	17
2453	सोनी	17
2454	जलवायु	16
2455	स्पेस	16
2456	पॉलिसी	16
2457	सतलुज	16
2458	खरीदारी	16
2459	जख्मी	16
2460	सहकारी	16
2461	मुलाक़ात	16
2462	विवरण	16
2463	गीत	16
2464	अटारी	16
2465	कॉरपोरेशन	16
2466	गड़बड़ी	16
2467	पंचायती	16
2468	निदेशकों	16
2469	मारने	16
2470	खिलाड़ी	16
2471	कंडोम	16
2472	तोगड़िया	16
2473	न्यू	16
2474	करवाया	16
2475	पैदल	16
2476	स्तरीय	16
2477	उत्साह	16
2478	परिस्थितियों	16
2479	कानूनों	16
2480	शिक्षण	16
2481	स्वायत्तता	16
2482	अधिसूचना	16
2483	विज्ञापन	16
2484	नरेश	16
2485	विधि	16
2486	इस्लामिक	16
2487	कार्यों	16
2488	ज्ञात	16
2489	भरपूर	16
2490	रुचि	16
2491	बीसीसीआई	16
2492	राज्यमंत्री	16
2493	गरीबों	16
2494	बढ़ाए	16
2495	छत	16
2496	रिजर्व	16
2497	सीजन	16
2498	स्कोर	16
2499	हॉल	16
2500	तैनाती	16
2501	सरना	16
2502	यहीं	16
2503	चंद्र	16
2504	गोधरा	16
2505	जोड़ने	16
2506	फैशन	16
2507	डिजाइनर	16
2508	केदारनाथ	16
2509	मनोहर	16
2510	जंग	16
2511	राणा	16
2512	धूल	16
2513	विलियम	16
2514	इमारतों	16
2515	क्षति	16
2516	आखिरकार	16
2517	पेट्रोल	16
2518	विद्रोहियों	16
2519	सकेगी	16
2520	होंडा	16
2521	एक्ट	16
2522	कच्चे	16
2523	नजदीक	16
2524	जनजातियों	16
2525	साबिरा	16
2526	जिनकी	16
2527	हिंदी	16
2528	एकता	16
2529	आना	16
2530	फ्रंट	16
2531	निकाल	16
2532	जेटली	16
2533	रिश्वत	16
2534	घटनास्थल	16
2535	इतने	16
2536	युवक	16
2537	बर्खास्त	16
2538	एनएसी	16
2539	निशान	16
2540	खुला	16
2541	सील	16
2542	खेमे	16
2543	एकजुट	16
2544	बनती	16
2545	संशोधित	16
2546	श्रेणी	16
2547	बीस	16
2548	जीप	16
2549	निर्धारण	16
2550	स्टाफ	16
2551	जंगलों	16
2552	परंपरागत	16
2553	फोर्स	16
2554	श्रमिकों	16
2555	आईएसआई	16
2556	बॉलीवुड	16
2557	दि	16
2558	पुरुष	16
2559	तिथि	16
2560	नमूने	16
2561	समापन	16
2562	तरुण	16
2563	सिंचाई	16
2564	सेक्टर	16
2565	इच्छुक	16
2566	इनका	16
2567	भजन	16
2568	पैकेट	16
2569	न्यूयॉर्क	16
2570	शांत	16
2571	हल्की	16
2572	शेष	16
2573	भरे	16
2574	आवेदन	16
2575	इरादा	16
2576	रहना	15
2577	एकीकृत	15
2578	गार्ड	15
2579	तादाद	15
2580	जिंदगी	15
2581	प्रस्तावों	15
2582	कितने	15
2583	चपेट	15
2584	दीक्षित	15
2585	यद्यपि	15
2586	आदान	15
2587	जन	15
2588	कायदा	15
2589	सूत्र	15
2590	जबर्दस्त	15
2591	मशहूर	15
2592	गाँधी	15
2593	सर्वोच्च	15
2594	दलित	15
2595	तरीकों	15
2596	साहिब	15
2597	आइसलैंड	15
2598	कनेक्शन	15
2599	मेरा	15
2600	अलगाववादी	15
2601	हिसाब	15
2602	आधे	15
2603	सेनाओं	15
2604	विंग	15
2605	हिस्सेदारी	15
2606	बसु	15
2607	मिलेंगे	15
2608	अधिवक्ता	15
2609	लूथर	15
2610	डब्लू	15
2611	शोर	15
2612	स्वीकृति	15
2613	गौरव	15
2614	अबू	15
2615	किताब	15
2616	समर्पित	15
2617	प्रभावशाली	15
2618	गलती	15
2619	प्रेरित	15
2620	रजिस्ट्रार	15
2621	मोहन	15
2622	परामर्श	15
2623	मुजफ्फराबाद	15
2624	इधर	15
2625	निवेशकों	15
2626	पाता	15
2627	जेम्स	15
2628	कैंप	15
2629	निधि	15
2630	आरक्षित	15
2631	तीर्थ	15
2632	केंद्रित	15
2633	मनाली	15
2634	फांसी	15
2635	हटाए	15
2636	बांध	15
2637	स्रोत	15
2638	सर	15
2639	जनमेजय	15
2640	लगेगा	15
2641	सुभाष	15
2642	एयरलाइंस	15
2643	मुफ्ती	15
2644	फारूक	15
2645	इजाज़त	15
2646	रिटर्न	15
2647	मिलना	15
2648	जब्त	15
2649	मुहिम	15
2650	अखिल	15
2651	दाम	15
2652	रामविलास	15
2653	पुनर्निर्माण	15
2654	अनुशासन	15
2655	बोल	15
2656	शानदार	15
2657	स्वराज	15
2658	सचिवों	15
2659	कैग	15
2660	पर्यटक	15
2661	व्यक्तियों	15
2662	सख्त	15
2663	लापता	15
2664	पादरी	15
2665	लेख	15
2666	पदार्थो	15
2667	तीसरी	15
2668	सोसाइटी	15
2669	दुबई	15
2670	शरद	15
2671	दरगाह	15
2672	कुमारस्वामी	15
2673	चालू	15
2674	अज्ञात	15
2675	चीज	15
2676	अमिताभ	15
2677	केस	15
2678	तड़के	15
2679	तलाक	15
2680	रोमन	15
2681	फैल	15
2682	भंडार	15
2683	जाएँ	15
2684	नोट	15
2685	गोलियां	15
2686	बच	15
2687	दूरसंचार	15
2688	उपायुक्त	15
2689	कार्यो	15
2690	मारकर	15
2691	मेथोडिस्ट	15
2692	ट्रेनिंग	15
2693	उनको	15
2694	किलो	15
2695	सैन	15
2696	ब्योरा	15
2697	स्कॉटिश	15
2698	नीदरलैंड	15
2699	निमंत्रण	15
2700	वामदल	15
2701	क्रांति	15
2702	तालाब	15
2703	कैरियर	15
2704	कोशिशों	15
2705	पूंजी	15
2706	महासागर	15
2707	शिकागो	15
2708	शराब	15
2709	मूल्यांकन	14
2710	सरकारें	14
2711	अत्याधुनिक	14
2712	अपहर्ताओं	14
2713	दुग्गल	14
2714	मुफ्त	14
2715	सदी	14
2716	तृणमूल	14
2717	संस्करण	14
2718	प्रतिष्ठित	14
2719	मेहता	14
2720	हलफनामा	14
2721	वाघा	14
2722	राशिद	14
2723	अर्जी	14
2724	बर्ड	14
2725	ट्रस्ट	14
2726	बाधा	14
2727	बरतने	14
2728	जुट	14
2729	सौदे	14
2730	उठाकर	14
2731	बेच	14
2732	अमरनाथ	14
2733	अमृतसर	14
2734	एसपी	14
2735	ट्रेनों	14
2736	न्यूकैसल	14
2737	क्षतिग्रस्त	14
2738	दरवाजा	14
2739	घटनाएं	14
2740	उपचुनाव	14
2741	सोच	14
2742	माफी	14
2743	अभिनेत्री	14
2744	तथ्यों	14
2745	दौड़	14
2746	फार्मेसी	14
2747	प्रदर्शित	14
2748	सिनेमा	14
2749	उपभोक्ताओं	14
2750	उजागर	14
2751	मजदूरी	14
2752	मुक्ति	14
2753	ताकत	14
2754	छुट्टी	14
2755	समर्पण	14
2756	एजेंडे	14
2757	ठाकरे	14
2758	यूके	14
2759	जोड़कर	14
2760	प्रोग्राम	14
2761	दैनिक	14
2762	लेता	14
2763	नारेबाजी	14
2764	सुनाई	14
2765	मॉल	14
2766	रिसर्च	14
2767	भरा	14
2768	बढ़ते	14
2769	चेहरे	14
2770	प्रिंट	14
2771	सहयोगियों	14
2772	नारे	14
2773	फोर्ट	14
2774	निष्कर्ष	14
2775	बाधित	14
2776	जनहित	14
2777	प्रोत्साहित	14
2778	ईपीएफ	14
2779	परिवारों	14
2780	बचे	14
2781	चलेगा	14
2782	रैकेट	14
2783	गूगल	14
2784	त्रिपाठी	14
2785	करात	14
2786	अभाव	14
2787	स्थाई	14
2788	म्यूजियम	14
2789	अभियुक्तों	14
2790	येचुरी	14
2791	सराहना	14
2792	आश्वस्त	14
2793	जायजा	14
2794	सदनों	14
2795	मेरठ	14
2796	टू	14
2797	खेर	14
2798	प्यार	14
2799	खबरें	14
2800	ईसा	14
2801	विदेशों	14
2802	हिंसक	14
2803	निम्न	14
2804	उतर	14
2805	मायावती	14
2806	मुमताज	14
2807	बनता	14
2808	आरोपियों	14
2809	ब्लॉक	14
2810	प्रजनन	14
2811	महमूद	14
2812	पुस्तक	14
2813	जसवंत	14
2814	तर्ज	14
2815	उच्चायुक्त	14
2816	मजदूर	14
2817	प्रश्नकाल	14
2818	घूमने	14
2819	मुगल	14
2820	खोखर	14
2821	आंखों	14
2822	उपयुक्त	14
2823	तिलहन	14
2824	उग्रवादियों	14
2825	दरवाजे	14
2826	किस्म	14
2827	समूहों	14
2828	चंद्रशेखर	14
2829	सुरक्षाबलों	14
2830	राजवंश	14
2831	केन्या	14
2832	सांप्रदायिक	14
2833	योग	14
2834	गर्म	14
2835	फाइनल	14
2836	ग्रीक	14
2837	फौरन	14
2838	हार्वर्ड	14
2839	दीवारों	14
2840	सुरजीत	14
2841	सीधी	14
2842	बनाते	14
2843	टेलीविजन	14
2844	मिस्र	14
2845	कारोबार	14
2846	चरणों	14
2847	सकें	14
2848	दृष्टि	14
2849	मजदूरों	14
2850	विरुद्ध	14
2851	बीएसएनएल	14
2852	रहें	14
2853	भूमिगत	14
2854	कर्मियों	14
2855	फार्म	14
2856	गहरा	14
2857	दखल	14
2858	पढ़ने	14
2859	सत्ताधारी	14
2860	लॉस	14
2861	एंजिल्स	14
2862	लिट्टे	14
2863	चौथे	14
2864	दुकानें	14
2865	हमलावरों	14
2866	कोरिया	14
2867	श्रद्धालु	14
2868	पोस्टमार्टम	14
2869	व्यापारियों	14
2870	चौहान	14
2871	दशकों	14
2872	अलबत्ता	14
2873	सेंसर	14
2874	सीधा	14
2875	स्टेट	14
2876	प्लान	14
2877	कम्युनिस्ट	14
2878	सुरेश	14
2879	शिवलिंग	14
2880	अधीन	14
2881	महानगरीय	14
2882	एकमात्र	14
2883	ठोस	14
2884	प्रोटोकॉल	13
2885	यूपी	13
2886	विवादास्पद	13
2887	पीढ़ी	13
2888	सिविल	13
2889	इंजीनियरिंग	13
2890	धर्मनिरपेक्ष	13
2891	इंफोकॉम	13
2892	डालमिया	13
2893	विस्फोटों	13
2894	विश्वविद्यालयों	13
2895	अजय	13
2896	निरीक्षण	13
2897	रफ्तार	13
2898	दुष्कर्म	13
2899	मुकदमा	13
2900	एंबेसडर	13
2901	महात्मा	13
2902	उठाना	13
2903	शिक्षक	13
2904	क्लिंटन	13
2905	सा	13
2906	समझौतों	13
2907	रवैये	13
2908	आत्मसमर्पण	13
2909	नक्सल	13
2910	पैनल	13
2911	सार्क	13
2912	देखी	13
2913	इसको	13
2914	उमर	13
2915	ग्लोबल	13
2916	भूल	13
2917	तस्वीर	13
2918	लहर	13
2919	आजादी	13
2920	कार्बन	13
2921	चक्र	13
2922	मुताबिक़	13
2923	कविता	13
2924	कल्पना	13
2925	आंशिक	13
2926	नकारात्मक	13
2927	सर्विस	13
2928	बेहतरीन	13
2929	मुद्रा	13
2930	मेजर	13
2931	खासा	13
2932	उड़ानों	13
2933	बढ़त	13
2934	भरने	13
2935	डिज़ाइन	13
2936	फिरौती	13
2937	मिलाकर	13
2938	गुना	13
2939	भावना	13
2940	अदा	13
2941	इसीलिए	13
2942	जमाली	13
2943	स्थानांतरित	13
2944	अंतर्गत	13
2945	गवर्नर	13
2946	रिमांड	13
2947	वायरस	13
2948	उल्फा	13
2949	सवालों	13
2950	रेडियो	13
2951	वोटों	13
2952	कपड़े	13
2953	सिफारिशों	13
2954	सीएमपी	13
2955	शिविरों	13
2956	दिखा	13
2957	आश्चर्य	13
2958	एमबीबीएस	13
2959	प्रतिद्वंद्वी	13
2960	अंगों	13
2961	मथेरानी	13
2962	कराना	13
2963	कोड	13
2964	निभा	13
2965	आईजी	13
2966	अनुसूचित	13
2967	कनाडा	13
2968	अभिनय	13
2969	रालोद	13
2970	माल	13
2971	प्रारंभिक	13
2972	लामा	13
2973	जमानती	13
2974	मिश्र	13
2975	कप	13
2976	प्लेटफॉर्म	13
2977	दस्ते	13
2978	बेस	13
2979	बचा	13
2980	उत्साहित	13
2981	समानता	13
2982	सच	13
2983	आपकी	13
2984	आंसू	13
2985	धोनी	13
2986	क्रेडिट	13
2987	लॉ	13
2988	व्यय	13
2989	सीमाओं	13
2990	साहित्य	13
2991	पर्यावरण	13
2992	अयोग्य	13
2993	चलाए	13
2994	याचिकाओं	13
2995	उंगली	13
2996	एकड़	13
2997	दर्जनों	13
2998	फंसे	13
2999	कैसिनी	13
3000	वैकल्पिक	13
3001	महामारी	13
3002	बकौल	13
3003	तहलका	13
3004	अंजलि	13
3005	विद्वानों	13
3006	आकर्षण	13
3007	शक	13
3008	बदमाश	13
3009	बसे	13
3010	जयपुर	13
3011	हुड्डा	13
3012	ताज	13
3013	बब्बर	13
3014	वडोदरा	13
3015	परत	13
3016	घने	13
3017	अगली	13
3018	समीप	13
3019	होस्ट	13
3020	बाजारों	13
3021	क्रम	13
3022	घुस	13
3023	जनमत	13
3024	बैठा	13
3025	राइन	13
3026	न्यूज	13
3027	फीट	13
3028	रोहित	13
3029	प्रांत	13
3030	चलाई	13
3031	नोएडा	13
3032	साइंस	13
3033	सेंसेक्स	13
3034	मुकाबला	13
3035	पिटाई	13
3036	यूनिट	13
3037	बंधक	13
3038	ग्राहक	13
3039	ला	13
3040	बारी	13
3041	प्रदर्शनी	13
3042	पहुँचने	13
3043	प्रजातियों	13
3044	भिन्न	12
3045	फ्रेंच	12
3046	पकड़े	12
3047	गिरावट	12
3048	ठुकरा	12
3049	निराशा	12
3050	अग्रिम	12
3051	बीमारियों	12
3052	क्लब	12
3053	एक्शन	12
3054	संभावनाओं	12
3055	टाइम	12
3056	गहरे	12
3057	नाव	12
3058	दायित्व	12
3059	सफर	12
3060	ठहराते	12
3061	सानिया	12
3062	युक्त	12
3063	यशवंत	12
3064	जश्न	12
3065	निर्माता	12
3066	सर्जरी	12
3067	अंतरराष्ट्रीय	12
3068	जीता	12
3069	खतरनाक	12
3070	अवस्था	12
3071	पुनर्वास	12
3072	पहने	12
3073	बिजनेस	12
3074	रिश्ता	12
3075	बुलाकर	12
3076	खाने	12
3077	अत्यधिक	12
3078	संरचना	12
3079	जटिल	12
3080	शंकररमन	12
3081	आपस	12
3082	आवंटित	12
3083	गेम	12
3084	खुर्शीद	12
3085	संयोजक	12
3086	फोरेंसिक	12
3087	कुर्सी	12
3088	दर्द	12
3089	ऊंची	12
3090	उछाल	12
3091	शेयरों	12
3092	प्रतिस्पर्धा	12
3093	फसल	12
3094	सिद्धांतों	12
3095	संतुष्ट	12
3096	चोट	12
3097	प्रतिदिन	12
3098	दुर्भाग्यपूर्ण	12
3099	तालिबान	12
3100	बोलने	12
3101	टूट	12
3102	होंगी	12
3103	निंदा	12
3104	राजनयिक	12
3105	औचित्य	12
3106	प्रतिबद्धता	12
3107	हेक्टेयर	12
3108	पहलुओं	12
3109	साध्वी	12
3110	पाना	12
3111	डीएनए	12
3112	नामों	12
3113	जीवित	12
3114	होम	12
3115	बैच	12
3116	यूनीवर्सिटी	12
3117	जयललिता	12
3118	ग्रेनेड	12
3119	ऑस्ट्रेलिया	12
3120	एफडीआई	12
3121	खेलों	12
3122	परेशान	12
3123	कड़े	12
3124	तबाह	12
3125	निजीकरण	12
3126	लायक	12
3127	आएगी	12
3128	जयेंद्र	12
3129	सुनने	12
3130	रिकार्ड	12
3131	फैले	12
3132	राज्यपालों	12
3133	चाहे	12
3134	सेंटॉर	12
3135	बनवाया	12
3136	पुराना	12
3137	कवर	12
3138	पाबंदी	12
3139	मरम्मत	12
3140	तिवारी	12
3141	हाईकमान	12
3142	पारंपरिक	12
3143	स्पष्टीकरण	12
3144	निर्देशक	12
3145	सख्ती	12
3146	क़ायम	12
3147	लगाना	12
3148	आलू	12
3149	शक्तिशाली	12
3150	मिश्रा	12
3151	खुलकर	12
3152	क्रमशः	12
3153	प्रशंसा	12
3154	लाहौल	12
3155	किरण	12
3156	सुषमा	12
3157	बंसल	12
3158	लेन	12
3159	उत्सव	12
3160	सच्चाई	12
3161	अभिषेक	12
3162	जाएँगे	12
3163	बैठने	12
3164	उठ	12
3165	निकाय	12
3166	लोकपाल	12
3167	मछुआरों	12
3168	होटलों	12
3169	उपलब्धता	12
3170	लगाकर	12
3171	दीं	12
3172	हराया	12
3173	नाते	12
3174	खाना	12
3175	उठाते	12
3176	अंश	12
3177	कपड़ों	12
3178	जानते	12
3179	चार्ल्स	12
3180	विशेषाधिकार	12
3181	बढ़ाकर	12
3182	ढलान	12
3183	जिलाधिकारी	12
3184	डेमोक्रेटिक	12
3185	मोड़	12
3186	अपनाने	12
3187	प्रसारित	12
3188	आरंभ	12
3189	चुप्पी	12
3190	सौंदर्य	12
3191	पहाड़ों	12
3192	वन्य	12
3193	हटाया	12
3194	कड़ा	12
3195	कलाकार	12
3196	जैसेकि	12
3197	नगमा	12
3198	निरंतर	12
3199	बढ़ता	12
3200	कितनी	12
3201	अंदाज	12
3202	कोच	12
3203	सटे	12
3204	दिल	12
3205	खोले	12
3206	सरल	12
3207	दाखिला	12
3208	महानगर	12
3209	कोर्स	12
3210	फ्रेस्नो	12
3211	हटाकर	12
3212	दफ्तर	12
3213	प्रेम	12
3214	अड्डा	12
3215	फोरम	12
3216	जाहिर	12
3217	हिजबुल	12
3218	गुड़गांव	12
3219	सोने	12
3220	ग़ैर	12
3221	मेजबान	12
3222	इंस्पेक्टर	12
3223	यौन	12
3224	कोटे	12
3225	सिरीज़	12
3226	दुर्घटना	12
3227	कैप्टिव	12
3228	बाग	12
3229	बच्चन	12
3230	अमन	12
3231	ढांचा	12
3232	मौलाना	12
3233	महाद्वीप	12
3234	गोदाम	12
3235	पकड़ा	12
3236	एटीएस	12
3237	मंगोल	12
3238	विचाराधीन	12
3239	मित्र	12
3240	आरआईएल	12
3241	उपक्रम	12
3242	लक्ष्मी	12
3243	नामित	12
3244	कहानी	12
3245	शारीरिक	12
3246	निराश	12
3247	मछली	12
3248	लाठीचार्ज	12
3249	सौर	12
3250	सैयद	12
3251	भाग्य	12
3252	कसर	12
3253	देवगौड़ा	11
3254	पदस्थ	11
3255	पूर्ववर्ती	11
3256	मेले	11
3257	अमेज़न	11
3258	तूल	11
3259	पाठक	11
3260	लक्ष्मण	11
3261	नवीन	11
3262	आस्ट्रेलिया	11
3263	विवेक	11
3264	अनंतनाग	11
3265	अटवाल	11
3266	परंपराओं	11
3267	वोटिंग	11
3268	मायने	11
3269	नीटा	11
3270	पारा	11
3271	असवत	11
3272	अब्दुल्ला	11
3273	फ्लू	11
3274	पायलट	11
3275	वैध	11
3276	आईपीसीएल	11
3277	बुरा	11
3278	पंद्रह	11
3279	संक्रमण	11
3280	हरभजन	11
3281	मणिशंकर	11
3282	सूखे	11
3283	कहाँ	11
3284	जैसलमेर	11
3285	मैनेजर	11
3286	पोलियो	11
3287	रिटायर्ड	11
3288	गहन	11
3289	फातिमा	11
3290	जहांगीर	11
3291	ढाँचे	11
3292	कैप्टन	11
3293	प्रतिमा	11
3294	वनस्पति	11
3295	अनुपात	11
3296	कठिन	11
3297	दुर्लभ	11
3298	शीर्षक	11
3299	फार्मासिस्ट	11
3300	बगदाद	11
3301	लिखी	11
3302	प्रकृति	11
3303	आंकलन	11
3304	कोफी	11
3305	सर्वश्रेष्ठ	11
3306	अपराधों	11
3307	नबी	11
3308	बुलाने	11
3309	प्रतिबद्ध	11
3310	विधायी	11
3311	फील्ड	11
3312	लाए	11
3313	दृश्य	11
3314	पर्सनल	11
3315	तेंदुलकर	11
3316	साप्ताहिक	11
3317	हरकत	11
3318	हमलावर	11
3319	उन्नत	11
3320	दुरुपयोग	11
3321	आंधी	11
3322	सूरत	11
3323	विस्फोटकों	11
3324	एएसआई	11
3325	टीमें	11
3326	अख्तर	11
3327	पारी	11
3328	चौक	11
3329	सह	11
3330	स्टूडियो	11
3331	फेरबदल	11
3332	गुहार	11
3333	सिपाही	11
3334	शिखर	11
3335	जजों	11
3336	बह	11
3337	कर्नल	11
3338	दस्तखत	11
3339	दिखाए	11
3340	मध्यम	11
3341	पारदर्शिता	11
3342	अस्पतालों	11
3343	चिकित्सकों	11
3344	पांडे	11
3345	बोस	11
3346	शुरूआत	11
3347	निर्यात	11
3348	अनुबंध	11
3349	शर्तों	11
3350	वो	11
3351	पदाधिकारियों	11
3352	निभाने	11
3353	किलोग्राम	11
3354	हंगामा	11
3355	संतुलन	11
3356	बिल्डिंग	11
3357	प्रदीप	11
3358	सन	11
3359	दीवार	11
3360	सियासी	11
3361	बीमार	11
3362	ट्रम्प	11
3363	अजीत	11
3364	इंदौर	11
3365	असली	11
3366	उन्हीं	11
3367	टर्बाइन	11
3368	प्रगतिशील	11
3369	मीरवाइज	11
3370	अंडरवर्ल्ड	11
3371	आत्मघाती	11
3372	पदार्थों	11
3373	जीन	11
3374	फरार	11
3375	जयप्रकाश	11
3376	गोपनीय	11
3377	मिलीमीटर	11
3378	एकीकरण	11
3379	जिनका	11
3380	उत्पादक	11
3381	वैट	11
3382	मुख्तार	11
3383	वाराणसी	11
3384	एअर	11
3385	मार्शल	11
3386	सबूत	11
3387	बढ़ाना	11
3388	इंजीनियर	11
3389	निविदा	11
3390	बंटवारे	11
3391	सहवाग	11
3392	पड़ताल	11
3393	युवराज	11
3394	आत्महत्या	11
3395	अनिवार्य	11
3396	तेलंगाना	11
3397	पांडेय	11
3398	बरसात	11
3399	गोले	11
3400	मोटर	11
3401	चलती	11
3402	प्रदूषण	11
3403	सियाचिन	11
3404	हिल	11
3405	ट्यूबर	11
3406	वंचित	11
3407	लादेन	11
3408	इलेक्ट्रॉनिक	11
3409	विहार	11
3410	डालकर	11
3411	पीक	11
3412	आखिरी	11
3413	प्रतीक	11
3414	पुख्ता	11
3415	लाहोटी	11
3416	ममता	11
3417	आभूषण	11
3418	शिरोमणि	11
3419	विपिन	11
3420	पत्रकार	11
3421	सेक्शन	11
3422	एकत्रित	11
3423	एकदम	11
3424	स्कॉटलैंड	11
3425	इस्लामी	11
3426	शासक	11
3427	अनदेखी	11
3428	तत्व	11
3429	नमक	11
3430	चिदंबरम्	11
3431	पुणे	11
3432	दीपक	11
3433	उद्योगों	11
3434	गाने	11
3435	आईं	11
3436	जूझ	11
3437	खून	11
3438	शंकर	11
3439	सवालिया	11
3440	सब्सिडी	11
3441	दिखाने	11
3442	सेमिनार	11
3443	वीरेंद्र	11
3444	रिश्तों	11
3445	धारणा	11
3446	अफसर	11
3447	भागने	11
3448	जिम	11
3449	भाइयों	11
3450	विकल्पों	11
3451	भूमध्य	11
3452	एसटीएफ	11
3453	जबरन	11
3454	सुनीता	11
3455	एजेंसियां	11
3456	सिलसिला	11
3457	शिकायतों	11
3458	गैलरी	11
3459	लिप्त	11
3460	ऊपरी	11
3461	पाते	11
3462	डीआईजी	11
3463	टीमों	11
3464	महाधिवेशन	11
3465	कॉलेजों	11
3466	गणना	11
3467	आचार्य	11
3468	लिखने	11
3469	देव	11
3470	रनों	11
3471	छेड़छाड़	11
3472	थलसेना	11
3473	खफा	11
3474	रवैया	11
3475	नारो	11
3476	एयरटेल	11
3477	मैचों	11
3478	एबीसी	11
3479	धूप	11
3480	पर्वत	11
3481	संगमा	11
3482	जलस्तर	11
3483	साथियों	11
3484	व्यापारिक	11
3485	विद्यालय	11
3486	पोलित	11
3487	राकेश	11
3488	केन्द्रीय	11
3489	बालिका	11
3490	भट्ट	11
3491	तेमुजिन	11
3492	आईपीसीसी	10
3493	हिंदुस्तान	10
3494	अंडमानीज	10
3495	अर्चना	10
3496	डिफेंस	10
3497	बीमा	10
3498	दरार	10
3499	हस्तांतरण	10
3500	ठेकेदार	10
3501	कप्तानी	10
3502	दास	10
3503	उच्चायोग	10
3504	चीजों	10
3505	पहुँचा	10
3506	जोखिम	10
3507	हादसा	10
3508	प्रवर्तन	10
3509	हांगकांग	10
3510	टेनिस	10
3511	नुक़सान	10
3512	आयु	10
3513	क्विरिओ	10
3514	मेहनत	10
3515	एचआईवी	10
3516	क्राइम	10
3517	अटलांटिक	10
3518	करवाने	10
3519	बेस्ट	10
3520	अनुकूल	10
3521	भव्य	10
3522	ब्रिगेडियर	10
3523	सर्वसम्मति	10
3524	रखेंगे	10
3525	चतुर्वेदी	10
3526	सेवाएं	10
3527	संपादक	10
3528	रोकना	10
3529	हूँ	10
3530	अप्रत्यक्ष	10
3531	आकलन	10
3532	फूलों	10
3533	ख्याल	10
3534	बीबीसी	10
3535	उतार	10
3536	मानवीय	10
3537	पाठ्य	10
3538	छोड़े	10
3539	ब्रेमर	10
3540	निकाले	10
3541	बयानबाजी	10
3542	चरम	10
3543	प्लेटफार्म	10
3544	जोड़ा	10
3545	कांची	10
3546	मजबूर	10
3547	लेखक	10
3548	हेनरी	10
3549	डेविड	10
3550	उठाएंगे	10
3551	सोचा	10
3552	सौंपे	10
3553	अमीन	10
3554	म्यांमार	10
3555	निगाह	10
3556	मेटल	10
3557	गुवाहाटी	10
3558	खरीफ	10
3559	ऑफ़	10
3560	आगाह	10
3561	स्टीकर	10
3562	संसाधनों	10
3563	काले	10
3564	भोजशाला	10
3565	कुशीनगर	10
3566	सब्बरवाल	10
3567	जानकारियां	10
3568	उड़ा	10
3569	गिरफ़्तार	10
3570	चरित्र	10
3571	लूट	10
3572	अन्नाद्रमुक	10
3573	फर्नॉडिस	10
3574	हिंदुत्व	10
3575	अहसास	10
3576	एजेंडा	10
3577	अज़ीज़	10
3578	बायो	10
3579	ज्ञापन	10
3580	पेड़	10
3581	स्कीम	10
3582	लंबा	10
3583	पहुंचकर	10
3584	गुस्साए	10
3585	मध्यप्रदेश	10
3586	आपात	10
3587	बढ़ाई	10
3588	बिस्वास	10
3589	लेफ्टिनेंट	10
3590	फरोख्त	10
3591	बरी	10
3592	कामकाज	10
3593	तुलसी	10
3594	पकड़ने	10
3595	बनना	10
3596	गेट	10
3597	दावेदार	10
3598	देखभाल	10
3599	पोषण	10
3600	ग्रस्त	10
3601	टीआरएस	10
3602	सैर	10
3603	गहरी	10
3604	मकानों	10
3605	चर्चित	10
3606	जल्दबाजी	10
3607	सामरिक	10
3608	कमिश्नर	10
3609	अमीर	10
3610	दोस्त	10
3611	धनंजय	10
3612	कंप्यूटरों	10
3613	मसौदा	10
3614	विज	10
3615	गवाही	10
3616	सिंघल	10
3617	जनजीवन	10
3618	मनाया	10
3619	फॉरेंसिक	10
3620	किन	10
3621	सुना	10
3622	प्रसार	10
3623	जनशक्ति	10
3624	निचले	10
3625	बंगले	10
3626	उतरने	10
3627	पद्धति	10
3628	कुख्यात	10
3629	फ़ीसदी	10
3630	दलाई	10
3631	पोर्ट	10
3632	सन्	10
3633	आचार	10
3634	पद्म	10
3635	बेरोजगारी	10
3636	अवशेष	10
3637	डाक	10
3638	रेलगाड़ियों	10
3639	जोशीपुरा	10
3640	मनु	10
3641	जुटा	10
3642	बाड़	10
3643	शक्तियों	10
3644	फेर	10
3645	बेकरी	10
3646	जेट	10
3647	साउथ	10
3648	प्रभाकरन	10
3649	नेपाली	10
3650	भोज	10
3651	प्रांगण	10
3652	कस्टम	10
3653	थॉमस	10
3654	सवा	10
3655	बाबरी	10
3656	जानना	10
3657	दस्तावेजों	10
3658	सूजन	10
3659	अमृत	10
3660	राइफल्स	10
3661	दम	10
3662	आदिवासियों	10
3663	समाधि	10
3664	हिमपात	10
3665	भक्त	10
3666	पशु	10
3667	शनि	10
3668	तोड़ने	10
3669	महंत	10
3670	रोज	10
3671	व्यवसाय	10
3672	बंधकों	10
3673	डीएसपी	10
3674	इफ्तखार	10
3675	चादर	10
3676	बांटने	10
3677	ग्राम	10
3678	संरक्षित	10
3679	लें	10
3680	क्लीन	10
3681	चिट	10
3682	तिब्बती	10
3683	अवधारणा	10
3684	तत्वों	10
3685	पहुँचे	10
3686	मिस	10
3687	अमरीका	10
3688	लगाम	10
3689	याना	10
3690	चलकर	10
3691	अनुदान	10
3692	जितना	10
3693	नेहरू	10
3694	गोल्फ	10
3695	नाकाम	10
3696	ठहरने	10
3697	चाहा	10
3698	रणनीतिक	10
3699	प्लास्टिक	10
3700	तैयारियों	10
3701	निकला	10
3702	अंदरूनी	10
3703	वित्तमंत्री	10
3704	विकेट	10
3705	चक्कर	10
3706	आएंगे	10
3707	लोकल	10
3708	सीनियर	10
3709	बजाए	10
3710	मंशा	10
3711	भावी	10
3712	स्पेन	10
3713	विद्रोह	10
3714	तपेदिक	10
3715	अंसारी	10
3716	कुंड	10
3717	रानी	10
3718	अनुच्छेद	10
3719	रोधी	10
3720	लिख	10
3721	फ्लोरिडा	10
3722	गेस्ट	10
3723	दिवंगत	10
3724	साझेदारी	10
3725	समग्र	10
3726	सुबूत	10
3727	स्काई	10
3728	ह्यूगनॉट्स	10
3729	सिंध	10
3730	डेल्टा	10
3731	संबद्ध	10
3732	चंगेज	10
3733	पठान	10
3734	दर्शाता	10
3735	नक़वी	10
3736	समुदायों	10
3737	पते	10
3738	मौलिक	10
3739	सफेद	10
3740	जाएंगी	10
3741	दंगा	10
3742	फैसलों	10
3743	मुजाहिदीन	10
3744	डाले	10
3745	अतीत	10
3746	छापा	10
3747	सर्दी	10
3748	पीपुल्स	10
3749	आईएमए	10
3750	इशारे	10
3751	कक्ष	10
3752	एडमिरल	10
3753	पेटेंट	10
3754	प्रहार	10
3755	डॉन	10
3756	प्रवासी	10
3757	लॉर्ड	10
3758	कपूर	10
3759	तालिब	9
3760	गणराज्य	9
3761	चेक	9
3762	सहारा	9
3763	आंकड़े	9
3764	घंटा	9
3765	खींचने	9
3766	स्वामित्व	9
3767	प्रतिष्ठानों	9
3768	ठिकानों	9
3769	धन्यवाद	9
3770	मी	9
3771	गुवाहटी	9
3772	कोसी	9
3773	घुसने	9
3774	एमएम	9
3775	चेहरा	9
3776	जूनियर	9
3777	विकासशील	9
3778	खातों	9
3779	टेंडर	9
3780	स्मारक	9
3781	हॉस्पिटल	9
3782	ट्रेड	9
3783	ब्रांच	9
3784	आएगा	9
3785	कीमतें	9
3786	प्रश्नों	9
3787	पत्थरों	9
3788	आरपीएफ	9
3789	रखता	9
3790	समस्याएं	9
3791	खारो	9
3792	नामांकन	9
3793	किंग	9
3794	पौधों	9
3795	वर्णन	9
3796	रासायनिक	9
3797	अवज्ञा	9
3798	प्रतिष्ठा	9
3799	भागों	9
3800	परिणामों	9
3801	रूसी	9
3802	मोहाली	9
3803	जायसवाल	9
3804	सचिवालय	9
3805	कठोर	9
3806	मात	9
3807	छात्रा	9
3808	कर्फ्यू	9
3809	सीईओ	9
3810	बैंकिंग	9
3811	पुलिसकर्मियों	9
3812	व्याख्या	9
3813	कोयला	9
3814	खुदाई	9
3815	मोरचा	9
3816	गढ़वाल	9
3817	डॉट	9
3818	बुक	9
3819	चारों	9
3820	गिरने	9
3821	प्रायः	9
3822	सिलेंडर	9
3823	रचनात्मक	9
3824	महाराजा	9
3825	पायलेटों	9
3826	स्वाभाविक	9
3827	निहित	9
3828	गश्त	9
3829	नकार	9
3830	ट्रैक	9
3831	जिंदा	9
3832	पड़ती	9
3833	माफ	9
3834	चट्टानों	9
3835	दोस्ती	9
3836	बढ़ेगा	9
3837	वाणिज्यिक	9
3838	पारिवारिक	9
3839	आपदाओं	9
3840	ड्राइवर	9
3841	गुणवत्ता	9
3842	एंडरसन	9
3843	अर्जित	9
3844	रिश्तेदार	9
3845	चिन्हित	9
3846	विज्ञप्ति	9
3847	कोटा	9
3848	बारह	9
3849	यानी	9
3850	ईमानदारी	9
3851	इंटरव्यू	9
3852	ख़िलाफ़	9
3853	घटकर	9
3854	ढाका	9
3855	खेत	9
3856	गिरिजा	9
3857	व्यापारी	9
3858	उम्मीदों	9
3859	बढ़ोत्तरी	9
3860	राजशेखर	9
3861	कादियान	9
3862	कीं	9
3863	वस्तुएं	9
3864	आकर्षक	9
3865	आलाकमान	9
3866	नरसिंह	9
3867	जेवीजी	9
3868	गर्मियों	9
3869	डेवलपमेंट	9
3870	मैक्सिको	9
3871	स्पीड	9
3872	जोन	9
3873	दामों	9
3874	अग्नि	9
3875	परस्पर	9
3876	चित्र	9
3877	तिहाई	9
3878	बैंड	9
3879	ईमेल	9
3880	लिंक	9
3881	उठे	9
3882	अपनाया	9
3883	खेतों	9
3884	नाबालिग	9
3885	पाएंगे	9
3886	औपनिवेशिक	9
3887	कैथोलिक	9
3888	गायक	9
3889	दिलचस्पी	9
3890	पाल	9
3891	आसार	9
3892	हंगामे	9
3893	शेखावत	9
3894	रक़म	9
3895	फूकन	9
3896	देन	9
3897	नेहरा	9
3898	टूर्नामेंट	9
3899	इंच	9
3900	गोलों	9
3901	अदालतों	9
3902	पुतिन	9
3903	आशीर्वाद	9
3904	संदीप	9
3905	ढेर	9
3906	टाउन	9
3907	खेद	9
3908	रोम	9
3909	गोयल	9
3910	इराक़	9
3911	पराजय	9
3912	एकल	9
3913	बादशाह	9
3914	फैला	9
3915	युआन	9
3916	बाउल	9
3917	अंदाजा	9
3918	संयंत्रों	9
3919	ताकतों	9
3920	नजरिए	9
3921	शोधकर्ताओं	9
3922	रॉय	9
3923	जोड़	9
3924	रिवाल्वर	9
3925	पुनः	9
3926	दरभंगा	9
3927	भत्ता	9
3928	रणवीर	9
3929	अपराधी	9
3930	हिट	9
3931	विक्टोरिया	9
3932	प्रचलित	9
3933	शरण	9
3934	मारी	9
3935	पैर	9
3936	मध्यावधि	9
3937	तीस	9
3938	नॉर्वे	9
3939	संस्थापक	9
3940	सुशासन	9
3941	थाईलैंड	9
3942	बिल्कुल	9
3943	लापरवाही	9
3944	बरती	9
3945	बस्ती	9
3946	सौदा	9
3947	धूम्रपान	9
3948	शुक्र	9
3949	सैलानियों	9
3950	गोलू	9
3951	छिपे	9
3952	इनसे	9
3953	अंकुश	9
3954	महंगाई	9
3955	एलपीजी	9
3956	दयाल	9
3957	विनाश	9
3958	लेह	9
3959	दर्शक	9
3960	तीस्ता	9
3961	बाबूलाल	9
3962	बदलते	9
3963	आव्रजन	9
3964	स्वर्ण	9
3965	बुकिंग	9
3966	उल	9
3967	जम	9
3968	विश्वसनीयता	9
3969	सटीक	9
3970	एशियन	9
3971	धंधे	9
3972	वेबसाइटों	9
3973	कहां	9
3974	आसियान	9
3975	कैलिफोर्निया	9
3976	रनवे	9
3977	पुजारी	9
3978	कपड़ा	9
3979	इस्माइल	9
3980	बैनर	9
3981	दहशत	9
3982	देशी	9
3983	निर्वाचित	9
3984	अरुणाचल	9
3985	फंस	9
3986	लॉन्च	9
3987	अखबारों	9
3988	स्वदेशी	9
3989	बीते	9
3990	जयपाल	9
3991	घटाकर	9
3992	बहादुर	9
3993	जिम्मेदारियों	9
3994	दरकिनार	9
3995	सीताराम	9
3996	पीएसी	9
3997	बर्बाद	9
3998	ईश्वर	9
3999	बिलियन	9
4000	मिटाने	9
4001	अवकाश	9
4002	चौकी	9
4003	टिकैत	9
4004	परेड	9
4005	बनकर	9
4006	पर्यवेक्षकों	9
4007	आस्था	9
4008	पराजित	9
4009	रोटी	9
4010	नयी	9
4011	नरम	9
4012	योजनाएं	9
4013	ग्यारह	9
4014	कार्यवाहक	9
4015	सदर	9
4016	परिभाषा	9
4017	अभियानों	9
4018	जात्रोपा	9
4019	स्थिरता	9
4020	कहकर	9
4021	वारदात	9
4022	बांग्लादेशी	9
4023	पलवल	9
4024	किशोर	9
4025	किट	9
4026	उक्त	9
4027	ऑनलाइन	9
4028	क्विंटल	9
4029	प्राइवेट	9
4030	गले	9
4031	एक्सचेंज	9
4032	मानी	9
4033	पूछने	9
4034	सचेत	9
4035	मालिकों	9
4036	कामथ	9
4037	गिराने	9
4038	पेशे	9
4039	स्केल	9
4040	कर्ज	9
4041	जीवाश्म	9
4042	अमरमणि	9
4043	उर्वरकों	9
4044	ग्रेटर	9
4045	वंशज	9
4046	कोम	9
4047	निलंबन	9
4048	लीला	9
4049	जुटी	9
4050	आकाश	9
4051	रियासत	9
4052	संकल्प	9
4053	रास	9
4054	आईएएस	9
4055	मृतकों	9
4056	गुरुत्वाकर्षण	9
4057	तीखी	8
4058	चुनौतियों	8
4059	लिये	8
4060	सतर्क	8
4061	कामयाबी	8
4062	भाव	8
4063	संघीय	8
4064	लुत्फ	8
4065	मिलावट	8
4066	रूट	8
4067	मसौदे	8
4068	डूंगरपुर	8
4069	रुकने	8
4070	सियांपी	8
4071	सर्दियों	8
4072	पिस्तौल	8
4073	वायरलेस	8
4074	हावी	8
4075	संपूर्ण	8
4076	सावधानी	8
4077	गठजोड़	8
4078	ग्रिड	8
4079	आसमान	8
4080	सूखा	8
4081	स्‍तंभ	8
4082	लैब	8
4083	कहती	8
4084	एसबीआई	8
4085	महेंद्र	8
4086	खिंचाई	8
4087	मुकर	8
4088	लाई	8
4089	पाइपलाइन	8
4090	फाइल	8
4091	अग्रणी	8
4092	चिकित्सक	8
4093	अनुवाद	8
4094	पीने	8
4095	नोबल	8
4096	अस्पष्ट	8
4097	सविनय	8
4098	जीडीपी	8
4099	बाध्य	8
4100	राइफल	8
4101	अवश्य	8
4102	जवाबी	8
4103	फौज	8
4104	संस्थागत	8
4105	सीनेट	8
4106	किराया	8
4107	मिलीं	8
4108	मेमोरियल	8
4109	खलीलजाद	8
4110	कोर	8
4111	रोजाना	8
4112	मूक	8
4113	सीरीज	8
4114	इसरो	8
4115	आईपीएस	8
4116	निकायों	8
4117	भाल	8
4118	उलेमा	8
4119	स्क्रीन	8
4120	कोने	8
4121	बैठ	8
4122	रांची	8
4123	आयाम	8
4124	जार्ज	8
4125	हेमंत	8
4126	टिकी	8
4127	गाँवों	8
4128	परवेज़	8
4129	कलेक्टर	8
4130	तीसरा	8
4131	परिकल्पना	8
4132	कहता	8
4133	प्रबल	8
4134	भविष्यवाणी	8
4135	समझने	8
4136	पक्षी	8
4137	टकराव	8
4138	म्यूचुअल	8
4139	फौजी	8
4140	मेहर	8
4141	उबरने	8
4142	बुजुर्ग	8
4143	बल्लेबाजों	8
4144	मुहर	8
4145	पार्थिव	8
4146	मंडी	8
4147	नाथ	8
4148	वैधता	8
4149	काला	8
4150	इकबालिया	8
4151	प्रारंभ	8
4152	सबक	8
4153	निर्माताओं	8
4154	जानता	8
4155	विलास	8
4156	दादरी	8
4157	अफजल	8
4158	श्याम	8
4159	सीवान	8
4160	रोगियों	8
4161	मद्रास	8
4162	उद्यान	8
4163	वसूल	8
4164	महापरिनिर्वाण	8
4165	पलट	8
4166	मलेशिया	8
4167	साधन	8
4168	जमी	8
4169	नौकरशाही	8
4170	कैद	8
4171	ठहरा	8
4172	ऊँचा	8
4173	पेट्रो	8
4174	म्यूजिक	8
4175	यूं	8
4176	अंकित	8
4177	सुधीर	8
4178	भौगोलिक	8
4179	बटालियन	8
4180	डि	8
4181	मुखिया	8
4182	देसी	8
4183	मानद	8
4184	क्रियान्वयन	8
4185	जिनसे	8
4186	जनक	8
4187	हवारा	8
4188	पटियाला	8
4189	पदार्थ	8
4190	पोत	8
4191	मीकन्स	8
4192	हीरे	8
4193	रिपोर्टों	8
4194	सूचनाओं	8
4195	नशीली	8
4196	सस्ते	8
4197	आशीष	8
4198	मार्गों	8
4199	परिवर्तित	8
4200	बच्चा	8
4201	पैलेस	8
4202	खोजी	8
4203	भेजकर	8
4204	नैतिक	8
4205	राष्ट्रवादी	8
4206	भावनाओं	8
4207	नकवी	8
4208	मासिक	8
4209	निशाने	8
4210	लाना	8
4211	शाहजहां	8
4212	शाहिद	8
4213	अगवा	8
4214	सरदार	8
4215	उत्तराधिकारी	8
4216	लहरें	8
4217	महानिरीक्षक	8
4218	आलम	8
4219	रीगन	8
4220	कटरा	8
4221	जैश	8
4222	विलंब	8
4223	बाधाओं	8
4224	अनपरा	8
4225	वार	8
4226	भवनों	8
4227	समझते	8
4228	खजुराहो	8
4229	जनादेश	8
4230	पैटर्न	8
4231	रोग	8
4232	मंगोलिया	8
4233	घैलानी	8
4234	गुटों	8
4235	तेवर	8
4236	उपयोगी	8
4237	रिश्तेदारों	8
4238	धर्मेंद्र	8
4239	तारों	8
4240	सालाना	8
4241	सब्जी	8
4242	बाबू	8
4243	यूरेनियम	8
4244	एयरवेज	8
4245	खनन	8
4246	काटने	8
4247	राठी	8
4248	फोर्ड	8
4249	निर्दोष	8
4250	एकतरफा	8
4251	छावनी	8
4252	पूर्वज	8
4253	एनएससी	8
4254	रिपब्लिकन	8
4255	आवागमन	8
4256	शख्स	8
4257	पश्चात	8
4258	पाएगा	8
4259	वादे	8
4260	कालेज	8
4261	बदला	8
4262	कर्ता	8
4263	मुख्यतः	8
4264	तुर्की	8
4265	रोहतक	8
4266	ट्रांजिट	8
4267	अलावी	8
4268	अपेक्षाकृत	8
4269	भगते	8
4270	फायर	8
4271	दीन	8
4272	संयोजन	8
4273	रखेगी	8
4274	कोशिशें	8
4275	कांस्टेबल	8
4276	देवड़ा	8
4277	रात्रि	8
4278	वायदा	8
4279	लगीं	8
4280	जागीर	8
4281	चंद	8
4282	कानपुर	8
4283	निचली	8
4284	खामियों	8
4285	सुमात्रा	8
4286	दिमाग	8
4287	उरी	8
4288	चोपड़ा	8
4289	आश्चर्यजनक	8
4290	दर्शनीय	8
4291	श्रीकुमार	8
4292	कस्बे	8
4293	फ्रीवे	8
4294	ऑस्कर	8
4295	बॉम्बे	8
4296	तलब	8
4297	न्योता	8
4298	काउंटी	8
4299	मूलभूत	8
4300	आला	8
4301	स्वयंसेवी	8
4302	बिंदु	8
4303	भेंट	8
4304	विस्फ़ोट	8
4305	तले	8
4306	कार्यालयों	8
4307	वंश	8
4308	प्रतीक्षा	8
4309	ठप	8
4310	साफ्टवेयर	8
4311	दोहरे	8
4312	मांगने	8
4313	आशय	8
4314	शेखर	8
4315	सूचकांक	8
4316	अप्रेल	8
4317	तब्दील	8
4318	उतनी	8
4319	लॉकर	8
4320	दसवीं	8
4321	सिक्ख	8
4322	लड़कियां	8
4323	चिकन	8
4324	वस्तु	8
4325	उलट	8
4326	सेकुलर	8
4327	स्ट्रीट	8
4328	इलाका	8
4329	निकाह	8
4330	शेट्टी	8
4331	शैक्षिक	8
4332	सिब्बल	8
4333	हिमालय	8
4334	बेशक	8
4335	अनुमानित	8
4336	मुस्लिमों	8
4337	नजदीकी	8
4338	जोसेफ	8
4339	चार्टर	8
4340	सीमाएं	8
4341	रैगिंग	8
4342	अंबाला	8
4343	लाइट	8
4344	अंग्रेजों	8
4345	गवाहों	8
4346	एरिया	8
4347	पंडितों	8
4348	ग्रेग	8
4349	ऑफिसर	8
4350	फिल्मी	8
4351	बंदोबस्त	8
4352	संपदा	8
4353	प्लॉन	8
4354	प्राइमरी	8
4355	धंधा	8
4356	बोली	8
4357	रघुवंश	8
4358	पौने	8
4359	करुणानिधि	8
4360	ईसाई	8
4361	इनेलो	8
4362	चिंताओं	8
4363	समृद्ध	8
4364	धड़े	8
4365	सुनील	8
4366	अंबिका	8
4367	डिवीजनल	8
4368	नकदी	8
4369	बचपन	8
4370	इतिहासकार	8
4371	हिदायत	8
4372	लम्बे	8
4373	सीपीएम	8
4374	अर्पित	8
4375	घेर	8
4376	जानवरों	8
4377	चिली	8
4378	फैलाने	8
4379	दिये	8
4380	सरोजनी	8
4381	ट्रक	8
4382	पुनर्विचार	8
4383	लगते	8
4384	छानबीन	8
4385	मेम्ब्रेन	8
4386	पीसीबी	8
4387	चांदी	8
4388	एआईसीसी	8
4389	हेलीकॉप्टर	8
4390	ट्रान	8
4391	असफल	7
4392	ज्ञान	7
4393	मुसलमान	7
4394	क्लास	7
4395	वनों	7
4396	ब्राजील	7
4397	पेय	7
4398	तटों	7
4399	बारू	7
4400	वर्गीकरण	7
4401	फर्म	7
4402	बंधुओं	7
4403	हालिया	7
4404	वितरित	7
4405	ओवर	7
4406	बिन	7
4407	दादी	7
4408	सितम्बर	7
4409	क्रान्ति	7
4410	संभाल	7
4411	बर्खास्तगी	7
4412	लेती	7
4413	तस्लीमुद्दीन	7
4414	हटाना	7
4415	वेल्स	7
4416	पंजीकृत	7
4417	पहलगाम	7
4418	सिरीज	7
4419	वर्ल्ड	7
4420	शक्ल	7
4421	शुक्ला	7
4422	उत्पत्ति	7
4423	ठहरे	7
4424	ब्रिज	7
4425	कतई	7
4426	बालादित्य	7
4427	स्टैंडर्ड	7
4428	खींच	7
4429	भ्रम	7
4430	मानवाधिकारों	7
4431	मार्टिन	7
4432	ताल्लुक	7
4433	सोनल	7
4434	प्रशासक	7
4435	एपीजे	7
4436	नाल्को	7
4437	गिल	7
4438	रिमोट	7
4439	भौतिक	7
4440	इंजीनियरों	7
4441	रसायन	7
4442	बताता	7
4443	जिसमे	7
4444	ऑफ़	7
4445	परिचित	7
4446	दोहराई	7
4447	कवि	7
4448	यथावत	7
4449	हटने	7
4450	अगला	7
4451	शिक्षित	7
4452	सुधारों	7
4453	नकद	7
4454	आज़ाद	7
4455	अनौपचारिक	7
4456	मनोनीत	7
4457	सीमेंट	7
4458	भरपाई	7
4459	चेन	7
4460	साकार	7
4461	थीम	7
4462	प्रयोगशाला	7
4463	डीजीपी	7
4464	बारूदी	7
4465	एंटी	7
4466	एनडीएफबी	7
4467	रिजवी	7
4468	उपद्रवियों	7
4469	आपका	7
4470	मौतों	7
4471	इस्राइल	7
4472	राबिया	7
4473	जेहादी	7
4474	सुनी	7
4475	झूठा	7
4476	व्हाइट	7
4477	सौदों	7
4478	जनाधार	7
4479	नदियों	7
4480	निकाली	7
4481	स्नातक	7
4482	थल	7
4483	मुजफ्फरपुर	7
4484	सुरेंद्र	7
4485	प्राइम	7
4486	कन्जेक्चर	7
4487	भ्रष्ट	7
4488	ऐन	7
4489	खरीदे	7
4490	दिग्गज	7
4491	कृत्रिम	7
4492	बचाया	7
4493	मुकदमे	7
4494	पंचायतों	7
4495	पहाड़ियों	7
4496	डब्ल्यू	7
4497	गिरा	7
4498	अलर्ट	7
4499	अनुचित	7
4500	वोहरा	7
4501	कमजोरी	7
4502	स्‍थान	7
4503	सेक्स	7
4504	क्रीक	7
4505	आईएईए	7
4506	मृत्युदंड	7
4507	लेनी	7
4508	चौबीस	7
4509	परहेज	7
4510	अल्लाह	7
4511	भले	7
4512	तथाकथित	7
4513	बुजुर्गों	7
4514	जानबूझकर	7
4515	चलेगी	7
4516	चतुर्थ	7
4517	बुलाए	7
4518	विक्की	7
4519	जबरदस्ती	7
4520	बंगला	7
4521	शिकस्त	7
4522	रखेगा	7
4523	ज़रिए	7
4524	नवम्बर	7
4525	भट्टाचार्य	7
4526	शिकायतें	7
4527	रियाज	7
4528	नौकरियों	7
4529	गुफा	7
4530	गोल	7
4531	गर्व	7
4532	इरफान	7
4533	आपने	7
4534	महासभा	7
4535	पड़ेगी	7
4536	मेट्रोपोलिटन	7
4537	टाडा	7
4538	भड़क	7
4539	ऊँचे	7
4540	स्क्रैप	7
4541	रैना	7
4542	काफ़ी	7
4543	वेस्ट	7
4544	चावेज	7
4545	सभ्यता	7
4546	चालित	7
4547	गणेश	7
4548	रैंक	7
4549	सरगना	7
4550	सऊदी	7
4551	उम्मीदें	7
4552	हस्तियों	7
4553	चारा	7
4554	कार्तिक	7
4555	अंतरराज्यीय	7
4556	रतन	7
4557	सिखों	7
4558	विषयों	7
4559	ज़रूरत	7
4560	नन	7
4561	लोकप्रियता	7
4562	सुशील	7
4563	उड़ानें	7
4564	बेगम	7
4565	ललित	7
4566	वामपंथियों	7
4567	हनन	7
4568	जेसिका	7
4569	डिजाइनरों	7
4570	प्रशंसकों	7
4571	स्टैंड	7
4572	रंजन	7
4573	बैठकों	7
4574	स्तंभ	7
4575	मरीज	7
4576	रोके	7
4577	शासनकाल	7
4578	आमदनी	7
4579	प्रेमियों	7
4580	ईधन	7
4581	चलाना	7
4582	भक्तों	7
4583	पीडीपी	7
4584	वाहनवटी	7
4585	मानकों	7
4586	प्रोसेसिंग	7
4587	स्व	7
4588	उपेक्षा	7
4589	रूपरेखा	7
4590	अकबर	7
4591	चावल	7
4592	शुमार	7
4593	नियामक	7
4594	चोटिल	7
4595	दुकानदारों	7
4596	कितना	7
4597	डेरा	7
4598	स्वयंभू	7
4599	राउंड	7
4600	निकालकर	7
4601	काजी	7
4602	डिपो	7
4603	अंधाधुंध	7
4604	जातियों	7
4605	पंकज	7
4606	प्रमाणन	7
4607	हरकिशन	7
4608	फैलने	7
4609	नमूना	7
4610	डर	7
4611	आगजनी	7
4612	सेहत	7
4613	सांस	7
4614	अंधेरे	7
4615	झोपड़ी	7
4616	समकक्ष	7
4617	अन्तिम	7
4618	बेदी	7
4619	बोगी	7
4620	कोलंबिया	7
4621	अलगाववादियों	7
4622	स्तूप	7
4623	फिल्में	7
4624	गतिरोध	7
4625	खींचतान	7
4626	व्याख्यान	7
4627	सुरक्षाकर्मी	7
4628	कामना	7
4629	रहमान	7
4630	आराम	7
4631	कुशल	7
4632	पथ	7
4633	नमाज	7
4634	ओरलैंडो	7
4635	यकीन	7
4636	प्रतिपक्ष	7
4637	गुड़गाँव	7
4638	हॉकिंस	7
4639	बल्लेबाज	7
4640	मोटी	7
4641	कौशल	7
4642	बीबी	7
4643	शेरनाज	7
4644	देवताओं	7
4645	रॉयल्टी	7
4646	कलह	7
4647	हिदायतनामा	7
4648	चाय	7
4649	मानवता	7
4650	ओपन	7
4651	जेड	7
4652	सीमावर्ती	7
4653	पर्यवेक्षक	7
4654	वेन	7
4655	अन्न	7
4656	बेड़े	7
4657	प्रमाणित	7
4658	लकड़ी	7
4659	आवंटन	7
4660	रेगिस्तान	7
4661	आंकड़ा	7
4662	भूस्खलन	7
4663	मिलनी	7
4664	प्रीतम	7
4665	मनोवैज्ञानिक	7
4666	प्रदर्शनकारियों	7
4667	पटल	7
4668	डिएगो	7
4669	हवेली	7
4670	बच्ची	7
4671	धरोहर	7
4672	स्वीडन	7
4673	अर्थशास्त्री	7
4674	शैवाल	7
4675	हरे	7
4676	आश्रम	7
4677	सोचने	7
4678	विलय	7
4679	फिक्स्ड	7
4680	असमर्थ	7
4681	फूल	7
4682	मच	7
4683	सुर	7
4684	मर	7
4685	उड़ाने	7
4686	ठाकुर	7
4687	मानता	7
4688	अस्त	7
4689	प्रवाहित	7
4690	मेनन	7
4691	विनय	7
4692	पुरातत्व	7
4693	नागरिकता	7
4694	दिग्विजय	7
4695	खुशबू	7
4696	अमीरों	7
4697	सोरेन	7
4698	मैडम	7
4699	तरजीह	7
4700	टैक्सी	7
4701	हाजिर	7
4702	बेउर	7
4703	मीनू	7
4704	बेगारी	7
4705	कार्यरत	7
4706	काज	7
4707	पूर्ति	7
4708	जाल	7
4709	घड़ी	7
4710	शुभारंभ	7
4711	रचने	7
4712	दलितों	7
4713	बुला	7
4714	घेरे	7
4715	सौरमंडल	7
4716	कपिल	7
4717	दीपावली	7
4718	फाइलों	7
4719	सप्लाई	7
4720	लौटे	7
4721	अश्लील	7
4722	खरीदा	7
4723	साक्षरता	7
4724	सुराग	7
4725	रेवा	7
4726	किस्मत	7
4727	कोशिकाओं	7
4728	साध	7
4729	उप्र	7
4730	कदमों	7
4731	कॉम्पलैक्स	7
4732	कॉरपोरेट	7
4733	सोपोर	7
4734	सुधारने	7
4735	ट्रैफिक	7
4736	निकली	7
4737	चिट्ठी	7
4738	वरुण	7
4739	रियायत	7
4740	साम्राज्यवाद	7
4741	लड़के	7
4742	लघु	7
4743	मार्क	7
4744	वसंत	7
4745	चाहें	7
4746	तारीगामी	7
4747	संपत्तियों	7
4748	अगुवाई	7
4749	हुईं	7
4750	धोखाधड़ी	7
4751	आतंक	7
4752	मरीजों	7
4753	क्रांतिकारी	7
4754	कोस्टा	7
4755	ड्यूक	7
4756	युवती	7
4757	थाई	7
4758	सूचियों	7
4759	डाली	7
4760	निवासियों	7
4761	खुली	7
4762	सुरक्षाकर्मियों	7
4763	मिलों	7
4764	सिक्के	7
4765	गोपनीयता	7
4766	जला	7
4767	आपातकाल	7
4768	अपहृत	7
4769	लुभाने	7
4770	समूचे	7
4771	साधा	7
4772	कमाल	7
4773	चित्‍तौड़	7
4774	सुचारु	7
4775	खतरों	7
4776	मानकर	7
4777	तल	7
4778	श्रीलंकाई	7
4779	विस्तारित	7
4780	उच्चस्तरीय	7
4781	अस्थायी	7
4782	आरडीएक्स	7
4783	उस्मान	7
4784	रिट्रीट	7
4785	मधुमणि	7
4786	खुलने	7
4787	दिक्कत	7
4788	टॉवर	7
4789	दुखी	7
4790	उठता	7
4791	मंगेशकर	7
4792	जागरूक	7
4793	ख्वाजा	7
4794	फ्लाइट	7
4795	घेरने	7
4796	जानकारों	7
4797	सिट	7
4798	कीटनाशकों	7
4799	गिराए	7
4800	छेड़	7
4801	ज्ञानेंद्र	7
4802	सीज़न	7
4803	स्पेनिश	7
4804	चालकों	7
4805	ह्यूगनॉट	7
4806	परोक्ष	7
4807	बूते	7
4808	टीडीपी	7
4809	मिशिगन	7
4810	ओजोन	6
4811	सुन्नी	6
4812	मॉरिशस	6
4813	माँगी	6
4814	विश्वसनीय	6
4815	आगमन	6
4816	स्वयंसेवक	6
4817	भार्गव	6
4818	जोगी	6
4819	हावड़ा	6
4820	डाउनलोड	6
4821	फर्मों	6
4822	मच्छरों	6
4823	सुर्खियों	6
4824	देशमुख	6
4825	उदार	6
4826	छपी	6
4827	एल्बम	6
4828	कट्टरपंथी	6
4829	अनुयायी	6
4830	खर्चों	6
4831	विज्ञानी	6
4832	हीरो	6
4833	आईओसी	6
4834	बहरीन	6
4835	डूब	6
4836	ट्रेनें	6
4837	रोल	6
4838	पैदावार	6
4839	संघों	6
4840	बताती	6
4841	छड़ी	6
4842	मुबारक	6
4843	डच	6
4844	इलेक्ट्रिक	6
4845	मोटरसाइकिल	6
4846	कुंबले	6
4847	मुश्किलें	6
4848	मेहमानों	6
4849	यादगार	6
4850	द्वीपों	6
4851	गुस्सा	6
4852	लौह	6
4853	अयस्क	6
4854	फूड	6
4855	ऐंड	6
4856	टाइन	6
4857	गाइड	6
4858	रूख	6
4859	परिक्रमा	6
4860	आये	6
4861	रहेंगी	6
4862	स्पीति	6
4863	फौजियों	6
4864	झज्जर	6
4865	चाहेंगे	6
4866	टूटने	6
4867	पेशेवर	6
4868	ग्रंथ	6
4869	लगती	6
4870	रिपोर्टो	6
4871	वार्मिंग	6
4872	किताबों	6
4873	अवतार	6
4874	पेशी	6
4875	गुप्त	6
4876	जैविक	6
4877	छोड़ना	6
4878	उपाध्याय	6
4879	स्टेटमेंट	6
4880	झामुमो	6
4881	झुकाव	6
4882	हल्के	6
4883	सीडैक	6
4884	ओआरजी	6
4885	मुलाटोनू	6
4886	पर्दा	6
4887	विंटर	6
4888	डिटेक्टर	6
4889	बोझ	6
4890	गहराई	6
4891	बीजिंग	6
4892	संज्ञान	6
4893	मिलन	6
4894	नॉन	6
4895	मानसिकता	6
4896	दंगे	6
4897	कुट्टी	6
4898	महोत्सव	6
4899	झा	6
4900	पक्षधर	6
4901	सड़कें	6
4902	कोला	6
4903	लगेंगे	6
4904	नजरअंदाज	6
4905	वैद्य	6
4906	कौसर	6
4907	नक्सलवाद	6
4908	प्रशिक्षित	6
4909	काबिल	6
4910	बड़ी	6
4911	धुंध	6
4912	छिपा	6
4913	पुरुषों	6
4914	पोर्टफोलियो	6
4915	मुँह	6
4916	अटैचमेंट	6
4917	किसने	6
4918	जेलकर्मियों	6
4919	फिट	6
4920	मोटे	6
4921	कैंपस	6
4922	टिप्पणियों	6
4923	परिचय	6
4924	रजिस्ट्रेशन	6
4925	वर्चस्व	6
4926	धरम	6
4927	मेला	6
4928	आईआईटी	6
4929	राजकुमारी	6
4930	यार्ड	6
4931	बसने	6
4932	संभावनाएं	6
4933	रोमी	6
4934	मंगल	6
4935	नेताजी	6
4936	बैंकॉक	6
4937	रिक्टर	6
4938	पुंछ	6
4939	कोषाध्यक्ष	6
4940	सीतलवाड़	6
4941	कहे	6
4942	पैकर	6
4943	शिलान्यास	6
4944	साख	6
4945	मीरवायज	6
4946	रिहायशी	6
4947	पिंग	6
4948	हंदवाड़ा	6
4949	वैदिक	6
4950	दोहराया	6
4951	गुंजाइश	6
4952	स्विट्जरलैंड	6
4953	गोरखपुर	6
4954	मैनेजमेंट	6
4955	आश्रितों	6
4956	निकम	6
4957	रॉक	6
4958	न्यूयार्क	6
4959	किन्नौर	6
4960	आहत	6
4961	वां	6
4962	स्वयंसेवकों	6
4963	बवाल	6
4964	एफबीआई	6
4965	आंख	6
4966	कासलीवाल	6
4967	उतरा	6
4968	लक्ष्यों	6
4969	डोनाल्ड	6
4970	फरमान	6
4971	नागा	6
4972	बंदरगाह	6
4973	रोना	6
4974	अध्याय	6
4975	नॉर्थ	6
4976	ताबूत	6
4977	घटनाक्रमों	6
4978	अदालती	6
4979	अत्यंत	6
4980	अप	6
4981	फायदे	6
4982	जैव	6
4983	एफडी	6
4984	बसों	6
4985	अनुमोदन	6
4986	साहसी	6
4987	शुद्ध	6
4988	पेयजल	6
4989	कमीशन	6
4990	निगमों	6
4991	धारीवाल	6
4992	तोड़फोड़	6
4993	अपमान	6
4994	उपराष्ट्रपति	6
4995	घाट	6
4996	लाइनों	6
4997	फॉरवर्ड	6
4998	कारावास	6
4999	लिबरेशन	6
5000	त्रिपुरा	6
5001	कुपवाड़ा	6
5002	बताना	6
5003	गुरशरण	6
5004	बनेगा	6
5005	विदाई	6
5006	ब्यौरा	6
5007	डिब्बे	6
5008	वीटो	6
5009	व्यावहारिक	6
5010	बड़े	6
5011	मताधिकार	6
5012	अवमानना	6
5013	खूब	6
5014	पवन	6
5015	एअरपोर्ट	6
5016	हत्यारों	6
5017	धनबाद	6
5018	लद्दाख	6
5019	तगड़ा	6
5020	साहसिक	6
5021	गेंदों	6
5022	उद्देश्यों	6
5023	आर्कबिशप	6
5024	नफरत	6
5025	कुंतल	6
5026	मसूद	6
5027	रुक	6
5028	एलेक्जेंडर	6
5029	स्रोतों	6
5030	प्रत्याशियों	6
5031	जोड़े	6
5032	पहुँची	6
5033	राजेश	6
5034	श्रीराम	6
5035	रूम	6
5036	फास्ट	6
5037	ठेके	6
5038	स्तरों	6
5039	अल्बानिया	6
5040	ओबरा	6
5041	जिद	6
5042	कार्यस्थल	6
5043	प्रतिवर्ष	6
5044	छुपाने	6
5045	राजाओं	6
5046	मैदानी	6
5047	विशेषता	6
5048	पतन	6
5049	पाइप	6
5050	जालंधर	6
5051	रमन	6
5052	विध्वंस	6
5053	बजकर	6
5054	ईडी	6
5055	रेड	6
5056	माध्यमिक	6
5057	धूमकेतु	6
5058	जीओएम	6
5059	निरोधक	6
5060	व्हील्स	6
5061	उच्चतम	6
5062	अपहर्ता	6
5063	परिदृश्य	6
5064	उठकर	6
5065	खराबी	6
5066	कच्छ	6
5067	ऊंचे	6
5068	इकट्ठा	6
5069	एस्कार्ट	6
5070	जिप्सी	6
5071	ठंडा	6
5072	ससुर	6
5073	टोयोटा	6
5074	लिंग	6
5075	उद्योगपति	6
5076	कागज	6
5077	सीआईएसएफ	6
5078	कैच	6
5079	बोस्टन	6
5080	आचरण	6
5081	रॉकेट	6
5082	प्रफुल्ल	6
5083	ऑर्डर	6
5084	तकनीकों	6
5085	सोनीपत	6
5086	नाजुक	6
5087	समाजवाद	6
5088	अत्याचार	6
5089	सोना	6
5090	झमाझम	6
5091	बनाती	6
5092	धरने	6
5093	ठिकाने	6
5094	कैरेबियाई	6
5095	यूनान	6
5096	तमिल	6
5097	बाहुबली	6
5098	रायबरेली	6
5099	विफलता	6
5100	सीएसआईआर	6
5101	कैप्सूल	6
5102	सेवक	6
5103	अंतर्राज्यीय	6
5104	असाधारण	6
5105	गुमराह	6
5106	प्रेमी	6
5107	एजेंट	6
5108	रूपों	6
5109	पुरस्कृत	6
5110	नहर	6
5111	वक्तव्य	6
5112	दुश्मन	6
5113	माध्यमों	6
5114	एकाउंट	6
5115	अकेला	6
5116	प्रवृत्ति	6
5117	खेमा	6
5118	आधी	6
5119	नालागढ़	6
5120	नानावटी	6
5121	लड़कों	6
5122	टास्क	6
5123	खालसा	6
5124	दाल	6
5125	इत्यादि	6
5126	लेखा	6
5127	हवाएं	6
5128	बैठी	6
5129	घिरा	6
5130	बोफोर्स	6
5131	प्रतिकूल	6
5132	पाउडर	6
5133	रूबरू	6
5134	घोटाला	6
5135	समझाया	6
5136	भय	6
5137	किशन	6
5138	फिक्सड	6
5139	गार्डन	6
5140	जानकारियों	6
5141	ब्रेन	6
5142	रामायण	6
5143	चलानी	6
5144	तसलीमुद्दीन	6
5145	करवा	6
5146	गर्भवती	6
5147	खुल	6
5148	अगुआई	6
5149	अरुंधति	6
5150	जरूरतमंदों	6
5151	डीआरडीओ	6
5152	कदर	6
5153	तीव्र	6
5154	लेगी	6
5155	अवसरों	6
5156	धनी	6
5157	आईएम	6
5158	रेट	6
5159	लेखिका	6
5160	अमृता	6
5161	शांतनु	6
5162	अनुक्रमित	6
5163	पढ़ाई	6
5164	पढ़	6
5165	युवाओं	6
5166	रियल	6
5167	खाता	6
5168	सीवीसी	6
5169	क्रिकेटरों	6
5170	डांस	6
5171	तरन्नुम	6
5172	अस्वीकार	6
5173	एनआरआई	6
5174	एडिनबर्ग	6
5175	बेवजह	6
5176	सर्वदलीय	6
5177	बैग	6
5178	अन्तरराष्ट्रीय	6
5179	निरुपम	6
5180	मिस्टर	6
5181	दावों	6
5182	मेयर	6
5183	बराक	6
5184	केबल	6
5185	भू	6
5186	अरबों	6
5187	उपनिवेश	6
5188	निर्देशित	6
5189	जिहाद	6
5190	मिश्रण	6
5191	समारोहों	6
5192	रजिस्ट्री	6
5193	निहार	6
5194	समितियों	6
5195	खरीदी	6
5196	शिबू	6
5197	मरांडी	6
5198	प्रतिबंधों	6
5199	टंडन	6
5200	थियेटर	6
5201	रेलमंत्री	6
5202	सरासर	6
5203	व्हील	6
5204	हिसार	6
5205	विदेशियों	6
5206	डीएम	6
5207	गोगोई	6
5208	सबके	6
5209	बौद्धिक	6
5210	पहाड़	6
5211	सुविधाएँ	6
5212	कमल	6
5213	तिरंगे	6
5214	राष्ट्रध्वज	6
5215	श्रेय	6
5216	मूर्तियों	6
5217	वाकई	6
5218	कमर्शियल	6
5219	रामदेव	6
5220	प्रोटेस्टेंट	6
5221	बहाने	6
5222	संयंत्र	6
5223	सती	6
5224	द्विवेदी	6
5225	गोहाना	6
5226	काट	6
5227	क्रॉस	6
5228	चूक	6
5229	मंगोलों	6
5230	आईटीबीपी	6
5231	तारे	6
5232	यज्ञ	6
5233	अक्षय	6
5234	फेंक	6
5235	उष्णकटिबंधीय	6
5236	पेड़ों	6
5237	शिनाख्त	6
5238	सभापति	6
5239	शॉट	6
5240	पिछड़ी	6
5241	स्थापत्य	6
5242	जीती	6
5243	वसूली	6
5244	दुरुस्त	6
5245	वीक	6
5246	आदत	6
5247	मेघालय	6
5248	एसपीजी	6
5249	वॉन	6
5250	एडवांस	6
5251	प्रथा	6
5252	परिभाषित	6
5253	ज्योति	6
5254	वारदातों	6
5255	दिलचस्प	6
5256	शर्तो	6
5257	तबके	6
5258	घातक	6
5259	दफा	6
5260	गंतव्य	6
5261	जटिलता	6
5262	मसलन	6
5263	केरोसीन	6
5264	अमेरिकन	6
5265	फाइलें	6
5266	कोच्चि	6
5267	पहुंचेंगे	6
5268	प्रक्षेपण	6
5269	अपनाना	6
5270	परीक्षाओं	6
5271	पद्मिनी	6
5272	रास्तों	6
5273	एतराज	6
5274	रमाकांत	6
5275	झलक	6
5276	गाद	6
5277	कसने	6
5278	स्वेच्छा	6
5279	गुजरना	6
5280	हिन्दू	6
5281	केन्द्रित	6
5282	कहानियों	6
5283	विश्वासघात	6
5284	रुपया	6
5285	अध्यादेश	6
5286	परमजीत	6
5287	पीओके	6
5288	ढांचागत	6
5289	कर्ताओं	6
5290	जायेगा	6
5291	प्रणालियों	6
5292	इतालवी	6
5293	नींद	6
5294	मध्यस्थता	6
5295	मोइनुद्दीन	6
5296	नकली	6
5297	विख्यात	6
5298	एसएचओ	6
5299	सौदेबाजी	6
5300	फॉर्म	6
5301	मुझ	6
5302	सृष्टि	6
5303	द्रमुक	6
5304	आफ	6
5305	डंडे	6
5306	अनुयायियों	6
5307	बोर्लेग	6
5308	सशक्त	6
5309	करिश्मा	6
5310	सन्नाटा	6
5311	छा	6
5312	होडल	6
5313	हट	6
5314	कपाट	6
5315	मिनी	6
5316	टकरा	6
5317	मूड	6
5318	ग्राफ	6
5319	शिकंजा	6
5320	कूच	6
5321	साहब	6
5322	संकेतक	6
5323	वारसॉ	6
5324	स्मृति	6
5325	सुनकर	6
5326	पसंदीदा	6
5327	रमेश	6
5328	सकल	6
5329	सेटेलाइट	6
5330	यूरो	6
5331	पाये	6
5332	सोलर	6
5333	विरोधियों	6
5334	इलाक़े	6
5335	विदर्भ	6
5336	शॅपिंग	6
5337	हीरा	6
5338	नवतेज	6
5339	मियां	6
5340	अलीगढ़	6
5341	जोसफ	6
5342	हंसराज	6
5343	सारेगामा	6
5344	मार्केटिंग	6
5345	बैठकर	6
5346	फ्रांसिस	6
5347	शरीक	6
5348	न्यायाधीशों	6
5349	ऊँचाई	6
5350	उपनगर	6
5351	अजमेर	6
5352	खपत	6
5353	संक्षिप्त	6
5354	उठाई	6
5355	प्रोफेशनल	6
5356	उदय	6
5357	कीमती	6
5358	आहार	6
5359	चुंबकीय	6
5360	गेंदबाजी	6
5361	दिवालिया	6
5362	साफ़	6
5363	स्विच	6
5364	फराह	6
5365	स्मिथ	6
5366	कमाई	6
5367	ओझा	6
5368	माइकल	6
5369	इंफाल	6
5370	कराएगी	6
5371	संतोषजनक	6
5372	बीपी	6
5373	रावलपिंडी	6
5374	बीपीएससी	6
5375	ऑफर	6
5376	पोल	6
5377	इंटेलीजेंस	6
5378	रमीज	6
5379	याची	6
5380	दुलइमी	6
5381	रहित	6
5382	पनडुब्बी	6
5383	अटकलों	6
5384	धाम	6
5385	संवेदना	6
5386	उड़	6
5387	साइट	6
5388	मीणा	6
5389	दरें	6
5390	ढोलकिया	6
5391	रिचर्ड	6
5392	डिश	6
5393	अम्मा	6
5394	वंशावली	6
5395	दक्षता	5
5396	अफसोस	5
5397	अमलीजामा	5
5398	कैमरून	5
5399	चुनिंदा	5
5400	स्थितियों	5
5401	सुश्री	5
5402	ट्यूमर	5
5403	अमित	5
5404	दासगुप्ता	5
5405	कार्यप्रणाली	5
5406	आर्किटेक्चर	5
5407	मलेरिया	5
5408	धारकों	5
5409	शतक	5
5410	बनाएंगे	5
5411	जहीर	5
5412	यासिर	5
5413	विलासराव	5
5414	अर्थात	5
5415	पहुंचेगी	5
5416	मणि	5
5417	रचनाकार	5
5418	लाइफ	5
5419	रेलगाड़ियां	5
5420	मौलवी	5
5421	नार्थ	5
5422	ब्रह्मपुत्र	5
5423	रामवीर	5
5424	इकाइयों	5
5425	त्यागी	5
5426	भंडारकर	5
5427	खाद्यान्नों	5
5428	विज्ञापनों	5
5429	अपुंबा	5
5430	लुप	5
5431	बची	5
5432	उबर	5
5433	उतारा	5
5434	नाग	5
5435	फटकार	5
5436	निकालना	5
5437	परिचालन	5
5438	मेडिसिन	5
5439	पलायन	5
5440	तकनीशियन	5
5441	पारछू	5
5442	संगम	5
5443	क्रूज	5
5444	करवाना	5
5445	मचा	5
5446	बिपाशा	5
5447	एकेडमी	5
5448	धुआं	5
5449	पुस्तकों	5
5450	मॉडलिंग	5
5451	बीती	5
5452	स्वर	5
5453	सिक्कों	5
5454	उपग्रहों	5
5455	परिपक्वता	5
5456	मध्यकालीन	5
5457	मुहम्मद	5
5458	मिश्रित	5
5459	गुणों	5
5460	साधारण	5
5461	खंड	5
5462	नींव	5
5463	उद्धरण	5
5464	अणे	5
5465	नक्शे	5
5466	मदन	5
5467	प्वाइंट	5
5468	अनंत	5
5469	साइबर	5
5470	बटन	5
5471	विद्यार्थी	5
5472	प्रेरणा	5
5473	उफान	5
5474	निर्णायक	5
5475	किताबें	5
5476	अमरदीप	5
5477	सिद्धू	5
5478	सिक्किम	5
5479	तक़नीक	5
5480	चचेरे	5
5481	पतियों	5
5482	निकासी	5
5483	कर्तव्य	5
5484	नमूनों	5
5485	प्रक्रियाओं	5
5486	स्कूली	5
5487	सुरंगें	5
5488	बाएं	5
5489	दीमापुर	5
5490	आदर	5
5491	ईपीएफओ	5
5492	लिंगम	5
5493	प्रीमियर	5
5494	भक्तजन	5
5495	बनाये	5
5496	जोश	5
5497	सर्कल	5
5498	लोगो	5
5499	चित्रित	5
5500	असरदार	5
5501	बंदी	5
5502	उपलब्धि	5
5503	तनावपूर्ण	5
5504	मानती	5
5505	आध्यात्मिक	5
5506	शिष्यों	5
5507	रसोई	5
5508	दिनेश	5
5509	ठहरें	5
5510	धाराओं	5
5511	टिहरी	5
5512	जेपीसी	5
5513	नसीम	5
5514	जीने	5
5515	पौधे	5
5516	जायज	5
5517	अनेकों	5
5518	प्रशंसक	5
5519	अणु	5
5520	ध्रुव	5
5521	वर्गो	5
5522	अररिया	5
5523	नरमपंथी	5
5524	दक्षिणेश्वर	5
5525	कटियार	5
5526	मौरीन	5
5527	वरीयता	5
5528	तोड़ा	5
5529	टैपिंग	5
5530	मांगों	5
5531	युद्धक	5
5532	पारदर्शी	5
5533	रेलमार्ग	5
5534	आस्ट्रेलियाई	5
5535	याचियों	5
5536	यमनोत्री	5
5537	कंकाल	5
5538	पैंथर्स	5
5539	छोर	5
5540	धनराशि	5
5541	नारा	5
5542	नकल	5
5543	साक्ष्यों	5
5544	नवजोत	5
5545	रजत	5
5546	अनुभवों	5
5547	सीख	5
5548	वादों	5
5549	बजटीय	5
5550	सवेरे	5
5551	कलाकारों	5
5552	मोटर्स	5
5553	सो	5
5554	विरासत	5
5555	वर्गीकृत	5
5556	जुहू	5
5557	दिख	5
5558	सुल्तान	5
5559	व्यवसायी	5
5560	हुबली	5
5561	जनतांत्रिक	5
5562	कराते	5
5563	झटकों	5
5564	फिलिप	5
5565	एटमी	5
5566	वैभव	5
5567	दोहरी	5
5568	बेऊर	5
5569	गुंबद	5
5570	फाइनेंस	5
5571	पढ़ते	5
5572	व्यास	5
5573	पांचों	5
5574	विधवाओं	5
5575	सुनाया	5
5576	सोहेल	5
5577	उज्जवल	5
5578	प्रत्यर्पण	5
5579	शुभ	5
5580	जिसपर	5
5581	कृष्णा	5
5582	आनन	5
5583	फानन	5
5584	पढ़ा	5
5585	कावेरी	5
5586	पीयू	5
5587	टल	5
5588	मांगे	5
5589	ब्लैक	5
5590	ब्रेक	5
5591	जिरोकी	5
5592	फेंका	5
5593	पल	5
5594	भयावह	5
5595	विविधता	5
5596	जरकावी	5
5597	रहस्योद्घाटन	5
5598	मादक	5
5599	चूना	5
5600	टोनी	5
5601	लेबर	5
5602	बाड़बंदी	5
5603	गज	5
5604	नीलमणि	5
5605	दवाइयों	5
5606	गेंदबाज	5
5607	जोकि	5
5608	बेमानी	5
5609	सरपंच	5
5610	याचिकाकर्ता	5
5611	अकाल	5
5612	तख्त	5
5613	सुंदरी	5
5614	कुलपति	5
5615	संघवी	5
5616	सूचनाएं	5
5617	पांडिचेरी	5
5618	कारीगर	5
5619	हताहत	5
5620	नासिक	5
5621	पैसेंजर	5
5622	कूटनीतिक	5
5623	त्रिपक्षीय	5
5624	पैरों	5
5625	संधियों	5
5626	लाते	5
5627	आमंत्रण	5
5628	जामा	5
5629	खादों	5
5630	वीरप्पन	5
5631	फेडरेशन	5
5632	ठंडी	5
5633	मीरा	5
5634	मकबरे	5
5635	उपहार	5
5636	जुर्माना	5
5637	गुरुवार	5
5638	क्विंग	5
5639	प्रमुखता	5
5640	उत्सर्जन	5
5641	सैक	5
5642	इंटरसेप्ट	5
5643	मक़सद	5
5644	तलाशने	5
5645	रशीद	5
5646	अजित	5
5647	वृहद	5
5648	श्रोएडर	5
5649	क्रिस्टियनो	5
5650	गोलीबारी	5
5651	टॉप	5
5652	कैंसर	5
5653	तंजानिया	5
5654	दूतावासों	5
5655	सौहार्द	5
5656	त्याग	5
5657	जगाधरी	5
5658	दादा	5
5659	अंदलीब	5
5660	गेंहू	5
5661	रामचंद्र	5
5662	मंत्रिपरिषद	5
5663	कराती	5
5664	बताओ	5
5665	प्र	5
5666	मतभेदों	5
5667	आभूषणों	5
5668	जबलपुर	5
5669	पट	5
5670	संध्या	5
5671	सकेंगी	5
5672	दौरों	5
5673	हल्का	5
5674	डोना	5
5675	बदलती	5
5676	स्वीकृत	5
5677	कथा	5
5678	कांतिरवा	5
5679	तितर	5
5680	बितर	5
5681	रोबोट	5
5682	हैरानी	5
5683	गाड़ियों	5
5684	प्रकोप	5
5685	फूट	5
5686	हेल्थ	5
5687	जनजातीय	5
5688	हारा	5
5689	कराएगा	5
5690	सुंदरता	5
5691	शाकाहारी	5
5692	पोस्टिंग	5
5693	अतरजीत	5
5694	अनुपम	5
5695	मृत	5
5696	जाट	5
5697	मछुआरे	5
5698	आधुनिकतम	5
5699	शौहर	5
5700	भीषण	5
5701	सीएम	5
5702	विश्राम	5
5703	आंध्रप्रदेश	5
5704	हनुमान	5
5705	असफलता	5
5706	हरियाली	5
5707	प्रागैतिहासिक	5
5708	सामग्रियों	5
5709	पीजीआई	5
5710	तक़रीबन	5
5711	वाकिफ	5
5712	चिंताजनक	5
5713	सूमो	5
5714	गरज	5
5715	प्राणी	5
5716	सहारनपुर	5
5717	गुजर	5
5718	टीका	5
5719	डिज्नी	5
5720	श्वेत	5
5721	हारे	5
5722	राजखोआ	5
5723	जमने	5
5724	प्रदर्शनों	5
5725	वायदे	5
5726	जनसंपर्क	5
5727	बारामुला	5
5728	छाए	5
5729	ऑक्सफोर्ड	5
5730	मान्यताओं	5
5731	कारगर	5
5732	हौसला	5
5733	लेखकों	5
5734	चालीस	5
5735	इकबाल	5
5736	पढ़ाने	5
5737	उठी	5
5738	चढ़	5
5739	गुटनिरपेक्ष	5
5740	मुल्क	5
5741	अरस्तू	5
5742	खोजने	5
5743	रोजमर्रा	5
5744	प्रक्षेप्य	5
5745	वैचारिक	5
5746	विस्थापित	5
5747	विगत	5
5748	खुलवाने	5
5749	पोलैंड	5
5750	बागी	5
5751	बरखास्त	5
5752	दस्ता	5
5753	कपिलदेव	5
5754	कांग्रेसियों	5
5755	बुआई	5
5756	बिताए	5
5757	सुरिंदर	5
5758	सिंधिया	5
5759	उर्वरक	5
5760	समानांतर	5
5761	रिक्त	5
5762	पुरातन	5
5763	छू	5
5764	वर्षीया	5
5765	आड़े	5
5766	न्यूजीलैंड	5
5767	धक्का	5
5768	कुल्हड़	5
5769	उतारे	5
5770	नामंजूर	5
5771	कटघरे	5
5772	उतना	5
5773	जवाहर	5
5774	नोबेल	5
5775	मुश्किलों	5
5776	गोल्डमैन	5
5777	उत्तराखंड	5
5778	जमाने	5
5779	ऊंचा	5
5780	सृजित	5
5781	सुनना	5
5782	सपना	5
5783	इनाम	5
5784	सर्किट	5
5785	निवर्तमान	5
5786	पखवाड़े	5
5787	नंदादेवी	5
5788	कचरा	5
5789	जियाबाओ	5
5790	आत्म	5
5791	निपटाने	5
5792	अंशधारकों	5
5793	रहस्य	5
5794	एलसीए	5
5795	हेलीपैड	5
5796	हरिद्वार	5
5797	छेड़ा	5
5798	मूल्यों	5
5799	डिस्क	5
5800	वजा	5
5801	जेकेएलएफ	5
5802	अपनाते	5
5803	कार्निवल	5
5804	देखें	5
5805	डिलीवरी	5
5806	सिद्ध	5
5807	कार्यबल	5
5808	कांशी	5
5809	उठाएगा	5
5810	एकाएक	5
5811	ओबामा	5
5812	लुप्त	5
5813	प्रजाति	5
5814	पांव	5
5815	आरएसपी	5
5816	ओबेरॉय	5
5817	नो	5
5818	परीक्षार्थियों	5
5819	नाश्ते	5
5820	अफरा	5
5821	तफरी	5
5822	घीसिंग	5
5823	टोकस	5
5824	भरोसेमंद	5
5825	आत्मविश्वास	5
5826	सीखने	5
5827	रो	5
5828	यूडीएफ	5
5829	उग्र	5
5830	एएआई	5
5831	पांचवी	5
5832	सूरज	5
5833	निहारने	5
5834	सृजन	5
5835	काटकर	5
5836	शहादत	5
5837	गुफाओं	5
5838	सार्थक	5
5839	खाद	5
5840	चित्रों	5
5841	इक्विटी	5
5842	भगत	5
5843	असंतुष्ट	5
5844	किस्मों	5
5845	टीबी	5
5846	कटाव	5
5847	यादें	5
5848	नायाब	5
5849	जया	5
5850	थमने	5
5851	ताश	5
5852	लड़ना	5
5853	परियोजनाएं	5
5854	ग्लासगो	5
5855	किंगडम	5
5856	रेंज	5
5857	निःशुल्क	5
5858	साधु	5
5859	हार्ट	5
5860	कथाओं	5
5861	जनस्वास्थ्य	5
5862	बबलू	5
5863	नंदिता	5
5864	बोडो	5
5865	पीस	5
5866	जता	5
5867	पोर्टब्लेयर	5
5868	भयभीत	5
5869	सिगरेट	5
5870	देखरेख	5
5871	बेचे	5
5872	सुब्रह्मण्यम	5
5873	अपशिष्ट	5
5874	सोलंकी	5
5875	रणबीर	5
5876	साठ	5
5877	ज़रूरी	5
5878	जेपी	5
5879	समर्थित	5
5880	शरीअत	5
5881	चांडी	5
5882	हरीश	5
5883	एजेंटों	5
5884	संवाद	5
5885	नॉट	5
5886	कलकत्ता	5
5887	तुसाद	5
5888	आईबी	5
5889	नवरत्न	5
5890	बाबा	5
5891	कोकराझार	5
5892	झेल	5
5893	स्वदेश	5
5894	मूर्तियाँ	5
5895	दया	5
5896	आर्डर	5
5897	भाषाई	5
5898	प्रेमिका	5
5899	दर्शाया	5
5900	कमर	5
5901	जरा	5
5902	बॉक्स	5
5903	ढूंढ़ने	5
5904	नम	5
5905	दुर्दशा	5
5906	मीर	5
5907	देह	5
5908	एहतियात	5
5909	सिडनी	5
5910	सीलिंग	5
5911	लोकार्पण	5
5912	हिटलर	5
5913	परंतु	5
5914	असल	5
5915	नृत्य	5
5916	धरोहरों	5
5917	हफ्तों	5
5918	आयरन	5
5919	मुनाफा	5
5920	उर्दू	5
5921	डकैती	5
5922	घिरे	5
5923	पैत्रोदा	5
5924	शिवानंद	5
5925	नव	5
5926	गुजरने	5
5927	रहकर	5
5928	नजारा	5
5929	जितनी	5
5930	छाया	5
5931	भाषाओं	5
5932	हयात	5
5933	दशा	5
5934	गद्दी	5
5935	दुखद	5
5936	खिताब	5
5937	विधायिका	5
5938	कौल	5
5939	भूगोल	5
5940	सराहनीय	5
5941	कम्प्यूटेशनल	5
5942	ट्यूरिंग	5
5943	निर्दिष्ट	5
5944	अखंडता	5
5945	अजीब	5
5946	ज़िला	5
5947	भरकर	5
5948	प्रतिरोध	5
5949	कोइराला	5
5950	परिजन	5
5951	जुड़ने	5
5952	कॉमन्स	5
5953	स्नान	5
5954	महेंद्रा	5
5955	छापों	5
5956	बेरोजगार	5
5957	उन्नति	5
5958	अलाउद्दीन	5
5959	शेन	5
5960	पाकिस्तानियों	5
5961	वियतनाम	5
5962	सितारों	5
5963	गुर्जर	5
5964	स्‍तूप	5
5965	हुकूमत	5
5966	फ्राइडे	5
5967	महत्वाकांक्षी	5
5968	मेहमान	5
5969	एनटीपीसी	5
5970	पुर्तगाल	5
5971	कर्मी	5
5972	गुम	5
5973	दिहाड़ीदार	5
5974	गुप्तचर	5
5975	दरकार	5
5976	त्वरित	5
5977	नाइजीरिया	5
5978	वास्तुकला	5
5979	भंडारण	5
5980	नमस्कार	5
5981	गेहूँ	5
5982	तारिक	5
5983	भेदभाव	5
5984	ग्रेड	5
5985	सदियों	5
5986	हामिद	5
5987	मोर्चे	5
5988	सहानुभूति	5
5989	लिब्रहान	5
5990	दार्जिलिंग	5
5991	अवहेलना	5
5992	पिछला	5
5993	पसायत	5
5994	ग्रांट	5
5995	सेवानिवृत्त	5
5996	स्थिर	5
5997	किरणों	5
5998	अचल	5
5999	आर्ट	5
6000	अनिवासी	5
6001	मामा	5
6002	एक्स	5
6003	एवज	5
6004	संजीव	5
6005	सौंध	5
6006	समित	5
6007	बदरी	5
6008	प्लेन	5
6009	पूर्वजों	5
6010	अविश्वसनीय	5
6011	पृष्ठभूमि	5
6012	भटनागर	5
6013	नियंत्रक	5
6014	बगल	5
6015	खजाने	5
6016	चुनने	5
6017	सहज	5
6018	उत्तम	5
6019	निवेशक	5
6020	गण	5
6021	तृतीय	5
6022	रंजना	5
6023	उदित	5
6024	गरम	5
6025	पुलवामा	5
6026	अगरकर	5
6027	मशीनों	5
6028	पहुँचाने	5
6029	बसाने	5
6030	फेहरिस्त	5
6031	परीक्षक	5
6032	आयातित	5
6033	बाज	5
6034	तिमाही	5
6035	संत	5
6036	दबोच	5
6037	जमुई	5
6038	डब्ल्यूटीओ	5
6039	वर्क	5
6040	क्लार्क	5
6041	सम्मन	5
6042	जमीनी	5
6043	मनाही	5
6044	वेटिकन	5
6045	भांति	5
6046	इमाम	5
6047	कौंसिल	5
6048	बेचकर	5
6049	समझाने	5
6050	मुल्कों	5
6051	गोद	5
6052	यूनानी	5
6053	पड़ाव	5
6054	देशभर	5
6055	ड्रिंक	5
6056	सीरिया	5
6057	बेघर	5
6058	तेली	5
6059	फार्मूला	5
6060	दोस्तों	5
6061	सुदूर	5
6062	आपत्तिजनक	5
6063	तलाबानी	5
6064	ठाक	5
6065	बाइबिल	5
6066	अयूब	5
6067	संभालना	5
6068	धारावाहिक	5
6069	जरूरतमंद	5
6070	एमडीएमए	5
6071	लौटाने	5
6072	आवश्यकताओं	5
6073	अणुओं	5
6074	गेंदबाजों	5
6075	मंत्र	5
6076	हस्तियां	5
6077	सादे	5
6078	बारूद	5
6079	दयाराम	5
6080	अमेरिकियों	5
6081	स्टे	5
6082	टॉक	5
6083	बनते	5
6084	भिक्षु	5
6085	कार्यपालिका	5
6086	पहन	5
6087	कुपोषण	5
6088	फालुजा	5
6089	बिक	5
6090	धोना	5
6091	कोशिका	5
6092	उद्धृत	5
6093	निपटारा	5
6094	आईईडी	5
6095	गुनी	5
6096	फार्मा	5
6097	गाना	5
6098	डोडा	5
6099	प्रत्यर्पित	5
6100	षड्यंत्र	5
6101	जमात	5
6102	ग्लेशियर	5
6103	तकलीफ	5
6104	कोईराला	5
6105	वैसा	5
6106	तरल	5
6107	प्रकाशन	5
6108	अनिश्चितता	5
6109	देखेंगे	5
6110	दीवारें	5
6111	त्योहार	5
6112	अभियंता	5
6113	चिन्ह	5
6114	शब्बीर	5
6115	धर्मशाला	5
6116	आंकी	5
6117	महाराणा	5
6118	दहन	5
6119	उतरे	5
6120	मंजिला	5
6121	सीआईडी	5
6122	चावला	5
6123	टर्म	5
6124	सितारे	5
6125	रंगीन	5
6126	पोस्टर	5
6127	राजभवन	5
6128	शिलालेख	5
6129	तारा	5
6130	वर्गों	5
6131	निहारना	5
6132	लुधियाना	5
6133	महंगे	5
6134	हिंद	5
6135	प्रवाह	5
6136	बिगड़	5
6137	बद्रीनाथ	5
6138	यहूदी	5
6139	आरती	5
6140	घूर्णन	5
6141	आवरण	5
6142	कमांडो	5
6143	कुबलाई	5
6144	जताने	5
6145	कम्यून	5
6146	प्राणिकता	5
6147	लड़ाकों	5
6148	फाउंडेशन	5
6149	ग्रोवर	5
6150	पट्टी	5
6151	बुलंद	5
6152	मार्कोनी	5
6153	टेमुजिन	5
6154	धारण	5
6155	उतरी	5
6156	गैंबलिंग	5
6157	डिकॉन	5
6158	क्षरण	4
6159	जफर	4
6160	जॉनसन	4
6161	सुखद	4
6162	डोली	4
6163	अधिकारिता	4
6164	शिप	4
6165	बहकर	4
6166	पुष्कर	4
6167	हटना	4
6168	टिप्पणी	4
6169	सफलतापूर्वक	4
6170	चपत	4
6171	बदहाली	4
6172	जीएसआई	4
6173	अध्ययनों	4
6174	ज़रूर	4
6175	घूम	4
6176	दायरा	4
6177	मुगलसराय	4
6178	दिलदारनगर	4
6179	प्रबंधकों	4
6180	सांख्यिकीय	4
6181	भरसक	4
6182	भाटिया	4
6183	हेड	4
6184	शुष्क	4
6185	ईस्ट	4
6186	प्रारूप	4
6187	खलीफा	4
6188	सीगल	4
6189	दस्तक	4
6190	श्रीनिवास	4
6191	कचरे	4
6192	स्वच्छ	4
6193	पत्‍थर	4
6194	ठेका	4
6195	मिर्जा	4
6196	अभियोग	4
6197	मध्यपूर्व	4
6198	पॉजीटिव	4
6199	चलाएंगे	4
6200	स्पिनर	4
6201	विद्यापीठ	4
6202	मिसाल	4
6203	प्रदेशों	4
6204	सेटिंग	4
6205	असिस्टेंट	4
6206	डायरेक्टर	4
6207	एग्रो	4
6208	फोरेस्टरी	4
6209	नॉर्थम्ब्रिया	4
6210	संडे	4
6211	ओंटेरियो	4
6212	राजपूत	4
6213	खोलकर	4
6214	पार्सल	4
6215	खिलजी	4
6216	हराने	4
6217	श्रीधरन	4
6218	भिक्षुओं	4
6219	रोगी	4
6220	बंगलादेश	4
6221	फाइनेंशियल	4
6222	हलचल	4
6223	लंबाई	4
6224	सौहार्दपूर्ण	4
6225	पावन	4
6226	आधारहीन	4
6227	प्रतीकों	4
6228	विंस्टन	4
6229	वाइल्ड	4
6230	संयम	4
6231	प्रत्यारोप	4
6232	मीडियाकर्मियों	4
6233	स्थगनादेश	4
6234	उद्योगपतियों	4
6235	तार्किक	4
6236	चमड़ा	4
6237	घटी	4
6238	न्यूज़	4
6239	सोचते	4
6240	भेल	4
6241	पूल	4
6242	समुचित	4
6243	औषधीय	4
6244	इब्न	4
6245	यौगिकों	4
6246	लैटिन	4
6247	एट	4
6248	पीटर	4
6249	एसिड	4
6250	कनिष्ठ	4
6251	कथन	4
6252	देवनामपट्टिनम	4
6253	लाजिमी	4
6254	पंडित	4
6255	सुलझा	4
6256	निजामुद्दीन	4
6257	मथुरा	4
6258	श्रीप्रकाश	4
6259	सावधानीपूर्वक	4
6260	बांटा	4
6261	परवीन	4
6262	नारकोटिक्स	4
6263	डीईए	4
6264	खेला	4
6265	नसीबुल्ला	4
6266	काँचीपुरम	4
6267	टेक्सटाइल	4
6268	राजकोषीय	4
6269	रुकी	4
6270	दिक्कतें	4
6271	सपने	4
6272	हू	4
6273	कुमारतुंग	4
6274	भरत	4
6275	मिलाप	4
6276	मोहम्मदपुर	4
6277	स्ट्रैटिग्राफर	4
6278	दिखाते	4
6279	अटॅर्नी	4
6280	सोराबजी	4
6281	वनडे	4
6282	बर्तन	4
6283	गिरते	4
6284	यूएफसी	4
6285	मोस्ट	4
6286	वांटेड	4
6287	कैडर	4
6288	धावा	4
6289	मुजफ्फरनगर	4
6290	फ़रार	4
6291	ज़ाहिर	4
6292	अध्यक्षों	4
6293	फोड़	4
6294	पाट	4
6295	शिवरासन	4
6296	पौड़ी	4
6297	बरबस	4
6298	साइकिल	4
6299	वेब	4
6300	प्रकोष्ठ	4
6301	नजरें	4
6302	बनानी	4
6303	बड़ा	4
6304	उभरे	4
6305	ओआईएल	4
6306	पैन	4
6307	दिखता	4
6308	भुगतना	4
6309	बीएमएस	4
6310	मदरसों	4
6311	मंगला	4
6312	सम्बंधित	4
6313	अपरिमित	4
6314	आकृति	4
6315	सिस्टर	4
6316	ट्रेंट	4
6317	कॉन्ट्रेकुर	4
6318	विनाशकारी	4
6319	ऐतराज	4
6320	चलना	4
6321	सीटू	4
6322	मनोरंजन	4
6323	डालना	4
6324	संक्रमित	4
6325	न्यासी	4
6326	बहने	4
6327	खेप	4
6328	यादों	4
6329	प्याऊ	4
6330	मनियारी	4
6331	काउंसिलिंग	4
6332	एके	4
6333	विष्‍णु	4
6334	हाथापाई	4
6335	नसीहत	4
6336	अनैतिक	4
6337	दोष	4
6338	अपोलो	4
6339	संकलित	4
6340	अनियमित	4
6341	रूढ़िवादी	4
6342	बोइंग	4
6343	होड़	4
6344	टकराने	4
6345	ऋषिकेश	4
6346	फॉक्स	4
6347	सीरियल	4
6348	अफवाहों	4
6349	एडिसन	4
6350	टालने	4
6351	बचाना	4
6352	कैरोलिना	4
6353	न्यूटन	4
6354	पॉइंट	4
6355	जडेजा	4
6356	बांबे	4
6357	अध्यापक	4
6358	डूबने	4
6359	प्रायद्वीप	4
6360	फ्लैट	4
6361	सरन	4
6362	सांप्रदायिकता	4
6363	मौतें	4
6364	वाडिया	4
6365	कमाने	4
6366	कामकोटि	4
6367	गरमी	4
6368	दुर्भाग्यवश	4
6369	जेठमलानी	4
6370	मेंधर	4
6371	फुकुई	4
6372	गढ़	4
6373	तारामंडल	4
6374	विदिशा	4
6375	महत्‍व	4
6376	इन्होंने	4
6377	जौहर	4
6378	वरना	4
6379	तिरंगा	4
6380	छात्रवृत्ति	4
6381	वाटसन	4
6382	मुराद	4
6383	फनॅडिस	4
6384	लम्बी	4
6385	पोलिंग	4
6386	चाचा	4
6387	लुई	4
6388	दसवें	4
6389	पगड़ी	4
6390	करारी	4
6391	समझी	4
6392	अंत्येष्टि	4
6393	बुद्धदेव	4
6394	आयुक्तों	4
6395	अकेली	4
6396	उपलब्‍ध	4
6397	आर्मी	4
6398	वेलफेयर	4
6399	गीगा	4
6400	उवर्रक	4
6401	दफनाए	4
6402	जिसको	4
6403	पार्वती	4
6404	उन्मूलन	4
6405	राइट	4
6406	फुटबाल	4
6407	अतः	4
6408	झगड़े	4
6409	अनुशासनहीनता	4
6410	कर्बी	4
6411	मौकों	4
6412	पाधी	4
6413	जन्मदिन	4
6414	पात्र	4
6415	अनूठी	4
6416	धुन	4
6417	ओला	4
6418	आपत्तियों	4
6419	छोड़ा	4
6420	चिप्स	4
6421	निभाता	4
6422	रजामंदी	4
6423	पोलोनियम	4
6424	उपयोगिता	4
6425	छिड़	4
6426	एंटोनियो	4
6427	शान्ति	4
6428	किराए	4
6429	अल्जीरिया	4
6430	उथल	4
6431	पुथल	4
6432	असंवैधानिक	4
6433	आपरेशन	4
6434	बेकार	4
6435	पूछ	4
6436	ताछ	4
6437	सामान्यतः	4
6438	सैद्धांतिक	4
6439	छाई	4
6440	ऑटो	4
6441	दीदार	4
6442	डिब्बों	4
6443	बनवाने	4
6444	जागरूकता	4
6445	सैंपल	4
6446	लगाव	4
6447	कश्यप	4
6448	भंडाफोड़	4
6449	सुलह	4
6450	मकदूनिया	4
6451	ओलम्पिक	4
6452	बेंजामिन	4
6453	ट्रायल	4
6454	बहिर्गमन	4
6455	गोविंद	4
6456	टूरिस्ट	4
6457	रुद्रप्रयाग	4
6458	प्रताड़ित	4
6459	ढुलाई	4
6460	विक्टोरियन	4
6461	पोस्टरों	4
6462	गार्डो	4
6463	जयसिंह	4
6464	समायोजित	4
6465	निरपेक्ष	4
6466	प्रतीत	4
6467	पत्थरबाजी	4
6468	आदेशों	4
6469	जिंदल	4
6470	लीक	4
6471	मरते	4
6472	कैफ	4
6473	कोटद्वार	4
6474	करेहड़ा	4
6475	प्रतिभागियों	4
6476	बालाकृष्णन	4
6477	चेताया	4
6478	कूद	4
6479	मोहंती	4
6480	कण	4
6481	रहनी	4
6482	न्यायलय	4
6483	निष्क्रिय	4
6484	मुआवजा	4
6485	बंटवारा	4
6486	हुर्यित	4
6487	विग्रह	4
6488	शाहजहाँ	4
6489	न्यौता	4
6490	मोटरसाइकिलों	4
6491	भत्ते	4
6492	क्लर्क	4
6493	चाँद	4
6494	मज़ार	4
6495	मुझसे	4
6496	तबियत	4
6497	गर्भगृह	4
6498	पुनरावृत्ति	4
6499	प्लॉट	4
6500	सीतामढ़ी	4
6501	अनुशासनात्मक	4
6502	चरणजीत	4
6503	देउबा	4
6504	बरखास्तगी	4
6505	वॉटर	4
6506	शिष्टमंडल	4
6507	मधेपुरा	4
6508	राजनेता	4
6509	छाप	4
6510	फर्स्ट	4
6511	हिमलिंग	4
6512	व्यवस्थित	4
6513	छठे	4
6514	डेविस	4
6515	पुरे	4
6516	पीर	4
6517	बैठते	4
6518	मैन	4
6519	इनोकी	4
6520	बेनजीर	4
6521	नेट	4
6522	लाइबेरिया	4
6523	आउटलेट	4
6524	त्यौहार	4
6525	खाका	4
6526	मास	4
6527	परिप्रेक्ष्य	4
6528	खालिद	4
6529	दोटूक	4
6530	अन्यथा	4
6531	कॉपी	4
6532	अशिक्षा	4
6533	वांछित	4
6534	पुनर्जागरण	4
6535	नवीकरण	4
6536	राजप्रीत	4
6537	कैलाश	4
6538	बारहवीं	4
6539	बीकानेर	4
6540	छेड़ने	4
6541	बर्बरता	4
6542	बोनस	4
6543	प्रजातंत्र	4
6544	गन्ना	4
6545	चंद्रिका	4
6546	जनजातियां	4
6547	मौद्रक	4
6548	डालते	4
6549	इमरजेंसी	4
6550	लैंडिंग	4
6551	पहनना	4
6552	चौकियों	4
6553	विनिर्माण	4
6554	घोषणाओं	4
6555	घोड़े	4
6556	स्पैनिश	4
6557	बोलना	4
6558	जानकर	4
6559	बिरजू	4
6560	प्रैक्टिस	4
6561	उठाएगी	4
6562	बचाई	4
6563	शौकीन	4
6564	टुकड़ी	4
6565	परिसरों	4
6566	बीए	4
6567	थाइलैंड	4
6568	पर्दे	4
6569	काफिले	4
6570	थानाध्यक्ष	4
6571	ताबड़तोड़	4
6572	बर्मिंघम	4
6573	सोलंग	4
6574	तारापुर	4
6575	मालवण	4
6576	चतुर्भुज	4
6577	बैंकाक	4
6578	प्रख्यात	4
6579	डेथ	4
6580	एम्स्टर्डम	4
6581	वेनिस	4
6582	ओएनजीसी	4
6583	बफर	4
6584	कोकिलाबेन	4
6585	बेटों	4
6586	फीलगुड	4
6587	उपलब्धियों	4
6588	जानलेवा	4
6589	चिकित्सकीय	4
6590	परे	4
6591	उपन्यास	4
6592	मोम	4
6593	सुनहरा	4
6594	बिलिंग	4
6595	समझकर	4
6596	बत्रा	4
6597	कारवाई	4
6598	तैयारियां	4
6599	अन्तर	4
6600	मान्य	4
6601	फिराक	4
6602	बेड	4
6603	सिद्धान्त	4
6604	दवाब	4
6605	दखलंदाजी	4
6606	असहमति	4
6607	बल्लेबाजी	4
6608	चौकोर	4
6609	हेतु	4
6610	अनुपस्थिति	4
6611	संप्रभुता	4
6612	नजरिया	4
6613	समृद्धि	4
6614	साधते	4
6615	वेस्ले	4
6616	बाइबल	4
6617	अनुशासित	4
6618	मजाक	4
6619	दृश्यों	4
6620	रक्त	4
6621	लालच	4
6622	खारेपन	4
6623	प्री	4
6624	हंस	4
6625	कुएं	4
6626	प्रचंड	4
6627	प्रचारकों	4
6628	महाशक्ति	4
6629	फिनलैंड	4
6630	ज्योतिष	4
6631	पहुँचाई	4
6632	जुबली	4
6633	मुआवज़ा	4
6634	पहनाया	4
6635	आराधना	4
6636	एक्साइज	4
6637	आजम	4
6638	ऑडिटरों	4
6639	ग्वालियर	4
6640	दुआ	4
6641	जनसभाओं	4
6642	उपभोग	4
6643	खाद्यान्न	4
6644	पाती	4
6645	दवाइयां	4
6646	डेंपो	4
6647	तरफ़	4
6648	डबल	4
6649	इलांगो	4
6650	अवरुद्ध	4
6651	इस्पात	4
6652	आहलूवालिया	4
6653	जावड़ेकर	4
6654	जेब	4
6655	हसन	4
6656	तोड़ते	4
6657	प्रक्षेपित	4
6658	पाकर	4
6659	इंडोनेशिया	4
6660	कॉर्पोरेशन	4
6661	सूट	4
6662	नेटवर्किंग	4
6663	लेयर	4
6664	पुण्यतिथि	4
6665	स्कीइंग	4
6666	नितिश	4
6667	सांता	4
6668	दोहरा	4
6669	मानदंड	4
6670	जादू	4
6671	संतुलित	4
6672	डॉग	4
6673	कसूर	4
6674	पुरजोर	4
6675	कतार	4
6676	जनसभा	4
6677	मानसिक	4
6678	पर्वतारोहण	4
6679	प्रतिभा	4
6680	इंडस्ट्री	4
6681	लाओस	4
6682	शोषण	4
6683	सिवान	4
6684	साज़िश	4
6685	युगल	4
6686	अतिक्रमण	4
6687	सोलह	4
6688	दुर्गा	4
6689	युगों	4
6690	स्टोर	4
6691	नह्यन	4
6692	आभार	4
6693	शुगर	4
6694	बेंच	4
6695	कार्यमंत्री	4
6696	मशविरा	4
6697	समानताओं	4
6698	वैन	4
6699	डेटाग्राम	4
6700	सलीम	4
6701	बारामूला	4
6702	उत्थान	4
6703	खरीददारी	4
6704	दुर्गम	4
6705	घट	4
6706	बगलिहार	4
6707	सुरंग	4
6708	जीन्स	4
6709	कराता	4
6710	मुकुल	4
6711	दावत	4
6712	रचनात्मकता	4
6713	स्वप्न	4
6714	गणतंत्र	4
6715	बैराज	4
6716	मजेदार	4
6717	गिद्ध	4
6718	सिंघवी	4
6719	सांगठनिक	4
6720	भतीजे	4
6721	गर्ल	4
6722	इंद्रजीत	4
6723	अग्निशमन	4
6724	एवरेस्ट	4
6725	प्याज	4
6726	बशर्ते	4
6727	कहेंगे	4
6728	यूँ	4
6729	ईरानी	4
6730	ईस्वी	4
6731	नाक़ाम	4
6732	आईटीडीसी	4
6733	बीज	4
6734	झाकड़ी	4
6735	जजीरा	4
6736	योगा	4
6737	टेलीविज़न	4
6738	अहम्	4
6739	डेनिश	4
6740	डेनेविर्के	4
6741	खटखटाया	4
6742	कड़ाई	4
6743	निपटा	4
6744	धरना	4
6745	सुखदेव	4
6746	प्रतिरोधक	4
6747	अजंता	4
6748	सिमी	4
6749	अनियमितताओं	4
6750	मछलियों	4
6751	त्यागपत्र	4
6752	विजयकुमार	4
6753	दांडी	4
6754	ड्राइवरों	4
6755	श्रद्घांजलि	4
6756	धीमी	4
6757	दुल्हन	4
6758	बाल्मीकि	4
6759	मंज़ूरी	4
6760	खेलना	4
6761	टैगोर	4
6762	जिम्मेदाराना	4
6763	चाल	4
6764	सैलानी	4
6765	नटराजन	4
6766	कोंकण	4
6767	शेर	4
6768	इनको	4
6769	जायदाद	4
6770	लाकर	4
6771	टैप	4
6772	स्टीफन	4
6773	बुर्का	4
6774	जटरोफा	4
6775	स्मार्टफोन	4
6776	ज्योतिषी	4
6777	कुंडली	4
6778	चुन	4
6779	चट्टान	4
6780	ड्राफ्ट	4
6781	ठाणे	4
6782	आपातकालीन	4
6783	करांची	4
6784	कामों	4
6785	सैनी	4
6786	पाएगी	4
6787	निपटाया	4
6788	उग्रवाद	4
6789	कंटेनर	4
6790	अभिजात्य	4
6791	मार्गरेट	4
6792	आर्य	4
6793	जानें	4
6794	सलामी	4
6795	जबर्द्स्त	4
6796	शाइनिंग	4
6797	एस्टेट	4
6798	प्रभुत्व	4
6799	संबंधियों	4
6800	मंजीत	4
6801	फर्क	4
6802	नवाज	4
6803	पिट्जर	4
6804	टेलीस्कोप	4
6805	जातिवाद	4
6806	उभर	4
6807	घनत्व	4
6808	कारीगरों	4
6809	एग्रोफिजिक्स	4
6810	दर्जे	4
6811	संस्कृतियों	4
6812	परिसंपत्तियों	4
6813	जलाए	4
6814	हॉलैंड	4
6815	सांग	4
6816	सोचना	4
6817	नशीले	4
6818	रोज़गार	4
6819	चुप	4
6820	फंसाया	4
6821	नाभिकीय	4
6822	अजूबों	4
6823	दशहरा	4
6824	ऑफिस	4
6825	डिमांड	4
6826	पहुंचते	4
6827	ध्वज	4
6828	पदयात्रा	4
6829	एफआईआई	4
6830	मदनलाल	4
6831	फेल	4
6832	सनसनीखेज	4
6833	सिक्खों	4
6834	बनाता	4
6835	लाइनें	4
6836	टेक्नोलॉजी	4
6837	दूत	4
6838	नीलोत्पल	4
6839	विजन	4
6840	नौवीं	4
6841	निर्देशकों	4
6842	पोती	4
6843	उद्धव	4
6844	सीन	4
6845	मोड	4
6846	गूंज	4
6847	उच्चाधिकारियों	4
6848	वसूलने	4
6849	जलाकर	4
6850	अगप	4
6851	प्रोटीन	4
6852	रंगा	4
6853	बंदूक	4
6854	भीड़भाड़	4
6855	सक्रियता	4
6856	मछलियाँ	4
6857	मिदनापुर	4
6858	संदर्भित	4
6859	अंतराल	4
6860	तलवार	4
6861	आसन	4
6862	नाटकीय	4
6863	गुमनाम	4
6864	शशांक	4
6865	सीओ	4
6866	बेजोड़	4
6867	तंग	4
6868	लॉज	4
6869	पूँजी	4
6870	खींची	4
6871	सालेह	4
6872	रुपयों	4
6873	चोर	4
6874	दिलाते	4
6875	निर्वासित	4
6876	धर्मगुरु	4
6877	नाइटक्लब	4
6878	बरेली	4
6879	टच	4
6880	आबसू	4
6881	युक्सी	4
6882	निर्धारणात्मक	4
6883	कठिनाई	4
6884	करूंगा	4
6885	एसएमएस	4
6886	प्रभावों	4
6887	सबब	4
6888	मध्यवर्ती	4
6889	मुखर	4
6890	साइमन	4
6891	वस्त्र	4
6892	चोटी	4
6893	पूर्णिमा	4
6894	बहनों	4
6895	एडवर्ड	4
6896	पुस्तकालय	4
6897	खांडाखेड़ी	4
6898	बीजेपी	4
6899	मारुति	4
6900	दवाएं	4
6901	खाप	4
6902	अलकायदा	4
6903	कैट	4
6904	निपटारे	4
6905	बीत	4
6906	गौतम	4
6907	गिरकर	4
6908	निर्मल	4
6909	गलियारों	4
6910	बर्धन	4
6911	सकीं	4
6912	थोड़े	4
6913	जीएसएलवी	4
6914	साठे	4
6915	मालिकाना	4
6916	जमीर	4
6917	जूदेव	4
6918	विद्यार्थियों	4
6919	नवाजा	4
6920	चरमरा	4
6921	भावुक	4
6922	गौमुख	4
6923	कोल	4
6924	अनियमितता	4
6925	कांफ्रेंसिंग	4
6926	कोलकता	4
6927	लगेगी	4
6928	गोंजालेज	4
6929	छिपाने	4
6930	खां	4
6931	पच्चीस	4
6932	कमोबेश	4
6933	करतूत	4
6934	करों	4
6935	खगोलीय	4
6936	करो	4
6937	वास्ते	4
6938	कोस्ट	4
6939	अविश्वास	4
6940	वैष्णव	4
6941	खुलासे	4
6942	स्वर्ग	4
6943	राष्ट्रीयकरण	4
6944	दोहराते	4
6945	साइटोटॉक्सिक	4
6946	टेपों	4
6947	फराओ	4
6948	गोदामों	4
6949	जतायी	4
6950	मार्क्सवादी	4
6951	उपनेता	4
6952	अफीम	4
6953	गणेशन	4
6954	काबुल	4
6955	हमीद	4
6956	संस्थाएं	4
6957	कुलीन	4
6958	वाकआउट	4
6959	अलंकरण	4
6960	प्रिया	4
6961	बहु	4
6962	बहनें	4
6963	नवीनीकरण	4
6964	रखें	4
6965	सिद्घांतों	4
6966	पार्टियां	4
6967	अरिजीत	4
6968	गिरे	4
6969	आशंकाओं	4
6970	सिद्दिकी	4
6971	टक्कर	4
6972	कन्नड़	4
6973	कालिंदी	4
6974	अर्थशास्त्र	4
6975	माइक्रोसॉफ्ट	4
6976	सुनीत	4
6977	लौटना	4
6978	ट्रिब्यून	4
6979	भला	4
6980	ग्रिंजर	4
6981	चढ़कर	4
6982	अतिथि	4
6983	दुबारा	4
6984	त्रासदी	4
6985	शीतकाल	4
6986	एसओजी	4
6987	मऊ	4
6988	साधने	4
6989	सीएसीपी	4
6990	रिक्शा	4
6991	प्रतिमाएं	4
6992	अंबेडकर	4
6993	चीजें	4
6994	फूंक	4
6995	नीले	4
6996	सीपीआई	4
6997	मर्सर	4
6998	सतबीर	4
6999	तानाग्रिशों	4
7000	जुमोनविले	4
7001	कनाडाई	4
7002	गुस्से	4
7003	राजनेताओं	4
7004	प्रज्ञा	4
7005	शैलजा	4
7006	बैठकें	4
7007	आसीन	4
7008	बकवास	4
7009	पोलिश	4
7010	संन्यास	4
7011	समीर	4
7012	रेत	4
7013	उत्तीर्ण	4
7014	स्मारकों	4
7015	याचिकाकर्ताओं	4
7016	दर्शनों	4
7017	अक्षमता	4
7018	बरामदगी	4
7019	एआईआर	4
7020	प्रवृति	4
7021	खा	4
7022	राठौर	4
7023	महालेखा	4
7024	नाइट	4
7025	सहरसा	4
7026	डीएवी	4
7027	नामजद	4
7028	जानवर	4
7029	विषाणु	4
7030	यासीन	4
7031	विकलांग	4
7032	दिखाना	4
7033	मोर्चों	4
7034	बढ़ेगी	4
7035	लक्मे	4
7036	बाज़ार	4
7037	माथुर	4
7038	पदाधिकारी	4
7039	देवबंद	4
7040	बांटे	4
7041	मुसीबत	4
7042	परीक्षाएं	4
7043	जिम्मा	4
7044	घरानों	4
7045	भनक	4
7046	तवज्जो	4
7047	लेबल	4
7048	हकीकत	4
7049	रक्षामंत्री	4
7050	महासचिवों	4
7051	ज़बरदस्त	4
7052	जगदीश	4
7053	भ्रमण	4
7054	गमगीन	4
7055	जिनेवा	4
7056	सॉफ्ट	4
7057	उपनिवेशों	4
7058	एमआई	4
7059	लेगा	4
7060	सहगल	4
7061	औसतन	4
7062	प्रोडक्ट	4
7063	धारक	4
7064	वयस्क	4
7065	कुचल	4
7066	जोंस	4
7067	गनी	4
7068	शिमला	4
7069	पासबुक	4
7070	अकी	4
7071	नरुला	4
7072	रामचंद्रन	4
7073	लेबोरेटरी	4
7074	आवासीय	4
7075	कड़ाके	4
7076	विदा	4
7077	फिरोजपुर	4
7078	गौहर	4
7079	शीत	4
7080	कोरियाई	4
7081	अपेक्षित	4
7082	बदरीनाथ	4
7083	रुझान	4
7084	डीआरआई	4
7085	अधिवेशन	4
7086	पारेषण	4
7087	आरडीएसओ	4
7088	जीव	4
7089	ऑस्ट्रेलियाई	4
7090	भरोसे	4
7091	चक्रवात	4
7092	इमारतें	4
7093	अभद्र	4
7094	फटने	4
7095	एकेमेनिड	4
7096	खरे	4
7097	जनगणना	4
7098	खर्चा	4
7099	दबे	4
7100	मोतीलाल	4
7101	वोरा	4
7102	अस्सी	4
7103	चश्मदीद	4
7104	बुरे	4
7105	स्टूडेंट्स	4
7106	नाकेबंदी	4
7107	सजाया	4
7108	जातीय	4
7109	महीना	4
7110	टर्मिनल	4
7111	बीएसई	4
7112	फ्लाइंग	4
7113	धर्मान्तरण	4
7114	जमना	4
7115	अखिलेश	4
7116	वाइस	4
7117	मुगलों	4
7118	पचौरी	4
7119	हज़ार	4
7120	बढ़ना	4
7121	बरक़रार	4
7122	शुजात	4
7123	शुभकामनाएं	4
7124	टैनटेकल	4
7125	लो	4
7126	विशिष्टता	4
7127	सांठगांठ	4
7128	संगठित	4
7129	बैलिस्टिक	4
7130	खाई	4
7131	फ़ोन	4
7132	कलात्मक	4
7133	बर्लिन	4
7134	हिम्मत	4
7135	दर्शाती	4
7136	सुलझ	4
7137	ओसामा	4
7138	सेकंड	4
7139	बेहतरी	4
7140	रिलीज	4
7141	नामी	4
7142	सब्सक्रिप्शन	4
7143	आरिफ	4
7144	मुन्ना	4
7145	अंकों	4
7146	उपनगरों	4
7147	असेंबली	4
7148	बन्द	4
7149	मंगोलियाई	4
7150	कंपनियाँ	4
7151	बयाँ	4
7152	घुसपैठियों	4
7153	झड़ी	4
7154	समूचा	4
7155	कुड्डालोर	4
7156	अशुभ	4
7157	लिवाली	4
7158	नारों	4
7159	हैड्रियन	4
7160	खोलना	4
7161	रीमेक	4
7162	पृथला	4
7163	पारिख	4
7164	विद्रोही	4
7165	दिसम्बर	4
7166	तार	4
7167	अंडमानी	4
7168	सेवन	4
7169	भुट्टो	4
7170	उत्तेजित	4
7171	धांधली	4
7172	दरदा	4
7173	घटा	4
7174	भड़की	4
7175	भागलपुर	4
7176	कुल्हड़ों	4
7177	लड़ा	4
7178	जैमर	4
7179	बछरावां	4
7180	वेलू	4
7181	किरदार	4
7182	ऐक्टिंग	4
7183	अकादमियों	4
7184	बिखरे	4
7185	व्हिस्की	4
7186	हिल्स	4
7187	सेक्युलर	4
7188	लूटने	4
7189	ऊष्मा	4
7190	रचना	4
7191	बडे	4
7192	छात्राओं	4
7193	परम्परा	4
7194	ट्राई	4
7195	वहन	4
7196	हरित	4
7197	ग्राउंड	4
7198	दुग्ध	4
7199	कराकर	4
7200	पनबिजली	4
7201	आरपीएम	4
7202	चमक	4
7203	शहरयार	4
7204	विजेताओं	4
7205	सघन	4
7206	दोषियों	4
7207	बंदियों	4
7208	रॉयल	4
7209	रावल	4
7210	असमान	4
7211	सत्तर	4
7212	देंगी	4
7213	माउंट	4
7214	सीआईए	4
7215	उपनगरीय	4
7216	कंटेनरों	4
7217	तीखे	4
7218	मुआयना	4
7219	दाई	4
7220	सबा	4
7221	आईपीओ	4
7222	बॉर्डर	4
7223	परेशानियों	4
7224	जिया	4
7225	भूपेंद्र	4
7226	पॉविएट	4
7227	सुझाए	4
7228	चिश्ती	4
7229	खेलते	4
7230	समा	4
7231	विधवा	4
7232	भैरों	4
7233	दिनी	4
7234	व्यवसायीकरण	4
7235	पंचमहल	4
7236	घुड़सवार	4
7237	हां	4
7238	एसटीडी	4
7239	लांस	4
7240	बालकृष्ण	4
7241	जिनमे	4
7242	जमुखा	4
7243	पत्नियां	4
7244	अंदेशा	4
7245	सिलिया	4
7246	साइडिपिड	4
7247	जॉन्स	4
7248	पाप	4
7249	नुक्कड़	4
7250	यूनेस्को	4
7251	घुमावदार	4
7252	गुरुद्वारे	4
7253	सिसिली	4
7254	अपहरणकर्ताओं	4
7255	जीनोम	4
7256	जबड़े	4
7257	कशेरुकियों	4
7258	बीजान्टिन	4
7259	डीसीपी	3
7260	विनियमन	3
7261	आधारभूत	3
7262	फगवाड़ा	3
7263	प्रकिया	3
7264	लड़े	3
7265	जीसीएम	3
7266	ओल्ड	3
7267	बज	3
7268	गोल्ड	3
7269	जितेंद्र	3
7270	लाशें	3
7271	दाहिने	3
7272	ठहराने	3
7273	राजमार्गों	3
7274	कटाई	3
7275	मोहनदास	3
7276	कार्यभार	3
7277	पहचानने	3
7278	होप	3
7279	कराईकल	3
7280	कार्ल	3
7281	लैपटॉप	3
7282	रिकॉर्डिंग	3
7283	मराठी	3
7284	रेफर्टी	3
7285	आल्पस	3
7286	पूंजीगत	3
7287	लाँच	3
7288	तक़नीकी	3
7289	रुके	3
7290	बखूबी	3
7291	सुलझने	3
7292	जूते	3
7293	हत्याओं	3
7294	पहलू	3
7295	एएफएसपीए	3
7296	विद्यालयों	3
7297	कार्लो	3
7298	नौकरशाहों	3
7299	वीरू	3
7300	सातवें	3
7301	वाणी	3
7302	ईयर	3
7303	बदतर	3
7304	इंक्वायरी	3
7305	डब्ल्यूएचओ	3
7306	कवच	3
7307	राजदूतों	3
7308	पहनने	3
7309	शाखाएं	3
7310	पीटा	3
7311	डीसी	3
7312	रियायती	3
7313	गतिविधि	3
7314	उधार	3
7315	हुक्मनामे	3
7316	स्टेज	3
7317	थलग	3
7318	कैपिटल	3
7319	सुब्रमण्यम	3
7320	बनाएगी	3
7321	पटाखे	3
7322	नैनीताल	3
7323	सेंसिंग	3
7324	उठाता	3
7325	भेद	3
7326	चिकित्सीय	3
7327	रेखांकित	3
7328	एविसेना	3
7329	लक्षणों	3
7330	पूरक	3
7331	शेली	3
7332	राजनैतिक	3
7333	अन्यायपूर्ण	3
7334	निबंध	3
7335	सत्याग्रह	3
7336	अहिंसा	3
7337	पुनीत	3
7338	घुसी	3
7339	पटवर्द्धन	3
7340	घोर	3
7341	फिक्शन	3
7342	जन्मे	3
7343	मोरे	3
7344	जंक्शन	3
7345	बोला	3
7346	आक्रामक	3
7347	अभिभावकों	3
7348	जागरुकता	3
7349	बुच	3
7350	रसूल	3
7351	म्यांमारी	3
7352	बिताने	3
7353	सेनाएं	3
7354	शत्रुओं	3
7355	गॉड	3
7356	छेड़खानी	3
7357	सिम्पसन	3
7358	आकस्मिक	3
7359	प्लेनेट	3
7360	पर्टवे	3
7361	टॉम	3
7362	बेकर	3
7363	इयान	3
7364	दीक्षांत	3
7365	लॉग	3
7366	सुरेंदर	3
7367	सॉलीसिटर	3
7368	सुब्रह्मण्यम्	3
7369	सोली	3
7370	धरपकड़	3
7371	पांडयन	3
7372	पंचतारा	3
7373	जिनको	3
7374	मुंगेकर	3
7375	अपर्याप्त	3
7376	बिली	3
7377	बर्बर	3
7378	हत्यारे	3
7379	मूर्तियां	3
7380	दावेदारों	3
7381	पीले	3
7382	एंडी	3
7383	नारनौंद	3
7384	महापंचायत	3
7385	रिटायर	3
7386	जिरह	3
7387	जीसीए	3
7388	अधिनियिम	3
7389	विचारक	3
7390	घृणित	3
7391	शताब्‍दी	3
7392	पीड़ा	3
7393	खामियाजा	3
7394	संशोधनों	3
7395	दवे	3
7396	निकलते	3
7397	परवरिश	3
7398	अनुमानों	3
7399	युग्म	3
7400	धनात्मक	3
7401	क्रमागत	3
7402	देशव्यापी	3
7403	चन्द्रमा	3
7404	बादलों	3
7405	कांप्लेक्स	3
7406	थ्री	3
7407	टीना	3
7408	ड्यूक्सने	3
7409	पियरे	3
7410	भगवा	3
7411	मुखा	3
7412	पंढे	3
7413	कमिश्नरों	3
7414	आदर्श	3
7415	चौथी	3
7416	बहा	3
7417	बढ़िया	3
7418	न्यायोचित	3
7419	संबोधन	3
7420	जैक	3
7421	मानसूनी	3
7422	मिजाज	3
7423	नियत	3
7424	माइक	3
7425	ध्वनि	3
7426	बहुउपयोगी	3
7427	फॉल्ट	3
7428	चढ़ाई	3
7429	संहार	3
7430	हॉलीवुड	3
7431	सिखाने	3
7432	चिंकारा	3
7433	निविदाओं	3
7434	अस्थाई	3
7435	जैस्मिन	3
7436	समाप्ति	3
7437	ड्राइव	3
7438	वार्ड	3
7439	डेनवर	3
7440	ब्रोंकोस	3
7441	मैनिंग	3
7442	रूपांतरण	3
7443	हारकर	3
7444	कांति	3
7445	हलके	3
7446	भरती	3
7447	मुत्तेमवार	3
7448	कराधान	3
7449	वित्तायुक्त	3
7450	पांचवीं	3
7451	कल्चर	3
7452	घिर	3
7453	कट्टरपंथियों	3
7454	निभाना	3
7455	लाखनमाजरा	3
7456	गिनाए	3
7457	कोहरा	3
7458	ट्राला	3
7459	फैलाव	3
7460	पारिस्थितिकी	3
7461	दलीलों	3
7462	पीड़िता	3
7463	रीता	3
7464	काल्पनिक	3
7465	जमे	3
7466	मर्जी	3
7467	बर्ताव	3
7468	राष्ट्रव्यापी	3
7469	सकतीं	3
7470	महंगा	3
7471	शिकारे	3
7472	जयमाला	3
7473	लीव	3
7474	कार्लोस	3
7475	बांधने	3
7476	गोलमेज	3
7477	मौन	3
7478	ओरछा	3
7479	टैंक	3
7480	छिड़ी	3
7481	चौटाला	3
7482	मशीनरी	3
7483	मेंटल	3
7484	घटती	3
7485	तुष्टीकरण	3
7486	बेसिक	3
7487	महेश	3
7488	उन्नीसवीं	3
7489	गैलेक्सी	3
7490	नून	3
7491	निर्माणाधीन	3
7492	क़रार	3
7493	संज्ञा	3
7494	कार्यस्थलों	3
7495	लगान	3
7496	राइजिंग	3
7497	कांफ्रेस	3
7498	किशोरवय	3
7499	मोरचे	3
7500	राख	3
7501	वैवाहिक	3
7502	अनूठा	3
7503	खातून	3
7504	रहस्यमय	3
7505	भागीरथी	3
7506	ट्रिब्यूनल	3
7507	दांतेवाड़ा	3
7508	जगजाहिर	3
7509	क्यूरी	3
7510	गैंगस्टर	3
7511	भुनाने	3
7512	युद्धों	3
7513	फॉक	3
7514	टूटी	3
7515	घटिया	3
7516	जनपथ	3
7517	डॉयज	3
7518	भाषाएं	3
7519	कार्यात्मक	3
7520	कॉलोनी	3
7521	लाइंस	3
7522	क्रासिंग	3
7523	रामजतन	3
7524	अवरोध	3
7525	उखाड़	3
7526	भांपते	3
7527	ठेस	3
7528	कुल्लू	3
7529	भाईयों	3
7530	बीतने	3
7531	उदयपुर	3
7532	चित्तौड़	3
7533	राजन	3
7534	दरोगा	3
7535	पेज	3
7536	थ्रेस	3
7537	कार्सन	3
7538	पंथक	3
7539	छहों	3
7540	कमांड	3
7541	मिलीभगत	3
7542	स्कैल्टन	3
7543	ऑपरेटर	3
7544	गेज	3
7545	लापरवाह	3
7546	दृष्टया	3
7547	आजीवन	3
7548	मैरिज	3
7549	अटॉर्नी	3
7550	चंद्रा	3
7551	तुर्क	3
7552	सावित्री	3
7553	वापिस	3
7554	दलाली	3
7555	प्रताड़ना	3
7556	उठाएं	3
7557	गांधीनगर	3
7558	समाजवादियों	3
7559	वाइको	3
7560	अभिभाषण	3
7561	उत्तरप्रदेश	3
7562	सूरी	3
7563	मिड	3
7564	आईएल	3
7565	सुरजेवाला	3
7566	शयान	3
7567	बुजुर्गो	3
7568	लीडर	3
7569	वसीयत	3
7570	सिफारिशें	3
7571	मंगा	3
7572	बिगड़ने	3
7573	पुंडीर	3
7574	मजा	3
7575	पाषाण	3
7576	आकृष्ट	3
7577	फेडरल	3
7578	नवगठित	3
7579	नौका	3
7580	टुसी	3
7581	बहादुरशाह	3
7582	मनीराम	3
7583	माफीनामा	3
7584	स्तूपों	3
7585	नोक	3
7586	झोंक	3
7587	पुस्तिका	3
7588	अमिट	3
7589	राष्ट्रगान	3
7590	अनोखा	3
7591	डिफ़ेंसिव	3
7592	टैकल	3
7593	फ़म्बल	3
7594	अनुभवी	3
7595	सेकेंडरी	3
7596	इंटर्सेप्शन	3
7597	दर्शनार्थियों	3
7598	गोमुख	3
7599	चौके	3
7600	दमदार	3
7601	छक्के	3
7602	सेव	3
7603	मूवमेंट	3
7604	खोजबीन	3
7605	कुंए	3
7606	अंटार्कटिक	3
7607	छूने	3
7608	प्रचारक	3
7609	पीटरसन	3
7610	सर्वमान्य	3
7611	होल्डिंग	3
7612	जीआईएचएल	3
7613	एफएसएल	3
7614	नरकंकालों	3
7615	तरक्की	3
7616	सूत्री	3
7617	राजौरी	3
7618	किंतु	3
7619	जाकिर	3
7620	झुकना	3
7621	आवाजाही	3
7622	मूसलाधार	3
7623	श्रद्धा	3
7624	कुंभा	3
7625	सुधरी	3
7626	चंद्रकला	3
7627	क्षेत्रफल	3
7628	जगमोहन	3
7629	अशरफ	3
7630	अवज्ञाकर्ता	3
7631	शीट	3
7632	बोट	3
7633	बोड	3
7634	जड़	3
7635	रणनीतिकारों	3
7636	प्रतिरक्षित	3
7637	दमनकारी	3
7638	ऊतकों	3
7639	टाइप	3
7640	पानीपत	3
7641	बुंदेला	3
7642	बसाया	3
7643	प्रस्तुति	3
7644	मंचन	3
7645	बेटा	3
7646	छुट्टियों	3
7647	उसिया	3
7648	खितान	3
7649	लियाओ	3
7650	एलपीएस	3
7651	घटाने	3
7652	डार	3
7653	रहस्यों	3
7654	कन्या	3
7655	तुले	3
7656	फेंके	3
7657	निष्कासित	3
7658	ख़ान	3
7659	क़ायदा	3
7660	मुआवजे	3
7661	वायुयान	3
7662	बेरोजगारों	3
7663	उ	3
7664	सेक्यूलर	3
7665	जाय	3
7666	प्रातः	3
7667	शिवाजी	3
7668	उन्नाव	3
7669	फतेहपुर	3
7670	सक्सेना	3
7671	बार्डर	3
7672	शासकों	3
7673	जमाया	3
7674	इंजीनियर्स	3
7675	होल्डन	3
7676	सावधान	3
7677	अराजकता	3
7678	धूमिल	3
7679	संग्रहित	3
7680	प्लंकेट	3
7681	मिलाने	3
7682	विविध	3
7683	भौतिकी	3
7684	एथलेटिक्स	3
7685	वार्ताकारों	3
7686	परीक्षणों	3
7687	फर्श	3
7688	अनजान	3
7689	कालोनी	3
7690	नेवी	3
7691	बांधकर	3
7692	कराएंगे	3
7693	धोखा	3
7694	अन्त	3
7695	स्वर्णिम	3
7696	शटर	3
7697	उपकर	3
7698	असंभव	3
7699	सिलसिलेवार	3
7700	हेरफेर	3
7701	चुनी	3
7702	मशवरा	3
7703	बचना	3
7704	विश्लेषक	3
7705	हिचक	3
7706	सीलबंद	3
7707	नियोजित	3
7708	गोरखालैंड	3
7709	वास्‍तु	3
7710	कंसल	3
7711	डेन	3
7712	लावारिस	3
7713	निकलकर	3
7714	इराकियों	3
7715	इस्राइली	3
7716	गड़बड़ियों	3
7717	बीवी	3
7718	विजयी	3
7719	देय	3
7720	कर्जदार	3
7721	उठने	3
7722	निरस्त	3
7723	पुरुषोत्तम	3
7724	केलकर	3
7725	ठीकरा	3
7726	आयरलैंड	3
7727	तनवीर	3
7728	सेठ	3
7729	चुराने	3
7730	माया	3
7731	बेनकाब	3
7732	बबली	3
7733	रेफर	3
7734	मुल्तान	3
7735	हाईवे	3
7736	जनमानस	3
7737	रखनी	3
7738	बसंत	3
7739	नवाज़	3
7740	अपमानजनक	3
7741	संयोग	3
7742	संभाला	3
7743	फर्नान्डिज़	3
7744	बहुआयामी	3
7745	चैम्पियनशिप	3
7746	शुरु	3
7747	डेल्क्स	3
7748	साइबरमैन	3
7749	नेशन	3
7750	दृश्यता	3
7751	हादसों	3
7752	श्यामा	3
7753	शास्त्र	3
7754	क्रमांक	3
7755	मौर्य	3
7756	रामगोपाल	3
7757	फाइबर	3
7758	स्कॉट	3
7759	विलुप्त	3
7760	विद्वान	3
7761	फेफड़ों	3
7762	प्रशस्ति	3
7763	रिवर्स	3
7764	दार्शनिक	3
7765	निकटता	3
7766	मुख्यधारा	3
7767	जिंबाब्वे	3
7768	चढ़ने	3
7769	लाउडस्पीकर	3
7770	जबरिया	3
7771	बाथरूम	3
7772	चढ़ाव	3
7773	ब्रह्मांड	3
7774	जाये	3
7775	बलपूर्वक	3
7776	एंटनी	3
7777	गुजरती	3
7778	ओलसन	3
7779	दिखाता	3
7780	नमी	3
7781	गोल्डन	3
7782	धुर	3
7783	प्रोन्नत	3
7784	लीज	3
7785	बीडीआर	3
7786	भ्रूण	3
7787	लत	3
7788	आरंभिक	3
7789	छान	3
7790	बीन	3
7791	सौंधी	3
7792	कोजो	3
7793	सद्भावना	3
7794	मरीज़	3
7795	कब्रगाह	3
7796	चप्पुओं	3
7797	तोड़कर	3
7798	ड्रेस	3
7799	समकालीन	3
7800	तोप	3
7801	सुब्रमण्यन	3
7802	चौथा	3
7803	गैरकानूनी	3
7804	पकड़कर	3
7805	सीईसीए	3
7806	मुक़ाबला	3
7807	भगदड़	3
7808	चोटें	3
7809	नौवें	3
7810	तोहफे	3
7811	कुर्ला	3
7812	दानापुर	3
7813	संगीतकारों	3
7814	आँकड़ों	3
7815	एडवोकेट	3
7816	ज्योतिषियों	3
7817	शिवकरन	3
7818	देवानंद	3
7819	भांधेर	3
7820	बैरल	3
7821	गान	3
7822	एल्बो	3
7823	सरला	3
7824	महेश्वरी	3
7825	चार्ज	3
7826	होली	3
7827	सप्तऋषि	3
7828	फैली	3
7829	लाजमी	3
7830	बख्तियारपुर	3
7831	अवशेषों	3
7832	बेसिन	3
7833	जमान	3
7834	साहित्यिक	3
7835	फारूख	3
7836	बाइक	3
7837	बिन्दु	3
7838	आईटीआई	3
7839	पिथौरागढ़	3
7840	बेशकीमती	3
7841	बैगल	3
7842	बेचा	3
7843	अचंभित	3
7844	दिक्कतों	3
7845	एसजेवीएन	3
7846	अधूरी	3
7847	क्षत्रिय	3
7848	तेजस	3
7849	चूँकि	3
7850	जायज़ा	3
7851	कट्टरवादी	3
7852	सोते	3
7853	जमाव	3
7854	गुत्थी	3
7855	जीआरपी	3
7856	अंशों	3
7857	वर्दी	3
7858	बुखार	3
7859	उर्स	3
7860	ब्लैकमेल	3
7861	इंटरपोल	3
7862	चुकानी	3
7863	उठानी	3
7864	फोकस	3
7865	स्केच	3
7866	जनसंहारक	3
7867	प्रीति	3
7868	युद्घ	3
7869	कबूल	3
7870	पंजाबी	3
7871	गंगोत्री	3
7872	गश्ती	3
7873	हकीम	3
7874	विमानन	3
7875	कारनामे	3
7876	उपयोगकर्ता	3
7877	वर्चुअल	3
7878	रामकृष्ण	3
7879	भुवनेश्वर	3
7880	आत्मा	3
7881	मिलेंगी	3
7882	बहुजन	3
7883	न्यूक्लियस	3
7884	वशिष्ठ	3
7885	सुधरेंगे	3
7886	एनसीसी	3
7887	रवि	3
7888	ट्विटर	3
7889	जैसाकि	3
7890	शोम	3
7891	संसार	3
7892	खन्ना	3
7893	उपदेश	3
7894	परिपक्व	3
7895	बाला	3
7896	वल्र्रर्ड	3
7897	वयस्कों	3
7898	निष्कासन	3
7899	खिली	3
7900	हजरत	3
7901	रतलाम	3
7902	साइंसेस	3
7903	आशंकित	3
7904	चने	3
7905	नींबू	3
7906	सभाओं	3
7907	रुकते	3
7908	बस्तियां	3
7909	गोरखा	3
7910	कोडे	3
7911	कूल्हे	3
7912	लौटी	3
7913	कत्ल	3
7914	फैक्स	3
7915	तारीखों	3
7916	मानहानि	3
7917	तारो	3
7918	आसो	3
7919	श्रृंखलाओं	3
7920	कमा	3
7921	अनुत्तरित	3
7922	खदेड़ने	3
7923	माधव	3
7924	चौकीदार	3
7925	प्रक्षेपास्त्र	3
7926	ढींढसा	3
7927	अनुशंसा	3
7928	स्वायत्ता	3
7929	डाट	3
7930	सेंध	3
7931	शापिंग	3
7932	पहुँचें	3
7933	बलिया	3
7934	पद्मश्री	3
7935	शिवशंकर	3
7936	जौहरी	3
7937	समुद्रों	3
7938	लेनदेन	3
7939	वर्षगांठ	3
7940	बोगियों	3
7941	मशक्कत	3
7942	चोटियों	3
7943	भार	3
7944	क्रांतिकारियों	3
7945	नक्काशी	3
7946	पैक	3
7947	उखड़	3
7948	घूमते	3
7949	हरिकेश	3
7950	अटैक	3
7951	नंदा	3
7952	सोचकर	3
7953	लैंड	3
7954	पहनकर	3
7955	बेहोश	3
7956	अड़चनें	3
7957	लुक	3
7958	सम्पन्न	3
7959	लामबंद	3
7960	बेशक़	3
7961	कोलिन	3
7962	दिग्गजों	3
7963	वैष्णों	3
7964	प्रिंसिपल	3
7965	उल्लेखित	3
7966	आँकड़ा	3
7967	शीला	3
7968	ज़िम्मेदारी	3
7969	फार्मासिस्टों	3
7970	रजिस्टर	3
7971	रूचि	3
7972	पत्‍थरों	3
7973	जिंक	3
7974	मनोज	3
7975	बेकाबू	3
7976	संकलन	3
7977	जाखौली	3
7978	पुत्री	3
7979	रेंटल	3
7980	ढक	3
7981	एनसीआर	3
7982	फैलाया	3
7983	यूएस	3
7984	घुटने	3
7985	रावत	3
7986	कलपुर्जो	3
7987	ऑटोमन	3
7988	स्वायत्त	3
7989	बोटिंग	3
7990	राजस्‍थान	3
7991	बर्फ़	3
7992	कैंट	3
7993	धूमधाम	3
7994	गणित	3
7995	शाखाओं	3
7996	उपक्षेत्र	3
7997	घटकों	3
7998	विघटित	3
7999	गुरुदास	3
8000	कारतूस	3
8001	मानेसर	3
8002	मनुष्य	3
8003	गरिमा	3
8004	लूनार	3
8005	पदवी	3
8006	अंडरगारमेंट	3
8007	संप्रभु	3
8008	भागीदार	3
8009	केआरसी	3
8010	फ्रांसीसियों	3
8011	विशेषकर	3
8012	घिल्डियाल	3
8013	जनार्दन	3
8014	स्तम्भ	3
8015	फारूखी	3
8016	कहानियां	3
8017	रेणुका	3
8018	क्रिस्टोफर	3
8019	कोलम्बस	3
8020	झूठे	3
8021	गला	3
8022	भड़काऊ	3
8023	बलि	3
8024	शामलाल	3
8025	चयनकर्ताओं	3
8026	छोड़ते	3
8027	बांद्रा	3
8028	गयीं	3
8029	हैरान	3
8030	हकदार	3
8031	डिवीजन	3
8032	एंडीज	3
8033	बहबलपुर	3
8034	रेस	3
8035	पदक	3
8036	कारागार	3
8037	विश्वनाथ	3
8038	संगत	3
8039	इंटरैक्टिव	3
8040	कट्टर	3
8041	उबारने	3
8042	खोने	3
8043	सूचीबद्ध	3
8044	अपराह्न	3
8045	उगाही	3
8046	सल्फर	3
8047	बरता	3
8048	बुलेदी	3
8049	पट्टिका	3
8050	रोमांचित	3
8051	उठती	3
8052	उड़ाना	3
8053	सीमांत	3
8054	संस्कृत	3
8055	नौकरशाह	3
8056	वेल	3
8057	इंक	3
8058	आईसीयू	3
8059	मित्रों	3
8060	मापते	3
8061	सुनाने	3
8062	हीमोग्लोबिन	3
8063	डॉक्यूमेंट	3
8064	मेरिट	3
8065	शिवजी	3
8066	इंसान	3
8067	निकोलस	3
8068	प्रमुखों	3
8069	दुश्मनी	3
8070	पक्की	3
8071	मशगूल	3
8072	चैत्‍य	3
8073	व्यवहारिक	3
8074	वेल्डिंग	3
8075	धातु	3
8076	सांगा	3
8077	नागेंद्र	3
8078	जताए	3
8079	नववर्ष	3
8080	टिकटिंग	3
8081	बांकुरा	3
8082	पुरुलिया	3
8083	घेरा	3
8084	बलूचिस्तान	3
8085	सबको	3
8086	रैपिड	3
8087	बीएमपी	3
8088	सामी	3
8089	गुणा	3
8090	सापेक्ष	3
8091	प्रमेय	3
8092	बाँधवगढ़	3
8093	खिसक	3
8094	कैंसरी	3
8095	पिटारा	3
8096	नीता	3
8097	सुरमई	3
8098	बिछाने	3
8099	हिम	3
8100	वादियों	3
8101	खंडित	3
8102	सर्च	3
8103	प्रांतीय	3
8104	बराबरी	3
8105	अनवर	3
8106	कहलगांव	3
8107	सौंपेंगे	3
8108	एंड्रयू	3
8109	कॉलिंस	3
8110	संग्राम	3
8111	बलिदान	3
8112	चैम्पियन	3
8113	प्रतियोगिताओं	3
8114	लाश	3
8115	प्रशान्त	3
8116	मालदीव	3
8117	रिजल्ट	3
8118	यातना	3
8119	डिसप्ले	3
8120	संपादकों	3
8121	मुस्लमानों	3
8122	अधिकांशतः	3
8123	सुलझाई	3
8124	उदारवादी	3
8125	घुसकर	3
8126	लीजिए	3
8127	दराज	3
8128	चलाता	3
8129	मुज़फ्फराबाद	3
8130	ऑटोमोबाइल	3
8131	तटस्थ	3
8132	झंडे	3
8133	बेबुनियाद	3
8134	छींटे	3
8135	आर्कटिक	3
8136	घन	3
8137	युद्घपोत	3
8138	डिस्कवरी	3
8139	जानती	3
8140	साहित्यकारों	3
8141	हबीबुल्लाह	3
8142	रक्षक	3
8143	तापमानों	3
8144	गोथिक	3
8145	सोशल	3
8146	स्टडीज	3
8147	लाइब्रेरी	3
8148	रिका	3
8149	रोकता	3
8150	वंशवाद	3
8151	पेशबंदी	3
8152	कपलिंग	3
8153	उपाधीक्षक	3
8154	समूची	3
8155	रंजिश	3
8156	ऑडिट	3
8157	ड्रग	3
8158	संवादों	3
8159	आर्म	3
8160	पन्नों	3
8161	आगाज	3
8162	खत	3
8163	पदोन्नति	3
8164	डिवीज़न	3
8165	वाल	3
8166	नंद	3
8167	प्रिय	3
8168	आंखें	3
8169	भोईवाडा	3
8170	लिना	3
8171	लौटते	3
8172	टोरंटो	3
8173	लालाराम	3
8174	स्वार्थ	3
8175	प्रचुर	3
8176	निष्कर्षों	3
8177	बाधाएं	3
8178	रकाबगंज	3
8179	खासे	3
8180	सामुदायिक	3
8181	भूविज्ञान	3
8182	कांस्य	3
8183	सत्तापक्ष	3
8184	सांप	3
8185	पड़ोस	3
8186	मलबे	3
8187	रामकृपाल	3
8188	दोस्ताना	3
8189	पागल	3
8190	लोनिवि	3
8191	कारी	3
8192	ऑपरेशंस	3
8193	प्रतिमाह	3
8194	न्यायधीश	3
8195	मोरक्को	3
8196	महत्वाकांक्षाओं	3
8197	अरबी	3
8198	अंडे	3
8199	बदलता	3
8200	नजारे	3
8201	पत्रकारिता	3
8202	सेकेंड	3
8203	दाएं	3
8204	अस्थिर	3
8205	आईएमडी	3
8206	सफदरजंग	3
8207	नरमी	3
8208	रपट	3
8209	जेहन	3
8210	हफ़्ते	3
8211	कम्युनिटी	3
8212	मारक	3
8213	एसएलसी	3
8214	असमर्थता	3
8215	बीजों	3
8216	महारानी	3
8217	बाघ	3
8218	निष्ठा	3
8219	खारे	3
8220	निकलता	3
8221	डिजनी	3
8222	ट्रांसपोर्ट	3
8223	वाट	3
8224	मक्कड़	3
8225	कसरत	3
8226	कर्फ्र्यू	3
8227	खातिर	3
8228	मास्को	3
8229	महालक्ष्मी	3
8230	लिस्बन	3
8231	बनेगी	3
8232	चांसलर	3
8233	बैठाया	3
8234	प्रियरंजन	3
8235	अध्यापकों	3
8236	बिजलीघर	3
8237	छापामार	3
8238	आमने	3
8239	छठी	3
8240	महाश्वेता	3
8241	विभूषण	3
8242	नांबियार	3
8243	भूषण	3
8244	रघुपति	3
8245	एपी	3
8246	बिछाई	3
8247	दृढ़ता	3
8248	खिड़कियों	3
8249	एसीपी	3
8250	हर्टस	3
8251	कंधार	3
8252	झाँसी	3
8253	अरविंद	3
8254	मैगज़ीन	3
8255	कार्टन	3
8256	जॉर्डन	3
8257	लेबोरेट्री	3
8258	तह	3
8259	पिल्लै	3
8260	सुपरस्टार	3
8261	महंता	3
8262	गानों	3
8263	चमत्कार	3
8264	तौकीर	3
8265	प्रतिस्पर्धी	3
8266	आतंरिक	3
8267	हवेलियों	3
8268	ब्लास्टर	3
8269	दाखिले	3
8270	प्रदर्शनकारी	3
8271	कणों	3
8272	चांद	3
8273	बंगलौर	3
8274	हिमाल	3
8275	कॉपीराइट	3
8276	संपति	3
8277	उसको	3
8278	महानगरों	3
8279	निरीक्षक	3
8280	आलोक	3
8281	बसंतकुंज	3
8282	डॉलफिन	3
8283	आरजेडी	3
8284	नियास	3
8285	ट्रिपल	3
8286	इतर	3
8287	पेपर	3
8288	असुरक्षित	3
8289	वीज़ा	3
8290	विजेंद्र	3
8291	लचीला	3
8292	प्रबीर	3
8293	डूबे	3
8294	पाठ	3
8295	लेखन	3
8296	खिलौना	3
8297	माफिया	3
8298	ठक्कर	3
8299	हरि	3
8300	उत्कृष्ट	3
8301	खरीददार	3
8302	मैसर्स	3
8303	जुल्फ़िकार	3
8304	अद्भुत	3
8305	साधनों	3
8306	महापुरुषों	3
8307	गर्वनर	3
8308	चंद्रवती	3
8309	रफीक़	3
8310	घोषणाएं	3
8311	उपेंद्र	3
8312	मनाए	3
8313	दीर्घा	3
8314	ईकाई	3
8315	पीआईआर	3
8316	दुर्घटनाग्रस्त	3
8317	हेरेड	3
8318	तस्कर	3
8319	जीते	3
8320	प्रतिभाओं	3
8321	हॉवर्ड	3
8322	संगीतकार	3
8323	एयरलाइन	3
8324	पाम	3
8325	निराधार	3
8326	दत्ता	3
8327	तोहफा	3
8328	नामकरण	3
8329	अक्षर	3
8330	स्ट्रिंग	3
8331	बाइनरी	3
8332	एन्कोड	3
8333	कद्दावर	3
8334	पशुओं	3
8335	दिल्लीवासियों	3
8336	मकदूनियाई	3
8337	एबी	3
8338	अबनी	3
8339	जुड़	3
8340	समर	3
8341	थिएटर	3
8342	निर्देशन	3
8343	बिजनौर	3
8344	ऑपरेटिंग	3
8345	लगाती	3
8346	महादेव	3
8347	केर्नी	3
8348	अयप्पा	3
8349	केशा	3
8350	कंकालों	3
8351	आईसीएमआर	3
8352	लेवल	3
8353	गेल	3
8354	शिंदे	3
8355	स्कार्फ	3
8356	पीएम	3
8357	आईपीसी	3
8358	बोडोलैंड	3
8359	रोकती	3
8360	चलाकर	3
8361	तटवर्ती	3
8362	अफगान	3
8363	स्टारडस्ट	3
8364	नन्हें	3
8365	ऊंट	3
8366	नंबरों	3
8367	पेशा	3
8368	मेशराम	3
8369	पदस्थापित	3
8370	रावण	3
8371	गारमेंट	3
8372	छुड़ाने	3
8373	बाप	3
8374	बेमियादी	3
8375	रोमा	3
8376	खेड़ा	3
8377	निर्दलीय	3
8378	नागौन	3
8379	पीरजादा	3
8380	अहसान	3
8381	विलियम्स	3
8382	मदमहेश्वर	3
8383	खोली	3
8384	मारपीट	3
8385	पहुंचता	3
8386	गाड़ियां	3
8387	पिच	3
8388	मिल्ली	3
8389	मराठवाड़ा	3
8390	रॉबर्ट	3
8391	टुकड़ों	3
8392	ब्रह्मोस	3
8393	लाएगा	3
8394	कुलदीप	3
8395	मल्टी	3
8396	प्रायश्चित	3
8397	अखंड	3
8398	प्रोत्साहन	3
8399	फुटपाथ	3
8400	पेप्सी	3
8401	कोका	3
8402	ऊंचाहार	3
8403	निभाती	3
8404	अलवर	3
8405	चव्हाण	3
8406	प्रत्यार्पण	3
8407	एजुकेशन	3
8408	सीबीएसई	3
8409	पारम्परिक	3
8410	तौलने	3
8411	उतरते	3
8412	चैंबर	3
8413	सीआईआई	3
8414	हीलिंग	3
8415	मीटिंग	3
8416	लाये	3
8417	नियमन	3
8418	अष्‍टधातु	3
8419	न्यायायिक	3
8420	प्रियोर	3
8421	झरने	3
8422	पोषक	3
8423	प्रतिलिपि	3
8424	सेठी	3
8425	प्राप्ति	3
8426	विचित्र	3
8427	वर्णित	3
8428	अप्रसार	3
8429	नीतियां	3
8430	बे	3
8431	माकूल	3
8432	रिसॉर्ट	3
8433	हैरत	3
8434	पान	3
8435	व्यवधान	3
8436	लाशों	3
8437	दफन	3
8438	चिह्न	3
8439	यमन	3
8440	उपाधि	3
8441	छूटे	3
8442	आवश्यकताएं	3
8443	सांख्यिकी	3
8444	गिरफ्तारियां	3
8445	बट	3
8446	मून	3
8447	क्वार्टर	3
8448	ग्रीष्मकालीन	3
8449	बख्शा	3
8450	रसेल	3
8451	सुखोई	3
8452	मिराज	3
8453	अवामी	3
8454	एचएएल	3
8455	एएलएच	3
8456	छप्पर	3
8457	बेची	3
8458	अपेक्षाओं	3
8459	विभागीय	3
8460	किंग्स	3
8461	एमएलएस	3
8462	डीटीएच	3
8463	टेक	3
8464	लिफ्ट	3
8465	तेजतर्रार	3
8466	गौरी	3
8467	जमीअत	3
8468	चित	3
8469	हैरतअंगेज	3
8470	आईसीआईसीआई	3
8471	रिटेल	3
8472	हमसे	3
8473	आठवीं	3
8474	हक़	3
8475	जीवों	3
8476	पोलोनिया	3
8477	कोटला	3
8478	भानु	3
8479	जर्नल	3
8480	मोहरों	3
8481	भरकम	3
8482	क्वात्रोची	3
8483	क्लिप	3
8484	पॉंडिचेरी	3
8485	धड़ल्ले	3
8486	अनुपालन	3
8487	करदाता	3
8488	महोदय	3
8489	नियमावली	3
8490	घेराबंदी	3
8491	आवेश	3
8492	राधाकृष्ण	3
8493	ब्लंट	3
8494	रोककर	3
8495	गहलोत	3
8496	तेलुगु	3
8497	चंद्रबाबू	3
8498	दंडित	3
8499	स्वैच्छिक	3
8500	निर्णयों	3
8501	रणथम्भौर	3
8502	तलहटी	3
8503	टूरिज्म	3
8504	योद्धा	3
8505	एडोरा	3
8506	माला	3
8507	सेलफोन	3
8508	पोस्टपेड	3
8509	पल्ला	3
8510	टैरिफ	3
8511	सट्टेबाजी	3
8512	दलहन	3
8513	बांड	3
8514	ध्‍यान	3
8515	चढ़े	3
8516	गाज़ियाबाद	3
8517	टाइमर	3
8518	मवेशियों	3
8519	राजकीय	3
8520	मंडियों	3
8521	संतान	3
8522	टेलीकॉम	3
8523	अध्यापिका	3
8524	सुहावना	3
8525	ठहर	3
8526	झड़प	3
8527	पुत्रियों	3
8528	मस्टर्ड	3
8529	नर्व	3
8530	उपजी	3
8531	वेंडरों	3
8532	चबूतरे	3
8533	वर्साय	3
8534	गौड़	3
8535	भुला	3
8536	भागकर	3
8537	निजता	3
8538	निखारने	3
8539	उलमा	3
8540	मानेंगे	3
8541	दुलानी	3
8542	अहमियत	3
8543	शरणार्थी	3
8544	कोमल	3
8545	जोन्स	3
8546	क्राउन	3
8547	टीआई	3
8548	ताला	3
8549	अभिव्यक्ति	3
8550	नाटो	3
8551	शाहनवाज	3
8552	ब्रिगेड	3
8553	जगी	3
8554	फ्लोर	3
8555	निबटने	3
8556	राजोरी	3
8557	खुदरा	3
8558	जहाजों	3
8559	प्लेट	3
8560	श्राइन	3
8561	जितने	3
8562	चालान	3
8563	साहित्यकार	3
8564	खुलेआम	3
8565	ठंडे	3
8566	फैजी	3
8567	वेग	3
8568	व्याप्त	3
8569	अनिता	3
8570	अपनाई	3
8571	इजाफे	3
8572	भीतरी	3
8573	सना	3
8574	लाभांश	3
8575	स्लोवाकिया	3
8576	लिंकन	3
8577	सिरोही	3
8578	सुकून	3
8579	निर्भय	3
8580	मंत्रणा	3
8581	सकने	3
8582	गुत्थियां	3
8583	खौफ	3
8584	आरबीआई	3
8585	उत्तराधिकार	3
8586	संरचनाओं	3
8587	कंसाला	3
8588	नवीनतम	3
8589	असंख्य	3
8590	सोलंगनाला	3
8591	सीएनएन	3
8592	भास्कर	3
8593	मानूसन	3
8594	रायगढ़	3
8595	धैर्य	3
8596	वीआईपी	3
8597	पैतृक	3
8598	फ्री	3
8599	फुटबॉल	3
8600	नजमा	3
8601	हेपतुल्ला	3
8602	प्रस्थान	3
8603	नज़दीक	3
8604	थोक	3
8605	जुर्माने	3
8606	लुढ़क	3
8607	पापुआ	3
8608	गिनी	3
8609	शोरशराबे	3
8610	धमकाने	3
8611	अकसर	3
8612	अखाड़े	3
8613	गिरि	3
8614	सहन	3
8615	छपे	3
8616	वाहक	3
8617	गोदी	3
8618	लैंगिक	3
8619	ध्वस्त	3
8620	अपारंपरिक	3
8621	रीमिक्स	3
8622	ट्यून	3
8623	प्रोडक्शन	3
8624	अरावली	3
8625	रोनाल्ड	3
8626	भूमंडलीकरण	3
8627	प्राथमिकी	3
8628	मेहरा	3
8629	धरे	3
8630	हैँ	3
8631	अड़ियल	3
8632	कामाख्या	3
8633	योनि	3
8634	गोबिंद	3
8635	गंवा	3
8636	मारगांव	3
8637	मैड्रिड	3
8638	निरूपण	3
8639	एक्सटेंशन	3
8640	भिवानी	3
8641	सबस्टेशन	3
8642	गारंटर	3
8643	बयां	3
8644	रंजीत	3
8645	कंप्यूटरीकृत	3
8646	अभय	3
8647	विशाखा	3
8648	रिवर	3
8649	छापामारों	3
8650	ढूंढा	3
8651	मल्टीमीडिया	3
8652	सेमीनार	3
8653	झुमरा	3
8654	लोहिया	3
8655	शीशा	3
8656	कुरुक्षेत्र	3
8657	सिक्का	3
8658	पराशर	3
8659	दासमुंशी	3
8660	उधारी	3
8661	खासियत	3
8662	डेनियल	3
8663	पहुंचाई	3
8664	किचन	3
8665	चढ़ा	3
8666	सुगंध	3
8667	नागपुर	3
8668	शराबा	3
8669	जुम्मे	3
8670	मत्स्य	3
8671	कूलने	3
8672	पर्व	3
8673	क़रीब	3
8674	आँसू	3
8675	मार्गदर्शन	3
8676	संन्यासिन	3
8677	बॉस	3
8678	मैनकिन	3
8679	पड़ोसियों	3
8680	बैठेंगे	3
8681	खाँ	3
8682	मुबंई	3
8683	करारा	3
8684	गुप्तचरों	3
8685	ढके	3
8686	बुखारी	3
8687	भावनाएं	3
8688	पारगमन	3
8689	फीचर	3
8690	किपलिंग	3
8691	अपनाए	3
8692	ग्रीनहाउस	3
8693	उत्तरदायी	3
8694	मेमन	3
8695	सरोवर	3
8696	नाथपा	3
8697	बदलकर	3
8698	ढूंढ़	3
8699	सालाकाटी	3
8700	श्रेष्ठ	3
8701	वर्णमाला	3
8702	बाबर	3
8703	कृपा	3
8704	तूफानों	3
8705	पड़ा	3
8706	ऑगस्टाइन	3
8707	समुद्रतट	3
8708	प्रतिबिंबित	3
8709	प्रणोदक	3
8710	साम्राज्ञी	3
8711	ऐस	3
8712	हृदय	3
8713	कुलकर्णी	3
8714	ठगा	3
8715	पहचानी	3
8716	अबरोल	3
8717	स्वामीनाथन	3
8718	फासिस्ट	3
8719	पॉप	3
8720	अबु	3
8721	उबालकर	3
8722	बर्नार्डिनो	3
8723	योगेंद्र	3
8724	आंका	3
8725	आँकी	3
8726	भविष्यवाणियों	3
8727	पीएमएल	3
8728	प्रीमियम	3
8729	सॉफ्टवेयर	3
8730	ट्रांसफर	3
8731	ऋषि	3
8732	प्रत्यारोपण	3
8733	संस्कारों	3
8734	श्रीमान	3
8735	कमांडरों	3
8736	दिलीप	3
8737	रेपो	3
8738	एचडीएफसी	3
8739	मासूम	3
8740	समीरा	3
8741	भ्रामक	3
8742	केबिन	3
8743	पैड	3
8744	सैनॉबक्टिरियम	3
8745	जगाने	3
8746	इज़राइल	3
8747	पीए	3
8748	तुरा	3
8749	रणधीर	3
8750	हर्ट्ज	3
8751	हिचकॉक	3
8752	हथियारबंद	3
8753	आजकल	3
8754	ढीली	3
8755	सुझावों	3
8756	भयानक	3
8757	अफवाह	3
8758	ऋणों	3
8759	चेहरों	3
8760	कंबल	3
8761	मैराथन	3
8762	महाधिवक्ता	3
8763	गलियों	3
8764	प्रदेशाध्यक्ष	3
8765	सदुपयोग	3
8766	गिरफ़्तारी	3
8767	सूखी	3
8768	ट्रोजन	3
8769	लौटकर	3
8770	राष्ट्रपतियों	3
8771	रस	3
8772	कुलगाम	3
8773	बिलाल	3
8774	बांस	3
8775	नक्काशीदार	3
8776	झरोखे	3
8777	थ्योरी	3
8778	बकाया	3
8779	हुमांयू	3
8780	बेरुखी	3
8781	साबरमती	3
8782	क्रिस्चियन	3
8783	खोजे	3
8784	सुनाए	3
8785	बापू	3
8786	राजवंशों	3
8787	रिवाज	3
8788	विवाहित	3
8789	आर्थर	3
8790	राजशाही	3
8791	भरना	3
8792	अवयस्क	3
8793	कूड़े	3
8794	टाइगर	3
8795	भूतल	3
8796	वैलेंटिनो	3
8797	उपकेंद्रों	3
8798	बक्सर	3
8799	दीवाली	3
8800	दीजिए	3
8801	हॉक	3
8802	एजेटी	3
8803	एसएलपी	3
8804	एपिसोड	3
8805	भूटान	3
8806	चिह्नित	3
8807	हताश	3
8808	राजबीर	3
8809	तामील	3
8810	ओरलैंडों	3
8811	वस्तुएँ	3
8812	संरक्षक	3
8813	काबिज	3
8814	कमाया	3
8815	जिन्हे	3
8816	वर्क्‍स	3
8817	जेहादियों	3
8818	मि	3
8819	रोस	3
8820	शुचिता	3
8821	लेफ़ेवरे	3
8822	सम्पूर्ण	3
8823	जुआ	3
8824	अपांग	3
8825	धमकाया	3
8826	मलाल	3
8827	शास्त्री	3
8828	कतरा	3
8829	स्पा	3
8830	अख़बार	3
8831	हॉलों	3
8832	डब्लूटीओ	3
8833	हॉंगकॉंग	3
8834	गिरिराज	3
8835	नायब	3
8836	तंबाकू	3
8837	खेमें	3
8838	भूख	3
8839	राग	3
8840	अधर	3
8841	भेजेंगे	3
8842	बढ़े	3
8843	लपेटे	3
8844	सोसायटी	3
8845	देवीलाल	3
8846	तरलोचन	3
8847	धर्मस्थल	3
8848	पायी	3
8849	बिरला	3
8850	बैरक	3
8851	वजूद	3
8852	फ्रेडरिक	3
8853	तानाशाह	3
8854	रस्तोगी	3
8855	समयरेखा	3
8856	स्टॉफ	3
8857	बाकायदा	3
8858	ईडीसी	3
8859	काटा	3
8860	एलओसी	3
8861	चैट	3
8862	रंगराजन	3
8863	झंडा	3
8864	बारात	3
8865	रेक्टर	3
8866	तल्ख	3
8867	मोहसिना	3
8868	किदवई	3
8869	अर्ध	3
8870	पदभार	3
8871	थिंग्स	3
8872	पुन	3
8873	सारांश	3
8874	लहराते	3
8875	जखीरा	3
8876	रेलनेट	3
8877	अन्नम	3
8878	वॉकी	3
8879	दोगुना	3
8880	शिल्प	3
8881	स्वीकार्य	3
8882	गिनती	3
8883	शौक	3
8884	चाइल्ड	3
8885	देवता	3
8886	पैठ	3
8887	मालाबार	3
8888	हालातों	3
8889	सट्टेबाजों	3
8890	साड़ी	3
8891	सीएलपी	3
8892	बाईपास	3
8893	बॉंबे	3
8894	बाल्कन	3
8895	बुद्धिजीवी	3
8896	गर्भ	3
8897	हिदायतनामे	3
8898	हत्याएं	3
8899	ख़ुफिया	3
8900	मिग	3
8901	जूझना	3
8902	आधुनिकता	3
8903	जेहाद	3
8904	सेंटीग्रेट	3
8905	बोलते	3
8906	यूएनएलएफ	3
8907	हाईपर	3
8908	प्रतिमाएँ	3
8909	वार्ताकार	3
8910	टुकड़ियों	3
8911	इल्सनर	3
8912	यूटीएन	3
8913	आणविक	3
8914	विवश	3
8915	बुराई	3
8916	कल्याणार्थ	3
8917	कैरोलिन	3
8918	उतारू	3
8919	पर्चे	3
8920	खेमों	3
8921	ड्रेंगोट	3
8922	दिखे	3
8923	स्वीकारोक्ति	3
8924	बोर्ते	3
8925	परिवर्तनों	3
8926	मिशिमा	3
8927	शिद्दत	3
8928	क्रिस	3
8929	बर्गन	3
8930	असंतोष	3
8931	मरीज़ों	3
8932	वास्तुकार	3
8933	पहुंचाना	3
8934	सेक्शनल	3
8935	बाइलेटेरिआ	3
8936	फ़ायला	3
8937	जावेद	3
8938	बैरी	3
8939	अनुकूलित	3
8940	अभिग्राहक	3
8941	एंटीजन	3
8942	पर्यावरणीय	2
8943	ओज़ोन	2
8944	क्योटो	2
8945	प्रभुनाथ	2
8946	एलेन	2
8947	खामी	2
8948	त्रिलोकी	2
8949	भांप	2
8950	पहनाने	2
8951	फ्रिगेट	2
8952	एलआईसी	2
8953	सम्मिलित	2
8954	एआरटी	2
8955	पुग	2
8956	बढ़ोतरी	2
8957	बेहाल	2
8958	अनावश्यक	2
8959	शेरनाज़	2
8960	भूगर्भ	2
8961	मुकरने	2
8962	सेंटीमीटर	2
8963	कादिर	2
8964	संलग्न	2
8965	जनसांख्यिकीय	2
8966	बोकारो	2
8967	जेबारी	2
8968	एड	2
8969	सरोज	2
8970	मुजाहिद्दीन	2
8971	असमंजस	2
8972	निर्वाह	2
8973	नामदेव	2
8974	ढसाल	2
8975	एचीवमेंट	2
8976	विद्यमान	2
8977	ब्यूटी	2
8978	विक्षोभ	2
8979	बरसा	2
8980	माई	2
8981	समतल	2
8982	तराई	2
8983	कोचीन	2
8984	त्रिवेंद्रम	2
8985	डीन	2
8986	मोल	2
8987	अंसतुष्ट	2
8988	चढ़ाया	2
8989	सलिल	2
8990	संबध	2
8991	लाभान्वित	2
8992	देवगन	2
8993	थ्रिलर	2
8994	सूदूर	2
8995	सखालिन	2
8996	चेकोस्लोवाकिया	2
8997	पैमाइश	2
8998	प्रशासकों	2
8999	बलराम	2
9000	गोलाबारूद	2
9001	महासागरों	2
9002	गाते	2
9003	डाक्टरों	2
9004	जटिंग	2
9005	लातूर	2
9006	अस्थि	2
9007	लेटेक्स	2
9008	रबर	2
9009	मद	2
9010	बढ़ता	2
9011	बौद्धों	2
9012	नामोनिशान	2
9013	हेलीकॉप्टरों	2
9014	महम	2
9015	डॉक्टर्स	2
9016	घराने	2
9017	सदमे	2
9018	सर्वेयर	2
9019	ओलंपिक	2
9020	वादाखिलाफी	2
9021	रंगदारी	2
9022	गुरुग्रंथ	2
9023	संतों	2
9024	तात्पर्य	2
9025	पॉलिटेक्निक	2
9026	गुड	2
9027	फिसड्डी	2
9028	गणशंकरन	2
9029	संभागों	2
9030	बलुआ	2
9031	भाटी	2
9032	जैसल	2
9033	उन्‍होंने	2
9034	चिढ़	2
9035	वोटरों	2
9036	इत्तफाक	2
9037	लहू	2
9038	लुहान	2
9039	प्रकाशक	2
9040	सियालदह	2
9041	कंपोजिट	2
9042	मैटेरियल	2
9043	यूनीसेफ	2
9044	कोहली	2
9045	हफीजा	2
9046	बदली	2
9047	उन्मुख	2
9048	लम्बा	2
9049	बेअदबी	2
9050	कोरोना	2
9051	किसके	2
9052	ज्यादतियों	2
9053	रगड़	2
9054	एनसीईआरटी	2
9055	बैंडों	2
9056	माप	2
9057	मापन	2
9058	राज़ी	2
9059	कासिम	2
9060	आसवन	2
9061	औषधि	2
9062	उपचारों	2
9063	बिरूनी	2
9064	मूल्यवान	2
9065	कर्तव्यों	2
9066	कैनन	2
9067	काहिरा	2
9068	यंगर	2
9069	ऑक्साइड	2
9070	सोडियम	2
9071	कार्बोनेट	2
9072	पोटेशियम	2
9073	तांबे	2
9074	कॉपर	2
9075	जहरीली	2
9076	आयोजकों	2
9077	मास्क	2
9078	थोरो	2
9079	विचलन	2
9080	हेडगेवार	2
9081	बचाते	2
9082	टेकनोलॉजी	2
9083	अनसुना	2
9084	तिरुअनंतपुरम	2
9085	रिसोर्स	2
9086	क्लिक	2
9087	सौंपना	2
9088	हवालात	2
9089	सिंडिकेट	2
9090	वेल्लूर	2
9091	शत्रु	2
9092	ड्रीम	2
9093	चप्पे	2
9094	ग्यात्सो	2
9095	संवर्धन	2
9096	सवारियों	2
9097	प्रेशर	2
9098	योगदानकर्ता	2
9099	ब्लेक	2
9100	टुमारो	2
9101	रोमांच	2
9102	लिखना	2
9103	कैमियो	2
9104	चिंताएं	2
9105	ठण्डा	2
9106	पीयरसन	2
9107	एनेक्सी	2
9108	सिपाहियों	2
9109	मठों	2
9110	स्ट्रैटिग्राफिक	2
9111	भूभौतिकीय	2
9112	उपसतह	2
9113	हाइड्रोकार्बन	2
9114	वूमेन	2
9115	पंचगनी	2
9116	एडिशनल	2
9117	हिला	2
9118	राधाकृष्णन	2
9119	मिजोरम	2
9120	हर्ज	2
9121	बांट	2
9122	कंधे	2
9123	धुबरी	2
9124	बोलकर	2
9125	जरिया	2
9126	तकनीक़ी	2
9127	उजामा	2
9128	अमानवीय	2
9129	काने	2
9130	मचल	2
9131	कॉमिक	2
9132	लिटिल	2
9133	दाएँ	2
9134	नेहरूवाद	2
9135	विषयक	2
9136	एंजियोग्राफी	2
9137	एमसीडी	2
9138	हथौड़े	2
9139	ठग	2
9140	उठते	2
9141	साहनी	2
9142	चतुराई	2
9143	शैला	2
9144	मलहोत्रा	2
9145	मोहब्बत	2
9146	कार्यशैली	2
9147	समस्तीपुर	2
9148	कपूरथला	2
9149	बाजवा	2
9150	क्रेमर	2
9151	हर्जल	2
9152	एनीमेशन	2
9153	डिनविडी	2
9154	टुकड़ी	2
9155	सामान्यतया	2
9156	फटते	2
9157	तटरक्षकों	2
9158	पांचजन्य	2
9159	प्रोविडेंट	2
9160	टूटकर	2
9161	बग़ैर	2
9162	बहुमंजिला	2
9163	बढ़ाते	2
9164	हाट	2
9165	सम्राटों	2
9166	मरणोपरान्त	2
9167	रेप्टाइल	2
9168	कोबरा	2
9169	घूस	2
9170	नजरिये	2
9171	वार्डो	2
9172	ताले	2
9173	हैंडसेट	2
9174	मिलान	2
9175	अल्पाइन	2
9176	जुटाई	2
9177	उड़ाकर	2
9178	जहाजरानी	2
9179	बालू	2
9180	सेनापति	2
9181	छतों	2
9182	बनारस	2
9183	सुंदरलाल	2
9184	स्तब्ध	2
9185	एसॉल्ट	2
9186	मैगजीन	2
9187	आईइडी	2
9188	स्‍थापित	2
9189	राधा	2
9190	चुस्त	2
9191	चम्पा	2
9192	विकेटकीपर	2
9193	आस्ट्रिया	2
9194	सीबीएस	2
9195	आर्काइव	2
9196	संवर्द्धन	2
9197	मध्यस्थ	2
9198	उद्यमों	2
9199	एयरलाइनों	2
9200	अपारदर्शिता	2
9201	आस्ट्रेलियन	2
9202	लाठी	2
9203	प्रवास	2
9204	फूलचट्टी	2
9205	प्रोड्यूसर	2
9206	सेंचुरी	2
9207	जोधपुर	2
9208	दुविधा	2
9209	मिलर	2
9210	आक्रामकता	2
9211	कॉर्नरबैक	2
9212	टचडाउन	2
9213	डाउन	2
9214	कोतवाली	2
9215	कांवड़	2
9216	इथियोपिया	2
9217	दिखती	2
9218	पहनें	2
9219	डीम्ड	2
9220	ऑडिटर	2
9221	समाहित	2
9222	दस्तों	2
9223	सीजीएचएस	2
9224	परम्परागत	2
9225	करतब	2
9226	संधू	2
9227	गॉडफादर	2
9228	बनाएं	2
9229	प्रभार	2
9230	दौड़ते	2
9231	गवर्नमेंट	2
9232	मजहबी	2
9233	दफनाया	2
9234	तिहाड़	2
9235	जमावड़ा	2
9236	तटरक्षक	2
9237	टारगेट	2
9238	फैलकर	2
9239	थमी	2
9240	बढ़ई	2
9241	टाकेयो	2
9242	एंजेल	2
9243	थिलौड	2
9244	मल	2
9245	लम्बाई	2
9246	दोहराने	2
9247	बेसनगर	2
9248	भरण	2
9249	गठिया	2
9250	कच्चा	2
9251	रूपर्ट	2
9252	मरडोक	2
9253	हैबिटैट	2
9254	बेबी	2
9255	सत्यवीर	2
9256	पिंकी	2
9257	ट्रेवल	2
9258	एलटीए	2
9259	घाव	2
9260	बुझाने	2
9261	सिंहासन	2
9262	मोहल्लों	2
9263	राजनायिकों	2
9264	मोनाजिर	2
9265	बरसों	2
9266	बरस	2
9267	सोची	2
9268	एप	2
9269	कादेश	2
9270	रैमसेस	2
9271	मंत्रोच्चार	2
9272	बैटरी	2
9273	दस्तावेजी	2
9274	दिल्‍ली	2
9275	एफीशेंसी	2
9276	बाजा	2
9277	डबल्यू	2
9278	बुग्याल	2
9279	पढ़कर	2
9280	लोनावाड़ा	2
9281	सेलुलर	2
9282	साक्षी	2
9283	डाक्टर	2
9284	रेणु	2
9285	नौकर	2
9286	जुर्म	2
9287	छुट्टियाँ	2
9288	पढ़ना	2
9289	अवास्तविक	2
9290	परिस्थिति	2
9291	कोंडोलिजा	2
9292	बेलदार	2
9293	पंप	2
9294	सर्वोपरि	2
9295	फलस्वरूप	2
9296	दिमासा	2
9297	नेग्रोपोंटे	2
9298	मुतवल्ली	2
9299	दुर्घटनावश	2
9300	इमरोज	2
9301	स्काउट	2
9302	मंत्रमुग्ध	2
9303	शीशराम	2
9304	दबी	2
9305	चिंगारी	2
9306	एसडीएम	2
9307	बेहुरिया	2
9308	सिकरिया	2
9309	घनमीटर	2
9310	डोमेनिको	2
9311	खरी	2
9312	खर्चे	2
9313	जोलियट	2
9314	सीआरपीसी	2
9315	माली	2
9316	पारेख	2
9317	मार्को	2
9318	सीज़र	2
9319	दुश्मनों	2
9320	मनोकामना	2
9321	खोलेंगे	2
9322	वास्ता	2
9323	विश्वव्यापी	2
9324	मातृभूमि	2
9325	ग्रूप	2
9326	जियोर्डी	2
9327	ब्रायन	2
9328	शोभा	2
9329	सौभाग्य	2
9330	मचाने	2
9331	बोले	2
9332	छिंदवाड़ा	2
9333	फोतेदार	2
9334	रैंकिन	2
9335	द्रव	2
9336	कंडेनसर	2
9337	उतारेगा	2
9338	प्रतिमाओं	2
9339	चश्मे	2
9340	फंडों	2
9341	मांगना	2
9342	बैगों	2
9343	नागपट्टिनम	2
9344	बनें	2
9345	सीखते	2
9346	ड्राफ़्ट	2
9347	कलेक्शन	2
9348	बरहामपुर	2
9349	उतारना	2
9350	यूएसबी	2
9351	मस्जिदों	2
9352	विमानपत्तन	2
9353	सियासत	2
9354	सटी	2
9355	दोहान	2
9356	न्यूरो	2
9357	बच्चियों	2
9358	वरियावा	2
9359	जलाशय	2
9360	करनैल	2
9361	भोगियों	2
9362	गिरी	2
9363	पैसों	2
9364	बोर्डो	2
9365	सूबेदार	2
9366	आलीशान	2
9367	फाइव	2
9368	टूर	2
9369	पाले	2
9370	ब्रॉड	2
9371	पर्वतीय	2
9372	तोपों	2
9373	झुठलाते	2
9374	भैरो	2
9375	बालासुब्रह्मण्यन	2
9376	चिप	2
9377	जालसाजी	2
9378	कमाए	2
9379	हाथरस	2
9380	पोलियोग्रस्त	2
9381	मांगते	2
9382	घृणा	2
9383	सांसारिक	2
9384	जीवनी	2
9385	बुढ़ापे	2
9386	देशवासियों	2
9387	नीलिगाम	2
9388	एचएमएस	2
9389	भेदिए	2
9390	जलील	2
9391	जिलानी	2
9392	मुकम्मल	2
9393	चूके	2
9394	मांडेवाला	2
9395	तटबंध	2
9396	उमेश	2
9397	कठपुतली	2
9398	डटे	2
9399	पूर्णकालिक	2
9400	परदे	2
9401	अजीज़	2
9402	अखनूर	2
9403	कूदने	2
9404	एकाधिकार	2
9405	आनुपातिक	2
9406	प्रतिगामी	2
9407	बनाम	2
9408	तहकीकात	2
9409	अमूमन	2
9410	पड़ीं	2
9411	अल्फांसो	2
9412	पथिक	2
9413	पालकी	2
9414	बूटासिंह	2
9415	खुशनूदा	2
9416	बहू	2
9417	लॉगबुक	2
9418	पेट	2
9419	किशनगंज	2
9420	तनख्वाह	2
9421	स्क्वॅड्रन	2
9422	एसयू	2
9423	नदियां	2
9424	रची	2
9425	रणदीप	2
9426	खूबी	2
9427	लाइव	2
9428	खुदा	2
9429	मशीनें	2
9430	ऑस्ट्रेलियन	2
9431	दृढ़	2
9432	आंगलांग	2
9433	राजू	2
9434	फ्लैग	2
9435	नाटककार	2
9436	इरकान	2
9437	कमरों	2
9438	भीनी	2
9439	अर्धा	2
9440	फजीहत	2
9441	प्रायोजन	2
9442	विजयवर्गीय	2
9443	अर्धशतक	2
9444	यूएसएआईडी	2
9445	अनाधिकृत	2
9446	मुलाकातियों	2
9447	सैटेलाइट	2
9448	उत्पादकों	2
9449	कैसी	2
9450	प्यारी	2
9451	पीएमओ	2
9452	अल्फा	2
9453	करियर	2
9454	फ़ोर्स्ड	2
9455	कोलमैन	2
9456	कार्नर	2
9457	इंड्युरेंस	2
9458	नाजिम	2
9459	ब्याह	2
9460	जलसे	2
9461	जन्मभूमि	2
9462	इंफ्रास्ट्रक्चर	2
9463	आउटलेटों	2
9464	ईद	2
9465	भाईचारे	2
9466	डीजी	2
9467	लैबोरेट्री	2
9468	लपटें	2
9469	चिल्लाना	2
9470	बेचैनी	2
9471	नज़दीकी	2
9472	मजबूरी	2
9473	कॉटन	2
9474	ऑडियो	2
9475	कैसेट	2
9476	एमसी	2
9477	योजनागत	2
9478	शानो	2
9479	आंसुओं	2
9480	समानताएं	2
9481	अनोखी	2
9482	अनिश्चित	2
9483	कालीन	2
9484	चंदेल	2
9485	बनवाए	2
9486	अजीम	2
9487	अवज्ञाकर्ताओं	2
9488	संघटित	2
9489	दूसरों	2
9490	एलएलबी	2
9491	दागा	2
9492	बरतनी	2
9493	यात्राएं	2
9494	कारखानों	2
9495	गियर	2
9496	मुरलीधर	2
9497	लानी	2
9498	रिफाइनरी	2
9499	समझदारी	2
9500	शत्रुघ्न	2
9501	एरिक	2
9502	आईएमसी	2
9503	कॉर्पोरेट	2
9504	नग्न	2
9505	रुद्र	2
9506	मतगणना	2
9507	संगीतमय	2
9508	रणजीत	2
9509	गली	2
9510	फंसा	2
9511	मांगें	2
9512	आवासों	2
9513	एर्गनज़नशूलेन	2
9514	पोषित	2
9515	बोलता	2
9516	बहुप्रतीक्षित	2
9517	कड़ाह	2
9518	खलफान	2
9519	विरोधाभासी	2
9520	फसलें	2
9521	हफीज़ा	2
9522	प्रतिचि	2
9523	आफताब	2
9524	होनेवाली	2
9525	बिश्वास	2
9526	मालदा	2
9527	घनी	2
9528	सलवा	2
9529	हटकर	2
9530	आइए	2
9531	अंग्रेज	2
9532	थिक्से	2
9533	एसईजेड	2
9534	आरकेपुरम	2
9535	फिसलन	2
9536	देशद्रोही	2
9537	माधवन	2
9538	एलायंस	2
9539	छत्रपति	2
9540	शातिर	2
9541	पहुंचीं	2
9542	राजपुरा	2
9543	पाँव	2
9544	भैरव	2
9545	खटाल	2
9546	गाय	2
9547	भैंस	2
9548	माराडिगा	2
9549	इटैलियन	2
9550	बदलेगी	2
9551	कॅलिंगवुड	2
9552	मनोरंजक	2
9553	लू	2
9554	बंगलादेशी	2
9555	जेलर	2
9556	भोला	2
9557	अकादमिक	2
9558	डाउनटाउन	2
9559	कैम्ब्रिज	2
9560	मर्यादित	2
9561	लचीलापन	2
9562	फलूजा	2
9563	निकटतम	2
9564	बैठती	2
9565	जेफ	2
9566	बरताव	2
9567	नामांकित	2
9568	लेडी	2
9569	सांकेतिक	2
9570	गुस्साई	2
9571	कृत्य	2
9572	जुलता	2
9573	घसीटने	2
9574	मचाई	2
9575	मर्सिडीज	2
9576	डायरी	2
9577	निवेदक	2
9578	उद्यम	2
9579	दबदबा	2
9580	धीरुभाई	2
9581	मुनाबाव	2
9582	खोखरापार	2
9583	मुकदमें	2
9584	नकारने	2
9585	थमा	2
9586	ईको	2
9587	सता	2
9588	वक्ताओं	2
9589	माफ़ी	2
9590	बदरपुर	2
9591	कैफेटेरिया	2
9592	बंदूकें	2
9593	वाल्मीकि	2
9594	रामलाल	2
9595	बॉबी	2
9596	लीगल	2
9597	स्टडी	2
9598	बाध्यता	2
9599	इंटीरियर	2
9600	नीयत	2
9601	अपवित्र	2
9602	इमामबाड़ा	2
9603	अर्धसैनिक	2
9604	अनुपस्थित	2
9605	हस्तांतरित	2
9606	राशियों	2
9607	जुटाए	2
9608	जर्निशन	2
9609	मध्‍य	2
9610	नैसर्गिक	2
9611	अभिभूत	2
9612	इसाई	2
9613	संजीवनी	2
9614	बूटी	2
9615	समझाना	2
9616	नुक्ताचीनी	2
9617	राडार	2
9618	उकसाया	2
9619	सोनू	2
9620	पूनम	2
9621	सीकरी	2
9622	पंचमी	2
9623	विकलांगों	2
9624	पडेगा	2
9625	सूबे	2
9626	आईएसएस	2
9627	माशेकर	2
9628	संलिप्त	2
9629	फैन	2
9630	बीएनएचएस	2
9631	काफिला	2
9632	करवाते	2
9633	धूलकणों	2
9634	अंबुमणि	2
9635	सगे	2
9636	ओलाफुर	2
9637	ग्रिमसन	2
9638	सहिष्णुता	2
9639	रग्बी	2
9640	चाँदनी	2
9641	विधिवत	2
9642	पूजन	2
9643	छपाई	2
9644	पहुँचेगा	2
9645	वायुसैनिकों	2
9646	दिखना	2
9647	उत्तरार्ध	2
9648	एडवेंचर	2
9649	मंचीय	2
9650	प्रासंगिक	2
9651	अनुसंधानकर्ताओं	2
9652	मंत्रिमंडलीय	2
9653	संभाले	2
9654	भंडारी	2
9655	उड़ाते	2
9656	जोड़ना	2
9657	जानबूझ	2
9658	मारन	2
9659	उदघाटन	2
9660	बिजनेसमैन	2
9661	पारिकर	2
9662	एंथ्रेक्स	2
9663	पांडेमिक	2
9664	संक्रामक	2
9665	मध्ययुगीन	2
9666	चूहों	2
9667	फैलना	2
9668	ट्रांसमिशन	2
9669	बुबोनिक	2
9670	विषाक्तता	2
9671	न्यूमोनिक	2
9672	उपहारों	2
9673	फार्मूले	2
9674	मिलिटरी	2
9675	करंट	2
9676	अफेयर्स	2
9677	फ्रैंक	2
9678	साह	2
9679	बीआईएस	2
9680	गुरेज	2
9681	फोटोग्राफरों	2
9682	रम्सफील्ड	2
9683	अंतरिक्षयात्रियों	2
9684	छिन्न	2
9685	आएं	2
9686	मुलाजिम	2
9687	बजा	2
9688	अभिन्न	2
9689	भौमिक	2
9690	वैसी	2
9691	छोड़	2
9692	शौरी	2
9693	सुपुर्द	2
9694	करुणाकरन	2
9695	कुंभकरण	2
9696	एबॉट्सफोर्ड	2
9697	सिरमौर	2
9698	बैजनाथ	2
9699	कयास	2
9700	खींचना	2
9701	विद्युतीकरण	2
9702	एसआरएफ	2
9703	ओम	2
9704	दुष्यंत	2
9705	नीली	2
9706	आँखों	2
9707	यूनिवर्स	2
9708	वेगा	2
9709	दानिश	2
9710	मुशर्रफ़	2
9711	तुषार	2
9712	उखाड़ने	2
9713	मैत्रीपूर्ण	2
9714	नशे	2
9715	लगनी	2
9716	अलंकृत	2
9717	इंश्योरेंस	2
9718	गाज	2
9719	दुर्भावनाओं	2
9720	बिठाया	2
9721	कायदे	2
9722	बिमला	2
9723	थक	2
9724	राजपरिवार	2
9725	देतीं	2
9726	पार्श्व	2
9727	प्रसंस्करण	2
9728	रुकती	2
9729	सफाया	2
9730	शिकायतकर्ता	2
9731	नोटों	2
9732	बारीकियों	2
9733	मकबरों	2
9734	पुरातत्वविदों	2
9735	नवरात्र	2
9736	रिकार्डों	2
9737	युद्धपीड़ितों	2
9738	स्वभाव	2
9739	महिलाएँ	2
9740	फ़ायदा	2
9741	पंजाबियों	2
9742	फाल्ट	2
9743	बागडोर	2
9744	मुख्यालयों	2
9745	महाराज	2
9746	औपचारिकताएं	2
9747	मीना	2
9748	परोसने	2
9749	चोपता	2
9750	संकाय	2
9751	बोर	2
9752	नर्सिंग	2
9753	इंतज़ार	2
9754	शशिकांत	2
9755	मतपेटियों	2
9756	स्याही	2
9757	गनर	2
9758	निरंजन	2
9759	सेक्रेटरी	2
9760	नतीजतन	2
9761	पीयर	2
9762	विनिर्देशों	2
9763	विनियमों	2
9764	सविता	2
9765	शारदा	2
9766	नाला	2
9767	अलप्पड	2
9768	केपटाउन	2
9769	पालिका	2
9770	प्लस	2
9771	सीईटी	2
9772	मोरिकोन	2
9773	निकोलाई	2
9774	लेखों	2
9775	शिकंजे	2
9776	उपजे	2
9777	सर्वसम्मत	2
9778	चाबी	2
9779	हुसैनीवाला	2
9780	कैटेलेनो	2
9781	साइड	2
9782	एवेन्यू	2
9783	नवनिर्मित	2
9784	निकलीं	2
9785	विशिष्‍ट	2
9786	परवाह	2
9787	रमेशनाथ	2
9788	लालसा	2
9789	बलविंदर	2
9790	ब्लू	2
9791	कंसास	2
9792	उदासीन	2
9793	एंटीबायोटिक्स	2
9794	झांसे	2
9795	चमोली	2
9796	उत्तरकाशी	2
9797	अर्द्ध	2
9798	प्रभागीय	2
9799	वनाधिकारी	2
9800	बैनर्जी	2
9801	एआई	2
9802	पक्का	2
9803	वानिकी	2
9804	शार्क	2
9805	फोर	2
9806	साहेल	2
9807	मार्टिना	2
9808	नवरातिलोवा	2
9809	धर्मनिरपेक्षता	2
9810	कुर्बानी	2
9811	आंतकवाद	2
9812	सूखाग्रस्त	2
9813	कर्ण	2
9814	पोशाक	2
9815	आउटफिट	2
9816	बचते	2
9817	बोलबाला	2
9818	नेस	2
9819	जूरी	2
9820	अल्जेब्रा	2
9821	इंफाइनाइट	2
9822	हालचाल	2
9823	महापात्रा	2
9824	गिरफ्त	2
9825	जानकार	2
9826	ग्रोथ	2
9827	समझती	2
9828	उतरकर	2
9829	क्षमताओं	2
9830	कश्मीरियों	2
9831	फेलोशिप	2
9832	यमुनोत्री	2
9833	ब्लैंक	2
9834	चैक	2
9835	प्रिंटिंग	2
9836	जनरलों	2
9837	प्रोटेक्टर	2
9838	इमिग्रेंट	2
9839	बंटे	2
9840	सिंगल	2
9841	ऑरेंज	2
9842	बेकर्सफील्ड	2
9843	ओंटारियो	2
9844	पैकेटों	2
9845	कार्यक्षमता	2
9846	गुरमेल	2
9847	उभरती	2
9848	शाकिर	2
9849	चर्चों	2
9850	सांडिआ	2
9851	लेबोरेटरीज	2
9852	आबंटित	2
9853	स्टेटस	2
9854	निकलती	2
9855	बदलावों	2
9856	चेचेन	2
9857	कलपुर्जे	2
9858	वक्र	2
9859	पिकेटी	2
9860	प्रणालियां	2
9861	इंडोसिम्बोटिक	2
9862	स्थानांतरण	2
9863	क्रोमलवियोलेट	2
9864	उदाहरणार्थ	2
9865	डायटोम	2
9866	लाभदायक	2
9867	ईसवी	2
9868	मीनारों	2
9869	बिजलीघरों	2
9870	निशानी	2
9871	वाल्टर	2
9872	बचाए	2
9873	आलोचनाओं	2
9874	जागृत	2
9875	पसार	2
9876	हेडर	2
9877	आईपी	2
9878	प्रदाता	2
9879	आईएसपी	2
9880	हेल्पलाइन	2
9881	जांचकर्ता	2
9882	शिकायती	2
9883	राघवेंद्र	2
9884	अवनी	2
9885	टोबैको	2
9886	डीएई	2
9887	भाभा	2
9888	प्रायोजित	2
9889	खटखटाना	2
9890	रुकेगी	2
9891	डाकघर	2
9892	डिशों	2
9893	व्यंजनों	2
9894	शंघाई	2
9895	डेंग्याई	2
9896	छिला	2
9897	वास्तविकता	2
9898	लालटेन	2
9899	बोरिया	2
9900	बिस्तर	2
9901	बीसवीं	2
9902	भूजा	2
9903	संकेतों	2
9904	दबिश	2
9905	आदतन	2
9906	केन्याटा	2
9907	गड्ढे	2
9908	चाही	2
9909	नेटवर्कों	2
9910	स्पेलिंग	2
9911	एंजेल्स	2
9912	हैप्पी	2
9913	डेज़	2
9914	सफलताओं	2
9915	स्पिनऑफ़	2
9916	बाजपेयी	2
9917	एथेंस	2
9918	लोकेश्वर	2
9919	पांटा	2
9920	आमूल	2
9921	कनेक्टिविटी	2
9922	कक्षाओं	2
9923	तकरीर	2
9924	कंवेंशन	2
9925	इमरान	2
9926	रेस्तरां	2
9927	खोलेगा	2
9928	उद्गम	2
9929	गिरती	2
9930	शाहगंज	2
9931	कोंडोलीजा	2
9932	लॉकअप	2
9933	छापी	2
9934	गीता	2
9935	सेल्टिक	2
9936	आयरिश	2
9937	प्लेस	2
9938	अलबर्ट	2
9939	सिग्नल	2
9940	व्यापकता	2
9941	ख़ुफ़िया	2
9942	टिब्बा	2
9943	पंजाल	2
9944	अनुराग	2
9945	मैसेंजर	2
9946	अधिकारिक	2
9947	गोलवल्कर	2
9948	जन्मशती	2
9949	पौराणिक	2
9950	सिंहों	2
9951	अहलूवालिया	2
9952	व्यवसायियों	2
9953	तत्वाधान	2
9954	आटो	2
9955	खंभे	2
9956	सुसज्जित	2
9957	यावर	2
9958	अंबार	2
9959	गुनाह	2
9960	शर्मिला	2
9961	निरंकुश	2
9962	नाइन	2
9963	जोड़ी	2
9964	टेक्सास	2
9965	सजीव	2
9966	सुनहरे	2
9967	मुकुट	2
9968	मुस्लमान	2
9969	मायूसी	2
9970	ओंगी	2
9971	राणे	2
9972	झड़पों	2
9973	कागज़ी	2
9974	हक़ीकत	2
9975	मोटेरा	2
9976	इरादे	2
9977	उतरेगा	2
9978	पंचतरणी	2
9979	स्पीडो	2
9980	हार्बर	2
9981	ट्रिप	2
9982	भूलिएगा	2
9983	अनुपलब्धता	2
9984	पेंटिंग	2
9985	अत्‍यंत	2
9986	खाक	2
9987	सार्वजानिक	2
9988	जिम्मेदारियां	2
9989	अन्तर्राष्ट्रीय	2
9990	सुमैया	2
9991	गोलवलकर	2
9992	डब्लूटीए	2
9993	लेखी	2
9994	प्योंग्यांग	2
9995	बायोडाटा	2
9996	हैक	2
9997	जघन्य	2
9998	हक्सर	2
9999	बिगड़ती	2
10000	एटॉमिक	2
10001	बीटीसी	2
10002	वेदर	2
10003	पावेल	2
10004	सिटीजंस	2
10005	हिन्दुत्व	2
10006	अपवादों	2
10007	स्वाधीनता	2
10008	पर्दाफाश	2
10009	इज़ाफ़े	2
10010	चेयर	2
10011	तकनीशियनों	2
10012	योग्यता	2
10013	पेशेवरों	2
10014	कछुए	2
10015	चाहत	2
10016	बाउंड्रीवाल	2
10017	शिपिंग	2
10018	पंगु	2
10019	हेलीकॅप्टर	2
10020	मेहंदीरत्ता	2
10021	अहमदीनेजाद	2
10022	कोकू	2
10023	ताउ	2
10024	सीवर	2
10025	रिपोर्टिंग	2
10026	लदे	2
10027	जींद	2
10028	उदारीकरण	2
10029	ओआईसी	2
10030	मैनपुरी	2
10031	अतरौली	2
10032	होटल्स	2
10033	चुराकर	2
10034	निलम्बित	2
10035	न्यायसंगत	2
10036	प्रभात	2
10037	गतिविधियां	2
10038	पहाड़ियां	2
10039	अलॉट	2
10040	जनभावना	2
10041	कट्टरवाद	2
10042	सामंजस्य	2
10043	बैठाने	2
10044	अलताफ	2
10045	पाटने	2
10046	मददगार	2
10047	कैफ़	2
10048	गिटार	2
10049	वादक	2
10050	आधिपत्य	2
10051	ताल	2
10052	रोमांचक	2
10053	पर्त	2
10054	आईएलओ	2
10055	क्वेटा	2
10056	दंडनीय	2
10057	पिघल	2
10058	सभ्यताएं	2
10059	बसी	2
10060	उनपर	2
10061	अनिवार्यता	2
10062	स्पेनी	2
10063	निर्विवाद	2
10064	मधुर	2
10065	पार्लियामेंट	2
10066	कैंटीन	2
10067	इंगित	2
10068	अर्थात्	2
10069	दर्शनार्थ	2
10070	घटाए	2
10071	हड़बड़ी	2
10072	बैठीं	2
10073	महँगी	2
10074	क्रू	2
10075	सीडीआर	2
10076	मॉड्यूल	2
10077	स्पेससूट	2
10078	ईवीए	2
10079	हेलमेट	2
10080	सरफेस	2
10081	वाटर	2
10082	हैसियत	2
10083	पटैटो	2
10084	बारोंगप्पा	2
10085	हड्डी	2
10086	युद्घपोतों	2
10087	एसबीएम	2
10088	एनआईओ	2
10089	खगोल	2
10090	दोराब	2
10091	गोलबंदी	2
10092	कालांतर	2
10093	संप्रदायों	2
10094	उनमे	2
10095	वंशजों	2
10096	शुरूआती	2
10097	मिल्स	2
10098	रंगे	2
10099	दबाने	2
10100	प्रतिकार	2
10101	विहारों	2
10102	पत्तियां	2
10103	आरम्भ	2
10104	दोहराए	2
10105	लालुंग	2
10106	लहजे	2
10107	फेसबुक	2
10108	पणज़ी	2
10109	रंगारंग	2
10110	कार्निवाल	2
10111	मक्कू	2
10112	वृत्तांत	2
10113	पांचवां	2
10114	प्लाट	2
10115	सूर्यकुंड	2
10116	शिला	2
10117	फारस	2
10118	बढ़ी	2
10119	अड़ा	2
10120	परमाचार्य	2
10121	डलवाने	2
10122	पौधा	2
10123	श्रोताओं	2
10124	इसाक	2
10125	केयोदे	2
10126	आजमाया	2
10127	बरतते	2
10128	द्रव्यमान	2
10129	घोष	2
10130	उछाला	2
10131	अवकाशकालीन	2
10132	व्‍यवस्‍था	2
10133	चौड़ा	2
10134	रूंधी	2
10135	शोलाका	2
10136	शेरोंवाली	2
10137	परिधान	2
10138	ठिठक	2
10139	डीवीबी	2
10140	एमपीईजी	2
10141	एचडी	2
10142	मटेरियल	2
10143	स्ट्रीम	2
10144	ढहने	2
10145	मायका	2
10146	भ्रमित	2
10147	बिछा	2
10148	अमज़ोनिका	2
10149	अमज़ोनिया	2
10150	वर्षावन	2
10151	पेरू	2
10152	भूभाग	2
10153	सुपरसोनिक	2
10154	टहलीं	2
10155	रसायनों	2
10156	बोरी	2
10157	नाइट्रेट	2
10158	सीबीएमएस	2
10159	क्रान्तिकारी	2
10160	डीजीएचएस	2
10161	आरएस	2
10162	पुरा	2
10163	घुसपैठिए	2
10164	क्रिसमस	2
10165	चुरा	2
10166	सुपारीवालों	2
10167	स्माइल	2
10168	जुआन	2
10169	बारीकी	2
10170	टस	2
10171	मस	2
10172	माइबोंग	2
10173	थम	2
10174	छाये	2
10175	रचा	2
10176	परिश्रम	2
10177	सोलहवें	2
10178	राजाज्ञा	2
10179	प्रोटेस्टेंटवाद	2
10180	अठाहरवीं	2
10181	परगना	2
10182	विसंगतियों	2
10183	रामलीला	2
10184	कार्टून	2
10185	अभ्यासों	2
10186	इष्ट	2
10187	जागती	2
10188	चन्द्र	2
10189	सराहा	2
10190	ज़िक्र	2
10191	सर्विसेज	2
10192	एसी	2
10193	ट्रांजिशन	2
10194	निर्वर्तमान	2
10195	ख्याति	2
10196	मदर	2
10197	टेरेसा	2
10198	शमा	2
10199	अड़ंगा	2
10200	लीपा	2
10201	मुरारी	2
10202	धार	2
10203	सूत्रधार	2
10204	सैम	2
10205	बायकॉट	2
10206	नाना	2
10207	थानों	2
10208	व्यावहारिकता	2
10209	मानवयुक्त	2
10210	हिमायती	2
10211	हैंडीक्राफ्ट	2
10212	निवृत्त	2
10213	ट्रेसर	2
10214	टुटेजा	2
10215	लुकास	2
10216	एल्डर	2
10217	पेंटिंग्स	2
10218	शस्त्रों	2
10219	हनीमून	2
10220	भयावहता	2
10221	टेस्टामेंट	2
10222	पिलेट	2
10223	सत्रह	2
10224	केशुभाई	2
10225	यथार्थवादी	2
10226	हड़कंप	2
10227	एसएस	2
10228	ओवरों	2
10229	खोलते	2
10230	एमडीएमके	2
10231	कुम्हार	2
10232	नोंक	2
10233	भेजेगा	2
10234	छुपा	2
10235	बमों	2
10236	किलों	2
10237	स्पॉन्ज	2
10238	आरईएल	2
10239	घंटी	2
10240	शक्तिपीठ	2
10241	बताकर	2
10242	टेंट	2
10243	मिलिट्री	2
10244	टुकड़ियां	2
10245	फिनिश	2
10246	भरते	2
10247	संख्याओं	2
10248	अंकगणितीय	2
10249	अलार्म	2
10250	संकेतकों	2
10251	नियोक्ता	2
10252	कारें	2
10253	कारीगरी	2
10254	लटकती	2
10255	उल्टा	2
10256	पुरी	2
10257	अपनाती	2
10258	यूएनडीपी	2
10259	सुगम	2
10260	खामियां	2
10261	नमाज़	2
10262	खींचा	2
10263	लैगून	2
10264	सूख	2
10265	कलाओं	2
10266	झुग्गी	2
10267	नाइक	2
10268	कटा	2
10269	रोशन	2
10270	साइबेरिया	2
10271	फौजिया	2
10272	अनियमितताएं	2
10273	खिसकती	2
10274	मुनस्यारी	2
10275	फैसल	2
10276	गोंडा	2
10277	घनश्याम	2
10278	सदानंद	2
10279	धर्मेद्र	2
10280	सुलझाए	2
10281	सप्लायर्स	2
10282	एनएसजी	2
10283	इलीन	2
10284	लगाएगा	2
10285	खजाना	2
10286	रेस्ट	2
10287	तालिका	2
10288	डीएससी	2
10289	किलिमो	2
10290	बोलती	2
10291	लांघ	2
10292	पूंजीपतियों	2
10293	बलबीर	2
10294	पुंज	2
10295	दूरदर्शन	2
10296	आरपीओ	2
10297	इनपुट	2
10298	सुलझाया	2
10299	सैन्यकरण	2
10300	स्टाइल	2
10301	थाम	2
10302	इनामी	2
10303	कमलेश्वर	2
10304	दिखाएगा	2
10305	वेद	2
10306	कागजों	2
10307	चलन	2
10308	ईजाद	2
10309	जय	2
10310	समन्वित	2
10311	गैसोलीन	2
10312	लीलावती	2
10313	निर्भरता	2
10314	मनोबल	2
10315	पंच	2
10316	झूठ	2
10317	ताम्र	2
10318	एड़ी	2
10319	सगी	2
10320	आवा	2
10321	वजाहत	2
10322	शैलियों	2
10323	सारीनेन	2
10324	अनुबंधित	2
10325	बेल	2
10326	कॉम्प्लेक्स	2
10327	एडमिनिस्ट्रेशन	2
10328	स्टोन	2
10329	अपडेट	2
10330	कॉमन	2
10331	संग्रहण	2
10332	रिलीफ	2
10333	चयनसमिति	2
10334	अख्तियार	2
10335	असावटी	2
10336	सस्ती	2
10337	हांसी	2
10338	खिल	2
10339	सेड	2
10340	कल्पनाशील	2
10341	विवेकपूर्ण	2
10342	तर्कसंगत	2
10343	शस्त्र	2
10344	नजरों	2
10345	भुलाने	2
10346	डेन्यूब	2
10347	रोमानिया	2
10348	युक्रेन	2
10349	एनआईएफ	2
10350	रवींद्र	2
10351	किरकिरी	2
10352	ज़्यादा	2
10353	स्कूटर्स	2
10354	रेजिमेंट	2
10355	बूंद	2
10356	तबका	2
10357	हवाईअड्डों	2
10358	वांग	2
10359	लड़ेगी	2
10360	म्यूज़	2
10361	आन	2
10362	बहती	2
10363	स्केल्ट	2
10364	ओमप्रकाश	2
10365	मल्टीफ्रेगरेंस	2
10366	उतारी	2
10367	नजरंदाज	2
10368	सीड	2
10369	डाट्स	2
10370	हिज्ब	2
10371	ब्रश	2
10372	आँक	2
10373	चुकाई	2
10374	स्थगन	2
10375	टूल	2
10376	हामी	2
10377	मुख्त्यार	2
10378	बंधन	2
10379	वैश्वीकरण	2
10380	प्रिपेड	2
10381	स्टॉप	2
10382	दबा	2
10383	पलड़ा	2
10384	कैनानाइट	2
10385	बिठाने	2
10386	कौंडोलीजा	2
10387	सूंघ	2
10388	पराक्रम	2
10389	औऱ	2
10390	दिला	2
10391	चौपट	2
10392	सोशलिस्ट	2
10393	हिरण	2
10394	खस्ताहाल	2
10395	ऑथॉरिटी	2
10396	डीए	2
10397	डालेगी	2
10398	रघुनाथ	2
10399	मजूदरों	2
10400	सचमुच	2
10401	बताएं	2
10402	फकीर	2
10403	दुर्घटनाओं	2
10404	अनाया	2
10405	चौकसी	2
10406	डॉस	2
10407	तबतक	2
10408	चढ़ाने	2
10409	तारबंदी	2
10410	ओपनर	2
10411	बैलेंस	2
10412	डफी	2
10413	अमानत	2
10414	खयानत	2
10415	मिडिल	2
10416	कबूलने	2
10417	रोटरडैम	2
10418	नोज	2
10419	कीचड़	2
10420	मुट्ठी	2
10421	नुमाइंदा	2
10422	आकाओं	2
10423	जड़ें	2
10424	भोज्य	2
10425	अच्‍छा	2
10426	एहतियाती	2
10427	निरीक्षकों	2
10428	प्लेनेटोरियम	2
10429	हिन्दूवादी	2
10430	सूडान	2
10431	बांधा	2
10432	फोम	2
10433	हौज़री	2
10434	लाती	2
10435	बाशिंदों	2
10436	बेनामी	2
10437	जयकुमार	2
10438	जिन्दा	2
10439	मानो	2
10440	पढ़ता	2
10441	बलविंद्र	2
10442	सिमेन्थल	2
10443	कोशिकाएं	2
10444	संज्ञानात्मक	2
10445	मेलाटोनिन	2
10446	मोजमिर	2
10447	यूथ	2
10448	भूखे	2
10449	गीज़र	2
10450	सरमा	2
10451	ढिंग	2
10452	महानिदेशकों	2
10453	अर्से	2
10454	सेतु	2
10455	मनोरमा	2
10456	दबावों	2
10457	मोहर	2
10458	चलायी	2
10459	आईएएनएस	2
10460	विकेंद्रीकरण	2
10461	सुमन	2
10462	खोते	2
10463	राखी	2
10464	रूमा	2
10465	मुत्तहिदा	2
10466	मजलिस	2
10467	जलाया	2
10468	रोष	2
10469	सर्कुलर	2
10470	करजई	2
10471	फ्लिंटॅफ	2
10472	तांता	2
10473	गेगीन	2
10474	रूटीन	2
10475	दुरई	2
10476	शराबे	2
10477	कविताओं	2
10478	ठुकराए	2
10479	मुंडा	2
10480	बुलाना	2
10481	सिविलियन	2
10482	पीठासीन	2
10483	गुप्तकालीन	2
10484	विलेज	2
10485	खिले	2
10486	ट्यूलिप	2
10487	छटा	2
10488	निर्दलियों	2
10489	मेज	2
10490	थपथपाकर	2
10491	बेरोज़गार	2
10492	सुविधाजनक	2
10493	यश	2
10494	गुण	2
10495	तेरहवीं	2
10496	पद्घति	2
10497	तुरबी	2
10498	इस्लामवादी	2
10499	सेवारत	2
10500	बेल्ट	2
10501	चलाते	2
10502	जवाबदेही	2
10503	वेतनमान	2
10504	जम्हूरियत	2
10505	भूरि	2
10506	प्रायोजकों	2
10507	एहसान	2
10508	भान	2
10509	अपुलिया	2
10510	दर्शाने	2
10511	ग्लैडरेग्स	2
10512	सिगरेटों	2
10513	टेक्नालोजी	2
10514	कलक्ट्रेट	2
10515	सभागार	2
10516	डेबिट	2
10517	तिरुवनंतपुरम	2
10518	दूंगी	2
10519	रूल	2
10520	सहकर्मी	2
10521	ठुमके	2
10522	चढ़ाए	2
10523	संक्रांति	2
10524	सूर्योदय	2
10525	शर्म	2
10526	हाइडल	2
10527	कछुओं	2
10528	अठखेलियाँ	2
10529	पटुवों	2
10530	नथमल	2
10531	डाइऑक्साइड	2
10532	जर्सी	2
10533	कृति	2
10534	वीरभद्र	2
10535	रॉबसन	2
10536	गेट्स	2
10537	चाहने	2
10538	रामपुर	2
10539	पंक्ति	2
10540	बैरिकेड	2
10541	बमबारी	2
10542	जाली	2
10543	कद	2
10544	संप्रदाय	2
10545	रुप	2
10546	इंस्टीटयूट	2
10547	नेचुरल	2
10548	उखाड़कर	2
10549	इज़ाफा	2
10550	काँची	2
10551	आत्मकथा	2
10552	चाँदी	2
10553	कढ़ाई	2
10554	सीढ़ियाँ	2
10555	चौबारे	2
10556	असमां	2
10557	बसें	2
10558	हलकों	2
10559	शोरूम	2
10560	ज्ञानपीठ	2
10561	आरोग्य	2
10562	सीढ़ी	2
10563	हथगोले	2
10564	सुअर	2
10565	आनाकानी	2
10566	एयरजोन	2
10567	वायरल	2
10568	मंडराने	2
10569	ग्रंथों	2
10570	आख्यानों	2
10571	भूखंड	2
10572	बत्ती	2
10573	तैसे	2
10574	फिंगर	2
10575	शस्र	2
10576	किशतवाड़	2
10577	तहसील	2
10578	पाएंगी	2
10579	इरकॉन	2
10580	आरडीएस	2
10581	जयंत	2
10582	बाएँ	2
10583	लकवा	2
10584	नम्बर	2
10585	चीनियों	2
10586	कैलेंडर	2
10587	संप्रग	2
10588	प्रोग्रेसिव	2
10589	पोर्टल	2
10590	माथा	2
10591	कुँवर	2
10592	कुवैती	2
10593	फैक्ट्रियों	2
10594	क्षुब्ध	2
10595	टालते	2
10596	जुमला	2
10597	भग्नावशेष	2
10598	तथ्यात्मक	2
10599	विकट	2
10600	ग्लेन	2
10601	फ्रेड	2
10602	मेहरबान	2
10603	बटालियनों	2
10604	बुनियाद	2
10605	दीपांकर	2
10606	बिटस्ट्रिंग्स	2
10607	गणितीय	2
10608	ऑब्जेक्ट	2
10609	नज़दीक	2
10610	मैट्रिक्स	2
10611	गंदगी	2
10612	कसना	2
10613	दिशाओं	2
10614	पंथ	2
10615	पॉम्पी	2
10616	चारे	2
10617	नकारेपन	2
10618	अनुमानतः	2
10619	मांचू	2
10620	अमान्य	2
10621	विधिक	2
10622	पालम	2
10623	गुरूजी	2
10624	तान	2
10625	जोरों	2
10626	अग्निहोत्री	2
10627	आश्रय	2
10628	तत्त्वों	2
10629	ध्यानाकर्षण	2
10630	गोलियों	2
10631	केबीसी	2
10632	धारदार	2
10633	खींचती	2
10634	रोकते	2
10635	जायकेदार	2
10636	आवामी	2
10637	स्‍थापत्‍य	2
10638	उल्टे	2
10639	नजफ	2
10640	इंसाफ	2
10641	करोड़पति	2
10642	बोलेवार्ड	2
10643	ताड़	2
10644	पड़ी	2
10645	पुनर्जीवित	2
10646	पृथक	2
10647	डीएसजीएमसी	2
10648	पेबे	2
10649	फैक्ट्री	2
10650	लेट	2
10651	कॉउंसिल	2
10652	सेफ्टी	2
10653	अथॉरिटी	2
10654	वायोस्फेयर	2
10655	प्रतीकात्मक	2
10656	यूटीआई	2
10657	एमक्यूएम	2
10658	अटकलबाजी	2
10659	मेगा	2
10660	हंट	2
10661	मठाधीशों	2
10662	छुआछूत	2
10663	अक्षम	2
10664	धनतेरस	2
10665	डीज़ल	2
10666	केरोसिन	2
10667	वसूला	2
10668	परन्तु	2
10669	संकायों	2
10670	व्यवसायिक	2
10671	वर्धन	2
10672	वैष्णोदेवी	2
10673	हाऊस	2
10674	पॉट	2
10675	सैयाफ	2
10676	नवनिर्वाचित	2
10677	साना	2
10678	फिटनेस	2
10679	पासवर्ड	2
10680	हमीर	2
10681	रमज़ान	2
10682	हिज़बुल	2
10683	हुमायूं	2
10684	बेंगलौर	2
10685	रिफाइनरियों	2
10686	दिखाकर	2
10687	वासियों	2
10688	नर्मदा	2
10689	फासला	2
10690	दिस	2
10691	दैट	2
10692	दलीलें	2
10693	गैरमौजूदगी	2
10694	लैरी	2
10695	पाठ्यपुस्तक	2
10696	ओ	2
10697	एनबीए	2
10698	सिल्वर	2
10699	राष्ट्रपिता	2
10700	नजारों	2
10701	अशिक्षित	2
10702	बोध	2
10703	मुसलिम	2
10704	भड़काया	2
10705	इमराना	2
10706	ख्वाब	2
10707	दिनकरन	2
10708	कम्पनी	2
10709	उत्साहपूर्वक	2
10710	ह्यूज	2
10711	अलपुझा	2
10712	सुन	2
10713	भविष्यवाणियां	2
10714	छुरेबाजी	2
10715	गोबर	2
10716	सलामाबाद	2
10717	एमएस	2
10718	गुटबाजी	2
10719	अपनाता	2
10720	साया	2
10721	मुनि	2
10722	बट्ट	2
10723	वन्यजीव	2
10724	वर्जित	2
10725	माँगा	2
10726	चक्रवर्ती	2
10727	बढ़ाये	2
10728	चकन	2
10729	दा	2
10730	विश्वयुद्ध	2
10731	कारपोरेशन	2
10732	आमद	2
10733	मैती	2
10734	सौजन्य	2
10735	माणा	2
10736	पीतांबर	2
10737	माकन	2
10738	छठा	2
10739	गोदावरी	2
10740	बगहा	2
10741	आरपीआई	2
10742	टापू	2
10743	समितियां	2
10744	जफरुल्ला	2
10745	गिने	2
10746	मिरगी	2
10747	भगवाकरण	2
10748	सीक्रेट	2
10749	धर्माधिकारी	2
10750	सिया	2
10751	फैजाबाद	2
10752	बीर	2
10753	जहाँगीर	2
10754	फर्रुखाबाद	2
10755	परीक्षार्थी	2
10756	फलस्तीन	2
10757	धौलपुर	2
10758	मोराविया	2
10759	रेसकोर्स	2
10760	भाषी	2
10761	कंधों	2
10762	तन	2
10763	रियायतें	2
10764	स्पॉटिफाई	2
10765	उदारवाद	2
10766	आरके	2
10767	प्रभारियों	2
10768	अनाथ	2
10769	मौखिक	2
10770	नौजवान	2
10771	घटने	2
10772	चिल्ड्रेन	2
10773	महमूदनगर	2
10774	पौदीवाड़ा	2
10775	सनी	2
10776	पटकथा	2
10777	ईटीसी	2
10778	झेलनी	2
10779	नाजी	2
10780	पेरियाकुडी	2
10781	ढूंढ़ा	2
10782	टाइटलर	2
10783	छोड़ते	2
10784	नोवा	2
10785	स्कोटिया	2
10786	जॉर्जिया	2
10787	हडसन	2
10788	लाठियां	2
10789	मैप	2
10790	गीतकार	2
10791	स्वर्गीय	2
10792	मिस्त्र	2
10793	आच्छादित	2
10794	अभिनेताओं	2
10795	ऑनर	2
10796	शंकाराचार्य	2
10797	विषाक्त	2
10798	असामान्य	2
10799	शर्मनाक	2
10800	ग्लोबीजेन	2
10801	डाई	2
10802	प्रमाणपत्र	2
10803	संक्षेप	2
10804	झाड़	2
10805	बहुपक्षीय	2
10806	असलम	2
10807	ढील	2
10808	उक्ति	2
10809	लगाइएगा	2
10810	बदतमीजी	2
10811	गार्ड्स	2
10812	एंटरटेनमेंट	2
10813	अर्मेनियाई	2
10814	ओरसेल	2
10815	फ्रैंक्स	2
10816	अमाल्फ़ि	2
10817	नॉर्मन्स	2
10818	फील्डिंग	2
10819	परसिअन	2
10820	कुओ	2
10821	शीतल	2
10822	गुजारने	2
10823	वढेरा	2
10824	हसरत	2
10825	आबिद	2
10826	कॉस्ट्यूम	2
10827	तब्दीली	2
10828	गार्डेन	2
10829	घाजी	2
10830	ऑप्टिकल	2
10831	नीतिगत	2
10832	भावनात्मक	2
10833	कार्यशालाओं	2
10834	छिपाया	2
10835	जलाल	2
10836	एमडी	2
10837	तबादला	2
10838	स्क्वॉयर	2
10839	मलबा	2
10840	आजमाने	2
10841	उठाएँगे	2
10842	शांतिप्रिय	2
10843	फारसी	2
10844	जिम्मे	2
10845	कस्बों	2
10846	बवेजा	2
10847	महीपाल	2
10848	डेरे	2
10849	प्रलोभन	2
10850	फाइन	2
10851	कार्यशाला	2
10852	ऑडिटोरियम	2
10853	शास्त्रीय	2
10854	शोधकर्ता	2
10855	सैद्धान्तिक	2
10856	उत्सुकता	2
10857	नैतिकता	2
10858	विलासिता	2
10859	प्रतिभागी	2
10860	रहूंगा	2
10861	एसोचैम	2
10862	अलास्का	2
10863	कॉलेजेस	2
10864	गढ़चिरौली	2
10865	मुसाब	2
10866	अनाहेम	2
10867	एलए	2
10868	तुमने	2
10869	एफिल	2
10870	खेले	2
10871	इंजनों	2
10872	परदा	2
10873	बुवाई	2
10874	कैनेडी	2
10875	आईयूसीएन	2
10876	कासिर	2
10877	सिएटल	2
10878	अरोड़ा	2
10879	केजीएल	2
10880	क्वालिस	2
10881	खूंखार	2
10882	लुटियन	2
10883	बंगलो	2
10884	वसंथन	2
10885	आंच	2
10886	जताना	2
10887	कबाब	2
10888	यूएन	2
10889	सुनाते	2
10890	निष्पादन	2
10891	ज़ब्ती	2
10892	पेलियोक्लाईमेटोलॉजिस्ट	2
10893	आइसोटोप	2
10894	वाष्पित	2
10895	युद्धस्तर	2
10896	चैंपियनशिप	2
10897	बखेड़ा	2
10898	खुलवाकर	2
10899	बंगरप्पा	2
10900	पन्द्रह	2
10901	नील	2
10902	अमेठी	2
10903	गीगाटन	2
10904	छोड़ा	2
10905	गुज़रने	2
10906	वाजिब	2
10907	सर्बिया	2
10908	एस्ट्रा	2
10909	यूटलसैट	2
10910	शान	2
10911	ईंट	2
10912	अंकुर	2
10913	सेंसरों	2
10914	समझता	2
10915	धुरंधर	2
10916	बल्ला	2
10917	दसियों	2
10918	डेली	2
10919	चित्रकला	2
10920	प्रधानमंत्रियों	2
10921	दूरदर्शी	2
10922	कंपन	2
10923	खोजों	2
10924	शोधों	2
10925	ज़ख्मी	2
10926	एयरक्राफ्ट	2
10927	डेटाबेस	2
10928	उम्मीद्वारी	2
10929	उपप्रधानमंत्री	2
10930	फलुजा	2
10931	सपनों	2
10932	वगैरह	2
10933	बनायी	2
10934	वेक्टर	2
10935	चुंबकत्व	2
10936	चुम्बकीय	2
10937	स्पर्श	2
10938	काठमांडू	2
10939	अधिग्रहण	2
10940	याकूब	2
10941	शिराक	2
10942	देशम	2
10943	पार्ट	2
10944	चिर	2
10945	पीसीए	2
10946	छाती	2
10947	इलाक़ों	2
10948	काटते	2
10949	गोयनका	2
10950	लिस्ट	2
10951	हलफनामों	2
10952	ऊँची	2
10953	हक़दार	2
10954	उच्चाधिकार	2
10955	यात्राओं	2
10956	बालाओं	2
10957	सलाखों	2
10958	निभाते	2
10959	अनिश्चितकालीन	2
10960	जमीनों	2
10961	हबीबुल्ला	2
10962	सुलझाना	2
10963	विस्फ़ोटकों	2
10964	बुद्धिमत्ता	2
10965	फुल	2
10966	मोनोऑक्साइड	2
10967	गैंग्रीन	2
10968	झाड़ने	2
10969	संवेदी	2
10970	झांसी	2
10971	कैनाल	2
10972	बांड्स	2
10973	समर्थ	2
10974	दागे	2
10975	खंडहर	2
10976	किरणपाल	2
10977	सुकुमार	2
10978	डीटीसी	2
10979	खतामी	2
10980	फलों	2
10981	ठान	2
10982	देयोल	2
10983	बचाओ	2
10984	बहुसंख्यक	2
10985	विसंगतियाँ	2
10986	फिलीपींस	2
10987	प्रशंसनीय	2
10988	हवेलियाँ	2
10989	क़ामयाब	2
10990	वेनेजुएला	2
10991	चकित	2
10992	सामानों	2
10993	अभिभावक	2
10994	बाँध	2
10995	विश्वकर्मा	2
10996	अर्थदण्ड	2
10997	चलीं	2
10998	विंटरकॉर्न	2
10999	मुक्की	2
11000	गिनाते	2
11001	क्लोरोप्लास्टस	2
11002	सायनोबैक्टिरियल	2
11003	खुलती	2
11004	सत्य	2
11005	प्रतिस्पर्धात्मक	2
11006	भ्रांतियों	2
11007	सुनहरी	2
11008	राइनलैंड	2
11009	काफ़ी	2
11010	एडॉल्फ	2
11011	मसीह	2
11012	हताहतों	2
11013	थर्रा	2
11014	सूचक	2
11015	सुमाथिपाला	2
11016	क्रिकेटर	2
11017	गुल	2
11018	प्रेसीडेंट	2
11019	ट्रेडिंग	2
11020	खाएँ	2
11021	सशंकित	2
11022	नारी	2
11023	निकेतन	2
11024	निश्चिंत	2
11025	मैत्री	2
11026	बजती	2
11027	केंटर	2
11028	रामेश्वर	2
11029	दक्ष	2
11030	रिमझिम	2
11031	चेल्लप्पा	2
11032	त्यागराजन	2
11033	एमबीएच	2
11034	स्टिक	2
11035	आरेख	2
11036	युगीन	2
11037	हुआंग	2
11038	आंकड़ों	2
11039	बागों	2
11040	सर्व	2
11041	आईसीडीएस	2
11042	हसीन	2
11043	नगरी	2
11044	हड़प	2
11045	जिलेटिनस	2
11046	कैम्ब्रियन	2
11047	टेनोफोर	2
11048	संरक्षिका	2
11049	बिंदी	2
11050	गृहराज्य	2
11051	एलआईसीएचएफ	2
11052	पृथकतावादी	2
11053	अतिवादी	2
11054	संरक्षणवादियों	2
11055	अस्‍थियों	2
11056	एना	2
11057	जीएम	2
11058	निर्मला	2
11059	टीचर	2
11060	मटर	2
11061	कोझीकोड	2
11062	एम्स	2
11063	केप	2
11064	शत्रुता	2
11065	खटक	2
11066	कैंसिल	2
11067	जिम्मेवारी	2
11068	सत्यपाल	2
11069	ऋषियों	2
11070	आसनों	2
11071	अवाम	2
11072	उत्पात	2
11073	टास्कफोर्स	2
11074	मेथोडिस्ट्स	2
11075	एबॉर्शन	2
11076	सेक्सुअलिटी	2
11077	टाइगर्स	2
11078	मोहिलारी	2
11079	पक्षियों	2
11080	दुर्लभतम	2
11081	सम्मेलनों	2
11082	मेलिस	2
11083	स्टीलर्स	2
11084	दिलों	2
11085	जाग	2
11086	नीदरलैंड्स	2
11087	अप्रत्याशित	2
11088	जंगी	2
11089	पनडुब्बियों	2
11090	नियुक्तियां	2
11091	देओल	2
11092	टिकने	2
11093	वसंतन	2
11094	असुविधा	2
11095	पिंड	2
11096	मूलतः	2
11097	कोरी	2
11098	प्रतिपूर्ति	2
11099	वर्द्धन	2
11100	एनएसडीएल	2
11101	कहें	2
11102	रचनाकारों	2
11103	महत्ता	2
11104	बरसाईं	2
11105	पुलों	2
11106	सरगर्मी	2
11107	हासन	2
11108	परमार	2
11109	इटारसी	2
11110	शमीम	2
11111	बलवंत	2
11112	ट्रस्टी	2
11113	हंगल	2
11114	ऊझी	2
11115	इस्टेट	2
11116	योग्यताएं	2
11117	सेवकों	2
11118	दूरगामी	2
11119	दाने	2
11120	बल्लभगढ़	2
11121	कसम	2
11122	मस्ती	2
11123	टेक्स्ट	2
11124	लौटेंगे	2
11125	सलाहकारों	2
11126	यशपाल	2
11127	साहस	2
11128	दंडाधिकारी	2
11129	जुटाना	2
11130	हेगड़े	2
11131	एप्लीकेशन	2
11132	गूढ़	2
11133	शहरीकरण	2
11134	जुगत	2
11135	अन्ना	2
11136	फ्यूर्ड	2
11137	जीवाश्मों	2
11138	तलछट	2
11139	एडीसी	2
11140	नुमाइंदे	2
11141	चकमा	2
11142	बहल	2
11143	अमावस्या	2
11144	एकाउंटेंट	2
11145	वरदराजा	2
11146	पेरुमल	2
11147	समीकरण	2
11148	सुचारू	2
11149	हुगली	2
11150	लामार	2
11151	स्नोमैन	2
11152	गुरूद्वारा	2
11153	हिमनद	2
11154	मंदाकिनी	2
11155	पीना	2
11156	ज्वालामुखी	2
11157	सैफुद्दीन	2
11158	सोज	2
11159	आईएमडीटी	2
11160	अर्द्धसैनिक	2
11161	दयनीय	2
11162	टेरेस्ट्रियल	2
11163	वर्जिन	2
11164	पाठशाला	2
11165	कालीकट	2
11166	मित्रता	2
11167	उवर्रकों	2
11168	हिलाने	2
11169	कंट्रोलर	2
11170	व्यापर	2
11171	सश्रम	2
11172	पीडब्लूडी	2
11173	अपर	2
11174	रामकिशन	2
11175	कुंठित	2
11176	राजघाट	2
11177	महेश्वर	2
11178	लचर	2
11179	प्रचारित	2
11180	लिबरल	2
11181	पर्यावरणविद	2
11182	मेलबोर्न	2
11183	ग्रीन	2
11184	लोअर	2
11185	इलेक्ट्रानिक	2
11186	कदापि	2
11187	सीमापारीय	2
11188	दशनामी	2
11189	आईडी	2
11190	देशांतर	2
11191	क्रोएशिया	2
11192	रॉ	2
11193	उलझ	2
11194	डुंडार	2
11195	एर्डोगन	2
11196	टोली	2
11197	आईसीएआर	2
11198	इस्तीफ़ा	2
11199	लव	2
11200	वैनिटी	2
11201	कुंवारे	2
11202	अभिवादन	2
11203	ग्लेंड	2
11204	बैरीकेडिंग	2
11205	चित्‍तौडगढ़	2
11206	पहुँचते	2
11207	लॉर्ड्स	2
11208	एनक्लोजर	2
11209	संगमरमर	2
11210	गा	2
11211	सर्वर	2
11212	लिता	2
11213	क्रूर	2
11214	धकेल	2
11215	राजनीतिकों	2
11216	रातों	2
11217	बिगुल	2
11218	मक्का	2
11219	एमसीआई	2
11220	स्वीडिश	2
11221	महलों	2
11222	चंपारण	2
11223	मधुबनी	2
11224	कंस्ट्रक्शन	2
11225	बदलना	2
11226	हदें	2
11227	वरदान	2
11228	बासवान	2
11229	जत्था	2
11230	मुंडे	2
11231	दोहन	2
11232	एनर्जीप्रोजेक्ट	2
11233	अफशां	2
11234	नगद	2
11235	करीमनगर	2
11236	फिक्की	2
11237	समझना	2
11238	डिस्चार्ज	2
11239	नौकरियां	2
11240	कलई	2
11241	पुच्छल	2
11242	सैफई	2
11243	उलटा	2
11244	रिजर्वेशन	2
11245	खिलवाड़	2
11246	संभाग	2
11247	बेगार	2
11248	कानूनन	2
11249	दीर्घाओं	2
11250	परमिट	2
11251	कहूंगा	2
11252	स्टीवन	2
11253	येदियुरप्पा	2
11254	लटक	2
11255	खरमास	2
11256	पुरोहित	2
11257	प्रजातांत्रिक	2
11258	स्टोर्स	2
11259	चौतरफा	2
11260	अपरान्ह	2
11261	डोमेस्टिक	2
11262	ट्रकों	2
11263	शेखों	2
11264	रामनाथ	2
11265	लगतीं	2
11266	खरीदनी	2
11267	सिंचित	2
11268	तूफ़ान	2
11269	पोंस	2
11270	एलियस	2
11271	वॉल	2
11272	शील्ड्स	2
11273	चौड़ाई	2
11274	अवांछित	2
11275	लड़ाई	2
11276	भरमार	2
11277	तबकों	2
11278	गंवाने	2
11279	लांच	2
11280	केशूभाई	2
11281	धमकियों	2
11282	मेरीटाइम	2
11283	खदेड़	2
11284	पेट्रोकेमिकल	2
11285	डीएसआरवी	2
11286	सूरजपुर	2
11287	घना	2
11288	खेलकूद	2
11289	रघुराज	2
11290	बद्र	2
11291	डेमोक्रैट	2
11292	अदाकारा	2
11293	कोल्लम	2
11294	लाएगी	2
11295	ब्यौरे	2
11296	ज्वार	2
11297	विनोद	2
11298	बिके	2
11299	रविंद्र	2
11300	मानवशास्त्रियों	2
11301	ग्रेजुएट	2
11302	राघवन	2
11303	जैम्स	2
11304	समस्त	2
11305	चुपचाप	2
11306	कॉन्सलेट	2
11307	टेलिविजन	2
11308	डछान	2
11309	रेलयात्रियों	2
11310	रू	2
11311	मीजी	2
11312	टिप्पणियां	2
11313	बहादुरी	2
11314	प्रोन्नति	2
11315	छोड़ेंगे	2
11316	ग्रेनाइट	2
11317	भीष्म	2
11318	मनाएंगे	2
11319	मनोचिकित्सक	2
11320	गीगाबिट	2
11321	निबटाने	2
11322	ऐ	2
11323	वतन	2
11324	लिखवाया	2
11325	जगाई	2
11326	बर्वे	2
11327	अनापत्ति	2
11328	मिनरल	2
11329	बालासुब्रह्मण्यम	2
11330	वर्गीय	2
11331	इंट्रेस्ट	2
11332	फ्लास्क	2
11333	तलाशा	2
11334	रेफरेंस	2
11335	आवभगत	2
11336	महामंत्री	2
11337	ब्राउन	2
11338	परिष्कृत	2
11339	कगार	2
11340	लगानी	2
11341	मुकाम	2
11342	खगड़िया	2
11343	नैय्यर	2
11344	नवरात्रि	2
11345	लातविया	2
11346	खटाई	2
11347	बंधी	2
11348	स्कॉट्समैन	2
11349	दलाल	2
11350	टीपू	2
11351	संगीता	2
11352	नलसार	2
11353	हसीना	2
11354	इसपर	2
11355	सोए	2
11356	खगोलशास्त्री	2
11357	झोटा	2
11358	सैकड़ों	2
11359	वर्जीनिया	2
11360	निर्जन	2
11361	परंपरानुसार	2
11362	केंटुकी	2
11363	टेनेसी	2
11364	पिस्त्रो	2
11365	दिखते	2
11366	कार्बाइड	2
11367	ताकतें	2
11368	दंपति	2
11369	पंखे	2
11370	शीर्षस्थ	2
11371	महरोत्रा	2
11372	क़दम	2
11373	विचारधाराओं	2
11374	वसुंधरा	2
11375	राजे	2
11376	खुशनुमा	2
11377	थर्मल	2
11378	डालिए	2
11379	शेरटन	2
11380	समेटने	2
11381	मीडियम	2
11382	फिस्कल	2
11383	पहाड़गंज	2
11384	छापेमारी	2
11385	लिबास	2
11386	फारुक	2
11387	टेबिल	2
11388	सजी	2
11389	इत्तेफाक	2
11390	अलविरा	2
11391	जोड़ती	2
11392	रूपए	2
11393	मेन	2
11394	निपुण	2
11395	व्हीलर	2
11396	दौड़ती	2
11397	सितारा	2
11398	पनीर	2
11399	गैसों	2
11400	पूर्वानुमान	2
11401	बढ़ा	2
11402	प्रतियां	2
11403	प्रयासरत	2
11404	शिष्टाचार	2
11405	किसे	2
11406	दुबे	2
11407	सुप्रीमकोर्ट	2
11408	माजिद	2
11409	फ्लडलाइट	2
11410	मिसिसिपी	2
11411	हर्बर्ट	2
11412	मेकर	2
11413	खनिज	2
11414	राशन	2
11415	आयुर्वेदिक	2
11416	बहुराष्ट्रीय	2
11417	पदोन्नत	2
11418	छीन	2
11419	बान	2
11420	बोस्फोरस	2
11421	भगोड़े	2
11422	भ्रांति	2
11423	हलकान	2
11424	सेंचुरियन	2
11425	निजाम	2
11426	महिंदर	2
11427	चटख	2
11428	क्यू	2
11429	पैरवी	2
11430	दुर्भावनापूर्ण	2
11431	जीतकर	2
11432	मछलियां	2
11433	राजघरानों	2
11434	करदाताओं	2
11435	महबूबनगर	2
11436	मेसेनियाई	2
11437	रंगारेड्डी	2
11438	थिप्से	2
11439	छतरियाँ	2
11440	पुरस्कारों	2
11441	साले	2
11442	एमटीवी	2
11443	फे	2
11444	तहस	2
11445	नहस	2
11446	ज़मीन	2
11447	फ्लोयड	2
11448	जैक्सनविले	2
11449	प्रिस्टले	2
11450	सर्वप्रथम	2
11451	शाब्दिक	2
11452	धातुओं	2
11453	कटिंग	2
11454	भस्म	2
11455	फतवा	2
11456	सुधींद्र	2
11457	पूर्णतः	2
11458	नौसैनिक	2
11459	फुटेज	2
11460	विस्तारीकरण	2
11461	अजरबैजान	2
11462	क़तर	2
11463	नक़दी	2
11464	एंसेल्मी	2
11465	खंडेलवाल	2
11466	चर्चाएं	2
11467	दंपत्ति	2
11468	वैली	2
11469	रिएक्टर	2
11470	डिवीजनों	2
11471	तिजुआना	2
11472	लुइस	2
11473	उत्साहजनक	2
11474	रोने	2
11475	हमदर्दी	2
11476	यूरोपीयन	2
11477	टाईम	2
11478	बीएसईएस	2
11479	निर्वासन	2
11480	पिकनिक	2
11481	पगडंडियां	2
11482	गरमा	2
11483	गल्फ	2
11484	स्टिंग	2
11485	नौकाओं	2
11486	रेजीमेंट	2
11487	ताक	2
11488	बरसी	2
11489	हिस्पानिया	2
11490	उद्भव	2
11491	सीएमएस	2
11492	मिसाइलों	2
11493	मटन	2
11494	छीनने	2
11495	दृढ़प्रतिज्ञ	2
11496	पेड्रो	2
11497	पत्नियों	2
11498	एसडीओ	2
11499	शून्यकाल	2
11500	शौर्य	2
11501	भक्ति	2
11502	भूंकप	2
11503	शुभा	2
11504	नीरू	2
11505	प्लानिंग	2
11506	आर्किटेक्ट	2
11507	कैमरे	2
11508	फतुहा	2
11509	मुहाली	2
11510	रिकॉर्डेड	2
11511	एंग्लो	2
11512	नार्मन	2
11513	केमिकल	2
11514	रज्जाक	2
11515	खेलती	2
11516	समंदर	2
11517	कलराज	2
11518	फ़ंक्शन	2
11519	सूत्रपात	2
11520	शीशे	2
11521	तिकड़ी	2
11522	फ्रांस्वा	2
11523	ऑस्ट्रियाई	2
11524	केरोलिना	2
11525	पहुँचती	2
11526	शहरकाजी	2
11527	प्लग	2
11528	फट	2
11529	परजीवी	2
11530	गर्दन	2
11531	इंटरलेकन	2
11532	ओस्ट	2
11533	अभिजीत	2
11534	सांवत	2
11535	डुबकी	2
11536	करारों	2
11537	असहज	2
11538	पंधे	2
11539	टोलिया	2
11540	देवेंद्र	2
11541	यूज	2
11542	प्रयोजन	2
11543	करुणा	2
11544	बेनतीजा	2
11545	अशांति	2
11546	पैमाना	2
11547	सीने	2
11548	फर्नांडिस	2
11549	भोग	2
11550	चैतन्य	2
11551	आइंस्टीन	2
11552	रोटार	2
11553	स्टेटर	2
11554	ब्लेड	2
11555	अनुप्रयोगों	2
11556	सीढ़ियों	2
11557	कनकपुरा	2
11558	साठवीं	2
11559	बास	2
11560	सच्चा	2
11561	एयरलाइंसों	2
11562	जद्दोजहद	2
11563	नारायणगढ़	2
11564	क्षमा	2
11565	यूनियनों	2
11566	बहादुरगढ़	2
11567	एनएचआरसी	2
11568	उत्पादकता	2
11569	आयुवर्ग	2
11570	एचएसआईडीसी	2
11571	मुहाने	2
11572	प्राप्‍त	2
11573	किराये	2
11574	कुम्हारों	2
11575	कैथरीन	2
11576	ओटोमन	2
11577	गुमशुदगी	2
11578	गांधार	2
11579	निभाया	2
11580	लक्षित	2
11581	फ़र्जी	2
11582	संचालकों	2
11583	सभाएं	2
11584	मान्‍यता	2
11585	बिलकुल	2
11586	जुड़ना	2
11587	बीआरओ	2
11588	लोहे	2
11589	लिहाज	2
11590	जेके	2
11591	फिरोजशाह	2
11592	जंतर	2
11593	मंतर	2
11594	टूक	2
11595	उपमंडल	2
11596	हटन	2
11597	शोधपत्र	2
11598	हफ्ता	2
11599	नकाबपोशों	2
11600	मिलाते	2
11601	पगोडा	2
11602	खरीदेगी	2
11603	संवारने	2
11604	निश्चय	2
11605	ठहराए	2
11606	गोलियाँ	2
11607	मंसूबा	2
11608	बांधे	2
11609	धर्मादा	2
11610	तोताराम	2
11611	बावकर	2
11612	यांत्रिकी	2
11613	इलेक्ट्रोवीक	2
11614	अधूरा	2
11615	अन्योन्यक्रिया	2
11616	आत्मनिर्भर	2
11617	हरा	2
11618	नालंदा	2
11619	नौबत	2
11620	सिंहा	2
11621	इफीशंसी	2
11622	राष्ट्रवाद	2
11623	लिहाज़ा	2
11624	लूटपाट	2
11625	दयानंद	2
11626	शामियाने	2
11627	सेमा	2
11628	फ़िलहाल	2
11629	सर्वदेशिक	2
11630	चौंकाने	2
11631	इन्फ्रास्ट्रक्चर	2
11632	निखरी	2
11633	हानिकारक	2
11634	पेरोटी	2
11635	समाजों	2
11636	परिलक्षित	2
11637	सर्किल	2
11638	आत्महत्याएँ	2
11639	एजेंसिंयों	2
11640	तांग	2
11641	शू	2
11642	दरबार	2
11643	शेंग	2
11644	न्यायालयों	2
11645	संस	2
11646	अतुल	2
11647	रीति	2
11648	टेट	2
11649	एमी	2
11650	सॉन्ग	2
11651	पर्ल	2
11652	निरर्थक	2
11653	शबीर	2
11654	हरगोविंद	2
11655	पिछड़	2
11656	चौंका	2
11657	पारिस्थितिक	2
11658	बर्गोयने	2
11659	पटरियों	2
11660	भरुचा	2
11661	साइन	2
11662	दोगुने	2
11663	अनुक्रम	2
11664	रिचार्ज	2
11665	भ्यूंडार	2
11666	बूथ	2
11667	तू	2
11668	मनचाही	2
11669	ब्रेड	2
11670	यंत्र	2
11671	मैदानों	2
11672	हतोत्साहित	2
11673	महाज	2
11674	वांछनीयता	2
11675	रियली	2
11676	गेयर	2
11677	पकौड़ी	2
11678	बिगाड़ने	2
11679	एपीएफएल	2
11680	अर्थव्यवस्थाओं	2
11681	भेजना	2
11682	बसरा	2
11683	बंट	2
11684	मोच	2
11685	प्रतिज्ञा	2
11686	जोखा	2
11687	पैंतालीस	2
11688	भटिंडा	2
11689	कॉम्पैक्ट	2
11690	निसान	2
11691	डैटसन	2
11692	विंडो	2
11693	ब्रांडों	2
11694	कंजरवेशन	2
11695	क्लेन	2
11696	पुंटा	2
11697	लाइटहाउस	2
11698	लैंडमार्क	2
11699	पब्लिसिटी	2
11700	मिंग	2
11701	लाह	2
11702	रेशम	2
11703	सेवानिवृत्ति	2
11704	कृष्णवीर	2
11705	तेवरों	2
11706	ट्रैवेल	2
11707	अनूठे	2
11708	पहुँचाया	2
11709	अनुमोदित	2
11710	अभद्रता	2
11711	विभागाध्यक्ष	2
11712	आईआरसीटीसी	2
11713	मजबूरन	2
11714	स्टेरॉयड	2
11715	मंसूबों	2
11716	बृंदा	2
11717	रेलिंग	2
11718	ना	2
11719	त्रुटि	2
11720	दशमलव	2
11721	गोडसे	2
11722	संबद्घ	2
11723	डिपेंडेबल	2
11724	ड्रेसिंगरूम	2
11725	ऑस्ट्रिया	2
11726	ट्राम्सो	2
11727	विन	2
11728	पुलिंदा	2
11729	हाथी	2
11730	चंडीमंदिर	2
11731	गिलास	2
11732	रौनक	2
11733	खेमकरण	2
11734	स्वस्थ्य	2
11735	पदम	2
11736	इकट्ठे	2
11737	आउटर	2
11738	पूर्ववर्तियों	2
11739	गैलिकन	2
11740	बिशप	2
11741	केल्विन	2
11742	शमन	2
11743	फेलो	2
11744	मौसमी	2
11745	श्रृंखलाबद्ध	2
11746	मोह	2
11747	दूधिया	2
11748	नहाए	2
11749	गिरता	2
11750	उज्जैन	2
11751	काउंटर	2
11752	उगाए	2
11753	फंसने	2
11754	ट्रायड	2
11755	मेनफ़्रेम	2
11756	इंटरएक्टिव	2
11757	गेटवे	2
11758	प्रशस्त	2
11759	हीरों	2
11760	तड़प	2
11761	उबेर	2
11762	दलालों	2
11763	मिलाए	2
11764	अभिनंदन	2
11765	नवजात	2
11766	सिद्घांत	2
11767	धक्कामुक्की	2
11768	अन्नादुरई	2
11769	अत्याधिक	2
11770	अराजक	2
11771	गांधीवादी	2
11772	अपहरणों	2
11773	पिल्लई	2
11774	जैकब	2
11775	बॉन्ड	2
11776	कन्वेंशन	2
11777	मल्टीपल	2
11778	चक्रबर्ती	2
11779	निराकरण	2
11780	निर्वस्त्र	2
11781	तहलियानी	2
11782	शुकदेव	2
11783	माडल	2
11784	यूरोमार्ट	2
11785	श्रीमती	2
11786	दवाईयाँ	2
11787	ट्रेडर्स	2
11788	लैंडयूज	2
11789	हरिकिशन	2
11790	पौन	2
11791	दारुल	2
11792	उलूम	2
11793	पीढ़ियों	2
11794	रिंग	2
11795	स्वयंसेवियों	2
11796	घुसे	2
11797	मारिया	2
11798	व्लादिमीर	2
11799	हुलगु	2
11800	ममलुकों	2
11801	पोते	2
11802	महाविद्यालय	2
11803	अलापा	2
11804	ऑर्गेनाइजेशन	2
11805	बाँट	2
11806	चौड़े	2
11807	एजाज	2
11808	बख्श	2
11809	कॉन्ट्रैक्ट	2
11810	माँगें	2
11811	डीआरएम	2
11812	ललकारा	2
11813	योसेमाइट	2
11814	कैनियन	2
11815	टार्लो	2
11816	लौटा	2
11817	थुतमोज	2
11818	जलकर	2
11819	भड़काने	2
11820	डेमोक्रेट	2
11821	केरी	2
11822	मुलाजिमों	2
11823	दुःखी	2
11824	श्यामला	2
11825	निकाहनामा	2
11826	व्यवस्थाओं	2
11827	आत्मसंयम	2
11828	शराबी	2
11829	अंगूर	2
11830	शांतिकुंज	2
11831	मंत्रोच्चारों	2
11832	हेल्थकेयर	2
11833	ओडिंगा	2
11834	अफ़गानिस्तान	2
11835	लीपापोती	2
11836	ढूंढने	2
11837	गुजराती	2
11838	सिएन	2
11839	अर्थों	2
11840	फिजिबिलिटी	2
11841	ट्रस्टों	2
11842	अकूत	2
11843	ग्रहीय	2
11844	अब्बासी	2
11845	खिदमत	2
11846	क्राकोव	2
11847	वोला	2
11848	आभास	2
11849	शुभचिंतक	2
11850	आर्मेनिया	2
11851	जाएजा	2
11852	गंड़ासे	2
11853	स्वीट	2
11854	गिरामी	2
11855	ब्रह्मचारी	2
11856	कोट	2
11857	बुढ़ाखेड़ा	2
11858	कोताही	2
11859	कतर	2
11860	विनम्रता	2
11861	थियोडोर	2
11862	लुफ्टवाफ़	2
11863	मार्सिले	2
11864	लोथर	2
11865	मार्शलों	2
11866	कुमारी	2
11867	गुरबचन	2
11868	बलदेव	2
11869	भुखमरी	2
11870	सोसाइटियों	2
11871	मैकिंडर	2
11872	फैलाकर	2
11873	इकाईयों	2
11874	समयरेखाएँ	2
11875	ईऑन	2
11876	संकुचित	2
11877	स्वयंपाठी	2
11878	वली	2
11879	इस्माईल	2
11880	हमाम	2
11881	ईयू	2
11882	स्ट्रेटजी	2
11883	स्‍थानीय	2
11884	धुलेश्वर	2
11885	व्यू	2
11886	कृष्णास्वामी	2
11887	केक	2
11888	मची	2
11889	कैसा	2
11890	क्यूबा	2
11891	बंदर	2
11892	भाईचारा	2
11893	अनुकूलता	2
11894	स्टेलर	2
11895	नर्सरी	2
11896	राजघराने	2
11897	होलोग्राम	2
11898	तनावों	2
11899	भौर	2
11900	एल्वारेज	2
11901	एंटीना	2
11902	रडार	2
11903	अवधियों	2
11904	स्मॉल	2
11905	बुकर	2
11906	ऑर्डिनेंस	2
11907	सशक्तिकरण	2
11908	एसपीओ	2
11909	अविकसित	2
11910	चाकू	2
11911	गिरफ्तारियों	2
11912	नौकाएं	2
11913	रफा	2
11914	खुदकुशी	2
11915	ओरिएंटेशन	2
11916	गंवाई	2
11917	विशेषताओं	2
11918	वीरता	2
11919	फिसलने	2
11920	कृष्‍ण	2
11921	दीवानी	2
11922	कठिनाइयों	2
11923	कुबलई	2
11924	बर्मा	2
11925	कबीले	2
11926	जिंग	2
11927	झोंग	2
11928	जू	2
11929	टेलीसर्विस	2
11930	अनलिमिटेड	2
11931	कार्डलेस	2
11932	दुष्प्रचार	2
11933	बपतिस्मा	2
11934	अस्थिरता	2
11935	रंधावा	2
11936	कार्रवाइयों	2
11937	हटाते	2
11938	रिवार्ड	2
11939	दबोचते	2
11940	गरूड़	2
11941	नाले	2
11942	उम्मीद्वार	2
11943	औपचारिकता	2
11944	बागियों	2
11945	बालक	2
11946	हाय	2
11947	हेलो	2
11948	बाय	2
11949	परिवेश	2
11950	पृष्ठों	2
11951	टिन	2
11952	फर्नाँडिस	2
11953	पीएनबी	2
11954	श्रीवास्तव	2
11955	पितृ	2
11956	अतिरिक्‍त	2
11957	ब्रह्मा	2
11958	चिराग	2
11959	राह	2
11960	ह़क़	2
11961	पोजीशन	2
11962	बचती	2
11963	बीआरपीएसई	2
11964	दब	2
11965	परोसी	2
11966	चाइवस	2
11967	पायलेट	2
11968	अंडर	2
11969	फन	2
11970	अमरीक	2
11971	हौसले	2
11972	कपाड़िया	2
11973	होर्डिंग	2
11974	मियामी	2
11975	पृथ्वीराज	2
11976	सारस्वत	2
11977	ज्यूडिशियल	2
11978	कब्रों	2
11979	कैफे	2
11980	कॉर्डिनल्स	2
11981	हाईस्कूल	2
11982	उतरना	2
11983	प्रेसकांफ्रेंस	2
11984	आवेदकों	2
11985	एमएचसीसी	2
11986	कैंपों	2
11987	गलतफहमी	2
11988	खिलाफत	2
11989	मुसहर	2
11990	अनगिनत	2
11991	आईएसडी	2
11992	सजावट	2
11993	एम्‍स्‍टर्डम	2
11994	सिवा	2
11995	ओलिवर	2
11996	पेटेंटों	2
11997	कोइजुमी	2
11998	पेस	2
11999	नॉरमैंडी	2
12000	डेंस	2
12001	तीर	2
12002	विश्रामगृह	2
12003	धर्मशालाएँ	2
12004	मूर्ती	2
12005	कुबेर	2
12006	डेनमार्क	2
12007	खुलवाया	2
12008	एल्ड्रिन	2
12009	ढर्रे	2
12010	कीर्ति	2
12011	रिकार्डिंग	2
12012	रिवाल्वरों	2
12013	कैरिज	2
12014	गाजियाबाद	2
12015	एक्टीवेशन	2
12016	जिज्ञासा	2
12017	नगण्य	2
12018	दीप	2
12019	अभिजात	2
12020	मर्किट्स	2
12021	उबाल	2
12022	लाइ	2
12023	मैपिंग	2
12024	नारको	2
12025	एनालेसिस	2
12026	स्पार्टा	2
12027	मोरिविया	2
12028	मंजू	2
12029	ननों	2
12030	युद्घस्तर	2
12031	लड़कियाँ	2
12032	मेस	2
12033	एडम्स	2
12034	रूजवेल्ट	2
12035	केनेडी	2
12036	ताइवान	2
12037	लॉयड	2
12038	इजरायल	2
12039	सफ़र	2
12040	आबंटन	2
12041	ड्राइविंग	2
12042	आईडीबीआई	2
12043	हाउसिंग	2
12044	अपग्रेड	2
12045	पृथक्करण	2
12046	लुढ़ककर	2
12047	पीवी	2
12048	पहुँचेगी	2
12049	परिधि	2
12050	तापीय	2
12051	पनाह	2
12052	मातम	2
12053	राष्ट्रपित	2
12054	लोकदल	2
12055	उलटफेर	2
12056	बोलेंगे	2
12057	करवाता	2
12058	भूलीं	2
12059	संचित	2
12060	काटे	2
12061	भिन्नता	2
12062	रखाव	2
12063	जरवा	2
12064	जाओ	2
12065	प्रतापगढ़	2
12066	राजेन्द्र	2
12067	धमाकेदार	2
12068	ईमानदार	2
12069	गुंबदों	2
12070	सहेली	2
12071	चिंगारियां	2
12072	गोल्डेनसन	2
12073	मर्जर	2
12074	पड़ता	2
12075	भोलानाथ	2
12076	कष्ट	2
12077	गोला	2
12078	ओवैसी	2
12079	मुद्रास्फीति	2
12080	विषम	2
12081	ताल्लुकात	2
12082	कारोबारी	2
12083	खण्डहर	2
12084	रंगों	2
12085	शोले	2
12086	ब्लॉकों	2
12087	एस्कॉर्ट	2
12088	चुनेंगे	2
12089	कंकत	2
12090	टाईगर	2
12091	फ़ाइलोजेनेटिक्स	2
12092	निडारिया	2
12093	सहकार्यों	2
12094	संगठनात्मक	2
12095	सिद्धांतकार	2
12096	समीपवर्ती	2
12097	मवेशी	2
12098	अछबल	2
12099	लपटों	2
12100	अंतर्निहित	2
12101	पेट्रोकेमिकल्स	2
12102	गुफ़ा	2
12103	सेलिब्रिटी	2
12104	अविवाहित	2
12105	निगाहें	2
12106	औषधियों	2
12107	चैम्बर	2
12108	फिरोजाबाद	2
12109	मापने	2
12110	मैट	2
12111	ब्रॉडबैंड	2
12112	चरणबद्ध	2
12113	नक्शा	2
12114	हाउटविले	2
12115	काउंट	2
12116	हंगरी	2
12117	म	2
12118	तरंगों	2
12119	ब्लास्ट	2
12120	कैरेल	2
12121	इब्राहीम	2
12122	बंधु	2
12123	जगराता	2
12124	जाटों	2
12125	फैसलाबाद	2
12126	वीर	2
12127	सून्हा	2
12128	प्रिसिंपल	2
12129	किरिलेंको	2
12130	खिताबी	2
12131	मलम	2
12132	ड्रामा	2
12133	वैयक्तिक	2
12134	हार्मोन	2
12135	शॉपिंग	2
12136	लंका	2
12137	शोंपेन	2
12138	मज़बूत	2
12139	जोकी	2
12140	साल्ट	2
12141	हुडा	2
12142	अधिसूचित	2
12143	उभरते	2
12144	ब्रिसबेन	2
12145	कंग	2
12146	एसोसिएशंस	2
12147	छपरा	2
12148	बनीं	2
12149	अग्निकांड	2
12150	कैंची	2
12151	बाट	2
12152	ट्रिक्स	2
12153	ठिकाना	2
12154	गॉर्ज	2
12155	वहीँ	2
12156	एनआईएन	2
12157	मजूमदार	2
12158	कोटेसना	2
12159	स्ट्रेट	2
12160	रफ्ता	2
12161	बौखलाए	2
12162	प्रोटेक्शन	2
12163	सुलतान	2
12164	सुने	2
12165	कोहड़ा	2
12166	बजाया	2
12167	मांडू	2
12168	सेवाएँ	2
12169	राजनयिकों	2
12170	एमपी	2
12171	बुझे	2
12172	आफ्टर	2
12173	वक्रता	2
12174	प्रक्षेपवक्र	2
12175	उपसभापति	2
12176	स्थलडमरूमध्य	2
12177	विरोधस्वरूप	2
12178	मिनिस्टर	2
12179	मंडलों	2
12180	रजामंद	2
12181	सरीखी	2
12182	मलयालम	2
12183	विभूतियों	2
12184	अम्मान	2
12185	यॉर्क	2
12186	शुक्रिया	2
12187	शहीदों	2
12188	विफलताओं	2
12189	एनुअल	2
12190	आनुवंशिक	2
12191	क्वार्टरबैक	2
12192	शटल	2
12193	नाश्ता	2
12194	आप्रवासी	2
12195	धर्मपाल	2
12196	पूंजीकरण	2
12197	रामाभार	2
12198	वीवीएस	2
12199	सुझाया	2
12200	कीपर	2
12201	हिन्दी	2
12202	रोज़	2
12203	अडिग	2
12204	रिपोर्टें	2
12205	विराजमान	2
12206	सरसंघचालक	2
12207	विद्या	2
12208	कबाइली	2
12209	नरमपंथियों	2
12210	नकलची	2
12211	सौंपेगी	2
12212	रवींद्रन	2
12213	अधीनस्थों	2
12214	बूँद	2
12215	सबकी	2
12216	लड़ाइयों	2
12217	दिफू	2
12218	लूंग	2
12219	टेंसर	2
12220	वाइन	2
12221	संकेतन	2
12222	पोरिफेरा	2
12223	गृहयुद्ध	2
12224	बुलेट	2
12225	ब्रजवासियों	2
12226	दमकल	2
12227	मल्लिकार्जुन	2
12228	शीपशांक्स	2
12229	फुसेली	2
12230	मानसा	2
12231	वायदों	2
12232	जब्बार	2
12233	वेयर	2
12234	सुरंगों	2
12235	सहाय	2
12236	अयाद	2
12237	प्राकृत	2
12238	सम्मिश्र	2
12239	उदाहरणों	2
12240	गुणनखंड	2
12241	लिम्फोसाइट	2
12242	आदिम	2
12243	खोजा	2
12244	प्रतिजन	2
12245	रोगजनक	2
12246	एंटीबॉडी	2
12247	धार्मिकता	2
12248	नलवी	2
12249	तांडव	2
12250	फांस	2
12251	आहिस्ता	2
12252	कैश	2
12253	इंचार्ज	2
12254	औषधालय	2
12255	किनारों	2
12256	तृतीया	2
12257	नेस्तोरियन	2
12258	हुइहुई	2
12259	उतारने	2
12260	कड़वाहट	2
12261	क्लेड्स	2
12262	पिट	2
12263	ऑप	2
12264	ज़ूम	2
12265	कन्ट्रीज़	2
12266	मैग्नीफिसेंट	2
12267	विश्वस्त	2
12268	रिबॉल्ट	2
12269	कैरोलीन	2
12270	खींचता	2
12271	पामेर	2
12272	एपिटोप्स	2
12273	अनीता	1
12274	प्रभावशीलता	1
12275	तापन	1
12276	मोंट्रियल	1
12277	रेखीय	1
12278	कार्लटन	1
12279	हनफी	1
12280	मसलक	1
12281	जमाण	1
12282	शिवालिक	1
12283	स्टील्थ	1
12284	केफालोआन	1
12285	राजभवनों	1
12286	स्कैन	1
12287	फेफड़ें	1
12288	सोया	1
12289	संसाधान	1
12290	पलत	1
12291	सुजीत	1
12292	जेलें	1
12293	बेखौफ	1
12294	न्याययिक	1
12295	रिसाव	1
12296	गमर	1
12297	इन्हे	1
12298	श्रेणियां	1
12299	प्रसूता	1
12300	हसरतें	1
12301	डेंगू	1
12302	व्यवस्थाएं	1
12303	कव्वाली	1
12304	फिल्मांकन	1
12305	पट्टिनाचेरी	1
12306	बरोसो	1
12307	विपदा	1
12308	डेस्क	1
12309	जंजुआ	1
12310	सिबी	1
12311	दियालगाम	1
12312	हिज्बुल	1
12313	मक़बूल	1
12314	वागे	1
12315	कार्रवाईयां	1
12316	चलतीं	1
12317	एजेग्लियो	1
12318	दूरदर्शिता	1
12319	जेइऑन	1
12320	नक	1
12321	इफ	1
12322	बक	1
12323	कनक	1
12324	गोष्ठियों	1
12325	मंहगा	1
12326	सीना	1
12327	जोरी	1
12328	माइनस	1
12329	अंतःवस्त्र	1
12330	हम्बलबम्स	1
12331	फादर	1
12332	डिडन्ट	1
12333	लाइक	1
12334	एनीवे	1
12335	अवध	1
12336	कामरूप	1
12337	कंचनजंघा	1
12338	सरायघाट	1
12339	दादर	1
12340	अंबेडकरवादी	1
12341	घायलावस्था	1
12342	व्लादिवोस्तक	1
12343	कामचत्का	1
12344	रक्षकों	1
12345	सुडेटन	1
12346	निभाएंगे	1
12347	ग्राम्य	1
12348	राजपाल	1
12349	एसएलआर	1
12350	नायलेकर	1
12351	होमवे	1
12352	गवडा	1
12353	वैक्प्पा	1
12354	गावड़ा	1
12355	एडिडास	1
12356	तैर	1
12357	पेचीदगियों	1
12358	दबंग	1
12359	दफनाने	1
12360	विसर्जन	1
12361	उन्होनें	1
12362	ल्युब्रीकेंट	1
12363	चिकना	1
12364	एटीएल	1
12365	एनयूटी	1
12366	एनएएसयूडब्ल्यूटी	1
12367	रिपोर्ट्स	1
12368	एजीगिलियो	1
12369	सियॅम्पी	1
12370	सिल्वियो	1
12371	बेरूसलोनी	1
12372	बदलेंगे	1
12373	पनडुब्बीरोधी	1
12374	मैरीलैंड	1
12375	लैनहम	1
12376	शाकाहार	1
12377	मुस्कुरा	1
12378	उत्पादित	1
12379	पृथ्वीस	1
12380	ग्लोबीजेंस	1
12381	बाजी	1
12382	सूफी	1
12383	ट्रांस	1
12384	हब	1
12385	पहचाने	1
12386	खुलापन	1
12387	घूमकर	1
12388	जीआईएचल	1
12389	हथियाना	1
12390	फोडर	1
12391	क्रॉप्स	1
12392	डरहम	1
12393	गेरी	1
12394	मैकनेइली	1
12395	मियाद	1
12396	पटरियां	1
12397	बुर्ज	1
12398	विरोधात्मक	1
12399	मोहम्‍मद	1
12400	स्‍मारक	1
12401	लड़ी	1
12402	ढोने	1
12403	मैनन	1
12404	सपरिवार	1
12405	यूएनएफपीए	1
12406	अशासनात्मक	1
12407	बारोसो	1
12408	अदला	1
12409	दीर्घकाल	1
12410	हैमरस्मिथ	1
12411	तुर्कमेनिस्तान	1
12412	बतंगड़	1
12413	गजट	1
12414	कालिख	1
12415	डटकर	1
12416	इत्तला	1
12417	अनाप	1
12418	शनाप	1
12419	सहूलियतों	1
12420	ढलाई	1
12421	स्पेक्ट्रोफोटोमेट्रिक	1
12422	अवशोषण	1
12423	तरंग	1
12424	दैर्ध्य	1
12425	कैनोपियों	1
12426	विकीर्णता	1
12427	वनस्पतियों	1
12428	परावर्तन	1
12429	प्रतिदीप्ति	1
12430	ज़कारिया	1
12431	रहेज़ेस	1
12432	जाह्रवी	1
12433	अबुलकसिस	1
12434	उत्सादन	1
12435	लिबर	1
12436	सर्वेंटरी	1
12437	रुचिकर	1
12438	जड़ी	1
12439	बूटियों	1
12440	सबुर	1
12441	सादल्लाह	1
12442	मरिदिनी	1
12443	वाफिद	1
12444	मुद्रित	1
12445	मेस्यू	1
12446	युनिवर्सलिबस	1
12447	पर्टिक्यूलरीबस	1
12448	एबेंग्यूफिट	1
12449	मेडिसिस्टमिस	1
12450	सिंप्लीबस	1
12451	अबानो	1
12452	वेनेरिस	1
12453	मारिदिनी	1
12454	मुवाफाक	1
12455	आर्सेनिक	1
12456	सिलिकिक	1
12457	विट्रियल	1
12458	लेड	1
12459	सत्यापन	1
12460	जयेन्द्र	1
12461	पीटरलू	1
12462	नरसंहार	1
12463	पर्सी	1
12464	एनार्की	1
12465	छवियों	1
12466	क्रिया	1
12467	अहिंसक	1
12468	आज़ादी	1
12469	अनार्की	1
12470	वार्ताएं	1
12471	विभक्त	1
12472	ढोना	1
12473	दानकर्ताओं	1
12474	मालवीय	1
12475	डवलपमेंट	1
12476	नान	1
12477	जबान	1
12478	विनर्स	1
12479	टाइब्रेकर	1
12480	स्टापेज	1
12481	करुंगी	1
12482	जख्मों	1
12483	नेवल	1
12484	आईसीजी	1
12485	आदिश	1
12486	चेतावनियों	1
12487	ईआरडीसीआईटीवीएम	1
12488	प्लेटो	1
12489	लाभों	1
12490	पंडरावड़ा	1
12491	हबीब	1
12492	खिलाना	1
12493	अधूरे	1
12494	एआईएम	1
12495	इनवेस्टमेंट	1
12496	हर्षवर्धन	1
12497	कंसोलेट	1
12498	चुनेगा	1
12499	निहत्था	1
12500	सराही	1
12501	विंड्स	1
12502	स्प्रिंग	1
12503	विज्ञापित	1
12504	एसपीसीसी	1
12505	कृश	1
12506	ब्लफ	1
12507	तुसी	1
12508	थोरियम	1
12509	वैक्यूम	1
12510	यूरिया	1
12511	डीएपी	1
12512	एमओपी	1
12513	डुडले	1
12514	पीपल	1
12515	भूतिया	1
12516	जायंट्स	1
12517	हॉर्न्स	1
12518	निमोन	1
12519	कहानियाँ	1
12520	टॅलन्स	1
12521	वेंग	1
12522	चियांग	1
12523	संचालक	1
12524	उद्घव	1
12525	फव्वारा	1
12526	मैग्मा	1
12527	सिलिका	1
12528	चिपचिपा	1
12529	अबुझमादिया	1
12530	बिठाकर	1
12531	चलें	1
12532	निर्बलता	1
12533	पिछड़ापन	1
12534	त्रिशंकु	1
12535	ड्रिल	1
12536	सेक्शंस	1
12537	सर्वेक्षणों	1
12538	कुँए	1
12539	आयामों	1
12540	वातावरणों	1
12541	निष्कर्षण	1
12542	बुलाती	1
12543	खिचाव	1
12544	रिलैक्स	1
12545	निबटाया	1
12546	कुन	1
12547	ख़त्म	1
12548	बुद्धकालीन	1
12549	वस्‍तुएं	1
12550	धातुएं	1
12551	सिक्‍के	1
12552	मटैलिक	1
12553	वीआरसी	1
12554	आईजोल	1
12555	मकरीजोरा	1
12556	ओरेगांव	1
12557	मुखपत्र	1
12558	वीकशनम	1
12559	पुर्नस्थापना	1
12560	राज्यव्यापी	1
12561	गलियारा	1
12562	खंभों	1
12563	आर्चेस	1
12564	उत्तरायण	1
12565	छिपता	1
12566	चौबीसों	1
12567	उठेगा	1
12568	अल्लापट	1
12569	जिद्द	1
12570	आगंतुकों	1
12571	उड़कर	1
12572	ट्रोइका	1
12573	डॉट्स	1
12574	धारियों	1
12575	कोरैडो	1
12576	पसेरा	1
12577	वापल	1
12578	गोष्ठी	1
12579	नरसिंहराव	1
12580	अवश्वसनीय	1
12581	हाईफाई	1
12582	नाथन	1
12583	नरसिम्हन	1
12584	स्कीयर	1
12585	तुतिकोरिन	1
12586	फिशरीज़	1
12587	फर्नांडीज	1
12588	खदेड़ा	1
12589	तालुकदार	1
12590	वंजारा	1
12591	बेशरम	1
12592	नरहरि	1
12593	न्योते	1
12594	अल्पकालिक	1
12595	ग्‍यारहवीं	1
12596	गंडदेव	1
12597	जनित	1
12598	आशु	1
12599	रैलियाँ	1
12600	समापन्न	1
12601	आशाजनक	1
12602	मनोवैज्ञानिकों	1
12603	खलल	1
12604	नरमदेश्वर	1
12605	रोसड़ा	1
12606	सिंगला	1
12607	सोढ़ी	1
12608	अपरिमितता	1
12609	ट्विन	1
12610	पॉलिग्नैक	1
12611	दृढ़ता	1
12612	सिनचेज़ल	1
12613	ब्रोकार्ड	1
12614	अभाज्यों	1
12615	लीजेंड्रे	1
12616	चाटनी	1
12617	एंग्लिकन	1
12618	रेवरेंड	1
12619	हेशलर	1
12620	क्रैचिंग	1
12621	प्रोब्लम	1
12622	परमाणुओं	1
12623	स्टॉकड	1
12624	क्लाउड	1
12625	पेकौडी	1
12626	भेजीं	1
12627	वेनगो	1
12628	उदारतापूर्वक	1
12629	पेंग्विन	1
12630	रीजनल	1
12631	निस्संदेह	1
12632	बॉब	1
12633	सतत	1
12634	अंडरवैल्यूड	1
12635	शोवा	1
12636	मगरमच्छ	1
12637	प्रशिक्षक	1
12638	साँप	1
12639	चुंबन	1
12640	रोमांचकारी	1
12641	खोलें	1
12642	आकांक्षाओं	1
12643	गार्डों	1
12644	जबर्दस्ती	1
12645	खुलवाए	1
12646	उतरेंगे	1
12647	दोतरफा	1
12648	रनऑफ	1
12649	उखरूल	1
12650	तामांगलोंग	1
12651	चंडेल	1
12652	हुमायूँ	1
12653	कुप्रभावित	1
12654	बूंदाबांदी	1
12655	आरएचएस	1
12656	स्ट्रॅ	1
12657	वराह	1
12658	करवाई	1
12659	डीपीजी	1
12660	झलकता	1
12661	जंजगीर	1
12662	शिक्षाकर्मियों	1
12663	चैम्बरलिन	1
12664	मढ़ा	1
12665	खोवा	1
12666	तल्ख़	1
12667	ढिलाई	1
12668	नफ़्ज़र	1
12669	रेस्टॉरेशन	1
12670	लॉरी	1
12671	कैमरों	1
12672	हिलाव	1
12673	संसाधित	1
12674	कीन्सकोप	1
12675	रिस्टोर	1
12676	सफ़ेद	1
12677	काथिरवन	1
12678	लॉकहीड	1
12679	रायशुमारी	1
12680	एनएन	1
12681	इंडो	1
12682	प्लेटों	1
12683	उभरता	1
12684	लड्डू	1
12685	अपनाएगी	1
12686	अलगावादियों	1
12687	पंडरवडा	1
12688	ट्वंटिएथ	1
12689	नक़ल	1
12690	सुनाएगी	1
12691	सगंठन	1
12692	बॉल	1
12693	खिलाडियों	1
12694	पेनल्टी	1
12695	बेनी	1
12696	फ़ाउलर	1
12697	फ़र्स्ट	1
12698	उजड़ा	1
12699	चलाती	1
12700	आदिस	1
12701	अबाबा	1
12702	सलीके	1
12703	भद्र	1
12704	खिंचवाए	1
12705	गरमाया	1
12706	क्रय	1
12707	विक्रय	1
12708	जेंटलमेन	1
12709	कैडेट्स	1
12710	पद्धतियों	1
12711	नतिनियों	1
12712	नाती	1
12713	देखेंगी	1
12714	उड़न	1
12715	वेली	1
12716	बोक्किल	1
12717	साम	1
12718	डीपी	1
12719	योद्धाओं	1
12720	बैगपाइपर	1
12721	अनोखे	1
12722	स्कर्ट	1
12723	पुरूषों	1
12724	पुरम्	1
12725	देहली	1
12726	लाग	1
12727	लपेट	1
12728	अकाट्य	1
12729	सत्यनिष्ठा	1
12730	सालिंस	1
12731	रोते	1
12732	भागीं	1
12733	दिखाएं	1
12734	डेजेर्ट	1
12735	तालाचीड	1
12736	केरकासोने	1
12737	किलाबंद	1
12738	अक्कादेवी	1
12739	फर्नांडिज	1
12740	छंटने	1
12741	वाटरप्रूफ	1
12742	तंत्रों	1
12743	ढंक	1
12744	बालासुब्रह्मण्यम्	1
12745	जहाज़	1
12746	ग्रेगरी	1
12747	क्रेग	1
12748	डुरान	1
12749	पिंटैडो	1
12750	बादलवाला	1
12751	मुर्गों	1
12752	लगाएंगी	1
12753	भोजपुरी	1
12754	परेशानियां	1
12755	गोल्डेन	1
12756	मछलीघर	1
12757	प्रतिक्रियाएँ	1
12758	आँच	1
12759	बेफिक्र	1
12760	प्रलेखन	1
12761	पढ़ाए	1
12762	हाहाकार	1
12763	बैंकरों	1
12764	मेजबानों	1
12765	गयासुद्दीन	1
12766	हरम	1
12767	निषेधाज्ञा	1
12768	ईदगाह	1
12769	फहराने	1
12770	दोनापाउला	1
12771	वित्तमत्री	1
12772	रेले	1
12773	रिइंबर्समेंट	1
12774	एलाउएंस	1
12775	मुस्ताक	1
12776	बरकाकाटी	1
12777	नियुक्तियाँ	1
12778	पंचम	1
12779	चाची	1
12780	इसाबेला	1
12781	गुरूद्वारों	1
12782	रिव्यू	1
12783	संस्‍कार	1
12784	बेगुनाह	1
12785	मध्यकाल	1
12786	किलोलीटर	1
12787	मंजिलों	1
12788	पचा	1
12789	रोजर्स	1
12790	केमिकल्स	1
12791	डिपार्टमेंटल	1
12792	इंडस्ट्रीयल	1
12793	रिलेशन	1
12794	जॉर्जेज	1
12795	रोजेन	1
12796	जर्माइने	1
12797	असमतल	1
12798	मनोरोगी	1
12799	पाठ्यक्रमों	1
12800	मिनिस्ट्री	1
12801	ह्यूमन	1
12802	रेगिस्तानी	1
12803	वाइफ	1
12804	दूब	1
12805	हर्टज	1
12806	लाइसैंस	1
12807	किंवदंती	1
12808	त्रुटिपूर्ण	1
12809	वानखेड़े	1
12810	क़बूल	1
12811	मिशनरियों	1
12812	रंगभेद	1
12813	श्रेणियों	1
12814	सिद्दकी	1
12815	गार्थ	1
12816	जेनिंग्स	1
12817	हिचिकर्स	1
12818	रैम्बो	1
12819	बिताना	1
12820	लक्षण	1
12821	सौंपकर	1
12822	अलगाववाद	1
12823	स्‍थल	1
12824	आपरेटर	1
12825	खूनी	1
12826	वर्द्धराजन	1
12827	भित्ति	1
12828	यूनियनें	1
12829	जुझारू	1
12830	बानेज	1
12831	युनिवर्सिएड	1
12832	मेजबानी	1
12833	क्रैस्नोयार्स्क	1
12834	नियुक्तियों	1
12835	बेदार	1
12836	केयरटेकर	1
12837	सीरियलों	1
12838	याद्दाश्त	1
12839	गुरू	1
12840	आज्ञा	1
12841	नुमाइंदगी	1
12842	इकबाकिया	1
12843	सोचे	1
12844	मूंद	1
12845	सुब्रामण्यम	1
12846	हंडिया	1
12847	अंजनी	1
12848	भूले	1
12849	नौगावां	1
12850	सादात	1
12851	बाइस	1
12852	चंद्रभान	1
12853	परिसंपत्ति	1
12854	बीजेंगे	1
12855	उम्मीद्वारों	1
12856	स्लेट	1
12857	उतरती	1
12858	कोट्टाचेरू	1
12859	श्रेडेड	1
12860	कतरन	1
12861	हान्स	1
12862	पैटर्सन	1
12863	छपने	1
12864	सुधरे	1
12865	नजदीकियों	1
12866	भवानीपुर	1
12867	हितल	1
12868	कर्ताधर्ता	1
12869	पढ़ी	1
12870	प्रोकाउंसल	1
12871	मौजदूगी	1
12872	खटकती	1
12873	गुरेज़	1
12874	उमाशंकर	1
12875	बादअपने	1
12876	प्रजातंत्रवादी	1
12877	बांग्लादेशियों	1
12878	लिंडिस्फ़ार्न	1
12879	टाइनसाइड	1
12880	फॉग	1
12881	फुटबॉलर	1
12882	गैस्कोनिक	1
12883	अन्वेषक	1
12884	वॉकीयर	1
12885	ट्रैश	1
12886	टेलर	1
12887	भूतपूर्व	1
12888	गिटारवादक	1
12889	शर्ट	1
12890	शॉर्टस	1
12891	फूटी	1
12892	हिलने	1
12893	अर्जुनसिंह	1
12894	माखनलाल	1
12895	नगरवासियों	1
12896	उगाया	1
12897	सामन्यतः	1
12898	टर्बाइनों	1
12899	स्टेनलेस	1
12900	कार्नोट	1
12901	प्रविष्टि	1
12902	वीरानगी	1
12903	फंसी	1
12904	लिनारेस	1
12905	रिवोल्यूशन	1
12906	विंडिकेशन	1
12907	ख़रीदारी	1
12908	वाँ	1
12909	ब्रोकर	1
12910	सिखाए	1
12911	अन्तर्वस्तु	1
12912	गुंडों	1
12913	बजाकर	1
12914	लहतलाली	1
12915	डालता	1
12916	कामपुर	1
12917	दंगल	1
12918	टीके	1
12919	बीजा	1
12920	समझो	1
12921	स्कॉब	1
12922	गुटखा	1
12923	रसिकलाल	1
12924	माणिकचंद	1
12925	अलफराक	1
12926	कल्चरल	1
12927	नेस्तस	1
12928	मेस्ता	1
12929	भोजनावकाश	1
12930	मलेक	1
12931	सर्जन	1
12932	सहिंता	1
12933	भैंरो	1
12934	बदलवाने	1
12935	झंडातोलन	1
12936	पंजोली	1
12937	प्रथमदृष्ट्या	1
12938	संयोजकत्व	1
12939	कुर्रतुलऐन	1
12940	हैदर	1
12941	विनायक	1
12942	करंदीकर	1
12943	सोबती	1
12944	विद्यानिवास	1
12945	जयकांतन	1
12946	खेलचंद्र	1
12947	गुंटूरू	1
12948	शेषेंद्र	1
12949	बृजभूषण	1
12950	मँहगे	1
12951	सेंट्रिक	1
12952	बैटलफील्ड	1
12953	दत्तात्रेय	1
12954	स्थली	1
12955	कमरुद्दीन	1
12956	कबूतरों	1
12957	ट्रंक	1
12958	संकरी	1
12959	तकरार	1
12960	मानें	1
12961	प्राचार्य	1
12962	भीड़खींचू	1
12963	किसानी	1
12964	पर्याआधार	1
12965	विश्वमोहन	1
12966	दीनदयाल	1
12967	जगमीत	1
12968	मीत	1
12969	सज्जन	1
12970	उन्‍हें	1
12971	मदरसा	1
12972	जेडीयू	1
12973	टेलीग्राम	1
12974	रादौर	1
12975	डूबते	1
12976	उत्तेजना	1
12977	बांहों	1
12978	तिबेरियस	1
12979	ऑगस्टस	1
12980	नाओलेकर	1
12981	वासुदेवन	1
12982	देवास	1
12983	नरंजीपुर	1
12984	चिनाब	1
12985	क़वायद	1
12986	लांबा	1
12987	परिषद्	1
12988	तारिक़	1
12989	बसोली	1
12990	सच्चे	1
12991	द्योतक	1
12992	शक्तियाँ	1
12993	प्रमुखताएँ	1
12994	अनिर्वाचित	1
12995	बढ़ते	1
12996	करनेवाले	1
12997	हस्तांतरणीय	1
12998	पीपुल	1
12999	इकोलॉजिस्ट	1
13000	लेस	1
13001	वर्ट्स	1
13002	कुप्रबंधन	1
13003	सैंटर	1
13004	क्रातिया	1
13005	डेमो	1
13006	सीजीआई	1
13007	मेस्त्रे	1
13008	नवचेतना	1
13009	कराकल्ला	1
13010	नयां	1
13011	मुजाहिरा	1
13012	बैंडबाजे	1
13013	जहाँआरा	1
13014	अम्मी	1
13015	रोया	1
13016	ब्लॉगर्स	1
13017	रीफ्यूलिंग	1
13018	फिशरमैन	1
13019	विवेकानंदन	1
13020	गोविंदाचार्य	1
13021	सहचर	1
13022	कागजातों	1
13023	सुराना	1
13024	महफूज़	1
13025	लिखवाई	1
13026	पहारबाद	1
13027	बोकाजान	1
13028	क़ायदेआज़म	1
13029	निदर्ष	1
13030	बर्बरतापूर्ण	1
13031	नूंह	1
13032	उठाती	1
13033	भीगकर	1
13034	बूंदों	1
13035	कोनों	1
13036	सुदृढ़	1
13037	प्रदक्षिणा	1
13038	स्पांसरशिप	1
13039	स्कैंडल	1
13040	गोमेरी	1
13041	वचन	1
13042	एडीएई	1
13043	बागमती	1
13044	खबरिया	1
13045	चुटकी	1
13046	वशंज	1
13047	हिचकिचाहट	1
13048	अबुझमाद	1
13049	शिकाई	1
13050	रवींद्रनाथ	1
13051	टेगौर	1
13052	उत्तमराजा	1
13053	सहेजने	1
13054	समाँ	1
13055	डिफ़ेन्स	1
13056	इन्टरसेप्शन	1
13057	कावन	1
13058	शॉर्ट	1
13059	रिकवरी	1
13060	लाइनमैन	1
13061	मारिओ	1
13062	बॉलर	1
13063	जेरेड	1
13064	कोनी	1
13065	एलियल	1
13066	लाइनबैकर्स	1
13067	ल्यूक	1
13068	क्युचली	1
13069	इंटरसेप्शन	1
13070	कुएक्ली	1
13071	कर्ट	1
13072	सीज़न	1
13073	शटडाउन	1
13074	लौटाए	1
13075	पर्ची	1
13076	साजिशकर्ता	1
13077	सुलेमसराय	1
13078	पहुंचेंगी	1
13079	नसरीन	1
13080	अरिफीन	1
13081	फरजंदान	1
13082	मिल्लत	1
13083	जुटेंगे	1
13084	अर्नेस्ट	1
13085	शैकल्टन	1
13086	अट्ठाइस	1
13087	लगें	1
13088	माणक	1
13089	दूरियाँ	1
13090	कार्ययोजना	1
13091	पहुंचाता	1
13092	अलीम	1
13093	मंथन	1
13094	आउटडोर	1
13095	कैटरर्स	1
13096	एसटीसी	1
13097	शौचालय	1
13098	पहुंचनी	1
13099	रिफ्यूलिंग	1
13100	मनाएं	1
13101	जायेंगे	1
13102	परचम	1
13103	लहराएगा	1
13104	आग्रहों	1
13105	क़ाफिले	1
13106	गुजारी	1
13107	पौ	1
13108	हुजूम	1
13109	घटित	1
13110	नवनिर्माण	1
13111	भाद्रपक्ष	1
13112	सुदी	1
13113	चतुर्थी	1
13114	अभयपुरी	1
13115	चित्‍तौड	1
13116	ट्रैकों	1
13117	बीचोंबीच	1
13118	लिखावट	1
13119	प्लेटफॉर्मो	1
13120	पुनर्निर्धारण	1
13121	अराजकतावादी	1
13122	भिखारी	1
13123	एडमिट	1
13124	अटेनडेंस	1
13125	कचारी	1
13126	रिलीज़	1
13127	सीवेज	1
13128	अवशिष्ट	1
13129	गिरना	1
13130	डाइवरटीकुलाइटिस	1
13131	विकार	1
13132	आवर्ती	1
13133	मनुष्यों	1
13134	आनुवांशिक	1
13135	जीवधारी	1
13136	हाशिमोटो	1
13137	थायरॉयडिटिस	1
13138	मधुमेह	1
13139	मेलेटस	1
13140	प्रणालीगत	1
13141	ल्यूपस	1
13142	एरिथेमेटोसस	1
13143	टाईप	1
13144	अंगूठे	1
13145	उत्तरार्द्घ	1
13146	बहसों	1
13147	सुखबंस	1
13148	तंगी	1
13149	वैद्यन	1
13150	जुला	1
13151	क्लासिकीय	1
13152	सोल्हीम	1
13153	किगाली	1
13154	किम	1
13155	ओपेरा	1
13156	दिंसबर	1
13157	तहरीर	1
13158	हरीनगर	1
13159	उधेड़बुन	1
13160	वस्तुतः	1
13161	पर्याय	1
13162	चस्पा	1
13163	धनवान	1
13164	व्‍यापारी	1
13165	मंगवाकर	1
13166	ढ़ाई	1
13167	कानूनविदों	1
13168	प्रतिवेदन	1
13169	तृतीयक	1
13170	ट्यूशन	1
13171	ज़िले	1
13172	जानारेड्डी	1
13173	काँफ्रेंस	1
13174	बड़गाम	1
13175	बेग	1
13176	मिल्कीपुर	1
13177	शरीयत	1
13178	साली	1
13179	मिथला	1
13180	मंडप	1
13181	बकायदा	1
13182	जलमग्न	1
13183	ख्वाज़ा	1
13184	सलाहुद्दीन	1
13185	शेरपाओ	1
13186	वांछितों	1
13187	खुशाब	1
13188	कीजिए	1
13189	चित्रांकन	1
13190	मॉस	1
13191	मैओरियम	1
13192	अंचल	1
13193	क्षतिपूर्ति	1
13194	जुदुम	1
13195	बालिकाओं	1
13196	चांगसाम	1
13197	शेराब	1
13198	जांगपो	1
13199	वरिष्ठतम	1
13200	लेजर	1
13201	कटनी	1
13202	सतना	1
13203	दलगत	1
13204	बोइग	1
13205	पुष्पदान	1
13206	गाधवी	1
13207	कराएं	1
13208	ड्रिलबु	1
13209	संमजोतर	1
13210	सोनभद्र	1
13211	सीतापुर	1
13212	हरदोई	1
13213	ललितपुर	1
13214	लखीमपुर	1
13215	खीरी	1
13216	बांदा	1
13217	चित्रकूट	1
13218	मिरजापुर	1
13219	महोबा	1
13220	हमीरपुर	1
13221	बाराबंकी	1
13222	बाघा	1
13223	मालवा	1
13224	बोंदारेंको	1
13225	नौटियाल	1
13226	नानू	1
13227	अनुसरण	1
13228	ब्रॉडमेडो	1
13229	जिलॉन्ग	1
13230	अँगूठे	1
13231	नकुलेश्वर	1
13232	पालतू	1
13233	बिल्लियां	1
13234	लखानी	1
13235	दागने	1
13236	क्विरियो	1
13237	पुर्तगीज	1
13238	ज़हरखुरानों	1
13239	इक्का	1
13240	दुक्का	1
13241	संदेशों	1
13242	इलैने	1
13243	फिल्मा	1
13244	ईटीए	1
13245	नॉटिकल	1
13246	ऑलस्टन	1
13247	कैंब्रिज	1
13248	वीक्स	1
13249	डेंटल	1
13250	लॉन्गवुड	1
13251	भिजवा	1
13252	सस्ता	1
13253	आईएजी	1
13254	भृगुकुमार	1
13255	बृंदाबन	1
13256	मलेरकोटला	1
13257	बरपाना	1
13258	द्वारहाट	1
13259	उक्रांद	1
13260	पुष्पेश	1
13261	नेगी	1
13262	बूझकर	1
13263	उभरेगी	1
13264	मंद	1
13265	निवारक	1
13266	तरनतारन	1
13267	अजनाला	1
13268	खौफजदा	1
13269	बेंडर	1
13270	ग्रैमी	1
13271	गागा	1
13272	मार्ली	1
13273	मैटलिन	1
13274	हंगामेदार	1
13275	चुकाने	1
13276	पुनरीक्षण	1
13277	ऑर्डनेंस	1
13278	ओएफबी	1
13279	गोंगमिन	1
13280	गोर्यिओ	1
13281	परिवर्धित	1
13282	माँसाहारी	1
13283	प्राणियों	1
13284	आउटसोर्सिंग	1
13285	शेपार्ड	1
13286	जेरोनिमो	1
13287	रौनकी	1
13288	उगाने	1
13289	चेंगलपेट	1
13290	वियना	1
13291	ओस्लो	1
13292	डीएल	1
13293	अधिभार	1
13294	हवाईअड्डा	1
13295	जोड़ाबागान	1
13296	श्यामपुकुर	1
13297	इन्टाली	1
13298	एमएचएन	1
13299	बंदिशें	1
13300	हनक	1
13301	सपाहियों	1
13302	पंचायतीराज	1
13303	बेल्जियम	1
13304	ओढ़कर	1
13305	टेलीफ़ोन	1
13306	झुठलाने	1
13307	नरकंकाल	1
13308	उमस	1
13309	अधीर	1
13310	हफीज	1
13311	शोएब	1
13312	भजनलाल	1
13313	नकाब	1
13314	एलिवेटिड	1
13315	फ्लाई	1
13316	एलिस	1
13317	उठेंगे	1
13318	शिवलाल	1
13319	लूटी	1
13320	सम्मानपूर्वक	1
13321	सुदम	1
13322	देऊबा	1
13323	ऑर्गन	1
13324	ट्रांसप्लांट	1
13325	सोशियो	1
13326	द्ब	1
13327	जांबिया	1
13328	मलावी	1
13329	मोजांबिक	1
13330	अहीर	1
13331	पक्षकार	1
13332	टावर	1
13333	राशेल	1
13334	विन्हैम	1
13335	अपार्टमेंट	1
13336	धर्मो	1
13337	प्रेरणास्त्रोत	1
13338	हुसैनबाद	1
13339	गुणज	1
13340	सूर्यास्त	1
13341	जोड़ते	1
13342	टिमोथी	1
13343	यंग	1
13344	दौड़े	1
13345	आबोहवा	1
13346	बीघा	1
13347	बीजे	1
13348	रोमांस	1
13349	मिथिलेश	1
13350	क्‍यारी	1
13351	महक	1
13352	दावेदारी	1
13353	धोखे	1
13354	यीशू	1
13355	चूने	1
13356	सन्निहित	1
13357	पलटनें	1
13358	सीआरटीसी	1
13359	सुनवाईयों	1
13360	हिस्सेदारों	1
13361	प्रतिक्रियाओं	1
13362	फोड़ना	1
13363	लोद्रवा	1
13364	सतवीर	1
13365	मेसोअमेरिकी	1
13366	पालों	1
13367	डोंगियों	1
13368	नवांशहर	1
13369	खाइयों	1
13370	घाटियों	1
13371	तलाशना	1
13372	महासम्मेलन	1
13373	नं	1
13374	स्‍थित	1
13375	मिसेनियाई	1
13376	अंधकार	1
13377	दीना	1
13378	एंक्लेव	1
13379	रोकटोक	1
13380	गुरिल्ला	1
13381	बाउंसर	1
13382	रक्षात्मक	1
13383	लड़ते	1
13384	एजी	1
13385	महावीर	1
13386	अनहोनी	1
13387	अटलांटिस	1
13388	बरसते	1
13389	जानतीं	1
13390	हटतीं	1
13391	पोली	1
13392	प्नाकृतिक	1
13393	जफ़र	1
13394	मोहल्ले	1
13395	बुडलवाला	1
13396	सकुशल	1
13397	टिशू	1
13398	महकमे	1
13399	रैगनार	1
13400	सातों	1
13401	धर्मपत्नी	1
13402	अर्चन	1
13403	ख़बर	1
13404	पाठकों	1
13405	चेचेन्या	1
13406	इकनॉमिक्स	1
13407	स्टडीज़	1
13408	ट्रेवर	1
13409	सेवेन	1
13410	कीज़	1
13411	डूम्सडे	1
13412	कॉलिन	1
13413	अल्टीमेट	1
13414	बैंक्स	1
13415	नाटकों	1
13416	शौकिया	1
13417	प्रस्तुतियों	1
13418	टेरी	1
13419	कर्स	1
13420	सखा	1
13421	बांदीपोरा	1
13422	रिशिपोरा	1
13423	नेहरुवाद	1
13424	सिनेमाघर	1
13425	मानेन	1
13426	कुशा	1
13427	भाऊ	1
13428	व्हाइटफील्ड	1
13429	विधिपूर्वकअध्ययन	1
13430	नियमशील	1
13431	मेथोडिस्टों	1
13432	कक्षाएं	1
13433	जीना	1
13434	बर्बादी	1
13435	धर्मगुरुओं	1
13436	फोवा	1
13437	सिद्धी	1
13438	बोधिसत्व	1
13439	व्रत	1
13440	तुलकु	1
13441	पुनर्जन्म	1
13442	घुमंतुओं	1
13443	इंटरेक्टिव	1
13444	आरपीसी	1
13445	कटाक्ष	1
13446	आश्वासनों	1
13447	दयानिधि	1
13448	आप्टिकल	1
13449	अल्टरनेटिव	1
13450	ट्विग	1
13451	कैंटर	1
13452	डंकन	1
13453	इबोला	1
13454	रक्तस्रावी	1
13455	पुरातत्वविद्	1
13456	बार्नी	1
13457	स्लोन	1
13458	वाटरफ्रंट	1
13459	पुरातात्विक	1
13460	थीसिस	1
13461	नकारता	1
13462	मक्खियों	1
13463	टाइफस	1
13464	चेचक	1
13465	श्वसन	1
13466	सेप्टिकैमिक	1
13467	क्लेरकेनवेल	1
13468	खोदकर	1
13469	वसीयतें	1
13470	अफ़ज़ाई	1
13471	कुर्सियां	1
13472	लादने	1
13473	धर्मनिरपेक्षतावादी	1
13474	आलोचक	1
13475	रीकंस्ट्रक्शन	1
13476	रिलिजियस	1
13477	थॉट	1
13478	हिस्ट्री	1
13479	डिकोम	1
13480	बिलबोर्ड	1
13481	थ़ॉट	1
13482	चार्ट	1
13483	इर्जीकैन	1
13484	अपलिंकिंग	1
13485	एसीसी	1
13486	पाह्म्कग	1
13487	डालेंगे	1
13488	पयर्टक	1
13489	फिजूलखर्ची	1
13490	गतिहीन	1
13491	द्रव्यमानों	1
13492	जन्मजात	1
13493	अप्राकृतिक	1
13494	तीरों	1
13495	तीरंदाज	1
13496	अविच्छिन्नक	1
13497	जमन	1
13498	भागे	1
13499	दौड़ाकर	1
13500	कनपटी	1
13501	जूहु	1
13502	मांसाहारी	1
13503	दुप्पटा	1
13504	थानेसर	1
13505	बाल्टिक	1
13506	नदियाँ	1
13507	भरनी	1
13508	सोता	1
13509	ढूंढ़ते	1
13510	मलफोर्ड	1
13511	दोहराती	1
13512	सुनें	1
13513	फटका	1
13514	आंग्रे	1
13515	गोवर्धन	1
13516	होनिंग्सवेग	1
13517	एमीलिया	1
13518	सधे	1
13519	ओरियन	1
13520	परासरण	1
13521	देसाई	1
13522	सॉलिसिटर	1
13523	एएसजी	1
13524	बंधुआ	1
13525	मुंगेर	1
13526	साहिबजादा	1
13527	फेस	1
13528	जोगिंदर	1
13529	सूरतवासियों	1
13530	यज्ञों	1
13531	मंत्रों	1
13532	इनकम	1
13533	शरणार्थियों	1
13534	उपमा	1
13535	पकाया	1
13536	एस्कॉर्टस	1
13537	एमकेडब्ल्यू	1
13538	मैमोरियल	1
13539	श्रीमति	1
13540	युद्धकारी	1
13541	विरमानी	1
13542	घुटनों	1
13543	अहिंसावादी	1
13544	अलगाव	1
13545	ऐप्स	1
13546	सहारों	1
13547	परिस्थितियाँ	1
13548	स्पोर्ट	1
13549	शिकारों	1
13550	भत्तों	1
13551	रैनबैक्सी	1
13552	सिप्ला	1
13553	लाइसेंसिग	1
13554	बजरंग	1
13555	मिलेनिया	1
13556	जदान	1
13557	कलालों	1
13558	केतन	1
13559	स्‍वरूप	1
13560	साइटों	1
13561	जेवरात	1
13562	सत्तारूढ	1
13563	नाखुश	1
13564	डाइयां	1
13565	मृदाकला	1
13566	मंगलोर	1
13567	निकाहनामे	1
13568	पुत्रों	1
13569	इशारों	1
13570	बागान	1
13571	पत्तन	1
13572	अफ़ग़ान	1
13573	लक्षमण	1
13574	कादिरगमार	1
13575	मूनसिंघे	1
13576	निरुपमा	1
13577	मीडियाकर्मी	1
13578	आकलैंड	1
13579	खिड़कियां	1
13580	छिपी	1
13581	जबलबुर	1
13582	जलप्रपात	1
13583	एकबारगी	1
13584	पलटवार	1
13585	रविशंकर	1
13586	उस्ताद	1
13587	भीमसेन	1
13588	सिचाई	1
13589	आदेशानुसार	1
13590	पहना	1
13591	गोपेश्वर	1
13592	टेलिसर्विस	1
13593	भेजती	1
13594	गुज़ारा	1
13595	अराजकताओं	1
13596	भल्ला	1
13597	जुए	1
13598	नईम	1
13599	अक़बर	1
13600	एजार	1
13601	वायरसों	1
13602	शिशुपाल	1
13603	दिरावटी	1
13604	बिहारीलाल	1
13605	विरूद्ध	1
13606	गैरजमानती	1
13607	कुश	1
13608	कुशावती	1
13609	रामेंद्र	1
13610	बेलोस	1
13611	प्रश्नचिह्न	1
13612	आक्रोश	1
13613	उपविजेताओं	1
13614	फिनेजी	1
13615	फाईनल	1
13616	चेकअप	1
13617	मिनीकंप्यूटरों	1
13618	पावरहाउस	1
13619	इक्विपमेंट	1
13620	फ़ेज़	1
13621	उबरना	1
13622	बताएगा	1
13623	एडवार्डो	1
13624	फ्लेरियो	1
13625	गुरूवार	1
13626	कोर्टमार्शल	1
13627	बेहोशी	1
13628	अलबरदेई	1
13629	गुत्थियों	1
13630	साँठ	1
13631	गाँठ	1
13632	गोफ्रेडो	1
13633	पेतरास्सी	1
13634	एनियो	1
13635	ब्रूनो	1
13636	सिसीलिया	1
13637	रक्षागृह	1
13638	कंजर्वेटरी	1
13639	घुसते	1
13640	एमनेस्टी	1
13641	टोने	1
13642	झूठी	1
13643	खानी	1
13644	नीत	1
13645	गॉल	1
13646	चर्चिल	1
13647	कटवाँ	1
13648	शिलाखंडों	1
13649	पाँचवी	1
13650	हेलियोडोरस	1
13651	क्राई	1
13652	रेंच	1
13653	फ़र्क	1
13654	स्टारों	1
13655	रोक्को	1
13656	नीलसन	1
13657	सीमाएँ	1
13658	मैक्सिकन	1
13659	हमोंग	1
13660	लाओटियन	1
13661	सेलेब्रिटिज	1
13662	उपासना	1
13663	कल्टिक	1
13664	मेसेबोट	1
13665	वेदी	1
13666	वर्गाकार	1
13667	श्रद्धाभाव	1
13668	उरूसा	1
13669	उड़ती	1
13670	जुम्मा	1
13671	जकड़	1
13672	माणिकराव	1
13673	होदलया	1
13674	गावित	1
13675	यास	1
13676	मरीना	1
13677	टाइमिंग	1
13678	जोकोवी	1
13679	युधोयोने	1
13680	डोनापाउला	1
13681	बदगा	1
13682	असंवेदनशील	1
13683	मानदंडो	1
13684	त्यागकर	1
13685	रूद्रप्रयाग	1
13686	बागेश्वर	1
13687	ठहरेंगे	1
13688	ऐड्रस	1
13689	पतों	1
13690	हुंदई	1
13691	मॉडलों	1
13692	कैमरामैन	1
13693	कार्यदल	1
13694	एसई	1
13695	सुनाएगा	1
13696	जीसीएचक्यू	1
13697	अपार	1
13698	विनिंग	1
13699	प्रिंसेस	1
13700	फियोना	1
13701	सिपाह	1
13702	साहबा	1
13703	जगलाल	1
13704	माथापच्ची	1
13705	दायां	1
13706	घुटना	1
13707	खाकी	1
13708	भड़केगा	1
13709	वैटिकन	1
13710	मृत्युदण्ड	1
13711	मंत्रोच्चारण	1
13712	कॉस्टयूम	1
13713	नोटबुक	1
13714	वर्ड	1
13715	इमेज	1
13716	फैशनेबल	1
13717	पोशाकों	1
13718	टैलबोट	1
13719	ह्यूजेस	1
13720	डिपार्टमेंट	1
13721	हैरोड्स	1
13722	ढाँचागत	1
13723	आरआईडीएफ	1
13724	जिंटा	1
13725	बॉयफ्रेंड	1
13726	डाइंग	1
13727	नुस्ली	1
13728	खानदान	1
13729	सर्वोकृष्ट	1
13730	मूत्राशय	1
13731	ब्लैडर	1
13732	ढूंढ	1
13733	रथयात्रा	1
13734	हिंदूजा	1
13735	गोरे	1
13736	अबूधाबी	1
13737	ज़येद	1
13738	थकती	1
13739	मौजू	1
13740	विपुल	1
13741	चार्जशीट	1
13742	रेडियम	1
13743	होहल्ला	1
13744	लंबगांव	1
13745	सिल्क्यारा	1
13746	बणगांव	1
13747	क्रिमिनालॉजी	1
13748	साइंसेज	1
13749	शुभ्रा	1
13750	सान्याल	1
13751	पुष्पा	1
13752	महिलानामा	1
13753	विजुअल	1
13754	सुल्ला	1
13755	ब्यूनस	1
13756	आयर्स	1
13757	संघीकरण	1
13758	बंदूकों	1
13759	आवाजें	1
13760	गूंजा	1
13761	नुय्स	1
13762	बरबैंक	1
13763	लांग	1
13764	क्रियाशील	1
13765	एज	1
13766	क्रियाओं	1
13767	अंतरों	1
13768	क्रमबद्ध	1
13769	यूडीपी	1
13770	इंटरफ़ेस	1
13771	खिरमे	1
13772	स्टीकरों	1
13773	ऐय्याशी	1
13774	डाकघरों	1
13775	प्रसन्नता	1
13776	सबसिडी	1
13777	रक्सौल	1
13778	हटिया	1
13779	निलांचल	1
13780	एअरोनॉटिकल	1
13781	एडीए	1
13782	सिंबल	1
13783	बधिर	1
13784	भावकर	1
13785	रणनीतिकार	1
13786	दहली	1
13787	होवित्जर	1
13788	कुज़नेट	1
13789	आघातों	1
13790	जादुई	1
13791	कुजनेट	1
13792	महत्त्वपूर्ण	1
13793	स्वशासित	1
13794	वंशवलियों	1
13795	खोये	1
13796	दृढ़	1
13797	डीआटोमस	1
13798	हेट्रोकोनोटोफाइटा	1
13799	म्युचुअल	1
13800	फ्रैंडली	1
13801	फाइट	1
13802	उतारेंगे	1
13803	अठखेलियों	1
13804	नेटसर्फिंग	1
13805	हॉबी	1
13806	समझिए	1
13807	कैडेट	1
13808	इन्फार्मेशन	1
13809	हर्षवर्मन	1
13810	झुकने	1
13811	लुत्‍फ	1
13812	ज्यूरी	1
13813	परमाणविक	1
13814	ब्रम्हांडों	1
13815	ओलिविया	1
13816	कांट्रैक्ट	1
13817	फ्लॉप	1
13818	सुरीली	1
13819	पार्थसारथी	1
13820	चैंबरों	1
13821	निष्कर्षो	1
13822	खालिस्तानी	1
13823	वियनतियेन	1
13824	स्वाभिमान	1
13825	मापा	1
13826	देवव्रत	1
13827	जूस	1
13828	चिरांग	1
13829	शांतिपुर	1
13830	साहेब	1
13831	छिड़ेगा	1
13832	सट्टेदारों	1
13833	पहद	1
13834	कंपार्टमेंट	1
13835	ट्रांबे	1
13836	बाचतीत	1
13837	बाछें	1
13838	नक़द	1
13839	टीथवाल	1
13840	सर्वसहमति	1
13841	तजाकिस्तान	1
13842	सावधि	1
13843	ठन	1
13844	जीवंत	1
13845	रेजिडेंट	1
13846	सत्तू	1
13847	विक्रेता	1
13848	गैरजरूरी	1
13849	दौलतमंद	1
13850	दर्श‍‍न	1
13851	बुलानी	1
13852	बांधना	1
13853	बसनी	1
13854	मेलानेशियाई	1
13855	चना	1
13856	मकई	1
13857	बादाम	1
13858	लिब्रेशन	1
13859	जीएनएलएफ	1
13860	लंकावी	1
13861	निधियों	1
13862	उमड़े	1
13863	वादी	1
13864	मालती	1
13865	महासमुंद	1
13866	टांगे	1
13867	असमय	1
13868	तुलसीबाग	1
13869	कोडरमा	1
13870	गुरुपा	1
13871	कारखाने	1
13872	धब्बों	1
13873	इरीने	1
13874	पोलियम	1
13875	दमघोंटू	1
13876	नेगान	1
13877	जेफरी	1
13878	मॉर्गन	1
13879	रुटो	1
13880	क्रिमिनल	1
13881	पड़ाव	1
13882	शी	1
13883	जिनपिंग	1
13884	लुईस	1
13885	डिस्पैच	1
13886	लाबेउफ	1
13887	रवलपुरा	1
13888	आरोन	1
13889	मिडशेन	1
13890	चार्लीज	1
13891	थ्रीज़	1
13892	लेवरने	1
13893	शर्ली	1
13894	फ़ैंटेसी	1
13895	क्लोज़	1
13896	फ़ॉर	1
13897	कम्फर्ट	1
13898	सोप	1
13899	बेंसन	1
13900	मोर्क	1
13901	माइंडी	1
13902	प्रभाग	1
13903	रिपर्टरी	1
13904	हर्स्ट	1
13905	निकलोडियन	1
13906	मंत्रीमंडल	1
13907	सिमोन	1
13908	बोलिवर	1
13909	फौजों	1
13910	अभेद्य	1
13911	मेजा	1
13912	शिथिया	1
13913	संधियां	1
13914	जलडमरूमध्य	1
13915	स्ट्रेट्स	1
13916	मेगैरियन	1
13917	बाइजेंटियम	1
13918	श्रीकृष्णा	1
13919	सुनेंगे	1
13920	चूल	1
13921	प्रायोजक	1
13922	मिथिलांचल	1
13923	लेंटर	1
13924	मोटाई	1
13925	फ्लाइटों	1
13926	दिवसों	1
13927	तिब्बतन	1
13928	कॉज़	1
13929	अल्फाज़	1
13930	बैजोरिया	1
13931	हूबहू	1
13932	एग्ज़िबिशन	1
13933	पोइनगुइनिम	1
13934	रोन	1
13935	टिकिनो	1
13936	पो	1
13937	बहते	1
13938	एड्रियाटिक	1
13939	आल्टा	1
13940	एबीसीसीसी	1
13941	जहीरा	1
13942	मुज्जफरपुर	1
13943	फर्नडिस	1
13944	कॉड	1
13945	सोल	1
13946	मेगरिम	1
13947	पोलक	1
13948	खात्मा	1
13949	आइंस्टाइन	1
13950	दौड़ता	1
13951	श्रीसंत	1
13952	आईआरबी	1
13953	भौंडसी	1
13954	हामटा	1
13955	रोहतांग	1
13956	लद्दाखी	1
13957	देऊ	1
13958	चंद्रखणी	1
13959	जोत	1
13960	पतालसु	1
13961	ब्यास	1
13962	शिरघण	1
13963	तुंग	1
13964	शलीणधार	1
13965	फ्रेंडशिप	1
13966	भठेजा	1
13967	याहू	1
13968	वर्जन	1
13969	करवाए	1
13970	सुथरे	1
13971	मिट	1
13972	राशमोनी	1
13973	जलियांवाला	1
13974	श्रेष्ठता	1
13975	अनसुनी	1
13976	बदनामी	1
13977	स्कोडा	1
13978	जज्बाती	1
13979	सचेतक	1
13980	परित्यक्त	1
13981	काँच	1
13982	शीशमहल	1
13983	गाजी	1
13984	कुचिंग	1
13985	मंगवाया	1
13986	ब्रिस्बेन	1
13987	खपलांग	1
13988	आंनद	1
13989	सम्पर्क	1
13990	हैंगर	1
13991	मरुभूमि	1
13992	पाऊंगी	1
13993	माखन	1
13994	प्रमोटर	1
13995	बिलों	1
13996	ट्राम	1
13997	एयरड्री	1
13998	बाथगेट	1
13999	डुगांग	1
14000	अधिनियमित	1
14001	अफरीदी	1
14002	बटोर	1
14003	आईकलग्रीन	1
14004	जैरजीनापई	1
14005	जोशीमठ	1
14006	युवतियां	1
14007	नक्शेकदम	1
14008	जातक	1
14009	पलों	1
14010	झुरझुरी	1
14011	नकारापन	1
14012	बिल्डिंगों	1
14013	चमचमाती	1
14014	सुथरी	1
14015	भूकम्प	1
14016	मंजर	1
14017	जीएसएम	1
14018	क्लोनिंग	1
14019	द्विवार्षिक	1
14020	अशांत	1
14021	सिंतबर	1
14022	सौवीं	1
14023	मनाएगा	1
14024	आंदोलनकारियों	1
14025	पलटी	1
14026	फोरम्स	1
14027	जेसी	1
14028	लाब्रोक्का	1
14029	कोण	1
14030	सम्मत	1
14031	वाया	1
14032	दरम्यान	1
14033	नवलकर	1
14034	घोड़ों	1
14035	सूर्यदेव	1
14036	बुलेटिन	1
14037	साइंटिस्ट	1
14038	करजाट	1
14039	बीएलटी	1
14040	वॉच	1
14041	सामुहिक	1
14042	मेवात	1
14043	नीरजा	1
14044	एअरलाइंस	1
14045	एअरवेज	1
14046	डेक्कन	1
14047	साबके	1
14048	जस्टीस	1
14049	बीड्स	1
14050	छेद	1
14051	जेलमंत्री	1
14052	बटमालू	1
14053	फटक	1
14054	कितनों	1
14055	रामजन्म	1
14056	कांगो	1
14057	जनवादी	1
14058	लुबुम्बाशी	1
14059	पॉलिथीन	1
14060	दीर्घावधि	1
14061	ढाँचा	1
14062	अड़चन	1
14063	अरुप	1
14064	पटनायक	1
14065	ढोलों	1
14066	आतिशबाजियों	1
14067	मपेट्स	1
14068	पिगी	1
14069	रिसेप्शनिस्ट	1
14070	आईटीसी	1
14071	पर्यवेक्षित	1
14072	प्रबंधित	1
14073	विशेषज्ञता	1
14074	फ़ार्मास्यूटिकल	1
14075	नियन्त्रक	1
14076	कैथोलिक्स	1
14077	सिफारिशी	1
14078	तराशकर	1
14079	फलनीकर	1
14080	भरेंगे	1
14081	पूह	1
14082	रेकांग	1
14083	पियो	1
14084	द्रास	1
14085	कोंडलीजा	1
14086	ठेकेदारों	1
14087	नाबाद	1
14088	शक्तिपीठों	1
14089	ताँता	1
14090	बंटेगा	1
14091	प्रवृष्टियां	1
14092	मुद्राएं	1
14093	प्रवीन	1
14094	भैण	1
14095	नाराज़गी	1
14096	पर्मा	1
14097	एसडीपीओ	1
14098	किरन	1
14099	औली	1
14100	खानाबदोश	1
14101	दायित्वों	1
14102	तालियां	1
14103	निहाल	1
14104	वाह	1
14105	वुड्स	1
14106	आदर्शो	1
14107	मापदंडों	1
14108	कुचलने	1
14109	हंतुचोवा	1
14110	टेके	1
14111	घावों	1
14112	मरहम	1
14113	एसजीजेसी	1
14114	लीडरशीप	1
14115	इनिशिएटिव	1
14116	छिंगमारोंग	1
14117	कोंगबा	1
14118	मध्यक्रम	1
14119	वसीम	1
14120	जाफर	1
14121	कंसर्ट	1
14122	उठाइएगा	1
14123	अनुपूरक	1
14124	समयबद्घ	1
14125	उद्धधाटन	1
14126	दण्डित	1
14127	शिकारा	1
14128	मंगवाए	1
14129	निर्मली	1
14130	स्तंभों	1
14131	सामान्यीकृत	1
14132	न्यूनतमता	1
14133	अनिर्णयता	1
14134	अवयवों	1
14135	परिमित	1
14136	अभिप्रेत	1
14137	अविभाज्य	1
14138	त्रिविअल	1
14139	नॉट्स	1
14140	संयोजित	1
14141	मैनिफोल्ड	1
14142	बदइंतजामी	1
14143	कोस	1
14144	गुरुद्वारों	1
14145	अवलोकन	1
14146	एयूदीप्पन	1
14147	बेजा	1
14148	गलतियां	1
14149	ढकेलने	1
14150	गिलार्ड	1
14151	ओवरियरे	1
14152	टिप्पणि‍यों	1
14153	मानवरहित	1
14154	सैटर्न	1
14155	भरेगा	1
14156	एलएमपी	1
14157	एक्सट्रावेहिकुलर	1
14158	एक्टिविटी	1
14159	वाइज़र	1
14160	फिशबोल	1
14161	कूल्ड	1
14162	ईगल	1
14163	जेद्दा	1
14164	नोरबू	1
14165	चिन्ह्ति	1
14166	घटनाचक्र	1
14167	टलने	1
14168	हाइड्रोग्राफी	1
14169	आफिस	1
14170	ओसियनग्राफी	1
14171	फ़िरोज़	1
14172	जिलाध्यक्षों	1
14173	मधुबन	1
14174	अघीक्षक	1
14175	भुयान	1
14176	गोसाई	1
14177	जुड़	1
14178	घुलमिल	1
14179	उपनामों	1
14180	लवेसियर	1
14181	ड्यूपोंट	1
14182	एलुथेरियन	1
14183	गनपाउडर	1
14184	थपथपाई	1
14185	गहनता	1
14186	थ्रू	1
14187	कॉरिडोर	1
14188	हितैषियों	1
14189	पत्ता	1
14190	सम्मलेन	1
14191	बिता	1
14192	जामाता	1
14193	बरतन	1
14194	प्राचीनतम	1
14195	ब्राउज	1
14196	लॉलीपॉप	1
14197	ततैया	1
14198	कोकून	1
14199	प्यूपा	1
14200	स्वादिष्ट	1
14201	फेफड़ा	1
14202	सुपारी	1
14203	छाल	1
14204	मेंढ़क	1
14205	कैटफिश	1
14206	सुनता	1
14207	जीओपी	1
14208	जोशपूर्ण	1
14209	वेस्टइंडीज	1
14210	मूल्याँकन	1
14211	अरंबद	1
14212	उल्टियों	1
14213	सिंधी	1
14214	एनकाउंटर	1
14215	स्पेशलिस्ट	1
14216	लीवरपूल	1
14217	चैरिंग	1
14218	तल्खी	1
14219	तांत्रिकों	1
14220	कुरैशी	1
14221	शफ़ीक	1
14222	ईरानियन	1
14223	एक्सपोर्ट	1
14224	एनआईजीईसी	1
14225	भुगतने	1
14226	एतराज़	1
14227	ह्वेन	1
14228	फाह्यान	1
14229	इत्‍सिंग	1
14230	शिवानी	1
14231	यतिन	1
14232	अटकलें	1
14233	वर्ना	1
14234	जाड़े	1
14235	त्रिकोणीय	1
14236	दिव्यशिला	1
14237	ज्‍योतिशिला	1
14238	कैस्पियन	1
14239	ओगेदेइ	1
14240	सेनायें	1
14241	ज़िया	1
14242	ख़्वारज़मिड्स	1
14243	बढे	1
14244	मज़दूर	1
14245	पापुलर	1
14246	इश्क	1
14247	एयरबैग	1
14248	मूर्खतापूर्ण	1
14249	हिस्‍सों	1
14250	नैरोबी	1
14251	लपेटकर	1
14252	सरकाया	1
14253	आंधियां	1
14254	शाहखर्ची	1
14255	ऑरगेनी	1
14256	चक्रवाती	1
14257	मड़ियाहूं	1
14258	कुकी	1
14259	उलरिच	1
14260	पीछा	1
14261	त्यौहारों	1
14262	देखेगी	1
14263	शीटों	1
14264	जाइए	1
14265	जनाब	1
14266	मूवीज़	1
14267	डॉल्बी	1
14268	फिल्मो	1
14269	साउंडट्रैक	1
14270	ईपीजी	1
14271	प्रॉपराइटरी	1
14272	ओपनटीवी	1
14273	मॉडेम	1
14274	लूपिंग	1
14275	छद्म	1
14276	ग्रीष्म	1
14277	सिंहासनों	1
14278	नरेंद्रन	1
14279	जानकी	1
14280	अम्माल	1
14281	बूबी	1
14282	ट्रैप	1
14283	अहिरौरी	1
14284	प्रभाष	1
14285	डब्ल्यूएफपी	1
14286	आहुति	1
14287	कलश	1
14288	डिलाइट	1
14289	अभिनीत	1
14290	हिल्सबोरो	1
14291	पुर्तगाली	1
14292	फ़्लोरस्टा	1
14293	अमाज़ोनिया	1
14294	सेल्वा	1
14295	अमेजनिया	1
14296	फॉरगेट	1
14297	अमज़ोनीएन	1
14298	अमेज़ॅनजेनवाउड	1
14299	पतझड़	1
14300	फ़ैला	1
14301	वेनेज़ुएला	1
14302	इक्वाडोर	1
14303	बोलीविया	1
14304	गुयाना	1
14305	सूरीनाम	1
14306	फ़्रेंच	1
14307	गयाना	1
14308	अमेजनास	1
14309	वर्षावनों	1
14310	प्रजातियाँ	1
14311	बदसलूकी	1
14312	उघाड़	1
14313	जफरूल्लाह	1
14314	एल्युमिनियम	1
14315	सल्फेट	1
14316	गन	1
14317	असैनिक	1
14318	रुकावट	1
14319	परिवर्तनकामी	1
14320	रोजलिन	1
14321	ब्रोकरों	1
14322	ऑटोमेटिक	1
14323	मणिशकंर	1
14324	आटोरिक्शा	1
14325	पेइंग	1
14326	जमियत	1
14327	पहचानता	1
14328	इंकमबेंसी	1
14329	फैक्टर	1
14330	कैसेटों	1
14331	रिकॉर्डों	1
14332	सलास	1
14333	मूर्तिकला	1
14334	जिओ	1
14335	एआरवाई	1
14336	ओके	1
14337	हमदर्द	1
14338	असहमत	1
14339	नैंट	1
14340	फॉनटेनब्लियू	1
14341	चौथाई	1
14342	हुगोनॉट्स	1
14343	ग़रीबों	1
14344	कोटियत्तम	1
14345	हिफाज़त	1
14346	मचे	1
14347	अगवानी	1
14348	बिरंगी	1
14349	जरूरतभर	1
14350	बघरा	1
14351	कलाइकुंडा	1
14352	अवाक	1
14353	कैंसिलेशन	1
14354	प्रतिबद्घ	1
14355	ह्यूस्टन	1
14356	बूट्स	1
14357	कूट्स	1
14358	मचांग	1
14359	जयमंगल	1
14360	‍राजधानी	1
14361	कनैडियन	1
14362	ब्लड	1
14363	फॉरेस्ट	1
14364	एयरकूल्ड	1
14365	छूटने	1
14366	लॉबीस्ट	1
14367	ऊबर	1
14368	मोशन	1
14369	पिक्चर	1
14370	कंज्यूमर	1
14371	राजदरबार	1
14372	डिवॉन	1
14373	कृष्णन्	1
14374	भुलाकर	1
14375	विक्रमजीत	1
14376	गारोहिल्स	1
14377	शिर्डी	1
14378	पूर्वे	1
14379	रजक	1
14380	कुर्सियों	1
14381	उलटपुलटकर	1
14382	सीमैन	1
14383	तदर्थ	1
14384	गोलोविन	1
14385	चयनित	1
14386	हाइब्रिड	1
14387	होबोल्ट	1
14388	शीया	1
14389	फ़्लाइट	1
14390	एमएसएफ़सी	1
14391	खूबियों	1
14392	रूपांतर	1
14393	वर्नर	1
14394	ब्रॉन	1
14395	अमूल्य	1
14396	धरोहरें	1
14397	संगृहित	1
14398	कंप्यूटिंग	1
14399	क्रेनाच	1
14400	आग्नेय	1
14401	जागिंग	1
14402	बुज़ुर्ग	1
14403	एचपीएल	1
14404	एन्सेफलाइटिस	1
14405	कुरिन्थ	1
14406	अठारह	1
14407	जासूस	1
14408	मारिसिशियन	1
14409	ऑर्गनाइजर	1
14410	गिल्ड	1
14411	बर्गरों	1
14412	तलाशते	1
14413	वालिद	1
14414	भूरा	1
14415	कलुवा	1
14416	गच्चीबोवली	1
14417	लालकृष्ष	1
14418	आकांक्षा	1
14419	ऑक्सीएसिटिलीन	1
14420	सर्वसाधारण	1
14421	बदौलत	1
14422	खारगुली	1
14423	बासुदेव	1
14424	चिटगाँव	1
14425	मंसूरियन	1
14426	अभियोजक	1
14427	बिखरने	1
14428	टोपसिया	1
14429	कच्छाल	1
14430	करामात	1
14431	फौजें	1
14432	तालमीज	1
14433	आईएफएस	1
14434	लानत	1
14435	मलानत	1
14436	वयोवृद्ध	1
14437	भराया	1
14438	पेंगें	1
14439	नाकामी	1
14440	सालाकोट	1
14441	रोडमैप	1
14442	घंटियां	1
14443	ढोल	1
14444	मेजों	1
14445	सत्यव्रत	1
14446	कासल्स	1
14447	भैरोंसिंह	1
14448	चेलसी	1
14449	अब्रामोविक	1
14450	धुरंधरों	1
14451	यूस्टन	1
14452	बजी	1
14453	हिंगलाज	1
14454	नमाजियों	1
14455	टॉस्क	1
14456	बीएसफ	1
14457	व्यंजन	1
14458	बोलियों	1
14459	ओस्ट्रोव्स्की	1
14460	टेलीग्राफिक	1
14461	मृतक	1
14462	हेलिकॉप्टर	1
14463	मंगाए	1
14464	कोरिक	1
14465	बड़ों	1
14466	स्लाइड्स	1
14467	भटकाने	1
14468	विजेन्दर	1
14469	दावोस	1
14470	इकोनॉमिक	1
14471	सबकुछ	1
14472	राईफल	1
14473	पाण्डेय	1
14474	क्योंझर	1
14475	बीरबरपुर	1
14476	शिवहर	1
14477	अँधेरा	1
14478	छाते	1
14479	पब	1
14480	डिस्कोथेक	1
14481	टैगा	1
14482	संपूर्णता	1
14483	कंक्रीट	1
14484	यत्र	1
14485	तत्र	1
14486	उद्यमियों	1
14487	र्बैकों	1
14488	करानी	1
14489	नीचा	1
14490	अरमबाम	1
14491	लोकेंद्र	1
14492	क्यूबेक	1
14493	लौटें	1
14494	सिकंदर	1
14495	अमानुल्लाह	1
14496	लगवाएँ	1
14497	निशुल्क	1
14498	मनगढ़ंत	1
14499	प्रौद्यौगिकी	1
14500	न्यूक्लीयर	1
14501	कैली	1
14502	वेंडी	1
14503	लॅरेंस	1
14504	कमारडा	1
14505	स्टीफ़न	1
14506	रॅबिंसन	1
14507	नोगुची	1
14508	चंद्रमाओं	1
14509	जमाकर्ताओं	1
14510	तिब्बतियों	1
14511	त्रिवेनी	1
14512	तरूण	1
14513	सहानी	1
14514	साझीदारी	1
14515	रूका	1
14516	करवाएंगे	1
14517	मुज़ाहिद्दीन	1
14518	अल्ट्रासाउंड	1
14519	प्लेनो	1
14520	बोएमर	1
14521	अजन्मे	1
14522	हिन्द	1
14523	मेधावी	1
14524	लिनाह	1
14525	छेबी	1
14526	धुंधला	1
14527	समीकरणों	1
14528	सुरम्य	1
14529	कीबोर्ड	1
14530	संकरा	1
14531	कूटनीति	1
14532	मुरार	1
14533	जड़ेरुआ	1
14534	डैम	1
14535	कब्रें	1
14536	कठुआ	1
14537	भिन्नताओं	1
14538	अध्ययनकर्ता	1
14539	उछल	1
14540	ट्रांज़िशन	1
14541	हाँ	1
14542	मानदंडों	1
14543	कॅलिन	1
14544	पॅवेल	1
14545	रंगाई	1
14546	पुताई	1
14547	जगदानंद	1
14548	पार्कलैंड	1
14549	एपीएमसी	1
14550	वाउचर	1
14551	धौलाकुँआ	1
14552	स्प्रिंगडेल्स	1
14553	भलाई	1
14554	लालूजी	1
14555	रहूँगा	1
14556	धरातल	1
14557	मनमोहक	1
14558	शर्मिंदगी	1
14559	जीतते	1
14560	उलझन	1
14561	अविनाश	1
14562	छाने	1
14563	अमीषी	1
14564	निक्सन	1
14565	फ़ेडरल	1
14566	ऑफ़िस	1
14567	लगना	1
14568	बब्याल	1
14569	पुराण	1
14570	नारद	1
14571	रत्ना	1
14572	मुत्तुलक्ष्मी	1
14573	इस्तीफों	1
14574	संशय	1
14575	खरब	1
14576	होसमट	1
14577	सत्यप्रकाश	1
14578	अलूर	1
14579	ज्येष्ठ	1
14580	रंगाराव	1
14581	मुखाग्नि	1
14582	सताई	1
14583	कादीरगमर	1
14584	अधिकरणों	1
14585	मोनैको	1
14586	फ्रैंको	1
14587	मोनेगास्क	1
14588	ईरो	1
14589	मिडवे	1
14590	लेयर्ड	1
14591	लुडविग	1
14592	माइस	1
14593	डेर	1
14594	रोहे	1
14595	ड्यूरेल	1
14596	हैरिस	1
14597	रेजेनस्टाइन	1
14598	स्किडमोर	1
14599	वालिंग्स	1
14600	मेरिल	1
14601	नेट्च	1
14602	ब्रूटलिस्ट	1
14603	गेराल्ड	1
14604	रैटनर	1
14605	मैक्स	1
14606	पैलेव्स्की	1
14607	रेजीडेंशियल्स	1
14608	रेजिडेंस	1
14609	डाइनिंग	1
14610	मनसुइटो	1
14611	कांच	1
14612	वाचनालय	1
14613	नालको	1
14614	सशर्त	1
14615	बाध्यताओं	1
14616	छात्राएं	1
14617	चि‍त्‍तौड़	1
14618	विशवविद्यालय	1
14619	इग्नू	1
14620	उपकुलपति	1
14621	पीएचडी	1
14622	विभूषित	1
14623	असहयोगात्मक	1
14624	रामराय	1
14625	जोहड़	1
14626	टुडे	1
14627	सामंतवाद	1
14628	हठी	1
14629	बैचलर	1
14630	औरतों	1
14631	भागना	1
14632	हमको	1
14633	सुधारना	1
14634	पंचवर्षीय	1
14635	आजमगढ़	1
14636	बेलइसा	1
14637	मुहल्ले	1
14638	मोल्डे	1
14639	आसन्न	1
14640	सुईयों	1
14641	आतिशबाजी	1
14642	आव्रजकों	1
14643	इफीसेंसी	1
14644	बेहिसाब	1
14645	मार्जिन	1
14646	एनफोर्समेंट	1
14647	ओरिएंटलिज्म	1
14648	ओरिएंट	1
14649	विवेकहीन	1
14650	स्थपित	1
14651	हीन	1
14652	अस्मिता	1
14653	ओरिएंटलिज़्म	1
14654	फंगस	1
14655	सैंडी	1
14656	खातमे	1
14657	टुल्सिया	1
14658	चिलिया	1
14659	ओडेसा	1
14660	ओब्लास्ट	1
14661	हस्तलिखित	1
14662	एजेंडों	1
14663	लड़ेगा	1
14664	डूबा	1
14665	चिन्हों	1
14666	सदैव	1
14667	सुस्त	1
14668	कुरील	1
14669	सैम्बी	1
14670	कथाएँ	1
14671	मोटरसाइकिल्स	1
14672	लाव	1
14673	कबीर	1
14674	दागकर	1
14675	किरीमुइर	1
14676	सीटीवी	1
14677	मांट्रियल	1
14678	एंकर	1
14679	लीकप्रूफ	1
14680	रिस	1
14681	सत्यनारायण	1
14682	जटिया	1
14683	विषाणुओं	1
14684	बियान	1
14685	मिलिंगन	1
14686	रिजन	1
14687	नेदरज़र्न	1
14688	म्युज	1
14689	बर्फ़बारी	1
14690	धर्मवीर	1
14691	वीजोटो	1
14692	टिंयी	1
14693	संतो	1
14694	स्मृतिचिह्न	1
14695	केंन्द्र	1
14696	बढ़ीं	1
14697	मॉरीशस	1
14698	ओमान	1
14699	घाना	1
14700	उजबेकिस्तान	1
14701	पोलो	1
14702	इर्द	1
14703	गिर्द	1
14704	अना	1
14705	ग्रोनेफेल्ड	1
14706	भिड़ना	1
14707	ऊधमपुर	1
14708	महोरे	1
14709	डुंगा	1
14710	देड्डी	1
14711	इजाज	1
14712	बाली	1
14713	सजाद	1
14714	ख़ाली	1
14715	पेंट	1
14716	डिब्बा	1
14717	नाराज़	1
14718	बद्री	1
14719	हेमकुंठ	1
14720	माँगने	1
14721	आडे	1
14722	ब्रीडर	1
14723	साफतौर	1
14724	रचाई	1
14725	सिद्धि	1
14726	राहें	1
14727	द्वि	1
14728	पक्षीय	1
14729	गुरुद्धारा	1
14730	उदासीनता	1
14731	द्वंद्व	1
14732	काब़िज़	1
14733	याज्ञनिक	1
14734	वाद	1
14735	जूरोंग	1
14736	जूलॉजिकल	1
14737	सेंटोसा	1
14738	साझी	1
14739	गुंथा	1
14740	सुबोध	1
14741	मेगालिथ	1
14742	एकमत	1
14743	कारवाइयों	1
14744	आंखे	1
14745	तरेरने	1
14746	प्रेमलता	1
14747	समयबद्ध	1
14748	खरीदना	1
14749	हॉलसर	1
14750	एस्ग्रेमसन	1
14751	सचदेव	1
14752	एगिलसन	1
14753	बर्राट	1
14754	सेनफोर्ड	1
14755	पुश्तैनी	1
14756	मुखरता	1
14757	घोरा	1
14758	फार्महाउस	1
14759	फरेबियों	1
14760	सादाफ	1
14761	तपता	1
14762	जलस्रोत	1
14763	हाइड्रो	1
14764	जना	1
14765	सलेक्ट	1
14766	एंटर	1
14767	दबाएंगे	1
14768	ग्रीटिंग	1
14769	रिसीवर	1
14770	छठवें	1
14771	संदेहास्पद	1
14772	तपाक	1
14773	बिशुनपुरा	1
14774	जगदीशपुर	1
14775	टोला	1
14776	गलने	1
14777	चित्ताकर्षक	1
14778	कुआलालम्पुर	1
14779	तस्नीम	1
14780	नूरानी	1
14781	चौकियां	1
14782	परवान	1
14783	नाइमातुल्ला	1
14784	निराशाजनक	1
14785	कारनिक	1
14786	मालवाहक	1
14787	उलझना	1
14788	चंचलगुडा	1
14789	उल्टियाँ	1
14790	ऩियमों	1
14791	सैटरडे	1
14792	पूछेंगे	1
14793	सिएल	1
14794	मिनिट	1
14795	मायूस	1
14796	हटेगा	1
14797	खामोशी	1
14798	फिसलकर	1
14799	ननकाना	1
14800	अलामी	1
14801	एचएमए	1
14802	मुर्तज़ा	1
14803	कल्पनाओं	1
14804	शान्त	1
14805	सेलाइन	1
14806	सेंटॅरस	1
14807	कनौजिया	1
14808	लाईट	1
14809	इनफेंट्री	1
14810	चमकीली	1
14811	जोशोखरोश	1
14812	चमकीले	1
14813	सरकते	1
14814	अदनान	1
14815	अपतटीय	1
14816	ईसीबी	1
14817	आइवरी	1
14818	कुत्ते	1
14819	बोतलबाजी	1
14820	फारवर्ड	1
14821	जशपुर	1
14822	अरा	1
14823	बोतलें	1
14824	दानवी	1
14825	गोंविद	1
14826	परदाफाश	1
14827	वॉल्टडिजनी	1
14828	कल्पनाओँ	1
14829	रुबरू	1
14830	मिकी	1
14831	रचते	1
14832	हिमशिखर	1
14833	मृत्युलोक	1
14834	झाँकने	1
14835	झरोखा	1
14836	बहुलता	1
14837	नियमो	1
14838	मिलानी	1
14839	शेयरधारक	1
14840	स्वरुप	1
14841	एनिल	1
14842	सिंद्धांतिक	1
14843	वान	1
14844	गेंड	1
14845	लोस	1
14846	पारस्परिकता	1
14847	अम्मिनिस्ट्रिजियोन	1
14848	डेल	1
14849	फ़ानान्ज़े	1
14850	गोमांस	1
14851	विनियम	1
14852	स्वचालित	1
14853	अपरिवर्तनीय	1
14854	ड़ाल	1
14855	जगने	1
14856	विभेदित	1
14857	प्रभावकारक	1
14858	लिम्फोसाइट्स	1
14859	रोगजनकों	1
14860	कोर्टिसोल	1
14861	कैटेकोलामाइन	1
14862	दुर्बलताओं	1
14863	जागने	1
14864	ऑक्सीडेटिव	1
14865	रबी	1
14866	बियोंड	1
14867	बाउंडरीज	1
14868	लीपफ्रॉग	1
14869	वर्दीधारी	1
14870	ठसक	1
14871	अंकुरित	1
14872	मोहित	1
14873	एलिज़ाबेथ	1
14874	एडेनबर्ग	1
14875	विष्णुप्रयाग	1
14876	अफजाई	1
14877	चौदहवी	1
14878	अमर्ना	1
14879	पत्रों	1
14880	थानान्तर्गत	1
14881	जेरामाई	1
14882	वर्कशाप	1
14883	मनजीत	1
14884	ब्रेस्टेड	1
14885	विद्वतापूर्ण	1
14886	खरा	1
14887	जनपद	1
14888	पैट्रियॅट	1
14889	कमजोरियों	1
14890	अगरबत्ती	1
14891	परफ्यूम	1
14892	बिखेरकर	1
14893	दस्तावेज़ों	1
14894	कल्याणकारी	1
14895	अपग्रेडिंग	1
14896	सायाजी	1
14897	रामजीलाल	1
14898	हुनान	1
14899	हुबेई	1
14900	लिन	1
14901	जेक्सु	1
14902	चूड़ियां	1
14903	बैठाकर	1
14904	मलक्का	1
14905	गर्त	1
14906	हताशा	1
14907	बोरीवली	1
14908	गोरेगांव	1
14909	अत्याचारपूर्ण	1
14910	क्रूरता	1
14911	तुंरत	1
14912	असीम	1
14913	ऑर्गिनाइजेशन	1
14914	खेरा	1
14915	कफन	1
14916	नसीब	1
14917	डोंगी	1
14918	दाखिलों	1
14919	अयुरबरवाड़ा	1
14920	बैजू	1
14921	कन्फ्यूशी	1
14922	टोंग	1
14923	ज़ी	1
14924	प्रख्यापित	1
14925	कन्फ्यूशियस	1
14926	येसु	1
14927	टेमर	1
14928	ताईदिंगी	1
14929	राजकुमारों	1
14930	सर्वेयरों	1
14931	अर्धकुंभ	1
14932	नहाने	1
14933	काटना	1
14934	ज़हरखुरानी	1
14935	गुज़रते	1
14936	प्रेमचंद	1
14937	लेजिस्लेटिव	1
14938	तेलगुदेशम्	1
14939	अहाते	1
14940	टकरायी	1
14941	जनसंसाधन	1
14942	सिब्ते	1
14943	रजी	1
14944	गवर्निंग	1
14945	बॉडी	1
14946	अर्थवयवस्था	1
14947	सैन्यकर्मी	1
14948	जनरेटर	1
14949	दूरभाष	1
14950	विधानमंडलों	1
14951	जिआबाओं	1
14952	चैरीटेबल	1
14953	एयरोनॉटिक्स	1
14954	पद्मनाभन	1
14955	अप्पू	1
14956	उद्देश्यीय	1
14957	बहुतेरे	1
14958	बरते	1
14959	डिग्रीधारी	1
14960	नयनाभिराम	1
14961	ओबरमार्सबर्ग	1
14962	गफ़र	1
14963	निमीरी	1
14964	वफादारों	1
14965	राजपथ	1
14966	सीसीटीवी	1
14967	मैलियस	1
14968	निपटाए	1
14969	कटने	1
14970	एसजी	1
14971	एमजी	1
14972	जुल्म	1
14973	चेतना	1
14974	दिव्य	1
14975	हृदयेश	1
14976	देवबंदी	1
14977	डेलराम	1
14978	दुव्यर्वहार	1
14979	रिमोर्ट	1
14980	बचता	1
14981	धब्बा	1
14982	लेंगें	1
14983	चुकाए	1
14984	जयकरण	1
14985	ब्रॉडकास्टिंग	1
14986	शरारत	1
14987	मुफ़ती	1
14988	मुरादाबाद	1
14989	सबरवाल	1
14990	बालकृष्णन	1
14991	मिलाएगा	1
14992	बमकांड	1
14993	गिरजा	1
14994	बानगी	1
14995	मुंस्यारी	1
14996	निलांग	1
14997	कामेट	1
14998	द्रोणागिरी	1
14999	त्रिशूल	1
15000	वेदिनी	1
15001	चौखंबा	1
15002	कोऑर्डिनेटर	1
15003	राधिका	1
15004	सेलवी	1
15005	विशाखापट्टनम	1
15006	वैगन	1
15007	थैला	1
15008	एस्सेन	1
15009	एलडीएफ	1
15010	मोंटे	1
15011	बेनॉइत	1
15012	पेयरे	1
15013	सुलग	1
15014	वाटरशेड	1
15015	धुनों	1
15016	स्पर्मीसाइडल	1
15017	चिकनाई	1
15018	जुदा	1
15019	आल	1
15020	जदीद	1
15021	सवालनामा	1
15022	रजा	1
15023	सलाम	1
15024	अलफुर	1
15025	रेगनर	1
15026	ग्वाटेमाला	1
15027	कुंज	1
15028	सिंहराज	1
15029	कर्मवीर	1
15030	सजायाफ्ता	1
15031	विषुव	1
15032	हया	1
15033	मेगास्टार	1
15034	पनपती	1
15035	बतख	1
15036	फ़ॉग	1
15037	रेंगते	1
15038	भराकर	1
15039	उपलक्ष्य	1
15040	उद्घधाटन	1
15041	मिथेनॉल	1
15042	ढंके	1
15043	कंकणा	1
15044	चित्रकार	1
15045	लियोनाडर्	1
15046	विंसी	1
15047	परावर्तित	1
15048	मज़बूत	1
15049	उपनिवेशन	1
15050	पाक्षिक	1
15051	माहिर	1
15052	गायकों	1
15053	नरोत्तम	1
15054	भादंस	1
15055	जियान	1
15056	फ्रेंको	1
15057	फिनी	1
15058	लेतजिया	1
15059	मोराती	1
15060	निधार्रित	1
15061	महान्यायवादी	1
15062	अदालतें	1
15063	जाफना	1
15064	वेंडेल	1
15065	रॅड्रिक्स	1
15066	विमानतल	1
15067	लबरेज	1
15068	मालीबाग	1
15069	बूचर	1
15070	इनडोर	1
15071	रात्रिभोज	1
15072	लॉइंग	1
15073	मेहराब	1
15074	प्रतिस्थापित	1
15075	वायुसेनाकर्मी	1
15076	बदमाशी	1
15077	लामबंदी	1
15078	सैफुल्ला	1
15079	किराना	1
15080	टेक्नालॅजी	1
15081	तहां	1
15082	भीग	1
15083	राष्ट्रहित	1
15084	बग्गा	1
15085	प्रत्याशिता	1
15086	बीडवर्क	1
15087	सीक्वन	1
15088	टोकाटाकी	1
15089	उछाली	1
15090	अल्पजीवी	1
15091	वार्डन	1
15092	कार्टूनिस्ट	1
15093	प्रतिनियुक्ति	1
15094	काउंसलर	1
15095	अटैची	1
15096	टैक्सियाँ	1
15097	उगाई	1
15098	राइफलें	1
15099	नंगी	1
15100	चालीसा	1
15101	टिकटों	1
15102	ड्रीर	1
15103	वीभत्स	1
15104	झेले	1
15105	पुस्तकें	1
15106	सुझाई	1
15107	अर्जियों	1
15108	जुलियन	1
15109	खांजिर	1
15110	दामाद	1
15111	कामेल	1
15112	सिलवियो	1
15113	बरलूसकोनी	1
15114	दफ्तरों	1
15115	मरियम्मा	1
15116	जीनवशैली	1
15117	हॉस्पिटेलिटी	1
15118	लागोस	1
15119	नियत्रंण	1
15120	परमपिता	1
15121	परमेश्वर	1
15122	कर्बेर	1
15123	नल्लूर	1
15124	फारमूले	1
15125	आवश्यकतानुसार	1
15126	रबीन्द्रनाथ	1
15127	विद्यासागर	1
15128	कराये	1
15129	हटती	1
15130	सुदर्शना	1
15131	उबाऊ	1
15132	सफलतापूर्ण	1
15133	आंकना	1
15134	फैयाज	1
15135	तिरहुत	1
15136	गुप्तेश्वर	1
15137	तौहीद	1
15138	क्लॉट	1
15139	उपचुनावों	1
15140	पांचवें	1
15141	अब्जर्वर	1
15142	अगल	1
15143	थीः	1
15144	रजिस्ट्रार्स	1
15145	अलायंस	1
15146	डोर्सेट	1
15147	सोमरसेट	1
15148	फाई	1
15149	अस्तित्वहीन	1
15150	तोहफों	1
15151	विल्ज	1
15152	तुच्छ	1
15153	यरुशलम	1
15154	यीशु	1
15155	एमआईएम	1
15156	मोअज्जम	1
15157	आसिफनगर	1
15158	सिद्दीपेट	1
15159	रैफर्टी	1
15160	रॉबिन्सन	1
15161	भड़के	1
15162	क्षणों	1
15163	स्मृतियों	1
15164	विलो	1
15165	लाभार्थियों	1
15166	अंतर्राष्ट्रीयकरण	1
15167	डाल्टनगंज	1
15168	एड्गर्स	1
15169	फिल्म्स	1
15170	स्टोरीबोर्ड	1
15171	संकल्पना	1
15172	प्रचारात्मक	1
15173	आईआईएससी	1
15174	विकराल	1
15175	संवेदनाएं	1
15176	फेडेरिको	1
15177	फेलिनी	1
15178	विदूषक	1
15179	परछाई	1
15180	कट्टा	1
15181	विलियम्सबर्ग	1
15182	मिंगो	1
15183	स्काउटिंग	1
15184	कमांडिंग	1
15185	कूलोन	1
15186	फरसे	1
15187	तानाग्रिसन	1
15188	ब्रिटिशों	1
15189	मस्कट	1
15190	बनाएंगी	1
15191	सुधारनी	1
15192	गवारा	1
15193	रुडयार्ड	1
15194	पूर्णांक	1
15195	नोटेशन	1
15196	सर्टीफिकेट	1
15197	वैधानिक	1
15198	सुअरों	1
15199	बरवाला	1
15200	उत्सवपूर्वक	1
15201	मालों	1
15202	धर्मों	1
15203	देखता	1
15204	कापुआ	1
15205	लेवी	1
15206	सीजेरियाई	1
15207	बिजाई	1
15208	कोयले	1
15209	रोमनीकरण	1
15210	सजाए	1
15211	ताजी	1
15212	अमत्र्य	1
15213	बखिया	1
15214	उधेड़ी	1
15215	झेलना	1
15216	महरौली	1
15217	नामीगिरामी	1
15218	मीनकिएली	1
15219	क्वेन	1
15220	अन्दर	1
15221	देबदत्त	1
15222	पोलनेट	1
15223	पितातुल्य	1
15224	डब्यूएफपी	1
15225	जिंदादिल	1
15226	परमहंस	1
15227	प्रवचन	1
15228	उपर्युक्त	1
15229	ऊंचाइयों	1
15230	जुबान	1
15231	पैगंबर	1
15232	मिलाद	1
15233	मीटियारिटिक	1
15234	इरिडियम	1
15235	निकटवर्ती	1
15236	ओरगॉस्क	1
15237	सास्की	1
15238	सैक्सन	1
15239	अंतर्युद्ध	1
15240	मोमस	1
15241	कैबरे	1
15242	लियोन	1
15243	शिलर	1
15244	मेलोड्राम	1
15245	वोज्शिएक	1
15246	बोगसुलावस्की	1
15247	स्मारकीय	1
15248	रंगमंच	1
15249	उपति	1
15250	ड्रामाटिक	1
15251	भौतिकशास्त्री	1
15252	मुखातिब	1
15253	तकली	1
15254	धागा	1
15255	नुकसानदेह	1
15256	ओझल	1
15257	एनएचएस	1
15258	जीवनराय	1
15259	ललितभाई	1
15260	बाजारवादी	1
15261	सादगी	1
15262	मुश्ताक	1
15263	जनश्रुति	1
15264	तपस्या	1
15265	बचेगा	1
15266	डिस्टिक	1
15267	रफिया	1
15268	हासिम	1
15269	यातनाएं	1
15270	फ्लिक	1
15271	अतुलनीय	1
15272	अथक	1
15273	प्रारम्भ	1
15274	उद्यमी	1
15275	थियो	1
15276	किर्नी	1
15277	केरमन	1
15278	बुलेवार्ड	1
15279	थॉर्न	1
15280	ब्रुकहेवन	1
15281	जेन्सेन	1
15282	एल्म	1
15283	उपखंड	1
15284	पाउंड	1
15285	स्वेज	1
15286	स्क्रिटी	1
15287	पोलिटी	1
15288	गैम्सन	1
15289	प्रोड्यूस	1
15290	शर्मिंदा	1
15291	प्रतापपुर	1
15292	कारतूसों	1
15293	राजद्रोह	1
15294	रेडहिल	1
15295	बीतते	1
15296	बीएसएल	1
15297	संख्याबल	1
15298	बीएसपी	1
15299	मुट्ठीभर	1
15300	रियासतें	1
15301	रोहन	1
15302	गावस्कर	1
15303	हेमांग	1
15304	बदानी	1
15305	निष्पक्षता	1
15306	पिघलने	1
15307	पहनती	1
15308	असहिष्णुता	1
15309	फैलती	1
15310	आवाजों	1
15311	प्नदेश	1
15312	किरानदुल	1
15313	हिरोली	1
15314	खिलखिलाकर	1
15315	उमड़ी	1
15316	आयोजक	1
15317	नाबिद	1
15318	खींचेगा	1
15319	स्टिग्लिट्ज़	1
15320	ब्रांको	1
15321	मिलानोविच	1
15322	पहुँचाती	1
15323	रेडक्लिफ	1
15324	एडवांस्ड	1
15325	ऑलस्टोन	1
15326	नेबरहुड	1
15327	दंत	1
15328	लोंगवुड	1
15329	ज़्यादा	1
15330	सोचिये	1
15331	मनचलों	1
15332	मजे	1
15333	एसएमवीडीएसबी	1
15334	फिसल	1
15335	ब्रह्म	1
15336	डायट्रिच	1
15337	डेनेवर	1
15338	कोलोराडो	1
15339	मतली	1
15340	वोटर	1
15341	अबदुर्राब	1
15342	इत्तेहाद	1
15343	त्रिस्तरीय	1
15344	भूमिहीन	1
15345	लायीं	1
15346	जगमगाने	1
15347	वंशीय	1
15348	नारकोंडम	1
15349	दुलारे	1
15350	दुलारने	1
15351	जीरा	1
15352	टेक्निकल	1
15353	सर्विलांस	1
15354	खर्चीलापन	1
15355	अमानुल्ला	1
15356	जादून	1
15357	धनाढ्य	1
15358	कैरी	1
15359	फ्रांसिस्को	1
15360	हेमेंद्र	1
15361	लालवानी	1
15362	लॅसेल	1
15363	जनसेवा	1
15364	मेघनाद	1
15365	वध	1
15366	संघर्षो	1
15367	स्टर्लिंग	1
15368	बैठना	1
15369	ग्रीको	1
15370	यान्नी	1
15371	स्माराग्दिस	1
15372	दशहरे	1
15373	रिझा	1
15374	चंद्रशेखरेंद्र	1
15375	लुढ़कर	1
15376	सत्या	1
15377	नडेला	1
15378	ओरेकल	1
15379	एलिसन	1
15380	सैक्स	1
15381	एमएफ	1
15382	कॉर्ज़िन	1
15383	मैकिनसे	1
15384	लेखांकन	1
15385	मैकिंसे	1
15386	एर्ली	1
15387	कैथे	1
15388	ब्लूमबर्ग	1
15389	एलपी	1
15390	डैनियल	1
15391	डॉक्टरऑफ़	1
15392	सुइस	1
15393	ब्रैडी	1
15394	डॉगन	1
15395	मॉर्निंगस्टार	1
15396	मैनसिटो	1
15397	कब्स	1
15398	रिकेट्स	1
15399	एडम	1
15400	औंस	1
15401	खुंखार	1
15402	सास	1
15403	प्रदूषित	1
15404	नापाक	1
15405	चंगुल	1
15406	एडुसेट	1
15407	रिसोर्ससेट	1
15408	जानकारियाँ	1
15409	मुस्तैदी	1
15410	फुर्सत	1
15411	पुष्ट	1
15412	जवाहरी	1
15413	बहुगुणा	1
15414	पुजारियों	1
15415	ट्रे	1
15416	करत	1
15417	सिरा	1
15418	मुकेश्वर	1
15419	बटोली	1
15420	ऊन	1
15421	शालीन	1
15422	दहल	1
15423	नीतिश	1
15424	पिंका	1
15425	अकाउंटेंट	1
15426	अगोरा	1
15427	सुलभ	1
15428	किस्तों	1
15429	प्रवृत्त	1
15430	ड्राईवर	1
15431	रहवासी	1
15432	मोहल्‍ला	1
15433	तुंगनाथ	1
15434	पवांलीकांठा	1
15435	पटागणियां	1
15436	चिरबटिया	1
15437	कालीशिला	1
15438	डांडा	1
15439	देवरियाताल	1
15440	दुगलबिट्टा	1
15441	ढंकी	1
15442	आदित्य	1
15443	शॉप	1
15444	सिओल	1
15445	देवदास	1
15446	टेलिकॉम	1
15447	यूटीएल	1
15448	रिकॉर्ड्स	1
15449	मर्फी	1
15450	क्रिस्टल	1
15451	कढ़ी	1
15452	मुद्रास्फीती	1
15453	खिन्नता	1
15454	मदान	1
15455	लंच	1
15456	गिमिगनानो	1
15457	टस्कन	1
15458	रियेक्टर	1
15459	नवीद	1
15460	लपका	1
15461	हिमायत	1
15462	मेराजुद्दीन	1
15463	कॉउसिंल	1
15464	फोटोग्राफर	1
15465	कोप	1
15466	अभयारण्य	1
15467	तकिये	1
15468	ग्लोव्स	1
15469	रूमाल	1
15470	नेपकीन	1
15471	एम्ब्रायडरी	1
15472	टप्पन	1
15473	बीटीए	1
15474	मेट्रोपॉलिटन	1
15475	ड्राईवर्स	1
15476	सीएमटीडीयू	1
15477	उड़ी	1
15478	तंगधार	1
15479	टिटवाल	1
15480	पूंछ	1
15481	गतिशीलता	1
15482	कास्कर	1
15483	मकोका	1
15484	बीएमसी	1
15485	म्यूनिसिपल	1
15486	मोलफा	1
15487	वृक्षारोपण	1
15488	विशाखापत्तनम	1
15489	जमशेदपुर	1
15490	नॉर्थैम्पटन	1
15491	विश्विद्यालय	1
15492	आरसी	1
15493	निरोध	1
15494	औरंगजेब	1
15495	शायर	1
15496	देवदर्द	1
15497	गुरदेव	1
15498	काकीनाडा	1
15499	ईएमएस	1
15500	स्लीपर	1
15501	पुआल	1
15502	अठावले	1
15503	धर्मावलंबियों	1
15504	लुंबनी	1
15505	बोधगया	1
15506	सारनाथ	1
15507	विशद्	1
15508	ज्ञानदास	1
15509	सत्ताहीन	1
15510	वितंडा	1
15511	टेलीफिल्म	1
15512	संभालेंगी	1
15513	साक़िब	1
15514	चिड़ियाघर	1
15515	स्ट्रैट	1
15516	धूनी	1
15517	जलती	1
15518	डोमना	1
15519	सेप्टिक	1
15520	डेमोक्रेसी	1
15521	हिंदूवादी	1
15522	ख़फ़ा	1
15523	इयाद	1
15524	हलधर	1
15525	पार्कर	1
15526	बिवरेजेज	1
15527	प्रा	1
15528	जमील	1
15529	इलियासी	1
15530	मजहरी	1
15531	कल्वे	1
15532	रुशेद	1
15533	हेलाल	1
15534	मौलानाओं	1
15535	फॉंटविएली	1
15536	सौंवा	1
15537	चारपाई	1
15538	छिड़ककर	1
15539	प्रतिद्वंद्विता	1
15540	दौसा	1
15541	भरतपुर	1
15542	श्रीगंगानगर	1
15543	स्लावों	1
15544	स्लाव	1
15545	प्रवासन	1
15546	पुकारा	1
15547	फिक्स	1
15548	सौन्दर्य	1
15549	उत्कृष्टता	1
15550	नाविकों	1
15551	बांतु	1
15552	जमाकर	1
15553	सुधरते	1
15554	चरने	1
15555	भवें	1
15556	तेदेपा	1
15557	बुद्धिजीवियों	1
15558	अड़कर	1
15559	सोचता	1
15560	बागपत	1
15561	पालकों	1
15562	किकी	1
15563	डोंट	1
15564	गो	1
15565	ब्रेकिंग	1
15566	रेडिट	1
15567	बांधों	1
15568	दबाया	1
15569	क्षेत्राधिकारियों	1
15570	गुटीय	1
15571	प्राथमिकताएं	1
15572	घ्यान	1
15573	भाजपाध्यक्ष	1
15574	प्रान्त	1
15575	शक्तियां	1
15576	पुत्थुकुंगर	1
15577	क़ाफ़ी	1
15578	जॉय	1
15579	तिर्की	1
15580	यशंवत	1
15581	गुपचुप	1
15582	व्यंग्य	1
15583	भोथरे	1
15584	लताड़ना	1
15585	प्रहसन	1
15586	होम्योपैथी	1
15587	ज्वेलरी	1
15588	विवाहेतर	1
15589	निरक्षर	1
15590	गोरखाओं	1
15591	उर्वरा	1
15592	जूझने	1
15593	माइक्रोन्यूट्रेंट	1
15594	चौदहवाँ	1
15595	गिरिडिह	1
15596	केला	1
15597	ज्वालापुर	1
15598	करोंड़ों	1
15599	कायरतापूर्ण	1
15600	कृत	1
15601	रेवाल	1
15602	अनुदानित	1
15603	समवर्ती	1
15604	प्रथानुसार	1
15605	परिणामस्वरुप	1
15606	तिरुअनंतपुर	1
15607	तुम्हारे	1
15608	टाईटलर	1
15609	स्टाम्प	1
15610	रजिस्ट्रारों	1
15611	तिरुवरुर	1
15612	कारपोरेट	1
15613	रामाराव	1
15614	प्रलय	1
15615	सिहरा	1
15616	संबल	1
15617	हाजम	1
15618	करामाती	1
15619	उल्लंधन	1
15620	उपनिवेशियों	1
15621	मुक़ाबले	1
15622	न्यूफ़ाउंडलैंड	1
15623	मनमाने	1
15624	चार्टर्स	1
15625	फर	1
15626	स्वार्थवश	1
15627	भांजकर	1
15628	भगा	1
15629	बंदिशों	1
15630	प्लांटों	1
15631	रूझान	1
15632	बढा	1
15633	बंदरअब्बास	1
15634	मोड़ना	1
15635	गंगाराम	1
15636	नेफ्रोलॉजी	1
15637	नियमीकरण	1
15638	जम्वाल	1
15639	रोडवेज	1
15640	फूंकने	1
15641	डालीं	1
15642	मितुल	1
15643	टर्निंग	1
15644	इस्त्राइल	1
15645	नावों	1
15646	शोलों	1
15647	झुलसते	1
15648	सोचिए	1
15649	शाहरुख	1
15650	कामयाबियाँ	1
15651	जगतसिंह	1
15652	फेफड़ो	1
15653	दुलियाजान	1
15654	इनीशिएटिव	1
15655	बूंदें	1
15656	सोखकर	1
15657	पढ़ाने	1
15658	पढ़ाते	1
15659	कामरेड	1
15660	मेडिक्लेम	1
15661	ओरियंटल	1
15662	पिलाते	1
15663	बीमित	1
15664	क्लेम	1
15665	हरजाने	1
15666	हारने	1
15667	उत्तराधिकारियों	1
15668	नाईजीरिया	1
15669	एरियांजे	1
15670	डियॉज	1
15671	होंडूरन	1
15672	रोड्रिग्ज	1
15673	एनसीएमपी	1
15674	उठतीं	1
15675	इरादों	1
15676	दुर्व्यवहार	1
15677	परिपाटी	1
15678	निश्चित्	1
15679	रायलसीमा	1
15680	राजगुरु	1
15681	रुपरेखा	1
15682	हिचकिचा	1
15683	कोस्टर	1
15684	डायमंड	1
15685	सिएलो	1
15686	बंगाली	1
15687	चुकाना	1
15688	चंद्रायन	1
15689	प्रधानता	1
15690	लालबत्ती	1
15691	डिस्ट्रिक्ट	1
15692	चाइनीज	1
15693	सत्यम	1
15694	लिबर्टी	1
15695	डिस्ट्रीब्यूटरों	1
15696	अनातोलिया	1
15697	सेसॉन	1
15698	टेरोन	1
15699	जागीरदार	1
15700	आर्मीनियाई	1
15701	सिलिसिया	1
15702	वृषभ	1
15703	यूफ्रेट्स	1
15704	फिलेटेरस	1
15705	ब्राचमियस	1
15706	रैमबॉड	1
15707	अफ्रानजी	1
15708	फ़्रैंक्स	1
15709	एंटीओक	1
15710	टेरसस	1
15711	इटालो	1
15712	दिलवाया	1
15713	गैरीसन	1
15714	रेहान	1
15715	भूवैज्ञानिकों	1
15716	रचनाओं	1
15717	सिना	1
15718	पोलीमैथ	1
15719	मीलों	1
15720	शेल्स	1
15721	पीटीए	1
15722	ब्रितानी	1
15723	बयार	1
15724	फुरसत	1
15725	कायर्रत	1
15726	सुपरहिट	1
15727	वेडिंग	1
15728	मधुमिता	1
15729	एस्टोन	1
15730	गुजारनी	1
15731	भायंदर	1
15732	लटकाए	1
15733	मुंडो	1
15734	बलजीत	1
15735	पीआईओ	1
15736	एराइवल	1
15737	ट्रेंड	1
15738	उतराती	1
15739	करुप्पासामी	1
15740	पंडियन	1
15741	विस्‍तार	1
15742	दुरूह	1
15743	निरक्षरता	1
15744	स्नातकोत्तर	1
15745	डेकेयर	1
15746	शंक्मैन	1
15747	ओर्थोजेनिक	1
15748	स्कूलसंचालित	1
15749	हाइड	1
15750	मानविकी	1
15751	अंतःविषय	1
15752	चचेरा	1
15753	युद्धवीर	1
15754	बेगमपेट	1
15755	भांग	1
15756	खिलाकर	1
15757	कुरान	1
15758	चिचलीपोरा	1
15759	तिथियां	1
15760	पैराशूट	1
15761	इसाईयों	1
15762	मातृभाषा	1
15763	करहेड़ा	1
15764	काका	1
15765	देवदार	1
15766	अंतरंग	1
15767	बहिरंग	1
15768	रिहर्सल	1
15769	टेस्को	1
15770	दस्यु	1
15771	जेनिफर	1
15772	निष्फल	1
15773	वाहिनी	1
15774	कटी	1
15775	कृत्यों	1
15776	दुहाई	1
15777	खोखलापन	1
15778	मेमोरेंडम	1
15779	लिमन्यो	1
15780	प्रार्थनाएं	1
15781	नईस	1
15782	सिराजुल	1
15783	इसलाम	1
15784	डलास	1
15785	जीवनशैली	1
15786	चित्रण	1
15787	रोमानियाई	1
15788	सत्तावादी	1
15789	शासनों	1
15790	नज़रअंदाज़	1
15791	अनधिकृत	1
15792	बेवकूफ	1
15793	इल्जाम	1
15794	बर्धवान	1
15795	नियोक्ताओं	1
15796	गैरहाजिरी	1
15797	बोलीं	1
15798	हरीकेन	1
15799	एण्ड	1
15800	परसलगोटा	1
15801	बस्तर	1
15802	धड़धड़ाता	1
15803	एसआरपीएफ	1
15804	बीपीएल	1
15805	माँगेगा	1
15806	कैलिफ़ोर्निया	1
15807	एनएफएल	1
15808	रेम्स	1
15809	चार्जर्स	1
15810	लेकर्स	1
15811	क्लिपर्स	1
15812	एमएलबी	1
15813	डोजर्स	1
15814	एन्जिल्स	1
15815	पेद्रेस	1
15816	एनएचएल	1
15817	डक्स	1
15818	रुपर्ट	1
15819	ओल्डेन	1
15820	सरीखा	1
15821	वक्ता	1
15822	सकूंगी	1
15823	भेजते	1
15824	अलमगारी	1
15825	हवाल	1
15826	पासाडेना	1
15827	प्रोपलशन	1
15828	दिमागी	1
15829	लग्जरी	1
15830	सेगमेंट	1
15831	शयनयान	1
15832	रत्नालय	1
15833	मुक्तेश्वर	1
15834	बटोही	1
15835	नजीर	1
15836	तिलवाड़ा	1
15837	स्यालसौढ़	1
15838	उलझने	1
15839	गहमा	1
15840	गहमी	1
15841	रामप्रकाश	1
15842	संपत	1
15843	वैद्यनाथन	1
15844	यूनिसेफ	1
15845	मालिन्दी	1
15846	मोबासा	1
15847	किलिफी	1
15848	डियानी	1
15849	लड़कियां	1
15850	वैश्यावृत्ति	1
15851	वेश्याएं	1
15852	आर्टिलेरी	1
15853	चिन्ना	1
15854	फ्रेंका	1
15855	कैलिबर	1
15856	हॉविटजर	1
15857	चाणक्यपुरी	1
15858	परिंदा	1
15859	वीनने	1
15860	आनी	1
15861	येदुरप्पा	1
15862	शबाब	1
15863	थपथपाते	1
15864	मैजस्टिक	1
15865	तेज़	1
15866	विषमता	1
15867	समाविष्ट	1
15868	फ्लैप	1
15869	परंपराएं	1
15870	प्रतिद्वंद्वियों	1
15871	एकलस्ट्रलासा	1
15872	राष्ट्रिय	1
15873	कोनवीक्टर्सका	1
15874	ख़राब	1
15875	बॉटम	1
15876	प्रोफ़ेशनल	1
15877	फ़ुटबॉल	1
15878	मुड़कर	1
15879	म्यूनिख	1
15880	टेकने	1
15881	उझवुर	1
15882	सुदामा	1
15883	संतरियों	1
15884	परिकल्पित	1
15885	नैय्या	1
15886	डुबाने	1
15887	चटा	1
15888	लाएंगे	1
15889	बारपेटा	1
15890	कभार	1
15891	कैप्लान	1
15892	पूर्वप्रभावी	1
15893	सरदाना	1
15894	सत्यानाश	1
15895	मायनों	1
15896	उपकेंद्र	1
15897	वनस्पतियाँ	1
15898	सुख	1
15899	अवशोषित	1
15900	गिगाटन	1
15901	सौपा	1
15902	श्रममंत्री	1
15903	बुलाएं	1
15904	बेलग्रेड	1
15905	आर्ट्स	1
15906	राष्ट्रीयता	1
15907	गिरवी	1
15908	नीलाम	1
15909	एनालॉग	1
15910	कक्षीय	1
15911	यूरोबर्ड	1
15912	प्रसारकों	1
15913	निभाएगी	1
15914	बनवाकर	1
15915	पेरेंट्स	1
15916	मेंटेनेंस	1
15917	कोऑपरेशन	1
15918	जेबीआईसी	1
15919	भीख	1
15920	बेंत	1
15921	चाबुक	1
15922	संटी	1
15923	पीड़ा	1
15924	विद्यालयी	1
15925	भुगतानों	1
15926	लड़कर	1
15927	माद्दा	1
15928	हिफाजत	1
15929	एक्सेलसियर	1
15930	हरनाम	1
15931	ढाल	1
15932	बिसेन	1
15933	सज्जित	1
15934	एकाधिकारवादी	1
15935	चलनी	1
15936	महीन	1
15937	मेसिडोनिया	1
15938	एमिन्टास	1
15939	प्रभुता	1
15940	गाशकोव	1
15941	ट्रेनर	1
15942	फॉल्कन	1
15943	होनहार	1
15944	रणनीतियों	1
15945	ट्रुडीउ	1
15946	रनर	1
15947	विल्किस	1
15948	पुनर्निर्वाचित	1
15949	टेंटों	1
15950	माले	1
15951	जंगम	1
15952	शिवनाज	1
15953	समन	1
15954	स्त्रोत	1
15955	ग्रामस्वराज	1
15956	बंटाने	1
15957	छलांग	1
15958	कतराता	1
15959	टर्न	1
15960	अगुल	1
15961	पानोवा	1
15962	वाकओवर	1
15963	लोरेंट्ज़	1
15964	गुणन	1
15965	इलेक्ट्रोस्टैटिक	1
15966	खाकर	1
15967	जुनून	1
15968	खुलेंगे	1
15969	खुची	1
15970	बेचनी	1
15971	मैनाली	1
15972	लेसी	1
15973	हालस्ट्रॉम	1
15974	कॉमेडी	1
15975	सैल्मन	1
15976	फिशिंग	1
15977	इवान	1
15978	मैकग्रेगर	1
15979	क्रिस्टिन	1
15980	हबीबुद्दीन	1
15981	विरुधनगर	1
15982	नदवी	1
15983	लुभा	1
15984	किसका	1
15985	निरोधी	1
15986	प्रधानगी	1
15987	जाक	1
15988	यूरोपियन	1
15989	प्रौजेक्ट	1
15990	स्टार्लिन	1
15991	आलेखक	1
15992	खलनायक	1
15993	थानोस	1
15994	मार्वल	1
15995	कॉमिक्स	1
15996	शीर्षकों	1
15997	टैस्ट	1
15998	लबानिया	1
15999	द्वेष	1
16000	मिटाता	1
16001	बीम	1
16002	शिवा	1
16003	होटलवाले	1
16004	कायल	1
16005	अनिश्चितकाल	1
16006	घोषणाएँ	1
16007	आकाशवाणी	1
16008	चौराहे	1
16009	टीशर्ट	1
16010	हथियाने	1
16011	अरसे	1
16012	प्रत्यारोपों	1
16013	पांचवा	1
16014	पछाड़ते	1
16015	इंटरकान्टिनेंटल	1
16016	नस्लीय	1
16017	पदानुक्रम	1
16018	दरियादिली	1
16019	बत्तियां	1
16020	रेंग	1
16021	आसू	1
16022	लिवेट	1
16023	ब्रांट	1
16024	उपनिवेशवादी	1
16025	यजीदी	1
16026	याशुकुनी	1
16027	याचिकाएँ	1
16028	औपचारिकताएँ	1
16029	रासमणि	1
16030	लथपथ	1
16031	नवल	1
16032	प्रसन्न	1
16033	मुंब्रा	1
16034	सांद्रता	1
16035	हीम	1
16036	एनारोबिक	1
16037	बैक्टीरिया	1
16038	विसंपीड़न	1
16039	गोताखोरों	1
16040	गोता	1
16041	विसंपीड़ित	1
16042	नाइट्रोजन	1
16043	हीलियम	1
16044	बुलबुले	1
16045	सतपाल	1
16046	निशू	1
16047	इयॉन	1
16048	एवरो	1
16049	सिंपल	1
16050	सेलेक्ट	1
16051	पहाड़ाबाद	1
16052	गांववालों	1
16053	तामीली	1
16054	गृहसचिव	1
16055	उछलते	1
16056	मुरुगन	1
16057	खुलेंगी	1
16058	ढ़ाँचे	1
16059	पहुँचाना	1
16060	ऑस्ट्रो	1
16061	प्रशियन	1
16062	कतिपय	1
16063	उकसावे	1
16064	वैस्टर्न	1
16065	ठप्प	1
16066	निहत्थे	1
16067	अस्ट्रेलियाई	1
16068	सेल्यिसस	1
16069	छिटपुट	1
16070	तहरीक	1
16071	जालसाज	1
16072	एनसीडब्लू	1
16073	मोर्टार	1
16074	इंदू	1
16075	भग्‍नावशेष	1
16076	अशोककालीन	1
16077	डिफ्यूज	1
16078	हत्थे	1
16079	सूत्रीय	1
16080	धर्मशास्त्र	1
16081	हिंडन	1
16082	अनसूचित	1
16083	उनियाणा	1
16084	रांशी	1
16085	गौंडार	1
16086	महामंदिर	1
16087	चराने	1
16088	नियोजन	1
16089	इन्फॉर्मेशन	1
16090	सिस्टम्स	1
16091	जलप्लावित	1
16092	प्यूअर्टो	1
16093	रिको	1
16094	गुआम	1
16095	सर्टिफिकेट	1
16096	मुर्शिदाबाद	1
16097	स्ट्रा	1
16098	लाइसेंसी	1
16099	टैक्सास	1
16100	बारबरा	1
16101	मैकार्थर	1
16102	ह्यूगो	1
16103	फ्रियाज	1
16104	कुबूलने	1
16105	लड़ेंगे	1
16106	क्लिफटन	1
16107	साधे	1
16108	झोले	1
16109	सपाटे	1
16110	धज्जी	1
16111	रीको	1
16112	बाथ	1
16113	निर्वासितों	1
16114	मुक़ाबले	1
16115	फतेहपुरी	1
16116	मुकर्रम	1
16117	पसंदी	1
16118	बिलयन	1
16119	युरो	1
16120	एकला	1
16121	चलो	1
16122	रे	1
16123	धारणाएं	1
16124	सायनोबैक्टिरिया	1
16125	वेसिकल	1
16126	सायनोबैक्टिरियम	1
16127	होमोलोगस	1
16128	हनोवर	1
16129	नहाया	1
16130	थमाकर	1
16131	फ़ैसला	1
16132	सुनाता	1
16133	सैन्यीकृत	1
16134	बढ़ाने	1
16135	तुष्टिकरण	1
16136	मंजुला	1
16137	तब्लीग	1
16138	अल्ताफ	1
16139	रमजान	1
16140	देवदूत	1
16141	कराएगें	1
16142	महाद्वीपिय	1
16143	गतिविधियाँ	1
16144	अल्प	1
16145	युगलों	1
16146	गैंग	1
16147	थिलंगा	1
16148	आईसीसी	1
16149	एक्जीक्यूटिव	1
16150	पॉश	1
16151	हाईड्रॉलिक	1
16152	रिसने	1
16153	अंधड़	1
16154	बुल्स	1
16155	बियर्स	1
16156	क्रमिक	1
16157	अवनति	1
16158	तनुश्री	1
16159	शिया	1
16160	कॉकेशस	1
16161	सिसकॉकेशस	1
16162	ट्रांसकॉकेशस	1
16163	मोरीगांव	1
16164	फेंककर	1
16165	भयंकर	1
16166	सरहदों	1
16167	घुमाने	1
16168	सांगवान	1
16169	वर्द्घित	1
16170	बमुश्किल	1
16171	नंदनपुर	1
16172	पुराणों	1
16173	स्वपोषित	1
16174	बीता	1
16175	हिना	1
16176	सहाब	1
16177	शम्सुद्दीन	1
16178	मुल्ला	1
16179	टीएआर	1
16180	प्रमुखतः	1
16181	सहस्रशताब्दी	1
16182	गोलार्ध	1
16183	रेमंड	1
16184	ब्रेडले	1
16185	मालकम	1
16186	हॉकी	1
16187	उच्चतर	1
16188	पोलाक	1
16189	क्रोएली	1
16190	लौरी	1
16191	ब्रिफ़्फ़ा	1
16192	विधियों	1
16193	पुनर्निर्माणों	1
16194	अंगूरों	1
16195	अभिलेखीय	1
16196	इंगलैंड	1
16197	रेखाचित्र	1
16198	मेलजोल	1
16199	कलाप्रेमियों	1
16200	डिजनीलैंड	1
16201	घनीभूत	1
16202	लागरस्टेटन	1
16203	ऊतक	1
16204	डेवोनियन	1
16205	एम्सियन	1
16206	प्युटेटिव	1
16207	बर्गेस	1
16208	शैले	1
16209	संरचनाएँ	1
16210	मुड़े	1
16211	मांसल	1
16212	कैंटेनियन	1
16213	मुख्या	1
16214	जुडी	1
16215	एडियाकेरेन	1
16216	एण्ड्रोमेडा	1
16217	जेली	1
16218	ट्रांसपेरेंसी	1
16219	मिनटों	1
16220	बृंदावन	1
16221	मंहता	1
16222	भूमिधर	1
16223	बर्मन	1
16224	रोकीबुल	1
16225	पालदी	1
16226	बॉटमलाइन	1
16227	टेरासर्वर	1
16228	ज्योग्राफिक	1
16229	जूलॉजीकल	1
16230	फाँस	1
16231	स्‍थानों	1
16232	भस्‍मों	1
16233	इवानोविक	1
16234	मुजेहना	1
16235	मिशनरीज	1
16236	चेरिटी	1
16237	सुपीरियर	1
16238	गुजरते	1
16239	माताएं	1
16240	अजनबियों	1
16241	चॉकलेट	1
16242	घुट्टियां	1
16243	पिलाती	1
16244	होल्डर्स	1
16245	बैनर्स	1
16246	कर्मजीत	1
16247	आंगलोंग	1
16248	वाड्रा	1
16249	करन	1
16250	कठिनाईयों	1
16251	मनोहारी	1
16252	आएँ	1
16253	भूलें	1
16254	विश्वासों	1
16255	सत्रों	1
16256	अलबामा	1
16257	हेंसविले	1
16258	एहमियत	1
16259	गार्जियन	1
16260	आईटीजेड	1
16261	मूर्तिकार	1
16262	सुशांत	1
16263	दाविंची	1
16264	गुज़ारिश	1
16265	प्रादेशिक	1
16266	तकाजा	1
16267	राजधानियों	1
16268	इनसास	1
16269	केस्टेवेन	1
16270	उपसमिति	1
16271	कॉन्फ्रेंस	1
16272	रेव	1
16273	स्टाल्सवर्थ	1
16274	टेरीटोरियल	1
16275	सभामंच	1
16276	तैश	1
16277	मिलिकन	1
16278	अजीबोगरीब	1
16279	ओडी	1
16280	पायदान	1
16281	वाट्सन	1
16282	नाइत्तेफाकी	1
16283	निर्दलीयों	1
16284	समसपुर	1
16285	सलोन	1
16286	डलमऊ	1
16287	बिलकिस	1
16288	सीबीसी	1
16289	प्रेयर	1
16290	ईगन	1
16291	पुनर्मिलन	1
16292	ट्रैक्स	1
16293	इज्जत	1
16294	सलाना	1
16295	मैकक्लेलन	1
16296	ड्रोन	1
16297	कोयम्बटूर	1
16298	मदनी	1
16299	नौसेनाध्यक्ष	1
16300	टिपो	1
16301	एंडिनो	1
16302	क्रस्ट	1
16303	अम्ल	1
16304	रूपहली	1
16305	रेखाएं	1
16306	चारदीवारी	1
16307	उत्तरपूर्वी	1
16308	इंटीग्रेटिंग	1
16309	इंटेलिजेंट	1
16310	डिकॉय	1
16311	मधुसूदन	1
16312	मिस्त्री	1
16313	गबन	1
16314	कंवलजीत	1
16315	सांसत	1
16316	जत्ती	1
16317	बदिन	1
16318	तहसीलों	1
16319	गड़बड़ाए	1
16320	सोहन	1
16321	डायनामाइट	1
16322	चेंगलपट्टू	1
16323	बच्‍चे	1
16324	गुरुकुल	1
16325	दिलाना	1
16326	पुख़्ता	1
16327	पर्दाफ़ाश	1
16328	गुजरा	1
16329	पुनरुत्थान	1
16330	जुड़ाव	1
16331	तमन्ना	1
16332	दूरियों	1
16333	बिगाड़	1
16334	मैसम	1
16335	जलवायुविज्ञानियों	1
16336	अभूतपूर्व	1
16337	शान्तिपूर्ण	1
16338	शुमैन	1
16339	ब्लॉग	1
16340	एसआरई	1
16341	अनुग्रह	1
16342	गैंगवार	1
16343	अन्नू	1
16344	पाँचों	1
16345	टुकड़ा	1
16346	अपनाआखिरी	1
16347	याचक	1
16348	छुट्टियां	1
16349	सोलांग	1
16350	बहांग	1
16351	लेबनानी	1
16352	काचर	1
16353	जीतेंगीं	1
16354	स्क्रॉल	1
16355	अनंतमूर्ति	1
16356	राजस्थानी	1
16357	कथाकार	1
16358	विजयदान	1
16359	देथा	1
16360	चेलिशेव	1
16361	सिखाना	1
16362	हकीकतों	1
16363	तराशे	1
16364	मुसीबतों	1
16365	मोहिउद्दीन	1
16366	सोफी	1
16367	गृहों	1
16368	लॉकरों	1
16369	ब्रिक्सडलेन	1
16370	घटाई	1
16371	महत्‍वपूर्ण	1
16372	बागवानों	1
16373	नगदी	1
16374	हारून	1
16375	प्रथाओं	1
16376	फायोरेलो	1
16377	एपिस्कोपल	1
16378	ताउम्र	1
16379	आईसी	1
16380	एमपीएस	1
16381	गंवाए	1
16382	मोबाइलधारक	1
16383	निर्धनों	1
16384	ड्रामे	1
16385	पलहालन	1
16386	प्रचलन	1
16387	दाभी	1
16388	संतराम	1
16389	नूतन	1
16390	मिलाया	1
16391	मेहराबें	1
16392	करनाल	1
16393	ठहराती	1
16394	रायफल	1
16395	यूबीजीएल	1
16396	नोटिफिकेशन	1
16397	शासकीय	1
16398	विद्युतकण	1
16399	इलेक्ट्रॉन	1
16400	गैसें	1
16401	जलने	1
16402	अयोग्यता	1
16403	स्फीति	1
16404	वचनबद्धता	1
16405	जीवनदान	1
16406	गृहयुद्धों	1
16407	पगार	1
16408	एकॉडमी	1
16409	अंडरवल्र्रर्ड	1
16410	डिसक्वालिफिकेशन	1
16411	नेशनलिटी	1
16412	राष्ट्रमंडल	1
16413	विधानसभाओं	1
16414	खुलवा	1
16415	करूँगा	1
16416	जानमाल	1
16417	एक्जिक्यूटिव	1
16418	अंतरिक्षीय	1
16419	बिंदुओं	1
16420	मसूर	1
16421	अरहर	1
16422	तवे	1
16423	सोनाचुर	1
16424	घी	1
16425	दक्षिणा	1
16426	शरारती	1
16427	अर्थपूर्ण	1
16428	मोरिवियाई	1
16429	ज़होरी	1
16430	आयी	1
16431	लविंग्स	1
16432	रिचर्ज	1
16433	असन्तुष्ट	1
16434	रोजगारों	1
16435	कार्यकालों	1
16436	सांस्थानिक	1
16437	महासाचिव	1
16438	अदम्य	1
16439	चढ़ाते	1
16440	प्रगाढ़	1
16441	हाइपरबेरिक	1
16442	दांगी	1
16443	एसबी	1
16444	संघर्षपूर्ण	1
16445	अहद	1
16446	प्रोपल्शन	1
16447	एल्गोरिथ्म	1
16448	मैकेनिकल	1
16449	कुसारी	1
16450	संघनन	1
16451	बोतल	1
16452	नरेन्द्र	1
16453	कुशवाहा	1
16454	ब्रेकर	1
16455	नली	1
16456	बदर	1
16457	पिट्सबर्ग	1
16458	एएफसी	1
16459	चैंपियन	1
16460	पैट्रिओट्स	1
16461	प्लेऑफ़	1
16462	क्रार्यक्रम	1
16463	एनसीएमप	1
16464	हारी	1
16465	फाउनल	1
16466	तलछटी	1
16467	चूकि	1
16468	डार्विन	1
16469	प्रकारों	1
16470	स्थानीयकरण	1
16471	नोकझोंक	1
16472	एसेस	1
16473	डेफिसिट	1
16474	हाजन	1
16475	पर्रे	1
16476	गढ़ी	1
16477	क्लीनचिट	1
16478	महापूजन	1
16479	सदा	1
16480	सरहद	1
16481	शंभु	1
16482	बैरियर	1
16483	छतरपुर	1
16484	सिरसा	1
16485	छलकाए	1
16486	कटारिया	1
16487	हास्य	1
16488	तेहरान	1
16489	फ्लश	1
16490	समेकित	1
16491	म्यूजियमों	1
16492	कांगला	1
16493	मैंडल	1
16494	जॉनी	1
16495	कुरेदने	1
16496	सृजनात्‍मक	1
16497	खंडों	1
16498	फोड़कर	1
16499	झरनों	1
16500	फव्वारों	1
16501	समेटे	1
16502	उद्दाम	1
16503	मधुकर	1
16504	लूपर	1
16505	रायन	1
16506	जॉन्सन	1
16507	ब्रुस	1
16508	विलिस	1
16509	गॉर्डन	1
16510	लेविट	1
16511	ग्लीबीजेन	1
16512	क्रिएटिव	1
16513	अलेजांद्रा	1
16514	जैनापोरा	1
16515	आदिल	1
16516	रहस्यमयी	1
16517	तालीमुरा	1
16518	ज्वालामुखियों	1
16519	विन्यास	1
16520	विंड	1
16521	पार्टीक्लस	1
16522	जेनेसिस	1
16523	प्रॉब	1
16524	डुगवे	1
16525	प्रोविंग	1
16526	ग्राडंड	1
16527	भाग्यशाली	1
16528	प्रभाकरण	1
16529	मुगेसकेटी	1
16530	संजीवन	1
16531	पुतुपुत्तिनम	1
16532	एऔन	1
16533	हरीरी	1
16534	फिनिशियन्स	1
16535	बेअंत	1
16536	व्यवसायों	1
16537	श्रमबल	1
16538	बौद्घिक	1
16539	चैनल्स	1
16540	इंग्लिश	1
16541	सेतांता	1
16542	स्पोर्ट्स	1
16543	एनटीएल	1
16544	खोए	1
16545	फ्रीव्यू	1
16546	गुड़िया	1
16547	हेमा	1
16548	मालिनी	1
16549	कैंपेल	1
16550	लक्ष्मीनारायण	1
16551	राजमहल	1
16552	कलात्मकता	1
16553	कहतीं	1
16554	संघशासित	1
16555	रसीदी	1
16556	विलेन्युव	1
16557	छोड़नी	1
16558	रखरखाव	1
16559	विश्वस्तरीय	1
16560	खुलेगा	1
16561	रचे	1
16562	कुल्हाड़ी	1
16563	परख	1
16564	लगाता	1
16565	काज़ी	1
16566	बालिग	1
16567	समता	1
16568	नेक्स्ट	1
16569	जेनेरेशन	1
16570	पैट्रिक	1
16571	स्टीवर्ट	1
16572	चक	1
16573	नोरिस	1
16574	फागुनी	1
16575	शिलाखंड	1
16576	भूरे	1
16577	सरवरी	1
16578	देवभूमि	1
16579	बाँटने	1
16580	केले	1
16581	प्लान्टेन	1
16582	कड़ियों	1
16583	सीएमडी	1
16584	लेटे	1
16585	जूता	1
16586	पडाते	1
16587	प्रेसीडेंसी	1
16588	निवेदन	1
16589	एएलपी	1
16590	ग्रीन्स	1
16591	बलार्ट	1
16592	बेंडिगो	1
16593	गीलॉन्ग	1
16594	लिबरल्स	1
16595	सीट्स	1
16596	जीतीं	1
16597	मेलबर्न	1
16598	अझीक्कल	1
16599	बढ़ाएं	1
16600	मचियाल	1
16601	गड़बड़	1
16602	समरू	1
16603	बर्दाशत	1
16604	जिमर	1
16605	नही	1
16606	नकेल	1
16607	जन्नत	1
16608	कहलाने	1
16609	ओट्टापलम	1
16610	भूत	1
16611	नदवा	1
16612	दीपेंद्र	1
16613	रहन	1
16614	चकनाचूर	1
16615	विरार	1
16616	वसई	1
16617	उन्नीसवां	1
16618	अक्षांश	1
16619	एंटरप्राइजेज	1
16620	ब्रोंकाइटिस	1
16621	ड्रा	1
16622	खेली	1
16623	सुमित्रा	1
16624	आजमा	1
16625	डिज़नी	1
16626	क्लासिकल	1
16627	कैरक्टरों	1
16628	गोशकोव	1
16629	हवलदार	1
16630	सर्किलों	1
16631	थकान	1
16632	खटिया	1
16633	खांडसारी	1
16634	गुड़	1
16635	देशभक्ति	1
16636	ओतप्रोत	1
16637	टाला	1
16638	चहकते	1
16639	जगज़ाहिर	1
16640	फ्लावर	1
16641	फासले	1
16642	रिहाइश	1
16643	एनॉलिसिस	1
16644	फिलस्तीन	1
16645	हश्र	1
16646	फैक्ट्रियां	1
16647	खुशरुपुर	1
16648	गीतों	1
16649	पॉपुलर	1
16650	डालेगा	1
16651	बाज़ारों	1
16652	सभ्य	1
16653	प्रोमिला	1
16654	इस्सर	1
16655	बीजू	1
16656	त्रिवेदी	1
16657	मिनिमलिस्ट	1
16658	ग्राफिकल	1
16659	शेड्यूल	1
16660	सीक्वेंस	1
16661	झंकार	1
16662	साउंडमार्क	1
16663	फैनफेयर	1
16664	वेरिएंट	1
16665	जिंगल्स	1
16666	ड्रम	1
16667	बाक़ी	1
16668	शबरीमलाई	1
16669	झुककर	1
16670	पहिए	1
16671	चिपक	1
16672	पहिया	1
16673	दिनकरण	1
16674	लड़ूंगी	1
16675	उत्साही	1
16676	लाँघ	1
16677	संख्‍या	1
16678	एदसेन	1
16679	खोरू	1
16680	येनान	1
16681	दोंग्शन	1
16682	दाफो	1
16683	डायन	1
16684	बढ़ने	1
16685	कुंबुम	1
16686	ज़िनिंग	1
16687	तेहर	1
16688	शि	1
16689	पुनर्निर्मित	1
16690	आरलेकर	1
16691	प्रोसीक्यूटर	1
16692	मार्सेली	1
16693	पायफ	1
16694	मोमोने	1
16695	होतीं	1
16696	रायसेन	1
16697	सीहोर	1
16698	मंदसौर	1
16699	शहडोल	1
16700	डोमेन	1
16701	कल्पनात्मक	1
16702	मूमल	1
16703	फूंका	1
16704	डीसीआई	1
16705	टोही	1
16706	संपर्कों	1
16707	रूपर्ट्सबर्ग	1
16708	सरीखे	1
16709	दीमा	1
16710	हाओलाम	1
16711	डाओगा	1
16712	कढ़े	1
16713	ट्राउजर	1
16714	कनॉट	1
16715	कलाकारी	1
16716	इरकक	1
16717	इमिग्रेशन	1
16718	क्लीयर	1
16719	नौसैनिकों	1
16720	सिमेउलू	1
16721	शाक	1
16722	घास	1
16723	चिड़ियों	1
16724	राजाराम	1
16725	कयासों	1
16726	वाष्प	1
16727	उड़ता	1
16728	सेब	1
16729	अंदरुनी	1
16730	छटते	1
16731	पर्वतम्मा	1
16732	जीवनयापन	1
16733	प्रत्यागामी	1
16734	अतितापित	1
16735	स्टेप	1
16736	सिलिंडर	1
16737	कंपाउंड	1
16738	क़ानून	1
16739	संभाली	1
16740	वंगारा	1
16741	सामंती	1
16742	नजाकत	1
16743	फ्रांज़	1
16744	राजतंत्रों	1
16745	चैपिंयनशिप	1
16746	ब्राजिलियन	1
16747	स्ट्राइकर	1
16748	लिमा	1
16749	निष्ठाओं	1
16750	सबसॉइल	1
16751	पिघलना	1
16752	डाउनस्ट्रीम	1
16753	सिकुड़ती	1
16754	मेल्टवाटर	1
16755	उपधारा	1
16756	डूबो	1
16757	अल्पसंख्य	1
16758	असमानताओं	1
16759	ब्लाइंडलिया	1
16760	जलमार्ग	1
16761	क्रिस्टियनसैंड	1
16762	लिलेसैंड	1
16763	फेलॉन	1
16764	केवी	1
16765	इंडोर	1
16766	कहेगी	1
16767	साबत	1
16768	इंटरप्राइजेज	1
16769	मादिगा	1
16770	पोरटा	1
16771	एमआरपीएस	1
16772	महानाडु	1
16773	इनसानी	1
16774	छींटाकशी	1
16775	गिलब्यूट	1
16776	ऩये	1
16777	गुलजार	1
16778	सूज	1
16779	बजने	1
16780	भुनाना	1
16781	माटी	1
16782	घूमा	1
16783	आफ़ताब	1
16784	क़तई	1
16785	ससम्मान	1
16786	दंडी	1
16787	ऊखीमठ	1
16788	नुमाइंदों	1
16789	बास्केट	1
16790	विक्रम	1
16791	वीसीडी	1
16792	लूटकर	1
16793	सिद्धरमैया	1
16794	बदन	1
16795	पचड़े	1
16796	पड़ना	1
16797	मुनाफावसूली	1
16798	फोड़े	1
16799	पंहुची	1
16800	कौतुहल	1
16801	पैंतीस	1
16802	छिड़काव	1
16803	जनमेजा	1
16804	धांधलियां	1
16805	स्टूडेंट	1
16806	कमेंटरी	1
16807	शैलेन्द्र	1
16808	बिंदेश्वरी	1
16809	सीएन	1
16810	जिलाध्यक्ष	1
16811	सियाराम	1
16812	शुद्धता	1
16813	चेम्बरों	1
16814	विसंपीडन	1
16815	प्रयोगशालाओं	1
16816	सांसे	1
16817	मेट्टूर	1
16818	स्टेनली	1
16819	ऑपरेशनल	1
16820	सैटलमेंट	1
16821	टुकड़े	1
16822	वाल्सेंड	1
16823	एंड्स	1
16824	सेगेडुनम	1
16825	अराबिया	1
16826	टीले	1
16827	पिक्टिश	1
16828	श्रॉफ	1
16829	बर्दाश्त	1
16830	परिस्थितियां	1
16831	तख्ता	1
16832	बैंक्वेट	1
16833	नागपाड़ा	1
16834	अरूण	1
16835	क्रिश्चिन्स	1
16836	प्रसिद्घ	1
16837	भांज	1
16838	ज्‍यादा	1
16839	इंडस्ट्रीज़	1
16840	फोड़ा	1
16841	रैड	1
16842	हैड	1
16843	आपरेटिंग	1
16844	औसकर	1
16845	परिवारिक	1
16846	मोहियापुर	1
16847	गोइंग	1
16848	होगीं	1
16849	कुंडा	1
16850	भैया	1
16851	अफ्रीकन	1
16852	लॉवीस्ट	1
16853	बशीर	1
16854	घोटालेबाजों	1
16855	पुरातत्वीय	1
16856	ज़िम्मेदार	1
16857	स्‍टेशन	1
16858	जंक्‍शन	1
16859	भाटा	1
16860	अनेकता	1
16861	अद्वितीय	1
16862	ईराकी	1
16863	उपदेशक	1
16864	सोहराबुद्दीन	1
16865	त्रिकाला	1
16866	जोधबपुर	1
16867	महंगी	1
16868	नट	1
16869	कुरवई	1
16870	उकसाने	1
16871	पदचिन्हों	1
16872	किश्तों	1
16873	लौटाना	1
16874	आतंकित	1
16875	बस्ते	1
16876	लड़का	1
16877	राममनोहर	1
16878	कॉल्विन	1
16879	मालाएं	1
16880	उगते	1
16881	जमीनें	1
16882	सरजारंग	1
16883	स्क्रिप्ट	1
16884	बर्फीली	1
16885	गायन	1
16886	टूटा	1
16887	कौमी	1
16888	कायर	1
16889	मंत्रिस्तरीय	1
16890	डुंग	1
16891	डूरु	1
16892	सौरबाठी	1
16893	मदनदास	1
16894	ब	1
16895	अंकिता	1
16896	इजहार	1
16897	उलटी	1
16898	कारनामों	1
16899	खिलाफी	1
16900	डॉलरों	1
16901	सेशल्स	1
16902	टिमोन	1
16903	हेलेना	1
16904	तांगे	1
16905	स्थायित्व	1
16906	खिलांगुंड	1
16907	बाँधने	1
16908	आलोच्य	1
16909	अल्पसंख्या	1
16910	नवाब	1
16911	शाहजेहन	1
16912	चिट्ठियां	1
16913	विधा	1
16914	चलिये	1
16915	निमहांस	1
16916	बेलगाम	1
16917	पहुंचाए	1
16918	दास्तान	1
16919	ह़द	1
16920	लाभकारी	1
16921	कंसोर्टियम	1
16922	लैंबार्डरेल	1
16923	कम्युनिकेशन	1
16924	बांछें	1
16925	मेजें	1
16926	गंगनानी	1
16927	ओपी	1
16928	रीना	1
16929	पत्नि	1
16930	भावपूर्ण	1
16931	पेराग्वे	1
16932	यानिना	1
16933	त्रिनिदाद	1
16934	टोबैगो	1
16935	भुनाएगी	1
16936	सुशोभा	1
16937	एनओसी	1
16938	कुदरत	1
16939	मोचन	1
16940	रथ	1
16941	कंडिश्नर	1
16942	वाशिंग	1
16943	अप्लाइंसेज़	1
16944	टंच	1
16945	उछलकर	1
16946	बही	1
16947	आईएसओसी	1
16948	पेंदी	1
16949	जालीदार	1
16950	सिरंगा	1
16951	पुष्पकुंज	1
16952	स्थितियाँ	1
16953	बोलियां	1
16954	खारक	1
16955	तालकटोरा	1
16956	करीबियों	1
16957	प्रयुक्त	1
16958	अचरज	1
16959	अवकाशप्राप्त	1
16960	उकेरा	1
16961	सीमर	1
16962	सधी	1
16963	हवाईअड्डे	1
16964	डायरेक्ट	1
16965	टैक्सेज	1
16966	फिंरज	1
16967	बेनेफिट	1
16968	एचआरसी	1
16969	मल्‍लों	1
16970	प्राचीनकाल	1
16971	निर्धन	1
16972	कौंसल	1
16973	केंट	1
16974	होल्डिंग्स	1
16975	रेला	1
16976	टुकड़ा	1
16977	सहपाठी	1
16978	संभालेंगे	1
16979	मित्रतापूर्ण	1
16980	जीसीसी	1
16981	फायदेमंद	1
16982	स्वर्णजीत	1
16983	समादेश	1
16984	हितकर	1
16985	रोकथाम	1
16986	आंगनबाड़ी	1
16987	पट्टियां	1
16988	लगाएंगे	1
16989	प्रलयंकारी	1
16990	सोचें	1
16991	ओंकारेश्वर	1
16992	अम्बुमणि	1
16993	इम्तहान	1
16994	बनवाई	1
16995	सिद्धान्तों	1
16996	फूफी	1
16997	तंजानियन	1
16998	माल्या	1
16999	खरीदकर	1
17000	ट्रैवल्स	1
17001	परिंदों	1
17002	निराले	1
17003	अख्नूर	1
17004	शेषचलपति	1
17005	मंहगाई	1
17006	चिल्ला	1
17007	वेव	1
17008	अपराधिक	1
17009	चढ़ाना	1
17010	मखौल	1
17011	उड़ाया	1
17012	हंसुभाई	1
17013	कुमाऊं	1
17014	तबादले	1
17015	काशीराम	1
17016	अमले	1
17017	मेडन	1
17018	बुरहास	1
17019	सिमंजुताक	1
17020	फर्नाडिस	1
17021	कारनेजी	1
17022	इंस्टीट्यूशन	1
17023	एलन	1
17024	एंटीबॉयोटिक	1
17025	नॉरफ़ॉक	1
17026	उन्हे	1
17027	प्रपात	1
17028	मोनैकन	1
17029	पोहतन	1
17030	चेस्टरफील्ड	1
17031	प्राकृतिकरण	1
17032	प्रवासियों	1
17033	सम्बंध	1
17034	पिडमॉन्ट	1
17035	अप्पलाचियन	1
17036	मिसौरी	1
17037	रेस्त्रां	1
17038	आकंलन	1
17039	नस्लवादी	1
17040	सेक्सिस्ट	1
17041	मेहरोत्रा	1
17042	धारचूला	1
17043	क़ायदे	1
17044	मकड़जाल	1
17045	मुकदमेबाजी	1
17046	आक्रमणकारी	1
17047	लखन	1
17048	ग्यारहवीं	1
17049	तिलांजलि	1
17050	क्रॉफोर्ड	1
17051	नियंत्रकों	1
17052	बेखबर	1
17053	गल्फस्ट्रीम	1
17054	बंध	1
17055	युवतियों	1
17056	गब्र्याल	1
17057	कसी	1
17058	चकाचौंध	1
17059	गूंथ	1
17060	ताजे	1
17061	सुखाने	1
17062	साइकिल्स	1
17063	रोलिंग	1
17064	टॉरगेट	1
17065	देनेवाले	1
17066	साझीदार	1
17067	वितरक	1
17068	पिन	1
17069	सीज	1
17070	राकांपा	1
17071	पढाई	1
17072	पहुँचाता	1
17073	निष्क्रियता	1
17074	जेएमएम	1
17075	पारसी	1
17076	मेहरबाई	1
17077	वंडाला	1
17078	रदों	1
17079	ईंटें	1
17080	स्क्वॉड	1
17081	घूँघट	1
17082	दुमंजिला	1
17083	बरामदे	1
17084	आईने	1
17085	मानिंद	1
17086	हवन	1
17087	कारनेगी	1
17088	बटलर	1
17089	जॉर्जटाउन	1
17090	बीआईडी	1
17091	स्टर्नलीब	1
17092	नन्हे	1
17093	डायमेंशन	1
17094	लेवेंट	1
17095	आलोचकों	1
17096	दाइश	1
17097	वहाबी	1
17098	सलाफी	1
17099	जिहादी	1
17100	चरमपंथी	1
17101	खिलाफ़त	1
17102	अधतन	1
17103	लीबिया	1
17104	नाममात्र	1
17105	क्रेन	1
17106	निकलवाकर	1
17107	सुव्यवस्थित	1
17108	अधीक्षकों	1
17109	हरचंदपुर	1
17110	फरीदपुर	1
17111	तिहलन	1
17112	ऑप्शन्स	1
17113	जनश्रुतियाँ	1
17114	द्रोह	1
17115	डेटोनेट	1
17116	बुनयादी	1
17117	मंत्रोचार	1
17118	दुकानदार	1
17119	बशारत	1
17120	पुनर्वसन	1
17121	रिहैब	1
17122	सुधारी	1
17123	ज्यादती	1
17124	नन्हीं	1
17125	मोहता	1
17126	विविधीकरण	1
17127	मरा	1
17128	सब्जियों	1
17129	पकौड़ा	1
17130	डब्ल्यूजी	1
17131	समरी	1
17132	सघनता	1
17133	अतिरिक्त्त	1
17134	डाईऑक्साइड	1
17135	बढ़े	1
17136	बढ़ेगा	1
17137	वउनका	1
17138	परिमाण	1
17139	परिवर्त्तन	1
17140	वर्धित	1
17141	चढ़त	1
17142	दूल्हे	1
17143	घटेंगी	1
17144	ओवरब्रिज	1
17145	ध्रुवीकरण	1
17146	महानता	1
17147	घिनौना	1
17148	छिछले	1
17149	मुन्नाभाई	1
17150	घई	1
17151	ओहदा	1
17152	गाछुआपाड़ा	1
17153	किलोवॉट	1
17154	कांचीपुरम	1
17155	ज्यूडिशयल	1
17156	छिपाई	1
17157	आंतकवादियों	1
17158	शबाना	1
17159	रेशमा	1
17160	निर्धारकों	1
17161	होरडिंग	1
17162	कुआं	1
17163	रामबाग	1
17164	निर्मि‍त	1
17165	टोपेका	1
17166	सुविचारित	1
17167	वर्णभेद	1
17168	अकादमियां	1
17169	डिएस	1
17170	दुर्गापुर	1
17171	खड़गपुर	1
17172	मैग्नीज	1
17173	सीसा	1
17174	कोबाल्ट	1
17175	मॉलीब्डेनम	1
17176	भुज	1
17177	भुक्तभोगी	1
17178	डुवल	1
17179	सम्मिलन	1
17180	सहस्त्राब्दी	1
17181	लोच	1
17182	चौर	1
17183	समानान्तर	1
17184	इस्तांबुल	1
17185	अवर	1
17186	हरमोहिंदर	1
17187	चड्ढा	1
17188	सीटे	1
17189	छुपे	1
17190	कौलपुर	1
17191	दुस्साहसिक	1
17192	पुलिसबल	1
17193	तवेली	1
17194	सुखदायी	1
17195	अमनदीप	1
17196	गर्ग	1
17197	लुभाती	1
17198	चुबंक	1
17199	दिवाली	1
17200	जार्डन	1
17201	धड़ा	1
17202	उतने	1
17203	स्थितियां	1
17204	नाक	1
17205	इगलास	1
17206	मलखान	1
17207	एडीजीपी	1
17208	जवाहिरी	1
17209	खिलाने	1
17210	निजात	1
17211	दम्पत्ति	1
17212	झेलम	1
17213	कार्ट	1
17214	बायोटेक्नोलॅजी	1
17215	अखाड़ा	1
17216	वेश्यावृत्ति	1
17217	उल्लंघनों	1
17218	एंड्र्यू	1
17219	कागजी	1
17220	सिरोपा	1
17221	बोल्ड	1
17222	गगनदीप	1
17223	कराऊंगा	1
17224	मल्टीपलेक्सेज	1
17225	संरक्षा	1
17226	करछना	1
17227	लिपि	1
17228	भुलाई	1
17229	यूनानियों	1
17230	फोनेशियन	1
17231	गिन्नी	1
17232	आलेख	1
17233	अभिशप्त	1
17234	मुहाजिरों	1
17235	सैदपुर	1
17236	चतुर	1
17237	जताएंगे	1
17238	सतुआ	1
17239	मोनोपली	1
17240	अरेरा	1
17241	वजहों	1
17242	फायनेंशियल	1
17243	कंसलटेंट	1
17244	चुनें	1
17245	सम्मानजनक	1
17246	नॅरवाल	1
17247	केकोटली	1
17248	फलतः	1
17249	नाजुकी	1
17250	समृद्धिपूर्ण	1
17251	सृजनात्मक	1
17252	असामाजिक	1
17253	पछुआ	1
17254	नजम	1
17255	संपादकीय	1
17256	आईटीवी	1
17257	एमएच	1
17258	मेक्सिको	1
17259	डोरा	1
17260	तूफ़ानी	1
17261	सैफिर	1
17262	फ्रांसेस	1
17263	बोनी	1
17264	बवंडर	1
17265	बेरिल	1
17266	हवाएँ	1
17267	विल्हेम	1
17268	शीले	1
17269	उप्पसला	1
17270	विल्टशायर	1
17271	एंटोनी	1
17272	लेवेजियर	1
17273	प्रयोगों	1
17274	संक्षारण	1
17275	फ्लॉजिस्टन	1
17276	मिथ्या	1
17277	ऑक्सिस	1
17278	खट्टे	1
17279	स्वाद	1
17280	ग़लतफ़हमी	1
17281	अम्लों	1
17282	उपयोगों	1
17283	टांकना	1
17284	स्टील्स	1
17285	गोताखोरी	1
17286	शियाओं	1
17287	बर्तनों	1
17288	गुडगाँव	1
17289	फ्लैश	1
17290	अनबिलिवेबल	1
17291	श्रमशक्ति	1
17292	पढ़ाया	1
17293	हराना	1
17294	कारखाना	1
17295	किफायत	1
17296	मसाला	1
17297	सलाहों	1
17298	गोगई	1
17299	पोखरा	1
17300	धर्मस्थलों	1
17301	ढेरों	1
17302	धुएं	1
17303	चिमनी	1
17304	रेस्टोरेंट	1
17305	फिराक़	1
17306	विनीता	1
17307	कैस्टलफ्रांको	1
17308	वेनेटो	1
17309	बीट	1
17310	लय	1
17311	लहराया	1
17312	बरेलवी	1
17313	हफ़्तों	1
17314	आप्रवासियों	1
17315	ज़ेइट	1
17316	थर्ड	1
17317	कालखंड	1
17318	अमृतापुरी	1
17319	अमृतानंदमयी	1
17320	थावरचंद	1
17321	प्यारेलाल	1
17322	बेदखल	1
17323	छेडे	1
17324	पीसीसी	1
17325	वढ़ेरा	1
17326	स्काईलार्क	1
17327	उपन्यासों	1
17328	प्रणेता	1
17329	यमुनापार	1
17330	उपमुख्यमंत्री	1
17331	मंगतराम	1
17332	सिलिकॉन	1
17333	सामान्यता	1
17334	ज्वलनशील	1
17335	फायरबॉक्स	1
17336	भूतापीय	1
17337	ऊष्मीय	1
17338	सिमट	1
17339	अंबूवकी	1
17340	अमीती	1
17341	लॉन्ग	1
17342	ऑक्सनार्ड	1
17343	थाउज़ेंड	1
17344	ओक्स	1
17345	वेंचुरा	1
17346	सेंट्रो	1
17347	कार्ल्सबैड	1
17348	मार्कोस	1
17349	बारबारा	1
17350	ओबिसपो	1
17351	इमोजी	1
17352	जीआईएफ	1
17353	मेमे	1
17354	स्टिकर	1
17355	फीड	1
17356	वेश्यावृति	1
17357	पक्षपातपूर्ण	1
17358	रतनपुरा	1
17359	नयागांव	1
17360	किरायेदार	1
17361	प्रभावितों	1
17362	अटके	1
17363	हूयजेंस	1
17364	फारमूला	1
17365	चाप	1
17366	बीआरडी	1
17367	अपीलीय	1
17368	देहाती	1
17369	कुषाणकालीन	1
17370	ठुकराते	1
17371	इरान	1
17372	प्रकाशवर्ष	1
17373	लग्न	1
17374	गोचर	1
17375	निषेधात्मक	1
17376	एमएफएन	1
17377	वर्द्घन	1
17378	पाएओनियन्स	1
17379	सोलहवीं	1
17380	घुट्टी	1
17381	हार्डवेयर	1
17382	इंतजामों	1
17383	ढालने	1
17384	यूकिहीरो	1
17385	ओशिया	1
17386	माद्यायोकी	1
17387	काटो	1
17388	आईआर	1
17389	ज़िलावार	1
17390	जबानी	1
17391	किंकर्तव्यविमूढ़	1
17392	उगलवा	1
17393	स्पेसक्राफ्ट	1
17394	ढूंढे	1
17395	नटिंघम	1
17396	तल्लीन	1
17397	संस्‍था	1
17398	नियाजी	1
17399	सुंगन	1
17400	काच्छन	1
17401	कोट्टायम	1
17402	तिरलोचन	1
17403	इस्टीमेट	1
17404	रमणीक	1
17405	पहुंचाएगा	1
17406	नॉनवेज	1
17407	लॉरा	1
17408	लजीज	1
17409	कोरमा	1
17410	फिश	1
17411	करी	1
17412	स्त्री	1
17413	आरम्भिक	1
17414	रूपान्तर	1
17415	सांचेज	1
17416	इवोले	1
17417	राष्ट्रों	1
17418	पठार	1
17419	पक्के	1
17420	चट्टानें	1
17421	वोकेशनल	1
17422	सेंटरों	1
17423	बँटवारे	1
17424	चार्लस	1
17425	सहूलियतें	1
17426	चौदहवीं	1
17427	श्रीपेरुमबदूर	1
17428	ननें	1
17429	इबिंजेन	1
17430	मैन्युफैक्चरर्स	1
17431	मार्लबोरो	1
17432	समरसेट	1
17433	संग्राहलय	1
17434	अप्लाइड	1
17435	केंसिंग्टन	1
17436	गॉटफ्रीड	1
17437	सेम्पर	1
17438	ब्रॉम्प्टन	1
17439	जलपान	1
17440	आयकरदाताओं	1
17441	बोई	1
17442	राजपूती	1
17443	करोड़ो	1
17444	तरस	1
17445	दोषपूर्ण	1
17446	आसांगथांग	1
17447	अरोरा	1
17448	बोरेलिस	1
17449	सरका	1
17450	फेज़	1
17451	किडनी	1
17452	इनवेस्ट	1
17453	फेसिलिटी	1
17454	अटकने	1
17455	फर्टीलाईज़र	1
17456	नायुदम्मा	1
17457	अब्दुर	1
17458	लेग	1
17459	कुर्बान	1
17460	अड़े	1
17461	बाल्टिस्तान	1
17462	गिलगिट	1
17463	रामजी	1
17464	रोजमर्रे	1
17465	इमानदारी	1
17466	यथेष्ट	1
17467	प्रार्थनाओं	1
17468	सुइयों	1
17469	आतिश्बाजी	1
17470	परशुराम	1
17471	बिकने	1
17472	निवृत	1
17473	सराबोर	1
17474	सैलाब	1
17475	उमड़ा	1
17476	पनवलकर	1
17477	कार्यक्षम	1
17478	बेदाग	1
17479	थोड़ा	1
17480	रिकास्ट	1
17481	पूर्णांकों	1
17482	कटहल	1
17483	मसालेदार	1
17484	लटपटी	1
17485	खलिलुर	1
17486	विश्वविख्यात	1
17487	बॉरलॉग	1
17488	कूलर	1
17489	बख्श्ते	1
17490	खटास	1
17491	तर्कों	1
17492	गुनियों	1
17493	डायरेक्टरी	1
17494	लाउडाउन	1
17495	अबरक्रॉम्बी	1
17496	कुमुक	1
17497	मॉन्टल्कम	1
17498	चेवेलियर	1
17499	लेविस	1
17500	बोरलामेक	1
17501	गुनुंग	1
17502	सितोली	1
17503	पंहुचने	1
17504	फाली	1
17505	नारीमन	1
17506	जीरो	1
17507	इब्ने	1
17508	कोर्सिकन	1
17509	तोपखाना	1
17510	नेपोलियन	1
17511	बोनापार्ट	1
17512	न्यूक्लियर	1
17513	एनपीसीआईएल	1
17514	क्‍या	1
17515	सुचेतगढ़	1
17516	सियालकोट	1
17517	कहलां	1
17518	सूर्या	1
17519	दमनात्मक	1
17520	मंगलौर	1
17521	पंचनामा	1
17522	बगीचे	1
17523	अविस्‍मरणीय	1
17524	मेगावॉट	1
17525	बीपीसीएल	1
17526	एचपीसीएल	1
17527	आईबीपी	1
17528	जेएनयू	1
17529	मैरी	1
17530	शीतोष्ण	1
17531	गंध	1
17532	कुंडी	1
17533	घुट	1
17534	मोरचों	1
17535	बुचर्ड	1
17536	एक्वेरियम	1
17537	प्रवृत्तियों	1
17538	निर्ममता	1
17539	स्टीफेनी	1
17540	राशिदा	1
17541	दाती	1
17542	सरकोजी	1
17543	बैसाखी	1
17544	डेटोनेटर	1
17545	यूकार्योटिक	1
17546	फगोकयटिक	1
17547	वकोल	1
17548	अंतरतम	1
17549	लिपिड	1
17550	बिलाएर	1
17551	साइनोबैक्टेरियम	1
17552	घेरती	1
17553	फगोसोमल	1
17554	कोशिकामय	1
17555	यूकरयोटिक	1
17556	आत्मसात	1
17557	साइटोप्लास्म	1
17558	संश्लेषित	1
17559	महापर्व	1
17560	पड़वा	1
17561	ऋतु	1
17562	गर्जना	1
17563	छलक	1
17564	होम्यो	1
17565	सस्‍ता	1
17566	किलोवाट	1
17567	मार्क्सवाद	1
17568	मार्गदर्शक	1
17569	रहस्यपूर्ण	1
17570	मानवतावाद	1
17571	नसें	1
17572	कांपते	1
17573	अन्दरूनी	1
17574	फारुख	1
17575	लोलू	1
17576	बांच	1
17577	फूलचंद	1
17578	मुलाना	1
17579	द्वेषपूर्ण	1
17580	तगड़े	1
17581	भिलाई	1
17582	ताज़ा	1
17583	जिप्सियों	1
17584	धन्य	1
17585	अपूर्व	1
17586	नामंज़ूर	1
17587	बासु	1
17588	स्प्रिंगर	1
17589	बढावा	1
17590	रफी	1
17591	सुधारें	1
17592	कोटिकर	1
17593	गवांनी	1
17594	सट्टा	1
17595	बहना	1
17596	टीआरएफआई	1
17597	जमालुद्दीन	1
17598	बेचैन	1
17599	मिक्सलैंड	1
17600	एंटिपस	1
17601	हेरेडियस	1
17602	भतीजी	1
17603	अमलगम	1
17604	लिपट	1
17605	गहनों	1
17606	सम्बोधित	1
17607	तालीम	1
17608	क्लेक्शन	1
17609	चैन	1
17610	कृष्णलीला	1
17611	जाएंगीं	1
17612	अब्राहम	1
17613	शाफ्ट	1
17614	स्थैतिक	1
17615	रोटार्स	1
17616	सरंचना	1
17617	ब्लेडों	1
17618	पुनर्निर्देशित	1
17619	निर्वात	1
17620	चर	1
17621	गियरिंग	1
17622	गियरबॉक्स	1
17623	धुँधला	1
17624	सथनुर	1
17625	साउल	1
17626	पूर्वाभासी	1
17627	बुढ़ानपाना	1
17628	घबराए	1
17629	बनावटी	1
17630	फैलाता	1
17631	बर्कले	1
17632	टेलेंट	1
17633	ऑइडल	1
17634	आख़िरकार	1
17635	ब्लेंडर्स	1
17636	प्राइड	1
17637	सूर्यकांत	1
17638	नंदगोपाल	1
17639	दांतन	1
17640	तैराक	1
17641	याचना	1
17642	एक्सेस	1
17643	रिसाल	1
17644	आयवर्गवालों	1
17645	अप्रिय	1
17646	प्रवर्धन	1
17647	स्थलीय	1
17648	मीट्रिक	1
17649	अमज़ोनियन	1
17650	सदाबहार	1
17651	फिगारो	1
17652	जायेंगी	1
17653	विश्लेषकों	1
17654	सैमसंग	1
17655	हुआवेई	1
17656	दगाबाजी	1
17657	निकृष्टतम	1
17658	कामकाजी	1
17659	नाबार्ड	1
17660	लखीराम	1
17661	रेंजर्स	1
17662	सुमेधी	1
17663	कंप्यूटरिंग	1
17664	क्लस्टरिंग	1
17665	बीएड	1
17666	निकालनी	1
17667	कंट्री	1
17668	मीगर	1
17669	रामबचन	1
17670	रोहतास	1
17671	नोएडावासियों	1
17672	सज्जाद	1
17673	नफील्ड	1
17674	फिल	1
17675	आशुतोष	1
17676	गौरीकर	1
17677	खलिहान	1
17678	बिकना	1
17679	ढाला	1
17680	नार्ड	1
17681	सौभाग्‍य	1
17682	अज़हर	1
17683	लाइन्स	1
17684	चलमेश्वर	1
17685	भानू	1
17686	एमकेआई	1
17687	छोड़ेगी	1
17688	प्रॉपटी	1
17689	सर्राफा	1
17690	बहुमूल्य	1
17691	जैकेट	1
17692	रैलिंग	1
17693	बॉक्सिंग	1
17694	एथेलिटिक्स	1
17695	स्टीप्लचेज	1
17696	कामनवेल्थ	1
17697	केन्याई	1
17698	एथलीट्स	1
17699	क्लेन्जिन	1
17700	दौड़ों	1
17701	सर्वोच्चता	1
17702	सुपरिचित	1
17703	धावकों	1
17704	विश्वविजेता	1
17705	नदेरेबा	1
17706	रुदिशा	1
17707	कवास	1
17708	पेनिस्टन	1
17709	विज़	1
17710	ग्लिंडा	1
17711	विच	1
17712	जोरा	1
17713	गजब	1
17714	पिछड़ने	1
17715	क्षत्राणियाँ	1
17716	बाँधकर	1
17717	निर्धनतम	1
17718	पद्धतिओं	1
17719	शेनझेन	1
17720	साहिबानों	1
17721	जत्थेबंदियों	1
17722	कमेटियों	1
17723	सोसायटियों	1
17724	ग्रंथी	1
17725	रागी	1
17726	जत्थों	1
17727	रमने	1
17728	मनुष्‍य	1
17729	भटकते	1
17730	यंगस्टर्स	1
17731	बेसीलिका	1
17732	प्रधानंमत्री	1
17733	किल्टर	1
17734	अशीष	1
17735	तजुर्बे	1
17736	उगलने	1
17737	घसीटना	1
17738	रैलियों	1
17739	उमड़ने	1
17740	दुधवा	1
17741	कटरनीघाट	1
17742	छिपकर	1
17743	दस्तावेज़	1
17744	करूंगी	1
17745	वातानुकूलित	1
17746	आवेदक	1
17747	नक्षत्र	1
17748	मंजिलें	1
17749	कंधा	1
17750	थपथपा	1
17751	हैंडल	1
17752	केसों	1
17753	लेंटाज	1
17754	श्रद्धापूर्वक	1
17755	एमओआईए	1
17756	फ्रीक्वेंसी	1
17757	सौंपेगा	1
17758	पीडीएस	1
17759	अंर्तगत	1
17760	कलानौर	1
17761	तोशाम	1
17762	भूविज्ञानी	1
17763	उतारेंगी	1
17764	स्कॅब	1
17765	कीस्ट्रोक	1
17766	लॅगर	1
17767	टोफर	1
17768	वेबर	1
17769	प्रोग्रामों	1
17770	ऑपरेटरों	1
17771	होश्यार	1
17772	रूपमती	1
17773	जनसंहार	1
17774	जेआरडी	1
17775	इकोनॅमिक्स	1
17776	पेटेन	1
17777	युआक्जाक्शन	1
17778	पालने	1
17779	कूदी	1
17780	समाधानों	1
17781	वास्तविकताओं	1
17782	उद्यमशीलता	1
17783	नवाचार	1
17784	वांछनीय	1
17785	जुडूम	1
17786	जागरण	1
17787	फार्मूलों	1
17788	स्वशासी	1
17789	रोपकर	1
17790	रोलओवर	1
17791	कोश	1
17792	क्रिविक	1
17793	महारथी	1
17794	माईक	1
17795	रूटर	1
17796	बेरीकेडिंग	1
17797	जंजाल	1
17798	दानी	1
17799	सत्यवान	1
17800	किताबो	1
17801	वेदो	1
17802	स्वंयसेवक	1
17803	लोलैंड	1
17804	जलालुद्दीन	1
17805	मजूबरी	1
17806	परती	1
17807	प्रियदर्शिनी	1
17808	वृक्ष	1
17809	बारीक	1
17810	बाकुल	1
17811	आप्टे	1
17812	ट्युनिप	1
17813	अमुरु	1
17814	थटमोज	1
17815	कामिकोटि	1
17816	आइजैक	1
17817	आकाशीय	1
17818	सार्वभौमिक	1
17819	फैराडे	1
17820	मैक्सवेल	1
17821	तर्कयुक्त	1
17822	क्वांटम	1
17823	प्रस्फुटन	1
17824	हिग्ग्स	1
17825	बोसॉन	1
17826	आभासी	1
17827	अवस्थिति	1
17828	अप्रमाणित	1
17829	हिग्स	1
17830	न्यूट्रिनो	1
17831	दोलन	1
17832	निगरानियों	1
17833	अनसुलझी	1
17834	सुपरसिमेट्री	1
17835	सबेर	1
17836	जयसवाल	1
17837	भंडारे	1
17838	प्रतिपालक	1
17839	श्रीकांत	1
17840	चंदोला	1
17841	खुलते	1
17842	कुबैशी	1
17843	बढ़ेंगे	1
17844	हार्टकोर्ट	1
17845	कैंपबेल	1
17846	श्रवण	1
17847	रामनरेश	1
17848	आविष्कार	1
17849	जुगाड़	1
17850	माँगे	1
17851	कल्याणी	1
17852	चेज	1
17853	इन्फोर्समेंट	1
17854	ओसीडीईटीएफ	1
17855	फ्लॉक	1
17856	कोटिंग	1
17857	वीएस	1
17858	साइकल	1
17859	बिल्ली	1
17860	पाजामा	1
17861	यूपीआई	1
17862	एफआईए	1
17863	हिंदूवादियों	1
17864	रामपाल	1
17865	नूरन	1
17866	छतेहरा	1
17867	मक़बरा	1
17868	क़िला	1
17869	बिज्र	1
17870	बेटिकट	1
17871	पंडाल	1
17872	युद्धभूमि	1
17873	वीरगति	1
17874	सवर्णों	1
17875	पहुँचाएगा	1
17876	ब्राह्मण	1
17877	गजेट	1
17878	संबधी	1
17879	कामदार	1
17880	बशरत	1
17881	मुदगल	1
17882	मेट	1
17883	इंटरफेस	1
17884	एपल	1
17885	सिरि	1
17886	मेंटीनेंस	1
17887	बतायी	1
17888	विवशता	1
17889	महाबलेश्वर	1
17890	मंगाकर	1
17891	माउंटव्यू	1
17892	ठहरी	1
17893	बहुचर्चित	1
17894	क्विक	1
17895	टेक्टॉनिक	1
17896	चोटियां	1
17897	किलिमंजारो	1
17898	परिषदें	1
17899	गाउदी	1
17900	हँसमुख	1
17901	आगवानी	1
17902	शीघ्रतम	1
17903	भीड़	1
17904	विटेनबर्ग	1
17905	गलाटियन्स	1
17906	धर्मगीतों	1
17907	नोबॉलिटी	1
17908	बेबीलोनियन	1
17909	कैप्टिविटी	1
17910	फ्रीडम	1
17911	एरोनॉटिक्स	1
17912	करूँगी	1
17913	आदिलाबाद	1
17914	खम्माम	1
17915	वारंगल	1
17916	नालगोंडा	1
17917	अनंतपुर	1
17918	कड्डपा	1
17919	गैरपारंपरिक	1
17920	मिलेगीं	1
17921	मद्देजनर	1
17922	दारानगर	1
17923	गंज	1
17924	ओमवेश	1
17925	उजड़े	1
17926	लखेड़ा	1
17927	दलीय	1
17928	यूएई	1
17929	गैलर	1
17930	ज़ीरा	1
17931	शिक्षुता	1
17932	उर्वरता	1
17933	पुनर्वितरण	1
17934	प्रवत्ति	1
17935	एएसए	1
17936	हौलनाक	1
17937	अवमाननाजनक	1
17938	अपशब्द	1
17939	कैथरिन	1
17940	गौण	1
17941	मनवाते	1
17942	पैरोकारी	1
17943	क़दर	1
17944	मथ	1
17945	वायलार	1
17946	कहलाएँगे	1
17947	टूटे	1
17948	हान	1
17949	जर्केंस	1
17950	शब्दावली	1
17951	खेतान	1
17952	जर्केन	1
17953	लियू	1
17954	बिंगज़ॉन्ग	1
17955	याओ	1
17956	आलोचनात्मक	1
17957	झोंगशू	1
17958	प्रिविंस	1
17959	अधिव्यापन	1
17960	शांगशू	1
17961	कुल्लुग	1
17962	वुज़ोंग	1
17963	पुनर्जीवन	1
17964	कथात्मक	1
17965	मोफ़ात	1
17966	टायलर	1
17967	पाइपर	1
17968	मार्था	1
17969	फ्रीमा	1
17970	अग्येमैन	1
17971	मिक्की	1
17972	नोएल	1
17973	हरकनेस	1
17974	बैरोमैन	1
17975	द्वितीयक	1
17976	एलेवेंथ	1
17977	पॉन्ड	1
17978	करेन	1
17979	गिलन	1
17980	रोरी	1
17981	डारविल	1
17982	एलेक्स	1
17983	किंग्स्टन	1
17984	क्लारा	1
17985	वेस्वाल्ड	1
17986	जेना	1
17987	बेमेल	1
17988	मुलाक़ातों	1
17989	घुमाव	1
17990	मैककी	1
17991	भूमंडलीय	1
17992	जेसीओ	1
17993	रोमानोव	1
17994	आदर्शीकृत	1
17995	अंधा	1
17996	सीएसई	1
17997	फासीवाद	1
17998	हेग	1
17999	जेनेवा	1
18000	ताकायोशी	1
18001	तसुदेना	1
18002	वृंदावन	1
18003	रासाचार्य	1
18004	आईएमएफ	1
18005	अर्थशास्त्रियों	1
18006	जुड़ा	1
18007	सोवियत	1
18008	विघटन	1
18009	वृक्षों	1
18010	मंत्रोचारण	1
18011	सैक्रोकोसाइजील	1
18012	टेराटोमा	1
18013	टेलबोन	1
18014	इंद्रा	1
18015	व्यग्र	1
18016	बालाघाट	1
18017	कणप्पन	1
18018	डीपीआई	1
18019	सेल्वम	1
18020	गावो	1
18021	पर्वतारोहियों	1
18022	बिखेरे	1
18023	बदलनी	1
18024	सराटोगा	1
18025	पहरेदारी	1
18026	अनुकरणीय	1
18027	गुंटर	1
18028	ब्रुइन	1
18029	इंजिनों	1
18030	साफगोई	1
18031	स्योराई	1
18032	जमनिया	1
18033	ढीना	1
18034	डेक्का	1
18035	रेकॉर्ड्स	1
18036	हंग्री	1
18037	कंटेंट	1
18038	मेमरी	1
18039	ओरिएंटेड	1
18040	एप्लिकेशन	1
18041	बाइट	1
18042	नोड	1
18043	कूपन	1
18044	घिसा	1
18045	पिटा	1
18046	होपले	1
18047	चौदह	1
18048	मांगनी	1
18049	पैनी	1
18050	आपा	1
18051	मोटरसाइकिलें	1
18052	एसोसिएटेड	1
18053	झगड़ा	1
18054	साफिन	1
18055	ग्रैंडस्लैम	1
18056	बेबाकी	1
18057	मेम	1
18058	हुक्म	1
18059	बजाने	1
18060	शोषितों	1
18061	करवाकर	1
18062	लगाइये	1
18063	आदमियों	1
18064	सुहानी	1
18065	कॉफी	1
18066	लोफ	1
18067	आविष्कारक	1
18068	पोर्टर	1
18069	छापता	1
18070	अश्वशक्ति	1
18071	मैकेनिक्स	1
18072	अनुभाग	1
18073	बारगढ़	1
18074	छत्तीस	1
18075	एनालिसिस	1
18076	तहरीके	1
18077	इंकलाबी	1
18078	अंतः	1
18079	मंत्रीय	1
18080	ओमेन	1
18081	शेकी	1
18082	ग्राउण्ड	1
18083	जालौन	1
18084	कसता	1
18085	दिपेंद्र	1
18086	बंगश	1
18087	गोविंदघाट	1
18088	चेकिंग	1
18089	मनाकर	1
18090	बीहड़	1
18091	लोहा	1
18092	यथाशीघ्र	1
18093	पावती	1
18094	मेहताब	1
18095	लड़खड़ा	1
18096	जूरिस्ट	1
18097	आईसीजे	1
18098	नज़रिया	1
18099	निढाल	1
18100	सिंहद्वार	1
18101	ब्रांडॅन	1
18102	बीएसएस	1
18103	मेनका	1
18104	पंचायतें	1
18105	दिखाती	1
18106	करुणाकरण	1
18107	रिबन	1
18108	प्लुवियज	1
18109	संदिग्धों	1
18110	एडीएफबी	1
18111	इटावा	1
18112	पापों	1
18113	पढ़ाएंगे	1
18114	जिग्मे	1
18115	सिंगे	1
18116	वांगचुक	1
18117	रोपाई	1
18118	जुआल	1
18119	ओरम	1
18120	लिफाफों	1
18121	स्टेट्स	1
18122	सुगर	1
18123	इबरार	1
18124	रोबो	1
18125	ओवरहॉल	1
18126	उधम	1
18127	सुखबीर	1
18128	यूनाईटेड	1
18129	कानसेंसस	1
18130	खिलाई	1
18131	वहीदा	1
18132	तमन्‍ना	1
18133	फिल्‍माया	1
18134	खरीददारों	1
18135	क्रेसिडा	1
18136	मज़्दा	1
18137	कंडीशनिंग	1
18138	स्टीयरिंग	1
18139	एएम	1
18140	एफएम	1
18141	लॉकिंग	1
18142	संयत्र	1
18143	लक्जरी	1
18144	एक्यूरा	1
18145	लेक्सस	1
18146	इनफिनिटी	1
18147	नेचर	1
18148	द्विसदस्यीय	1
18149	स्ट्रेचर	1
18150	घुटते	1
18151	मालवन	1
18152	एकांतप्रिय	1
18153	असहयोगी	1
18154	कोठरी	1
18155	अनिच्छुक	1
18156	ऱहता	1
18157	क्लीनिकों	1
18158	जाखड़	1
18159	न्यापालिका	1
18160	सीमारेखा	1
18161	डेव	1
18162	एस्ते	1
18163	रासा	1
18164	विकासात्मक	1
18165	मदीना	1
18166	उछालने	1
18167	धर्मगुरू	1
18168	राष्ट्रपुरुष	1
18169	कारसेवकों	1
18170	तियेनत्सिन	1
18171	पीकिंग	1
18172	निष्कंटक	1
18173	हंसी	1
18174	ठिठोली	1
18175	वाररूम	1
18176	वेइस	1
18177	कोलोन	1
18178	ब्रेमेन	1
18179	फार	1
18180	इस्टर्न	1
18181	संग्रहों	1
18182	पूर्णकाय	1
18183	क्लासिक	1
18184	क्लोइज़न	1
18185	एनामेल	1
18186	कलर	1
18187	ज़ूंडे	1
18188	पहुँचना	1
18189	अलप्पुझा	1
18190	मुत्तुकुलम	1
18191	कायमकुलम	1
18192	प्रतिकृति	1
18193	गुणांक	1
18194	स्वतः	1
18195	धारवाड़	1
18196	ग्रिसोम	1
18197	शैफ़ी	1
18198	प्रेरक	1
18199	एल्टीट्यूड	1
18200	काउंटडाउन	1
18201	सिमुलेटिड	1
18202	सिमुलेशन	1
18203	एकसाथ	1
18204	नागापट्टनम	1
18205	चक्की	1
18206	गुलमर्ग	1
18207	स्कींग	1
18208	रिजार्ट	1
18209	बिछ	1
18210	जीलानी	1
18211	शोमैनशिप	1
18212	आद्यप्ररूपीय	1
18213	सफ़लता	1
18214	गुजारा	1
18215	अस्पष्टता	1
18216	वेट	1
18217	मेजर्स	1
18218	कसया	1
18219	अप्रभावी	1
18220	खण्डन	1
18221	इच्छाओं	1
18222	फेंकने	1
18223	रिवाजों	1
18224	ताने	1
18225	बाने	1
18226	फेरेन	1
18227	डेक	1
18228	हंगेरियन	1
18229	ज़िन	1
18230	हार्वे	1
18231	सुथरा	1
18232	जलता	1
18233	समीति	1
18234	प्रशंसाओं	1
18235	हॉस्पिटल्स	1
18236	संगीन	1
18237	नांगल	1
18238	कलां	1
18239	मुंहतोड़	1
18240	ओरलैंडोंवासियों	1
18241	वन्डर	1
18242	निमाड़	1
18243	बेलिंघम	1
18244	अल्जीयर्स	1
18245	कॉन्स्टेंटिनोपल	1
18246	मोनालिसा	1
18247	पेंटिग	1
18248	विक्ट्री	1
18249	सेमोथरेस	1
18250	पिरामिड	1
18251	वीनस	1
18252	स्टेच्यू	1
18253	विश्वप्रसिद्ध	1
18254	कलाकृतियों	1
18255	सबरीना	1
18256	प्लेब्वाय	1
18257	हम्फ्रे	1
18258	बोगार्ट	1
18259	ऑड्रे	1
18260	हेपबर्न	1
18261	मेडीसिन	1
18262	स्कूल्स	1
18263	भाड़	1
18264	एंकात	1
18265	राजशेखरन	1
18266	पूर्वा	1
18267	कन्फेडरेशन	1
18268	आर्द्रता	1
18269	व्याख्याएं	1
18270	गुणधर्म	1
18271	सत्यापित	1
18272	किन्तु	1
18273	बहुगुणक	1
18274	एल्गोरिदम	1
18275	राबिन	1
18276	थोड़ी	1
18277	बहुपदीय	1
18278	धीमा	1
18279	विधियां	1
18280	मेर्सेन	1
18281	अद्यतन	1
18282	वलयों	1
18283	रिंग्स	1
18284	विशालकाय	1
18285	एडीशनल	1
18286	अटे	1
18287	घरौंदा	1
18288	मगरमच्छों	1
18289	लगवाती	1
18290	पांडा	1
18291	ज्वलंत	1
18292	राजनीतिज्ञों	1
18293	राज्यलक्ष्मी	1
18294	निवारण	1
18295	आईएनजी	1
18296	वैश्य	1
18297	मारेंगो	1
18298	दुर्गंध	1
18299	दास्तां	1
18300	सच्ची	1
18301	अंगारकाटा	1
18302	समयावधि	1
18303	दरिया	1
18304	मजार	1
18305	मघत	1
18306	पंचकूला	1
18307	एंक्लोजर	1
18308	क्वालालांपुर	1
18309	खिंचवाई	1
18310	सुंदरियों	1
18311	प्रमाणपत्रों	1
18312	एचसीआई	1
18313	महानियंत्रक	1
18314	हटी	1
18315	फंजाबम	1
18316	जैक्स	1
18317	थोड़े	1
18318	तत्पश्चात	1
18319	फेलर	1
18320	स्विस	1
18321	कॉविन	1
18322	वाल्डेंसियन	1
18323	लुबेरोन	1
18324	फरेल	1
18325	सुधारवादियों	1
18326	फ़लस्वरूप	1
18327	ओलिवटन	1
18328	कन्फेशन	1
18329	कैल्विनिस्टिक	1
18330	अल्पकाल	1
18331	पतंग	1
18332	डोमिनिकन	1
18333	हेनरिख	1
18334	साल्जबर्ग	1
18335	सवेर	1
18336	निबटना	1
18337	आयोडीन	1
18338	फ्रीमैन	1
18339	मुड़	1
18340	षड्यंत्रकारी	1
18341	रामदिया	1
18342	गुजां	1
18343	देविंदर	1
18344	फ्रेंड्स	1
18345	जेएमसी	1
18346	डिपॉजिट	1
18347	छापामारी	1
18348	टकराते	1
18349	पाएंगीं	1
18350	पेटियां	1
18351	कष्टदायी	1
18352	साहा	1
18353	ह़लफ़नामा	1
18354	लाइटों	1
18355	महू	1
18356	भगाए	1
18357	सकरा	1
18358	खिलाया	1
18359	सिखाया	1
18360	वायुसैनिक	1
18361	मढ़ने	1
18362	टैक्नोक्रेट	1
18363	दिलाएंगे	1
18364	साम्राज्यवादी	1
18365	आंत	1
18366	गंवाना	1
18367	डिमिंग	1
18368	धुंधलापन	1
18369	लेजिस्लेचर	1
18370	एक्स्प्लोर	1
18371	आर्बर	1
18372	डेट्रॉइट	1
18373	लांसिंग	1
18374	अलावां	1
18375	जॉब	1
18376	सबमिशन	1
18377	टाइमनेट	1
18378	टेलनेट	1
18379	ईथरनेट	1
18380	अटैच्ड	1
18381	टीसीपी	1
18382	जनसांख्यिकी	1
18383	प्रोफाइल	1
18384	टोमैटो	1
18385	कैचप	1
18386	कुएरन	1
18387	ग्रेविटी	1
18388	प्रमोट	1
18389	विजिट	1
18390	करवाती	1
18391	रामटहल	1
18392	स्क्वायड	1
18393	एक्सपर्ट	1
18394	उंगलियों	1
18395	सड़कविहीन	1
18396	वासुदेव	1
18397	गोताखोर	1
18398	बिछाए	1
18399	चिथड़े	1
18400	राही	1
18401	मक़बरे	1
18402	ज़फर	1
18403	उमाकांत	1
18404	बेताब	1
18405	एसवाईएल	1
18406	लीन	1
18407	बढ़ाएगा	1
18408	दिखेगा	1
18409	सिक्खी	1
18410	निभानी	1
18411	हराम	1
18412	पाबंदियों	1
18413	पीएपी	1
18414	तिरुपति	1
18415	उत्सवों	1
18416	लौटता	1
18417	हरनामदास	1
18418	बालाकृष्ण	1
18419	ब्लैकविल	1
18420	नेदुमबास्सेरी	1
18421	बीएचपी	1
18422	बिलिटन	1
18423	यूनिटों	1
18424	डिबेंचर	1
18425	असमिया	1
18426	अतानू	1
18427	भुयन	1
18428	काफ़िले	1
18429	सुरक्षागार्डों	1
18430	मुंढल	1
18431	पलटकर	1
18432	इलेक्ट्रॉनिक्स	1
18433	जूट	1
18434	मैटल	1
18435	कठघरे	1
18436	उजबेक	1
18437	दुबके	1
18438	नाइंसाफी	1
18439	क्विटो	1
18440	ग्रेजुएशन	1
18441	दुश्वारियों	1
18442	ओहियो	1
18443	चमकना	1
18444	फ़िजां	1
18445	प्रोबेट	1
18446	शॉलवाले	1
18447	बेटियों	1
18448	क्लिन	1
18449	एहतियातन	1
18450	कुसुम	1
18451	लाभांवितों	1
18452	लविंग	1
18453	शादीशुदा	1
18454	मिल्ड्रेड	1
18455	ओड़ीपुर	1
18456	नागौर	1
18457	वनवास	1
18458	मैया	1
18459	उठायी	1
18460	ज़रूरतों	1
18461	पंचसितारा	1
18462	नूडल्स	1
18463	परोसा	1
18464	तसल्ली	1
18465	रोपड़	1
18466	युवतियाँ	1
18467	शुक्रताल	1
18468	मसविदे	1
18469	बदलें	1
18470	मुकर्रर	1
18471	गुआंगझोऊ	1
18472	ढ़ंग	1
18473	मानवाधिकारवादी	1
18474	निस्तारण	1
18475	विमलेंद्र	1
18476	खालिक	1
18477	अल्लामा	1
18478	असगर	1
18479	एलेक्ट्रॉनिक	1
18480	डिटेक्टिव	1
18481	डरा	1
18482	चुपके	1
18483	हाइटैक	1
18484	आनंदमयी	1
18485	दीप्ति	1
18486	नीना	1
18487	लीप	1
18488	नेक्टार	1
18489	कार्डधारकों	1
18490	गृहमंत्रालय	1
18491	गुने	1
18492	मिलें	1
18493	हिंदुजा	1
18494	श्रीचंद	1
18495	गोपीचंद	1
18496	सातवां	1
18497	लवीस	1
18498	परस्त	1
18499	पाश्विकता	1
18500	दस्तख्त	1
18501	कोरियोग्रॉफी	1
18502	सफॉग	1
18503	बैले	1
18504	निगल	1
18505	फिस्स	1
18506	सैय्यद	1
18507	महा	1
18508	जनतंत्र	1
18509	गवाया	1
18510	पटरियाँ	1
18511	उच्चपदस्थ	1
18512	सलेर्नो	1
18513	चुनौतीपूर्ण	1
18514	समी	1
18515	कंफेडरेशन	1
18516	कांगड़ा	1
18517	गुलेर	1
18518	फील्डमैन	1
18519	विधाओं	1
18520	उबैद	1
18521	गुरसेवक	1
18522	वालिया	1
18523	विजेयता	1
18524	विधेयकों	1
18525	एनएचआरएम	1
18526	बचेगी	1
18527	न्यूईयर	1
18528	ईव	1
18529	कासमी	1
18530	फायदों	1
18531	प्लेस्टोम	1
18532	लीवेरवर्ट	1
18533	तबसे	1
18534	ग्लूकोफीटस	1
18535	क्षमतायुक्त	1
18536	पूर्वाग्रह	1
18537	ग़ैरक़ानूनी	1
18538	सुलझता	1
18539	घेरता	1
18540	बिक्रीकर	1
18541	संवर्धित	1
18542	बीएससी	1
18543	कस	1
18544	फ्राइड	1
18545	चिकेन	1
18546	अतृप्त	1
18547	केएफसी	1
18548	पैरेंट	1
18549	यम	1
18550	लाभदायी	1
18551	रिफॉर्मेशन	1
18552	उतपन्न	1
18553	जोहन्न	1
18554	इश्च	1
18555	हेनरिच	1
18556	वोए	1
18557	चढ़ाए	1
18558	हआ	1
18559	मेसेंजर	1
18560	इंस्टॉन	1
18561	टिडमैन	1
18562	समरकंद	1
18563	उर्जेनच	1
18564	कीव	1
18565	आक्रमणों	1
18566	हत्याएँ	1
18567	खुज़ेस्तान	1
18568	गज़ान	1
18569	लेवंत	1
18570	फिलिस्तीन	1
18571	गाजा	1
18572	हराकर	1
18573	हमदानी	1
18574	मर्व	1
18575	निशापुर	1
18576	बाटू	1
18577	कीवन	1
18578	नोवगरोद	1
18579	प्सकोव	1
18580	विलोपित	1
18581	रोड्स	1
18582	जबाव	1
18583	जज्बात	1
18584	सोनप्रयाग	1
18585	चिलान	1
18586	महाजनपदों	1
18587	भस्‍म	1
18588	संवेदनशीलता	1
18589	खिड़की	1
18590	छज्जे	1
18591	प्राइवेसी	1
18592	सुलझे	1
18593	सुन्दरता	1
18594	पिरान	1
18595	कलियर	1
18596	सज्जादानशीं	1
18597	मंसूर	1
18598	साबरी	1
18599	आपटे	1
18600	कोझिकोडे	1
18601	सिद्धौर	1
18602	मगन	1
18603	धर्मी	1
18604	सद्भाव	1
18605	हुडको	1
18606	मधुप	1
18607	संग	1
18608	मचाएं	1
18609	मंचों	1
18610	वैलेस	1
18611	हेमकुंड	1
18612	धामों	1
18613	ऊँट	1
18614	सवारी	1
18615	जनप्रतिनिधि	1
18616	बिरादरी	1
18617	जोड़ता	1
18618	सिएरा	1
18619	क्लोविस	1
18620	हंटिंगटन	1
18621	आइजनहावर	1
18622	एटस्कैडेरो	1
18623	मेंडोटा	1
18624	रीडले	1
18625	जानेवाले	1
18626	नरमपंथ	1
18627	वर्किंग	1
18628	अमीरात	1
18629	धाबी	1
18630	त्वचा	1
18631	डुबोया	1
18632	एडीलेड	1
18633	चलाईं	1
18634	पेसिफिक	1
18635	फालोन	1
18636	छपीं	1
18637	हिदायतें	1
18638	रम	1
18639	तात्कालिक	1
18640	कंटीली	1
18641	पीसीओ	1
18642	कॉलों	1
18643	लोलाब	1
18644	इकोलॉजी	1
18645	सेक्रेट्री	1
18646	सिमरनजीत	1
18647	बेंगलोर	1
18648	कौशिक	1
18649	धर्मोपदेश	1
18650	मनी	1
18651	मंडली	1
18652	वफादार	1
18653	कम्युनियन	1
18654	अकिण्वित	1
18655	शराबियों	1
18656	उपवास	1
18657	शवयात्रा	1
18658	साधकों	1
18659	विह्लल	1
18660	छगन	1
18661	भुजबल	1
18662	विस्थापन	1
18663	ओमनीकेयर	1
18664	किन्ड्रेड	1
18665	फ़ार्मेरिका	1
18666	फार्मेसियां	1
18667	बिम्सटेक	1
18668	खालिदा	1
18669	किबाक़ी	1
18670	पीएनयू	1
18671	ओडीएम	1
18672	सकूं	1
18673	जक्खड़	1
18674	जबावी	1
18675	स्वयंनिर्मित	1
18676	सीखा	1
18677	काँस्टेबल	1
18678	हमजा	1
18679	दिलावर	1
18680	व्यस्तता	1
18681	भूलकर	1
18682	टेमीफ्लू	1
18683	अंडरसी	1
18684	वैविध्य	1
18685	आख्यान	1
18686	फाल्कन	1
18687	शत्तार	1
18688	राबर्ट	1
18689	धर्मग्रंथ	1
18690	कस्टोडियन	1
18691	चुकीं	1
18692	जेठानी	1
18693	नसबंदियां	1
18694	चैत्यगिरी	1
18695	डमी	1
18696	अभागी	1
18697	अबला	1
18698	धरी	1
18699	कुबूल	1
18700	ब्रेक्सिट	1
18701	नयन	1
18702	मैककॅर्मेक	1
18703	अपवंचकों	1
18704	जठार	1
18705	क्षीर्ण	1
18706	सलाहाबाद	1
18707	हेलीकॉप्टर्स	1
18708	यूरोकॉप्टर	1
18709	अमोनियम	1
18710	कोर्सों	1
18711	सुनिश्चिचत	1
18712	इंटरमीडियट	1
18713	आईआरबीएम	1
18714	बूस्ट	1
18715	व्हैक्ल	1
18716	पीबीवी	1
18717	पोलैंट	1
18718	परामर्शदाता	1
18719	टोपोग्राफिक	1
18720	विशेषताएं	1
18721	टिएर्नी	1
18722	चप्‍पलों	1
18723	सैंडल	1
18724	स्‍पोर्टस	1
18725	गुटो	1
18726	एटीएफ	1
18727	गर्भनिरोध	1
18728	यातनाओं	1
18729	शर्मसार	1
18730	तत्पर	1
18731	सफारी	1
18732	पुनर्मतदान	1
18733	निहितार्थ	1
18734	दबाते	1
18735	घबराहट	1
18736	सहेंगे	1
18737	रेंजर	1
18738	फारेस्ट	1
18739	वर्कर	1
18740	साहबों	1
18741	सिहाग	1
18742	बोगियां	1
18743	वोग्ट	1
18744	बुरमिस्रज	1
18745	डिवीज़न	1
18746	काउंटियों	1
18747	पॉविएट्सके	1
18748	पात्रता	1
18749	ल्यूबेल्स्की	1
18750	ग्दान्स्क	1
18751	पॉज़्नो	1
18752	उर्सिनोव	1
18753	उर्सिनव	1
18754	क्राको	1
18755	अजहर	1
18756	सास्केल	1
18757	असीमित	1
18758	लिंडसे	1
18759	गे	1
18760	सीता	1
18761	गर्भावस्था	1
18762	परित्याग	1
18763	थिरकते	1
18764	पवित्रता	1
18765	निस्वार्थ	1
18766	कुचले	1
18767	कुप्रथा	1
18768	निफ्टी	1
18769	एलेज़ाबेथ	1
18770	बीबीडी	1
18771	इस्तीफ़े	1
18772	कतारें	1
18773	सुरक्षाबल	1
18774	लालकिले	1
18775	नज़ाकत	1
18776	ग्रेंड	1
18777	सम्मानपूर्ण	1
18778	अभयमित्र	1
18779	कलयुग	1
18780	शकुनी	1
18781	धीरू	1
18782	चमचे	1
18783	चेला	1
18784	चाटुकारों	1
18785	बचके	1
18786	रहो	1
18787	तड़पती	1
18788	परिसंघ	1
18789	क्रैट्शेमर	1
18790	जीर्ण	1
18791	शीर्ण	1
18792	टटोलता	1
18793	मजूदर	1
18794	लखपत	1
18795	नाइटली	1
18796	कीरा	1
18797	किएरा	1
18798	डरने	1
18799	किर्लोस्कर	1
18800	मौज	1
18801	उकलाना	1
18802	बिशनोई	1
18803	लुहार	1
18804	बरतना	1
18805	हदों	1
18806	अनुभूति	1
18807	षाले	1
18808	शिशु	1
18809	ग्लूकोकार्टोइकोड्स	1
18810	अवांछनीय	1
18811	दुष्प्रभाव	1
18812	मोटापा	1
18813	हाइपरग्लाइसेमिया	1
18814	ऑस्टियोपोरोसिस	1
18815	मज़बूती	1
18816	खुराक	1
18817	मेथोट्रेक्सेट	1
18818	एज़ैथोप्रिन	1
18819	मारना	1
18820	अव्यवस्थित	1
18821	दुष्प्रभावों	1
18822	सीक्लोस्पोरिन	1
18823	बीदर	1
18824	टेनरी	1
18825	खेदजनक	1
18826	प्रगाढ़ता	1
18827	बेपरवाह	1
18828	उपयोगकर्ताओं	1
18829	पुर्जे	1
18830	ब्रैंडेनबर्ग	1
18831	निर्वाचक	1
18832	वंशबेल	1
18833	पर्सिया	1
18834	सैन्याधिकारी	1
18835	एथनिक	1
18836	फोंटेन	1
18837	टैनबर्ग	1
18838	हरमन	1
18839	फाइटर	1
18840	गैलैंड	1
18841	जोकिम	1
18842	अरनॉल्ड	1
18843	पेरीयर	1
18844	रिपब्लिक	1
18845	माइज़ियर	1
18846	मेज़ियर	1
18847	कैलीफोर्निया	1
18848	नैतिकताओं	1
18849	हवस	1
18850	झूल	1
18851	मंत्रीस्तरीय	1
18852	सूचनाएँ	1
18853	हुनर	1
18854	कन्याओं	1
18855	बुना	1
18856	धृत	1
18857	लपेटा	1
18858	भोगने	1
18859	करतूतों	1
18860	अमरजीत	1
18861	पेलिया	1
18862	राजिंदर	1
18863	छतवाल	1
18864	कुलवंत	1
18865	मलकीयत	1
18866	सेखों	1
18867	पंधेर	1
18868	कुमारतुंगा	1
18869	कोलकातावासी	1
18870	तिगुना	1
18871	चेन्नमा	1
18872	अनिच्छा	1
18873	जियोग्राफिकल	1
18874	रेटज़ेल	1
18875	हैलफोर्ड	1
18876	भूगोलवेत्ताओं	1
18877	रत्ज़ेल	1
18878	चंदोरो	1
18879	गोपीनाथ	1
18880	बाबुओं	1
18881	वेश्याओं	1
18882	प्राबोवो	1
18883	सुबियांतो	1
18884	इंडोनेशियाई	1
18885	ग्लेनईगल्स	1
18886	निपटना	1
18887	परवार	1
18888	जटिलताओं	1
18889	आगोश	1
18890	डीएमके	1
18891	एमके	1
18892	पीएमके	1
18893	ग्लेंडा	1
18894	रखीं	1
18895	सुलेमान	1
18896	हंसाने	1
18897	गोविंदपुरी	1
18898	जियोलॉजिक	1
18899	उपसमूह	1
18900	तारांकन	1
18901	होलोसिन	1
18902	प्लेइस्टोसिन	1
18903	जयाप्रदा	1
18904	विषयवार	1
18905	सीनेटर	1
18906	सूझबूझ	1
18907	खलबली	1
18908	साऊथ	1
18909	ताहेर	1
18910	मर्चेंट	1
18911	करीमुल्लाह	1
18912	क्षत्री	1
18913	फिरोज	1
18914	गाज़ी	1
18915	हाजी	1
18916	क़ादरी	1
18917	हाज़ी	1
18918	बागभट्ट	1
18919	एफटीए	1
18920	निर्यातकों	1
18921	जन्मदिवस	1
18922	कसीदे	1
18923	कार्याधिकारी	1
18924	ढौंडियाल	1
18925	मैठाणी	1
18926	दीनानाथ	1
18927	तिवाड़ी	1
18928	गुरुलिंग	1
18929	आरएन	1
18930	थपलियाल	1
18931	क्रिश्चियन	1
18932	कोआर्डिनेशन	1
18933	करेगें	1
18934	आईयूएमएल	1
18935	कुंजलिकुट्टी	1
18936	जेएसएस	1
18937	गोवरी	1
18938	सहस्रमुखी	1
18939	दहाई	1
18940	खलफाम	1
18941	तामिम	1
18942	शाद	1
18943	बंटी	1
18944	स्वामीनाथन्	1
18945	आतुर	1
18946	डांसर	1
18947	माक्रो	1
18948	इकॉनामिक	1
18949	फ्रेमवर्क	1
18950	फिस्किल	1
18951	विवादस्पद	1
18952	एक्स्टर्नल	1
18953	युकाटन	1
18954	गौरवशाली	1
18955	सिखाई	1
18956	मधु	1
18957	दंडवते	1
18958	मेंहदी	1
18959	तीर्थगिरि	1
18960	गोंडर	1
18961	राजो	1
18962	गढ़वी	1
18963	डीएफबी	1
18964	बिहारवासियों	1
18965	युरेशिया	1
18966	अनभिज्ञ	1
18967	पैरोनॉमिक	1
18968	हैलीकॉप्टर	1
18969	गोरखधंधा	1
18970	फैलाए	1
18971	कोडाईकराई	1
18972	फ्योर्ड्स	1
18973	मीठे	1
18974	रूलिंग	1
18975	अर्हता	1
18976	रुख़	1
18977	स्लैक	1
18978	मालिकाने	1
18979	राक्षस	1
18980	चितरंजन	1
18981	दहेज	1
18982	माँगों	1
18983	क्लीनिक	1
18984	उपेक्षित	1
18985	इंफ्रारेड	1
18986	होंठ	1
18987	हिलते	1
18988	तुक़	1
18989	पंखुड़ियाँ	1
18990	प्रश्नोत्तरकाल	1
18991	सि‍र्फ़	1
18992	संभलकर	1
18993	वरमाला	1
18994	भीलवाड़ा	1
18995	अंडरवियर	1
18996	बनियान	1
18997	ओरलैंडोवासी	1
18998	मनाते	1
18999	सन्न	1
19000	सीरियन	1
19001	नवाबों	1
19002	उत्कर्ष	1
19003	साम्प्रदायिक	1
19004	सम्राज्य	1
19005	सामंजस्यपूर्ण	1
19006	रोचेस्टर	1
19007	डैन	1
19008	ग़ौरतलब	1
19009	राजरानी	1
19010	जुलूसों	1
19011	मेहराबनुमा	1
19012	वेश्या	1
19013	कोणीय	1
19014	द्विध्रुवीय	1
19015	सीजीए	1
19016	पाएं	1
19017	यमुनानगर	1
19018	छछरौली	1
19019	बनाएगा	1
19020	रंगभेदी	1
19021	पिताओं	1
19022	दक्षिणपंथियों	1
19023	तहिलयानी	1
19024	भ्रष्ट्राचार	1
19025	कोहिनूर	1
19026	गुग्गुल	1
19027	भीम	1
19028	भीमशिला	1
19029	गिरिजाघरों	1
19030	डीप	1
19031	रेस्क्यू	1
19032	व्हेकिल	1
19033	बटोरने	1
19034	अफगानी	1
19035	सद्गोपाल	1
19036	सवाई	1
19037	माधोसिंह	1
19038	इज्तिमा	1
19039	भारतवासियों	1
19040	जैनुर	1
19041	राशिदीन	1
19042	शाना	1
19043	पनमा	1
19044	पंडरावडा	1
19045	सागीपोरा	1
19046	तालाबों	1
19047	मुंज	1
19048	कापुर	1
19049	बढाई	1
19050	कॉम	1
19051	अनिरुद्ध	1
19052	रिपोर्टरों	1
19053	दुखों	1
19054	गंगानगर	1
19055	कसा	1
19056	दूषित	1
19057	मस्तिष्क	1
19058	इंदौरा	1
19059	ब्रुनेई	1
19060	कम्बोडिया	1
19061	मंडलीय	1
19062	कैमडेन	1
19063	प्रतिवादियों	1
19064	दुराचार	1
19065	एकजुटता	1
19066	अंध	1
19067	प्रसन्नतापूर्वक	1
19068	पैंट	1
19069	बंडी	1
19070	सैद्घांतिक	1
19071	कार्यान्वयन	1
19072	कुकून	1
19073	बुलाये	1
19074	निवेदकों	1
19075	सुझाने	1
19076	फिरदौस	1
19077	तीर्थंकर	1
19078	आदिनाथजी	1
19079	कोटमोल	1
19080	श्रीरामपुर	1
19081	बचाकर	1
19082	प्रॉपर्टी	1
19083	एयरबस	1
19084	दार्लंग	1
19085	हव्वा	1
19086	मलाड	1
19087	कुरार	1
19088	दादासाहेब	1
19089	नहलाया	1
19090	झुका	1
19091	ज़माने	1
19092	हथनीकुंड	1
19093	कुदसिया	1
19094	गोहर	1
19095	नाकविहीन	1
19096	लाइफटाइम	1
19097	जौलीग्रांट	1
19098	ऑफिसर्स	1
19099	हलदर	1
19100	श्रमायुक्त	1
19101	गूंजने	1
19102	लुनावड़ा	1
19103	प्रेक्टिस	1
19104	घोटालों	1
19105	जावा	1
19106	अनुपयुक्त	1
19107	त्रान	1
19108	वायट	1
19109	दांग	1
19110	फ़ुज़ियान	1
19111	किन्ह	1
19112	दै	1
19113	विएट	1
19114	क्वॉक	1
19115	तुआन	1
19116	लेटर	1
19117	ट्रॉन	1
19118	दाओ	1
19119	लियाम	1
19120	केली	1
19121	ज़ू	1
19122	ज़ोंगडाओ	1
19123	फुजियान	1
19124	डैओवादी	1
19125	ज़ोंगाडो	1
19126	डाकुओं	1
19127	चंपा	1
19128	हाफिज	1
19129	मकबरा	1
19130	कैम्ब्रिजशायर	1
19131	पैपवर्थ	1
19132	एडेनब्रूक	1
19133	वनीता	1
19134	एंटिलास	1
19135	एंटिलेस	1
19136	बाम	1
19137	मंत्रिगणों	1
19138	डेलिगेट्स	1
19139	शफीकुर्रहमान	1
19140	गवाने	1
19141	नाजायज	1
19142	सुनित	1
19143	छनखन	1
19144	बुद्धदेब	1
19145	फर्नांडीस	1
19146	मुस्कुराहट	1
19147	वाल्स	1
19148	रूलर	1
19149	जज्ब	1
19150	माफ़ीनामा	1
19151	शरणस्थली	1
19152	नबील	1
19153	निर्देशिका	1
19154	सँकरी	1
19155	चित्तौडगढ़	1
19156	श्रेयस्‍कर	1
19157	ढ़ांचे	1
19158	टंकी	1
19159	क्षेत्राधिकारी	1
19160	मुहम्म्दाबाद	1
19161	गोहना	1
19162	स्वंत्रतता	1
19163	संभालेंगीं	1
19164	चाक	1
19165	चौबंद	1
19166	तामझामों	1
19167	जैनपोरा	1
19168	सागूहंदामा	1
19169	नैशविले	1
19170	हिलेरी	1
19171	बलवीर	1
19172	आहट	1
19173	मनाएगी	1
19174	स्टूल	1
19175	लिपिक	1
19176	कामता	1
19177	लाइब्रेरियन	1
19178	प्रोग्रामर	1
19179	रत्नेश	1
19180	लेनॉक्स	1
19181	काउंटेस	1
19182	डगलस	1
19183	मिलवाया	1
19184	ओडीबल्स	1
19185	मनपसंद	1
19186	दीवान	1
19187	दुमका	1
19188	रहम	1
19189	साल्वे	1
19190	कीटनाशक	1
19191	सरफराज़	1
19192	भांजी	1
19193	सिकंदराबाद	1
19194	वेलिंगटन	1
19195	पंछियों	1
19196	सुननी	1
19197	वर्गमीटर	1
19198	कहलाता	1
19199	फुलवारी	1
19200	इन्कलाबी	1
19201	आइनर	1
19202	ब्रह्माजी	1
19203	लूटे	1
19204	गलियारे	1
19205	बालकनी	1
19206	एथिना	1
19207	एस्टी	1
19208	कोट्टुर	1
19209	शियालदाह	1
19210	हाउराह	1
19211	बख्शेंगे	1
19212	जगदंबा	1
19213	वामन	1
19214	बाहिनीपति	1
19215	मैग्लेव	1
19216	इरानी	1
19217	जेआईएच	1
19218	एक्साइटिंग	1
19219	एडवेंचरस	1
19220	अनअर्थली	1
19221	सुसान	1
19222	फोरमैन	1
19223	टॉम्ब	1
19224	वाटरफील्ड	1
19225	एम्प्टी	1
19226	कॉन्सटेंटाइन	1
19227	एहसास	1
19228	फियर	1
19229	डॉटर	1
19230	अवश्‍य	1
19231	जुटाया	1
19232	दीर्धकालीन	1
19233	वि‍भिन्न	1
19234	छिड़े	1
19235	तेज़ी	1
19236	बंधने	1
19237	साईकिल	1
19238	कडे	1
19239	सीपीयू	1
19240	भंगिमा	1
19241	तेजस्वा	1
19242	दिशानिर्देशों	1
19243	परखा	1
19244	इंसानों	1
19245	उत्कट	1
19246	बडोदरा	1
19247	नाऊ	1
19248	नयू	1
19249	मिलयन	1
19250	सॉकर	1
19251	यूएसए	1
19252	स्टबहब	1
19253	प्रतिद्वंदी	1
19254	विजया	1
19255	ताहिलरमानी	1
19256	वीएलसीसी	1
19257	राष्ट्रद्रोही	1
19258	रेगिस्तानों	1
19259	सामग्रियां	1
19260	क्षेत्रवार	1
19261	डेज	1
19262	मँहगी	1
19263	ब्रूक्स	1
19264	संपादन	1
19265	पांडुलिपि	1
19266	मनाएगीं	1
19267	क्रस्टीना	1
19268	सिफ्युएन्तेस	1
19269	अनुदारपंथी	1
19270	सेक्टोरियल	1
19271	जेवियर	1
19272	मरोतो	1
19273	हर्पर	1
19274	गोल्फर	1
19275	दालान	1
19276	खटखटाएंगे	1
19277	उठाये	1
19278	मंगाने	1
19279	इन्वेंशन	1
19280	प्लेनेटेरियम	1
19281	बटेर	1
19282	बारहम	1
19283	घबरा	1
19284	पैट्रियाट	1
19285	अजवंत	1
19286	मोरारका	1
19287	किरकिरा	1
19288	सुझाएगी	1
19289	छुआ	1
19290	उपबंध	1
19291	हजारीबाग	1
19292	दुनियाभर	1
19293	पूरन	1
19294	गुंबदनुमा	1
19295	छतें	1
19296	राजवीर	1
19297	खोदने	1
19298	तसवीर	1
19299	मुद्राशास्त्र	1
19300	न्युमिजमैटिक	1
19301	संग्राहकों	1
19302	कैरेबियन	1
19303	कैरिब्स	1
19304	पंद्रहवी	1
19305	षडयंत्र	1
19306	चिकनी	1
19307	अलीपुर	1
19308	सूरनकोट	1
19309	टीन	1
19310	काना	1
19311	घिरने	1
19312	एटीआर	1
19313	राजकोषी	1
19314	छूमंतर	1
19315	प्रतिबंधात्मक	1
19316	कैम्पबेल	1
19317	लागों	1
19318	पंजीयन	1
19319	निपटें	1
19320	स्पैन	1
19321	पवेलियन	1
19322	लौटाया	1
19323	घेराव	1
19324	आयुर्विज्ञान	1
19325	गेगांग	1
19326	परिवारवालों	1
19327	बर्गेरॉन	1
19328	भावशून्य	1
19329	कुंवर	1
19330	नगरिया	1
19331	यूरोजोन	1
19332	गोविंदा	1
19333	झरना	1
19334	तसनीम	1
19335	उपेक्षापूर्ण	1
19336	टोपी	1
19337	टैपर	1
19338	ठोंकते	1
19339	पनप	1
19340	सैलून	1
19341	योगिलेट	1
19342	खूनखराबा	1
19343	टोक्यो	1
19344	खंगालना	1
19345	भूलतीं	1
19346	रुकवाने	1
19347	सह्याद्री	1
19348	इंद्रदेव	1
19349	बौछारें	1
19350	नीरज	1
19351	करायी	1
19352	सिधे	1
19353	आरोपित	1
19354	एआईसीईटी	1
19355	पीएफ	1
19356	एरियर	1
19357	दर्जें	1
19358	सेमु	1
19359	सेमू	1
19360	ग्लेशियल	1
19361	प्लेस्टोसिन	1
19362	हिमयुग	1
19363	फ़ैल	1
19364	अम्बेडकर	1
19365	ग्लाइसेरोल	1
19366	बायोगैस	1
19367	बाइप्रोडक्ट	1
19368	डिस्ट्रीब्यूशन	1
19369	टॉक्र्यू	1
19370	वेसेल	1
19371	सस्पेंशन	1
19372	लेइंग	1
19373	वॉल्व	1
19374	रैमर	1
19375	लेवलिंग	1
19376	डिवाइस	1
19377	महमद	1
19378	सीडब्लूसी	1
19379	चेन्नीथाला	1
19380	विष	1
19381	प्‍याला	1
19382	मसीहा	1
19383	शोषित	1
19384	फिजूल	1
19385	खींचते	1
19386	मृत्युपूर्व	1
19387	ज्योतिषि	1
19388	गूँजा	1
19389	प्रबंधतंत्र	1
19390	राममुनि	1
19391	दुर्भाग्य	1
19392	कट्टरपंथ	1
19393	कोलंबो	1
19394	सुप्रसिद्ध	1
19395	स्वरबद्ध	1
19396	पौत्री	1
19397	शिल्पी	1
19398	क्वात्रा	1
19399	देहावसान	1
19400	आनंदमणि	1
19401	गल्र्रर्स	1
19402	रक्खा	1
19403	सुष्मिता	1
19404	संवादाताओं	1
19405	थिनर	1
19406	स्पार्क	1
19407	हथगोला	1
19408	स्टॉलर	1
19409	एंगेजमेंट	1
19410	जैसन	1
19411	कालाकार	1
19412	आरामदायक	1
19413	कविताएं	1
19414	वाइरस	1
19415	कार्नेगी	1
19416	चयनात्मक	1
19417	निम्नतम	1
19418	विचारार्थ	1
19419	बॉयज़	1
19420	आंतकवादी	1
19421	भट	1
19422	इतेहादुल	1
19423	मुसलमीन	1
19424	बयानबाजियों	1
19425	उम्मीदवारी	1
19426	रेजिडेंट्स	1
19427	शत	1
19428	गुरूओं	1
19429	ब्रॉकली	1
19430	सूप	1
19431	डीएलएफ	1
19432	हरिन्दर	1
19433	उपद्रवी	1
19434	लौहपुरुष	1
19435	वैंकया	1
19436	बीचबचाव	1
19437	चंद्रका	1
19438	मांझी	1
19439	फीताशाही	1
19440	पंचकेदारों	1
19441	मद्महेश्वर	1
19442	रेमिस	1
19443	अतंर्राष्ट्रीय	1
19444	जाएगीं	1
19445	झुकाना	1
19446	तुम	1
19447	गंगवार	1
19448	कोइट	1
19449	ब्यूस्त	1
19450	तत्‍कालीन	1
19451	पुरातत्‍ववेत्‍ता	1
19452	कर्निंघम	1
19453	संडरलैंड	1
19454	रेडलाइट	1
19455	संचारित	1
19456	ट्रांसमीटर	1
19457	गुलिएमो	1
19458	ट्रांसलेटैटिक	1
19459	अविष्कार	1
19460	सम्बन्ध	1
19461	दीदी	1
19462	उड़ेंगी	1
19463	बेकसूर	1
19464	रोल्लो	1
19465	पिकार्डी	1
19466	फ्रेंकिश	1
19467	वाइकिंग	1
19468	सीनोइस	1
19469	कॉक	1
19470	कॉलोनियों	1
19471	कोट्टिन	1
19472	पगियों	1
19473	रोलो	1
19474	नॉर्सेन	1
19475	नॉर्वेजियन	1
19476	नॉर्स	1
19477	जैल	1
19478	ऑर्कनी	1
19479	वाइकिंग्स	1
19480	संभवत	1
19481	स्विड्स	1
19482	डेरियस	1
19483	मेगाबाजुस	1
19484	जीतों	1
19485	चुनौतियां	1
19486	रूखे	1
19487	लूप्स	1
19488	झूमने	1
19489	तंत्रिका	1
19490	भाले	1
19491	सूअरों	1
19492	सलवार	1
19493	कमीज	1
19494	ओवरकोट	1
19495	पहनीं	1
19496	जनआंदोलनों	1
19497	फ्रीका	1
19498	धुआंधार	1
19499	दिहाड़ीदारों	1
19500	नाक़ामयाब	1
19501	काँचीमठ	1
19502	नेपचून	1
19503	काबिलेजिक्र	1
19504	ड्रॉफ्ट	1
19505	लोदी	1
19506	साक्षात्कर	1
19507	बेवर्ली	1
19508	अवरोधों	1
19509	पोआरी	1
19510	कोविद	1
19511	कोकिला	1
19512	रायॅल	1
19513	अल्बर्ट	1
19514	गाया	1
19515	दाउद	1
19516	गुजरेंगे	1
19517	शक्तिरूपी	1
19518	पट्टन	1
19519	शेड	1
19520	छमाही	1
19521	डकैत	1
19522	परिहार	1
19523	वाग्देवी	1
19524	म्युजेज	1
19525	आपूर्तिकर्ता	1
19526	डेफिनिशन	1
19527	मुन्नी	1
19528	सतीश	1
19529	कल्पा	1
19530	बिपिन	1
19531	देवेन्द्र	1
19532	जगताप	1
19533	हुकुमचंद	1
19534	कालिया	1
19535	शकील	1
19536	सबीर	1
19537	फाउण्डेशन	1
19538	ऑफसेट	1
19539	जेटल्स	1
19540	ट्रॉम	1
19541	टाइपसेट	1
19542	घुमाता	1
19543	एडवांटेज	1
19544	सर्द	1
19545	बेअसर	1
19546	कैलाशपति	1
19547	मत्था	1
19548	टेका	1
19549	सेंटूर	1
19550	क़ीमतों	1
19551	वृद्घि	1
19552	कैंटीनों	1
19553	टोले	1
19554	शिक्षाओं	1
19555	बंधा	1
19556	कार्डों	1
19557	संकोची	1
19558	डिपोजिट	1
19559	रसीदें	1
19560	नागोजी	1
19561	सत्यतीर्थ	1
19562	योगेन्द्र	1
19563	कसौटी	1
19564	येवस	1
19565	लॉरेंट	1
19566	एम्बेसड्रेस	1
19567	कुमायूं	1
19568	निपटे	1
19569	वेस्टमिंस्टर	1
19570	गर्भपात	1
19571	लॉटरी	1
19572	मौद्रिक	1
19573	नेत्रहीन	1
19574	आमसहमति	1
19575	टूलकिट	1
19576	जाएंगें	1
19577	चैयरमैन	1
19578	वारेन	1
19579	प्रतिबद्घताओं	1
19580	बढ़ाना	1
19581	गुणात्मक	1
19582	कोकोचू	1
19583	उद्घोषणा	1
19584	डरकर	1
19585	डलान	1
19586	बलजुत	1
19587	देग	1
19588	ज़िंदा	1
19589	तोग्रुल	1
19590	क़ारा	1
19591	ख़िताई	1
19592	अभिलेख	1
19593	सुराज	1
19594	पाल्मा	1
19595	यहूदियों	1
19596	रोड़े	1
19597	अटकाने	1
19598	मुचलके	1
19599	सिक्योरिटी	1
19600	ओंकार	1
19601	थापर	1
19602	सबका	1
19603	लाइटिंग	1
19604	मैन्युफैक्चरिंग	1
19605	इलेक्ट्रिकल	1
19606	आर्क	1
19607	इनस्टॉल	1
19608	डायनामो	1
19609	कम्यूटेटर	1
19610	नवघर	1
19611	माइकेल	1
19612	ऑर्थर	1
19613	मनयाल	1
19614	ग्लेशियरों	1
19615	मंतव्य	1
19616	जुरोंग	1
19617	रसायनशास्त्री	1
19618	डेवार	1
19619	सफ़ल	1
19620	लिंडे	1
19621	हैम्पसन	1
19622	द्रवीभूत	1
19623	आसुत	1
19624	संगृहीत	1
19625	एसिटिलीन	1
19626	संपीड़ित	1
19627	बेखौफ़	1
19628	बौना	1
19629	वायुसेवा	1
19630	मशविरे	1
19631	अलॉय	1
19632	हुसुम	1
19633	श्लेई	1
19634	वेटलैंड	1
19635	अलेक्जेंडर	1
19636	धनु	1
19637	अनबू	1
19638	नित्य	1
19639	गोकुल	1
19640	सुतिंदरराजा	1
19641	संथान	1
19642	कोनेशवरन	1
19643	विजयनंदन	1
19644	हरिया	1
19645	रुबन	1
19646	रेडिमेड	1
19647	मालकिन	1
19648	ऐसोसिएशन	1
19649	नौसिखिए	1
19650	मंजे	1
19651	कद्दारों	1
19652	डायमंड्स	1
19653	सूझी	1
19654	जैट्रोफा	1
19655	अन्याय	1
19656	ब्लादीमिर	1
19657	मजहब	1
19658	दृष्टा	1
19659	एकाउन्ट	1
19660	ट्रैक्ट	1
19661	परिचालित	1
19662	गड़बड़ियाँ	1
19663	थर्मोपिले	1
19664	दर्रे	1
19665	बांटता	1
19666	उसपर	1
19667	एथेनियाई	1
19668	एकेयिआई	1
19669	पहरा	1
19670	रास्तिज़	1
19671	रास्तिस्लाव	1
19672	बिठाना	1
19673	काऊब्वाय	1
19674	कारोबारियों	1
19675	गाउंट	1
19676	दम्पति	1
19677	आत्माओं	1
19678	वेधशाला	1
19679	सोहार्द्र	1
19680	बिगड़ता	1
19681	शुल्कीय	1
19682	मेज़बान	1
19683	रौनकीराम	1
19684	कारकों	1
19685	आयों	1
19686	पिछड़ों	1
19687	हितैषी	1
19688	घूमें	1
19689	गोहत्या	1
19690	गुमार	1
19691	फिक्चर	1
19692	गड़ी	1
19693	एससीआई	1
19694	कॉस्पेडल	1
19695	गुरिल्लाओं	1
19696	जीआईएस	1
19697	ओल्ने	1
19698	गवाक्षों	1
19699	ईएसीसी	1
19700	पुंछी	1
19701	मनबढ़	1
19702	विश्वविद्याल	1
19703	फेरों	1
19704	रस्म	1
19705	छुड़वाया	1
19706	चंद्रयानगुट्टा	1
19707	हैंकॉक	1
19708	क्विंसी	1
19709	रदरफोर्ड	1
19710	हेस	1
19711	फ्रैंकलिन	1
19712	गोर	1
19713	सेबेस्टियन	1
19714	पिनेरा	1
19715	मैनुअल	1
19716	सैंटोस	1
19717	जोस	1
19718	फिगर्स	1
19719	फेलिप	1
19720	काल्डेरोन	1
19721	सेलिनास	1
19722	गोर्टारी	1
19723	मिगुएल	1
19724	त्सखिआगिन	1
19725	एल्बेगडोर	1
19726	एलेजांद्रो	1
19727	टोलेडो	1
19728	मा	1
19729	यिंग	1
19730	जेउ	1
19731	अल्बानियाई	1
19732	नोली	1
19733	मैकेंज़ी	1
19734	ट्रूडो	1
19735	एंटोनीस	1
19736	समरस	1
19737	नेतन्याहू	1
19738	शॉन	1
19739	डोनोवन	1
19740	इग्नाटिएफ़	1
19741	मुर्तजा	1
19742	सनम	1
19743	अबुल	1
19744	मौल	1
19745	मुहिथ	1
19746	पुंटलैंड	1
19747	अब्दिवेली	1
19748	एंथोनी	1
19749	लुजत्सो	1
19750	गार्डनर	1
19751	धोए	1
19752	मातृकाएँ	1
19753	गाड़ियाँ	1
19754	डासना	1
19755	त्रासद	1
19756	बिखेरने	1
19757	बनारसी	1
19758	पिला	1
19759	इकाइयां	1
19760	सुभाषचंद्र	1
19761	गद्दार	1
19762	आरएसपुरा	1
19763	बटर	1
19764	पीटकर	1
19765	साइनेज	1
19766	ऊर्ध्वाधर	1
19767	ड्रॉ	1
19768	एयरोनॉटिकल	1
19769	सेंटीग्रेड	1
19770	सरलता	1
19771	बहुमुखी	1
19772	सोनिक	1
19773	पेचकश	1
19774	व्यक्तित्व	1
19775	पाखण्डी	1
19776	फरहान	1
19777	ज़ीनत	1
19778	अमान	1
19779	निभाएँगी	1
19780	रेंट	1
19781	होंगें	1
19782	यशोवर्मन	1
19783	पूछना	1
19784	चटगांव	1
19785	प्रत्यक्षदर्शियों	1
19786	पालक	1
19787	कॉलम	1
19788	रीफ्यूलर	1
19789	कुषाण	1
19790	कैटफाइसस	1
19791	मश्विरा	1
19792	जुंबिश	1
19793	गोंसाल्वेस	1
19794	केजी	1
19795	वजीफे	1
19796	मिटाया	1
19797	नंबूदरीपाद	1
19798	ओढ़ाया	1
19799	घृत	1
19800	सीढियाँ	1
19801	ऑग्स्टस	1
19802	नॉस्ट्रम	1
19803	अलक़ायदा	1
19804	ताजपोशी	1
19805	सेमी	1
19806	अपनानी	1
19807	झटकने	1
19808	हिमस्खलन	1
19809	युद्घों	1
19810	आज़ादी	1
19811	जनमतसंग्रह	1
19812	तयशुदा	1
19813	ऑट्ज़ी	1
19814	ममी	1
19815	रियेक्टरों	1
19816	समालया	1
19817	चूमने	1
19818	बिट्टा	1
19819	शह	1
19820	सालगिरह	1
19821	स्कीमों	1
19822	तत्वावधान	1
19823	केबिनेट	1
19824	जिमी	1
19825	कार्टर	1
19826	शिपयार्डो	1
19827	पैकेजों	1
19828	तराश	1
19829	येर्बा	1
19830	बुएना	1
19831	मॉस्कोने	1
19832	मार्क्र्सवादी	1
19833	फातमी	1
19834	कुमकुम	1
19835	वीरचंद	1
19836	मंदी	1
19837	इश्यू	1
19838	दुर्गादेवी	1
19839	लुनावाड़ा	1
19840	ब्रेक्जिट	1
19841	फर्नानडिस	1
19842	पद्मनाभैया	1
19843	रघु	1
19844	सुंदर्शा	1
19845	प्रकाशनों	1
19846	बढ़ती	1
19847	प्रस्तावनाओं	1
19848	क्रेनच	1
19849	लकड़ी	1
19850	सांचों	1
19851	चित्रकारी	1
19852	फ़ैलाने	1
19853	टिंडले	1
19854	पूर्वगामी	1
19855	अनुवादों	1
19856	तेंदुआ	1
19857	चीतल	1
19858	नीलगाय	1
19859	जंगली	1
19860	सूअर	1
19861	एमएएम	1
19862	मनोभावों	1
19863	क्लोजर	1
19864	जीपीएस	1
19865	कंवजेस	1
19866	खाया	1
19867	अच्‍छी	1
19868	दुजाना	1
19869	अमरसिंह	1
19870	हज़रत	1
19871	निज़ामुद्दीन	1
19872	मार्फत	1
19873	कमोवेश	1
19874	चिल्लाती	1
19875	एकेपी	1
19876	अनुदारपंथियों	1
19877	प्रतिपादन	1
19878	थोउबल	1
19879	बख्तरबंद	1
19880	गाडियां	1
19881	धर्मार्थ	1
19882	प्रमोटर्स	1
19883	पार्टनरों	1
19884	दोषारोपों	1
19885	उम्मा	1
19886	तमीरे	1
19887	नऊ	1
19888	कहुटा	1
19889	मासूमों	1
19890	जख्म	1
19891	सहला	1
19892	मज़हबी	1
19893	जिरकातन	1
19894	चिंदविन	1
19895	संभाव्यता	1
19896	गोंडोला	1
19897	पोटोमैक	1
19898	द्रव्य	1
19899	बिजेंद्र	1
19900	टॉस	1
19901	स्कैनरों	1
19902	अनगढ़	1
19903	तराशा	1
19904	लेफ्ट	1
19905	झेलने	1
19906	लाइसेंसिंग	1
19907	होइसिंग	1
19908	गिज़ोउली	1
19909	रोबर्ट	1
19910	औरबर्ट	1
19911	बोलिन	1
19912	खोजते	1
19913	बिकते	1
19914	डीड	1
19915	शिराक़	1
19916	छेड़े	1
19917	अधिकर	1
19918	अर्जियां	1
19919	माइक्रोफोन	1
19920	बरकत	1
19921	झोंकों	1
19922	पंचांग	1
19923	मुर्शीद	1
19924	बँटवारा	1
19925	कुरियो	1
19926	लौटेगी	1
19927	फर्नॉडीस	1
19928	पहुँचाएं	1
19929	जनांदोलन	1
19930	बताईं	1
19931	लिफाफे	1
19932	अस्वीकृत	1
19933	डिनायल	1
19934	ब्राउनली	1
19935	टेबल	1
19936	ज़रूरी	1
19937	प्लोशेयर	1
19938	फाटकों	1
19939	दरांती	1
19940	ढकने	1
19941	वाईपोहाई	1
19942	सेबंद	1
19943	ट्रांसप्लांटेशन	1
19944	छल्ला	1
19945	हटेंगे	1
19946	शाहबाज	1
19947	फिल्माए	1
19948	तिलमिला	1
19949	रामबीर	1
19950	किंटनर	1
19951	अनिर्णय	1
19952	रिसीवर्स	1
19953	गारंटीड	1
19954	बेचना	1
19955	मर्ज	1
19956	कड़वी	1
19957	ताज्जुब	1
19958	अंचलों	1
19959	शौच	1
19960	मारवान	1
19961	मुआशेर	1
19962	उवर्रता	1
19963	मानवीयता	1
19964	क्रीमिया	1
19965	छीनी	1
19966	नजरबंद	1
19967	लवरेज	1
19968	विश्वासपात्र	1
19969	हथिया	1
19970	हस्तीमल	1
19971	पतित	1
19972	दिहाड़ी	1
19973	लकड़ियां	1
19974	बेचती	1
19975	दोषारोपण	1
19976	कासलों	1
19977	ग्रास	1
19978	कैटरीना	1
19979	एनडीसी	1
19980	माइन	1
19981	स्वीपर	1
19982	पूर्वाभास	1
19983	टर्नर	1
19984	कारबाइन	1
19985	आंकडों	1
19986	एसोसिएसन	1
19987	भांपना	1
19988	खाड़ाखेड़ी	1
19989	सेफार्डिक	1
19990	तंगहान	1
19991	मुंसिफ	1
19992	लतीफ	1
19993	दृष्टांत	1
19994	ढूँढ़े	1
19995	अवीवा	1
19996	इन्वेस्टर्स	1
19997	टार्गेट	1
19998	कोषों	1
19999	अपस्फीति	1
20000	भूभागों	1
20001	झटक	1
20002	गड़ाए	1
20003	डर्नांड	1
20004	लटका	1
20005	आंद्रे	1
20006	प्राइस	1
20007	गद्दे	1
20008	दबाकर	1
20009	माँसपेशियों	1
20010	एक्यूरेटर	1
20011	वेणुगोपाल	1
20012	इंटर	1
20013	फेस्टिवल	1
20014	प्रतियोगी	1
20015	लड़कपन	1
20016	यजदी	1
20017	डिसिब़ॉंडनबर्ग	1
20018	रसद	1
20019	धौली	1
20020	अलकनंदा	1
20021	नंदाकिनी	1
20022	पिंडर	1
20023	रामगंगा	1
20024	विदेशयात्रा	1
20025	माझी	1
20026	बैचों	1
20027	धर्मशालाओं	1
20028	बैबी	1
20029	एफआईपीबी	1
20030	डिहाइड्रेशन	1
20031	रेनफीड	1
20032	अथॅरिटी	1
20033	सुनवाने	1
20034	अचरेकर	1
20035	ठहरना	1
20036	पलटा	1
20037	चलेंगे	1
20038	जागते	1
20039	धमक	1
20040	दीफू	1
20041	अंजू	1
20042	टिक्कू	1
20043	चूहा	1
20044	परपेंडीकुलर	1
20045	एक्यूट	1
20046	एंगिल	1
20047	बीएलपी	1
20048	फ्लैगशिप	1
20049	श्रावण	1
20050	चंदनबाड़ी	1
20051	शेषनाग	1
20052	कुर्द	1
20053	कनिष्क	1
20054	निपटाएं	1
20055	सुधर	1
20056	रेस्तरांओं	1
20057	विश्वभर	1
20058	औंधे	1
20059	वजहें	1
20060	सीजैडए	1
20061	प्रवासीय	1
20062	तरीको	1
20063	स्ट्रिप्स	1
20064	पंक्तियाँ	1
20065	टेनेस	1
20066	पंक्तियों	1
20067	स्टैक	1
20068	हिलता	1
20069	नीचले	1
20070	स्टेम	1
20071	उपकार्यधिकारी	1
20072	नंबूरी	1
20073	सेंथली	1
20074	परिचायक	1
20075	गुजरे	1
20076	बख्शी	1
20077	बिसात	1
20078	चेंबर	1
20079	कॉमर्स	1
20080	खोएं	1
20081	मास्टरों	1
20082	कंपटीटिव	1
20083	बिडिंग	1
20084	पंखा	1
20085	शरीरों	1
20086	प्रतिनिधी	1
20087	टेंटेकल	1
20088	लॉगेस्टैटन	1
20089	विकासवादी	1
20090	वंशवृक्ष	1
20091	बाइलेटेरियन	1
20092	क्रेटेशियस	1
20093	पैलियोजीन	1
20094	दर्शाते	1
20095	मोनोफ़ाइलिटिक	1
20096	अविष्कारों	1
20097	स्टॉपलाइट	1
20098	टैबलेट	1
20099	कार्बोनेटेड	1
20100	घुल	1
20101	फूँक	1
20102	किसकी	1
20103	पू	1
20104	रटाई	1
20105	संभालकर	1
20106	उतारकर	1
20107	मुर्दाघर	1
20108	अपंग	1
20109	उभरा	1
20110	प्रासीक्यूटर	1
20111	मुन्नीलाल	1
20112	मिल्टन	1
20113	फ्रीडमैन	1
20114	थैचर	1
20115	कैप्चर	1
20116	प्रस्तावक	1
20117	स्टिग्लर	1
20118	गैरी	1
20119	जन्मदाता	1
20120	सैमुएलसन	1
20121	यूजीन	1
20122	फामा	1
20123	सोवेल	1
20124	निःसंदेह	1
20125	समुद्रतटीय	1
20126	टिमुकुआ	1
20127	बस्तियों	1
20128	संकीर्ण	1
20129	सेमिनॉले	1
20130	वाका	1
20131	पिलाटका	1
20132	काऊ	1
20133	जैक्सन	1
20134	कीर्तन	1
20135	इफ्तिखार	1
20136	केनसेथ	1
20137	योम	1
20138	किपुर	1
20139	निर्यातक	1
20140	खरीदते	1
20141	बेचते	1
20142	नापने	1
20143	रैम्बलर	1
20144	कीकार	1
20145	बर्नार्ड	1
20146	टेपी	1
20147	सेशन	1
20148	बहादुरों	1
20149	तानाशाही	1
20150	कलेक्ट्रेट	1
20151	बींजिंग	1
20152	प्रिंटलाइन	1
20153	दर्शा	1
20154	साक्षर	1
20155	कटरासू	1
20156	गंदे	1
20157	उभरने	1
20158	शोयची	1
20159	नाकागावा	1
20160	सदाकाजू	1
20161	तानीगाकी	1
20162	हेयजो	1
20163	ताकेनाका	1
20164	औचक	1
20165	एनसीबी	1
20166	समाया	1
20167	मुमकिन	1
20168	सहस्त्र	1
20169	विहीन	1
20170	वरूण	1
20171	प्रभु	1
20172	मसीही	1
20173	इसरतजहां	1
20174	अलापते	1
20175	शंका	1
20176	तोड़मरोड़	1
20177	मेंबर	1
20178	आरटिस	1
20179	जूर	1
20180	प्रैक्टिकल	1
20181	जलन	1
20182	बिक्रम	1
20183	पालीगंज	1
20184	शख़्स	1
20185	विस्फ़ोटक	1
20186	रखवा	1
20187	लोढ़ा	1
20188	जोस्टेडल्सब्रीन	1
20189	योरप	1
20190	भानुप्रताप	1
20191	सुबोदीप	1
20192	हेलेन	1
20193	गायिका	1
20194	ऑसबोर्न	1
20195	स्पीकर्स	1
20196	पीएलआर	1
20197	असंतुलित	1
20198	जाँचकर्ताओं	1
20199	टिक	1
20200	क्षेत्राधिकारों	1
20201	विनियमित	1
20202	क्षेत्राधिकार	1
20203	अन्यत्र	1
20204	डेयरी	1
20205	इंटरमीडिएट	1
20206	रस्सियों	1
20207	मर्चेंट्स	1
20208	डिजास्टर	1
20209	सेफर	1
20210	कुछेक	1
20211	झलकना	1
20212	इंजेक्शन	1
20213	शोबन	1
20214	वलीमे	1
20215	घड़े	1
20216	मटके	1
20217	अमर्त्य	1
20218	एमबीए	1
20219	एजुकेशनल	1
20220	एप्टीट्यूड	1
20221	बिगड़नी	1
20222	निरन्तरता	1
20223	नारीवेश	1
20224	कुमारतंग	1
20225	खेलेंगे	1
20226	सीनाजोरी	1
20227	हज़ारों	1
20228	होमर	1
20229	रामसिंहासन	1
20230	किस्तवार	1
20231	नफीतुल्ला	1
20232	बड़ौदा	1
20233	एयरलिफ्ट	1
20234	सहरावत	1
20235	नागर	1
20236	ईल्म	1
20237	पुलिया	1
20238	ढेरियों	1
20239	ढंकने	1
20240	जशन	1
20241	फैलते	1
20242	सप्लायर	1
20243	दंबग	1
20244	अपरिहार्य	1
20245	कृपया	1
20246	चौहानों	1
20247	पीतम	1
20248	पीठिका	1
20249	कृष्णमूर्ति	1
20250	प्रधानाचार्य	1
20251	सीरीज़	1
20252	सिंबायोसिस	1
20253	सिर्फ़	1
20254	आवाज़	1
20255	भूमध्यसागर	1
20256	टेंक्रेड	1
20257	रेनफुल	1
20258	नेपल्स	1
20259	सर्जियस	1
20260	टोउसे	1
20261	अवेर्सा	1
20262	सालर्नो	1
20263	गुइमार	1
20264	एपुलिया	1
20265	कैलब्रिया	1
20266	मैल्फी	1
20267	केपुआ	1
20268	हूटविले	1
20269	ड्रोगो	1
20270	केलेब्रिआ	1
20271	सईदा	1
20272	टेलेकॉम	1
20273	सुद्बादेन	1
20274	मेर्डिन्जेन	1
20275	थोपने	1
20276	महाभियोग	1
20277	परिसंपत्तियाँ	1
20278	गड़बड़ियां	1
20279	पोता	1
20280	वश	1
20281	एहुद	1
20282	स्कॉर्पियो	1
20283	बहुउद्देशीय	1
20284	फायरपॉवर	1
20285	कोसते	1
20286	एसडीएफ	1
20287	नितरा	1
20288	जीतेने	1
20289	संधाला	1
20290	संधाली	1
20291	गुमथला	1
20292	बागवाली	1
20293	जठलाना	1
20294	उन्हेड़ी	1
20295	परतों	1
20296	कसमसाते	1
20297	नुकीली	1
20298	बरछियों	1
20299	पंजी	1
20300	मोटोक्रॉस	1
20301	वधू	1
20302	ब्रह्मलीन	1
20303	अंतुले	1
20304	देवीगौड़ा	1
20305	रिवाना	1
20306	मंजुनाथ	1
20307	मीराजुद्दीन	1
20308	सुनते	1
20309	रूकने	1
20310	जुमलेबाजी	1
20311	दुबली	1
20312	पतली	1
20313	चिल्लाकर	1
20314	आघात	1
20315	शॉकवेव	1
20316	झंडेवाला	1
20317	बरतें	1
20318	गोल्डस्मिथ	1
20319	डेजर्टेड	1
20320	धमकियां	1
20321	फांद	1
20322	रिफाइनिंग	1
20323	तांबिल	1
20324	मूलापेरियर	1
20325	तनातनी	1
20326	चहुंमुखी	1
20327	गृहस्वामी	1
20328	गृहस्थ	1
20329	साझेदारियाँ	1
20330	जीओसी	1
20331	चिशी	1
20332	स्वू	1
20333	मुईवा	1
20334	राघोपुर	1
20335	करुंगापल्ली	1
20336	तालुका	1
20337	योको	1
20338	सौजन्‍य	1
20339	पेंटागन	1
20340	स्वयत्तता	1
20341	सुलिवान	1
20342	कोलिन्स	1
20343	मरीन	1
20344	ड्रमर	1
20345	वुडरिफ	1
20346	जलकुंड	1
20347	चीफ़	1
20348	सुखोथाई	1
20349	प्लॉजो	1
20350	उन्माद	1
20351	एरोस्पेस	1
20352	आश्रित	1
20353	नशीला	1
20354	लस्सी	1
20355	पिलाई	1
20356	धर्ता	1
20357	अनीस	1
20358	यथास्थिति	1
20359	मझगांव	1
20360	डॉक्स	1
20361	टुकड़ियाँ	1
20362	एमसीसी	1
20363	सहानुभूतिपूर्ण	1
20364	टेराकोटा	1
20365	जार	1
20366	नैपोलियन	1
20367	ऑस्टरलिट्ज	1
20368	ग्रेनविले	1
20369	ज़ार	1
20370	अलेक्सान्द्र	1
20371	पहनेंगी	1
20372	दौड़ाई	1
20373	भूस्थैतिक	1
20374	प्रतिष्ठान	1
20375	गैरहार्ड	1
20376	पद्मभूषण	1
20377	निर्विविवाद	1
20378	वेतनभोगी	1
20379	मर्तबा	1
20380	छीछालेदर	1
20381	हौजखास	1
20382	महारथियों	1
20383	निपट	1
20384	जिआबाओ	1
20385	गृहनगर	1
20386	इदरीस	1
20387	पंत	1
20388	फरहत	1
20389	हाफ	1
20390	बदलवा	1
20391	दयाशंकर	1
20392	तादात	1
20393	मिक्स	1
20394	तारकोल	1
20395	बजरी	1
20396	हसुभाई	1
20397	सेक्रेटेरियट	1
20398	वरदराजन	1
20399	इंटक	1
20400	बिग	1
20401	औचित्यहीन	1
20402	रंचमात्र	1
20403	धमकाते	1
20404	पिलानी	1
20405	अटक	1
20406	मेहनती	1
20407	शहबाज	1
20408	कलंदर	1
20409	उमरकोट	1
20410	सावरकर	1
20411	झुकें	1
20412	गाली	1
20413	गलौज	1
20414	असह्य	1
20415	आक्षेप	1
20416	नेक	1
20417	अपराधीकरण	1
20418	अफ़सोस	1
20419	भागा	1
20420	रॉन	1
20421	अटचाला	1
20422	रहूंगी	1
20423	चिन्नापांडी	1
20424	ब्योरे	1
20425	मापी	1
20426	मोटापे	1
20427	ज़ोनिंग	1
20428	ढहना	1
20429	प्रोहिबिटुम	1
20430	साईबाबा	1
20431	नानकिंग	1
20432	नमो	1
20433	पिहोवा	1
20434	सैयदां	1
20435	आस्ट्रियन	1
20436	बैटिंग	1
20437	बैंकर्स	1
20438	जायज़	1
20439	अफवाहें	1
20440	दारूल	1
20441	कजा	1
20442	विवेकानंद	1
20443	सुधारते	1
20444	लाता	1
20445	वनकर्मी	1
20446	डंडा	1
20447	कर्म	1
20448	कारीअमरोहा	1
20449	धर्मपरायणता	1
20450	आसक्ति	1
20451	तीर्थयात्राओं	1
20452	एबोरगेशन	1
20453	कॉन्फेशन	1
20454	जजमेंट	1
20455	मोनास्टिक	1
20456	वोज	1
20457	भिक्षुकों	1
20458	शपथों	1
20459	तोड़	1
20460	शपथें	1
20461	मोक्ष	1
20462	टॉकी	1
20463	रुकवाई	1
20464	खुर्राट	1
20465	नितांत	1
20466	जलबेड़ा	1
20467	मुबारकबाद	1
20468	कुचलकर	1
20469	बेलौस	1
20470	मुस्कान	1
20471	हिलाकर	1
20472	डिसपेंसरियों	1
20473	संधियाँ	1
20474	स्थापाना	1
20475	मास्ट्रिच	1
20476	नाइस	1
20477	ग्रीस	1
20478	साइप्रस	1
20479	एस्टोनिया	1
20480	लिथुआनिया	1
20481	माल्टा	1
20482	स्लोवेनिया	1
20483	बुल्गारिया	1
20484	ग्रीनलैंड	1
20485	तृंगा	1
20486	गर्भनिरोधक	1
20487	हममें	1
20488	संगकारा	1
20489	मनसेरा	1
20490	गार्गी	1
20491	सहेलियों	1
20492	सलामती	1
20493	गलियाँ	1
20494	व्यामोह	1
20495	हौवा	1
20496	बरपाया	1
20497	ओन्गगीरात	1
20498	जमूखा	1
20499	केराइट	1
20500	तोघरुल	1
20501	पितृत्व	1
20502	अटकलबाज़ियों	1
20503	अनुलोम	1
20504	भटक	1
20505	ग्रसित	1
20506	वायुमंडल	1
20507	भूमंडलीयकरण	1
20508	एफएसएलएन	1
20509	प्लाजा	1
20510	विक्टोरियाज	1
20511	मेई	1
20512	मनोविज्ञान	1
20513	रीजन	1
20514	जलमे	1
20515	वोल्मर	1
20516	कासा	1
20517	मार्ता	1
20518	जुकरबर्ग	1
20519	जटानिया	1
20520	प्रसाधन	1
20521	विक्रांत	1
20522	गुलु	1
20523	ललवानी	1
20524	इलेक्ट्रॅनिक्स	1
20525	भिखु	1
20526	फार्मास्युटिकल्स	1
20527	बागरी	1
20528	सुखपाल	1
20529	अहलुवालिया	1
20530	राजेश्वर	1
20531	खटखटाओ	1
20532	गौरीकुंड	1
20533	करतीं	1
20534	कैप	1
20535	पहनी	1
20536	प्रफ्फुल	1
20537	गीले	1
20538	ब्राइगन	1
20539	पुर्जों	1
20540	चूकेगी	1
20541	व्यावसायी	1
20542	प्रेमजी	1
20543	लाड़ली	1
20544	लोंगों	1
20545	लीलने	1
20546	बादशाहपुर	1
20547	ओले	1
20548	विएना	1
20549	एजंसियां	1
20550	मुनियों	1
20551	साधक	1
20552	परिव्राजकों	1
20553	तर	1
20554	बतर	1
20555	असेम्बली	1
20556	लचीले	1
20557	श्रीकृष्ण	1
20558	शादियां	1
20559	कोकब	1
20560	बीरेंद्र	1
20561	शमशेर	1
20562	श्राईन	1
20563	गुप्तेशवर	1
20564	शैलीगत	1
20565	महताब	1
20566	सैलिएन	1
20567	एटकिंसन	1
20568	कियकिया	1
20569	डबास	1
20570	तमिलों	1
20571	तेलगुदेशम	1
20572	जिताने	1
20573	फूले	1
20574	हैब्सबर्ग	1
20575	परिधानों	1
20576	बालासुब्रमण्यम	1
20577	एनएफयूएजे	1
20578	सुपौल	1
20579	डाल्टेनगंज	1
20580	सिबसागर	1
20581	फरक्का	1
20582	लालकिला	1
20583	फरुखाबाद	1
20584	रीवां	1
20585	पैंतिस	1
20586	पैंतालिस	1
20587	अचेत	1
20588	पेलोपोनेसस	1
20589	चौकियाँ	1
20590	श्रीदर्द	1
20591	खुदाइयों	1
20592	सुराही	1
20593	खिलौने	1
20594	आईएसएपी	1
20595	लेक्चर	1
20596	भुलाया	1
20597	लगाएगी	1
20598	आतंकवादरोधी	1
20599	बढ़ाएंगे	1
20600	कमालपुर	1
20601	ग्रैंडस्टैंड	1
20602	अस्तबलों	1
20603	रद्दी	1
20604	गंगाजल	1
20605	नुमाइंदें	1
20606	पाखंडपूर्ण	1
20607	गोश्त	1
20608	राष्ट्रीयकृत	1
20609	दिलाएगा	1
20610	जुआरी	1
20611	सर्वोदय	1
20612	बिशन	1
20613	दलबारा	1
20614	मलेशियन	1
20615	लेक्चरर	1
20616	फ्लोरेंस	1
20617	गेरार्ड	1
20618	साउथसी	1
20619	तोकुगावा	1
20620	लेयासु	1
20621	जीवनकाल	1
20622	चांडलर	1
20623	वेलर	1
20624	युगान्तरकारी	1
20625	धावे	1
20626	अनुसंधानकर्ता	1
20627	गर्भनिरोधकों	1
20628	क्षेत्रपाल	1
20629	भूमिदेव	1
20630	बिंगन	1
20631	बॉन	1
20632	संरूपण	1
20633	तनन	1
20634	रोमांटिक	1
20635	प्यारे	1
20636	देशीय	1
20637	कार्मिक	1
20638	प्लनेटरी	1
20639	डीवीडी	1
20640	दिशानिर्देश	1
20641	दानदाताओं	1
20642	थमर्न्यूक्लीयर	1
20643	एक्सपेरिमेंटल	1
20644	जनरेशन	1
20645	स्वीकार्यता	1
20646	इंश्योरेंश	1
20647	अथॉरटी	1
20648	रिस्क	1
20649	जलमंदिर	1
20650	वादियाँ	1
20651	पत्तियों	1
20652	ढकी	1
20653	जुनीचीरो	1
20654	कमियों	1
20655	कपास	1
20656	अप्रसन्नता	1
20657	डकोटा	1
20658	अंडरग्रेजुएट	1
20659	विष्णु	1
20660	कांपुरू	1
20661	कसूरवार	1
20662	आंकें	1
20663	गुमनामी	1
20664	श्रृव्य	1
20665	प्रजातीय	1
20666	न्यूट्रीशन	1
20667	महाबलिपुरम	1
20668	तामिनी	1
20669	शेल्का	1
20670	मारोती	1
20671	सावंत	1
20672	हरिश	1
20673	गोरखनाथ	1
20674	खादिमों	1
20675	काजीरंगा	1
20676	मानस	1
20677	क्येलादेव	1
20678	सफ़ल	1
20679	आरएसबीपी	1
20680	पिटीशन	1
20681	एवरी	1
20682	प्रस्तुतकर्ता	1
20683	पैकहम	1
20684	सजाएंगे	1
20685	शक़	1
20686	सौम्य	1
20687	बचें	1
20688	एल्युमीनियम	1
20689	कनस्तर	1
20690	सच्चर	1
20691	केयर	1
20692	ध्वनिमत	1
20693	ईयाद	1
20694	मिसेज	1
20695	विद्याधरन	1
20696	आडंबरपूर्ण	1
20697	अहंकारी	1
20698	जहरीला	1
20699	चाह	1
20700	अधीक्षण	1
20701	सहम	1
20702	संवेदनात्मक	1
20703	हेक्टेअर	1
20704	नहरों	1
20705	वृहदाकार	1
20706	अड़चनों	1
20707	दैवी	1
20708	आदिग्रंथ	1
20709	वरली	1
20710	राजराजेशवरी	1
20711	नाट्य	1
20712	हीरक	1
20713	क्लाइड	1
20714	हेलिफैक्स	1
20715	बेमिसाल	1
20716	हलाल	1
20717	केसरी	1
20718	जर्नलिस्ट	1
20719	नाथूराम	1
20720	खांमियों	1
20721	रेवतीरमण	1
20722	इंपैक्ट	1
20723	ग्लोरिया	1
20724	मशाल	1
20725	रत्नागिरी	1
20726	बेटन	1
20727	तुलनात्मक	1
20728	इनफिल	1
20729	पैडर	1
20730	फ्लैटों	1
20731	कागजात	1
20732	मेडीकल	1
20733	युगांतर	1
20734	शरणस्थल	1
20735	युद्घक	1
20736	एआईसीटीई	1
20737	सुधाकर	1
20738	हरिप्रसाद	1
20739	नासर	1
20740	भव्‍य	1
20741	प्रवेशद्वार	1
20742	महाडा	1
20743	डिप्टी	1
20744	बुलाते	1
20745	हौंडा	1
20746	हड़तालें	1
20747	फेवरिट	1
20748	वैल्यूड	1
20749	पुनरीक्षित	1
20750	बीपीओ	1
20751	तोड़ना	1
20752	मुरथल	1
20753	अलमारियों	1
20754	राइट्स	1
20755	वेल्फेयर	1
20756	शिकारी	1
20757	सूक्ष्म	1
20758	लार्वा	1
20759	रोटिफ़र	1
20760	क्रस्टेशियंस	1
20761	अपवाद	1
20762	साल्पस	1
20763	परजीवियों	1
20764	पिंडों	1
20765	टेंटीला	1
20766	जोड़ियाँ	1
20767	कोलोब्लास्ट्स	1
20768	चिपचिपी	1
20769	पकड़ता	1
20770	फाइलम	1
20771	चपटा	1
20772	प्लैटिएक्टेनिड्स	1
20773	छत्ते	1
20774	एंटोफोरेस	1
20775	दाँतों	1
20776	विविधताएँ	1
20777	मकड़ियों	1
20778	पकड़ते	1
20779	चैलेंज	1
20780	वरनहाल	1
20781	नीलामी	1
20782	कार्रवाईयों	1
20783	फैलाना	1
20784	हेरोइन	1
20785	केरेनगी	1
20786	जिन्दगी	1
20787	विकृत	1
20788	ग्राफ्टन	1
20789	टोरी	1
20790	अंपायर	1
20791	शकूर	1
20792	रवन्ना	1
20793	होलनसिंपुरा	1
20794	फतेहगढ़	1
20795	शहीदी	1
20796	अक्षांस	1
20797	इच्‍छानुसार	1
20798	जबतक	1
20799	गंगुभाई	1
20800	भिजवाए	1
20801	ट्राले	1
20802	कल्पवृक्ष	1
20803	तारीखें	1
20804	खाती	1
20805	मॉन्ट्रियल	1
20806	वीभत्सता	1
20807	पूर्ववत	1
20808	शिक्षिका	1
20809	अपुलियाई	1
20810	कैलेब्रियाई	1
20811	सैम्नियम	1
20812	मोलाइसे	1
20813	ओरिएंटल	1
20814	बासिलिकाटा	1
20815	आदी	1
20816	पाइरस	1
20817	लिेए	1
20818	सिसली	1
20819	मोहनबागान	1
20820	गोलची	1
20821	सुब्रत	1
20822	लपके	1
20823	हैरिटेज	1
20824	समवन्य	1
20825	आयुध	1
20826	गुंबदाकार	1
20827	मोर	1
20828	कोष्ठकों	1
20829	दाँतो	1
20830	उँगली	1
20831	रोकें	1
20832	आयवर्ग	1
20833	एएक्स	1
20834	फायरवॉल	1
20835	गॉडेंस	1
20836	हाउते	1
20837	गैरोने	1
20838	कुहासे	1
20839	छांटने	1
20840	बर्द्धन	1
20841	धुनाई	1
20842	सब्जियां	1
20843	लौकी	1
20844	कद्दू	1
20845	सहजन	1
20846	नेनुआ	1
20847	भिंडी	1
20848	डाटा	1
20849	डॉक्टरेट	1
20850	पकड़ती	1
20851	रामदी	1
20852	बॉयोडाटा	1
20853	जादूगरी	1
20854	डरावना	1
20855	वाद्य	1
20856	मॉंस्टर	1
20857	मैश	1
20858	पचमढ़ी	1
20859	शिवपुरी	1
20860	कंबरलैंड	1
20861	स्ट्रेथियर्न	1
20862	व्यभिचारी	1
20863	एनी	1
20864	होर्टन	1
20865	विश्‍वास	1
20866	राशद	1
20867	जरूरतें	1
20868	खामियाँ	1
20869	ज्योतिरादित्य	1
20870	मुहब्बत	1
20871	एआईएमआईएम	1
20872	असादुदीन	1
20873	आवैसी	1
20874	गुनगुनी	1
20875	दोगुनी	1
20876	टेबलेट	1
20877	लचीलेपन	1
20878	घात	1
20879	आवाम	1
20880	टॉपर	1
20881	जुल्फिकार	1
20882	मयारी	1
20883	सापेक्षता	1
20884	समझाती	1
20885	रेखाओं	1
20886	जड़ता	1
20887	पर्यवेक्षण	1
20888	फेंकी	1
20889	बास्केटबॉल	1
20890	परबोला	1
20891	त्रिज्या	1
20892	अमौलिक	1
20893	सिगुर	1
20894	फ्योगुर	1
20895	पियानो	1
20896	बेउफ	1
20897	विस्मय	1
20898	अक्षरशः	1
20899	आयुधों	1
20900	छपकर	1
20901	पनामा	1
20902	स्टर्लिन	1
20903	रीच	1
20904	घटते	1
20905	कॉल्स	1
20906	एसोसिएशनों	1
20907	दक्षेस	1
20908	गैंरड	1
20909	स्लैम	1
20910	ईश्वरीय	1
20911	सारिपुत्र	1
20912	महामोगल्लेना	1
20913	सुहाना	1
20914	मुददे	1
20915	वांस	1
20916	स्पीजेल	1
20917	ठहाकों	1
20918	चमकदार	1
20919	कार्डिनल	1
20920	पास्टर	1
20921	राष्ट्राध्यक्ष	1
20922	फूंककर	1
20923	गाकर	1
20924	दोहा	1
20925	अलौकिक	1
20926	सुधाकांत	1
20927	स्वास्तिका	1
20928	अस्वस्थता	1
20929	शरणगृह	1
20930	क्लस्टर	1
20931	हेमरेज	1
20932	क्राउच	1
20933	किनारा	1
20934	घाटों	1
20935	स्पॉट	1
20936	सुधरेगी	1
20937	जगतार	1
20938	रेख	1
20939	एडीबी	1
20940	बेथेंकोर्ट	1
20941	पोइटेविने	1
20942	गैडीफेर	1
20943	सालले	1
20944	लैंज़ारोट	1
20945	केनेरियन	1
20946	फुएरतेवेंटुरा	1
20947	हिएरो	1
20948	गेस्कोनी	1
20949	कैस्टिलियन	1
20950	उपनिवेशवादियों	1
20951	सुदृढ़	1
20952	मिर्गी	1
20953	बैजल	1
20954	हेलियोथैरेपी	1
20955	ओजोनथैरेपी	1
20956	ट्रेंडी	1
20957	योगाभ्यास	1
20958	वैष्णो	1
20959	गाइडों	1
20960	चलाऊ	1
20961	सेस्तो	1
20962	सान	1
20963	गिओवान्नी	1
20964	विला	1
20965	पेलुक्का	1
20966	थामे	1
20967	कलईराजन	1
20968	पांडुरंगन	1
20969	फेंकते	1
20970	उबरकर	1
20971	अनंतकुमार	1
20972	महासंघ	1
20973	बोधि	1
20974	परपौत्र	1
20975	कोल्ड	1
20976	रेलगाड़ी	1
20977	खस्ता	1
20978	आका	1
20979	जनशिकायतों	1
20980	नियमानुसार	1
20981	कटर	1
20982	पिलर	1
20983	खिल्ली	1
20984	उड़ाई	1
20985	टिनटिन	1
20986	रूपान्तरित	1
20987	बेल्जियन	1
20988	वाल्ट	1
20989	व्यर्थ	1
20990	ईएनटी	1
20991	कामेश्वरन	1
20992	नंदिनी	1
20993	कवियत्री	1
20994	सुगताकुमारी	1
20995	गजल	1
20996	उधास	1
20997	अन्योन्यता	1
20998	सद्दीक	1
20999	नाजिर	1
21000	मिलूंगी	1
21001	खाऊंगी	1
21002	छुड़ाकर	1
21003	टेलीकांफ्रेंसिंग	1
21004	बांग्ला	1
21005	मंदाक्रांता	1
21006	होस्केटे	1
21007	नीलाक्षी	1
21008	यदुनाथ	1
21009	बुलावा	1
21010	संदागिरी	1
21011	साइज	1
21012	प्लांटाजेनेट	1
21013	संतानें	1
21014	जोआन	1
21015	लॉबी	1
21016	दोषमुक्त	1
21017	गुरमीत	1
21018	रूपये	1
21019	राजपूताना	1
21020	मर्यादा	1
21021	वृंदा	1
21022	पस्त	1
21023	वारावारा	1
21024	गदर	1
21025	राजकिशोर	1
21026	हरिसिंह	1
21027	टर्क	1
21028	तावड़े	1
21029	चमकती	1
21030	यूसुफ	1
21031	उपरांत	1
21032	हेडन	1
21033	बर्न्स	1
21034	स्टोरी	1
21035	सिविक	1
21036	हिस्पैनिक	1
21037	संवर्द्धित	1
21038	सड़ते	1
21039	अवसाद	1
21040	कब्रगाहों	1
21041	मैजिकल	1
21042	कासल	1
21043	विश	1
21044	ट्रू	1
21045	मिटा	1
21046	गुजरेगा	1
21047	छुरा	1
21048	सीसीएस	1
21049	रेग्यूलेशन	1
21050	बिछुड़ी	1
21051	क्रास	1
21052	मूंगे	1
21053	अनुसूची	1
21054	कुओं	1
21055	हकीक़त	1
21056	बिशपों	1
21057	वादकारियों	1
21058	कमीशनिंग	1
21059	एल्डर्स	1
21060	उपासकों	1
21061	जनन	1
21062	रेटिंग	1
21063	स्लॉट	1
21064	बेचें	1
21065	दिखायें	1
21066	ऑडिएंस	1
21067	बढ़ोत्तरी	1
21068	सुस्ता	1
21069	सीग्रेड	1
21070	समावेश	1
21071	ऑटोसोमल	1
21072	ताकतवर	1
21073	पैटन	1
21074	लीड	1
21075	लड़ने	1
21076	एलवे	1
21077	एसजीपीजीआई	1
21078	बेरन	1
21079	क्लेरेट	1
21080	पद्वी	1
21081	उबरते	1
21082	समयानुसार	1
21083	झुकाने	1
21084	ग्रीनपार्क	1
21085	रामचंदर	1
21086	इत्तेहादुल	1
21087	मुस्लमीन	1
21088	असादुद्दीन	1
21089	बाशा	1
21090	विगुइए	1
21091	कोंते	1
21092	बौंड	1
21093	पशुपालन	1
21094	पोल्ट्री	1
21095	अंडों	1
21096	यांत्रिक	1
21097	अमेजन	1
21098	तोलोलिंग	1
21099	कामतापुर	1
21100	सरकारिया	1
21101	विमुख	1
21102	वीरवार	1
21103	आंतकियों	1
21104	नौकायन	1
21105	सबेरे	1
21106	इन्‍हीं	1
21107	सदस्यगण	1
21108	हुक्का	1
21109	म्यूजिकल	1
21110	इंस्ट्रूमेंट्स	1
21111	रेनेसाँ	1
21112	फर्नीचर	1
21113	हॉरमन	1
21114	हॉर्नमैन	1
21115	वाद्ययंत्रों	1
21116	अमादलपुर	1
21117	ताकता	1
21118	बतरा	1
21119	हॉस्पिटैलिटी	1
21120	सर्विसेज़	1
21121	रुका	1
21122	पंचतत्व	1
21123	विलीन	1
21124	एसओअमरोहा	1
21125	लीड्स	1
21126	ब्रैडफोर्ड	1
21127	वृह्त्तर	1
21128	जहानाबाद	1
21129	लटके	1
21130	नामो	1
21131	मोंटेक	1
21132	हस्ती	1
21133	स्टैंडिंग	1
21134	ज्वाइंट	1
21135	सीपी	1
21136	चौकस	1
21137	खुशियां	1
21138	गम	1
21139	नष्टभ्रष्ट	1
21140	कालर	1
21141	रामनगरम	1
21142	दुष्परिणामों	1
21143	अंडरवर्लड	1
21144	प्रतिभावान	1
21145	मारती	1
21146	बिलरियागंज	1
21147	बरदह	1
21148	च्यूटहीं	1
21149	बसखारी	1
21150	अभिकरण	1
21151	तुड़वा	1
21152	पैट्रोलिंग	1
21153	वायथू	1
21154	लुटाने	1
21155	ग्रेटेल	1
21156	आईएसएम	1
21157	त्रिभुज	1
21158	ईशान	1
21159	अंजान	1
21160	कृषक	1
21161	सबेरा	1
21162	कारे	1
21163	बँटा	1
21164	भड़कने	1
21165	क्यूल	1
21166	करजारा	1
21167	पहचाना	1
21168	भीमराव	1
21169	प्रोवाइडर	1
21170	लिमिन्को	1
21171	लाइबेरियन	1
21172	माइनिंग	1
21173	समेटते	1
21174	बेतुकी	1
21175	आत्मसम्मान	1
21176	गोकक	1
21177	कान्फ्रेंस	1
21178	वर्टेमबर्ग	1
21179	रेशेनबाख	1
21180	टेलीग्राफ	1
21181	प्रभा	1
21182	छायाकारों	1
21183	रोनाल्डो	1
21184	लक्ष्‍मी	1
21185	ब्रह्मदेव	1
21186	ताशकंद	1
21187	माधवराव	1
21188	सदाशिवाराव	1
21189	बीड़ा	1
21190	लिपटे	1
21191	कोहनी	1
21192	टकराई	1
21193	मंत्रीपद	1
21194	छिद्र	1
21195	सुन्दर	1
21196	आकृतियाँ	1
21197	गिरीश	1
21198	एजीएम	1
21199	परेहज	1
21200	उपमाएँ	1
21201	फीकी	1
21202	भगवती	1
21203	मैदीनी	1
21204	हफीज़	1
21205	चंद्रभूषण	1
21206	दीवाने	1
21207	आउटलुक	1
21208	कृतसंकल्प	1
21209	बूटर	1
21210	समझें	1
21211	डराने	1
21212	झोंपड़ी	1
21213	कोटली	1
21214	वसावासिंह	1
21215	इंसपेक्टर	1
21216	अपीलों	1
21217	गरमपंथियों	1
21218	महत्तर	1
21219	जुड़वां	1
21220	जीवटता	1
21221	बदशक्‍ल	1
21222	अर्थसाइन	1
21223	खड़कने	1
21224	ब्राइस	1
21225	हॉर्टेफ्यूक्स	1
21226	मूर्ख	1
21227	खगोलशास्त्रियों	1
21228	इनर्जी	1
21229	जरुरत	1
21230	प्राथमिकताओं	1
21231	विदित	1
21232	तुमसे	1
21233	हत्फ	1
21234	सेफ	1
21235	स्ट्रकचर	1
21236	चहल	1
21237	कदमी	1
21238	अलोकप्रिय	1
21239	उच्चायोगों	1
21240	कम्पनियाँ	1
21241	वर्कर्स	1
21242	आजमाना	1
21243	वैल्यू	1
21244	एडेड	1
21245	रत्नों	1
21246	प्रतिबिम्ब	1
21247	सिरवाला	1
21248	गौतरलब	1
21249	मिलक	1
21250	तलवारबाजी	1
21251	राजेंद्रन	1
21252	कपाटोद्घाटन	1
21253	मंडराते	1
21254	अजीक्कल	1
21255	पूनतरातुरूतु	1
21256	वीरेन्द्र	1
21257	ज़हीर	1
21258	इरफ़ान	1
21259	योगी	1
21260	आदित्यनाथ	1
21261	टोकियो	1
21262	याकोहामा	1
21263	चट्टानी	1
21264	मॉर्निंग	1
21265	वॉक	1
21266	जगे	1
21267	अकारण	1
21268	मुरीद	1
21269	चाइना	1
21270	साइंटिफिक	1
21271	एक्सपेडिएशन	1
21272	मचाया	1
21273	हाशिए	1
21274	बृहस्पति	1
21275	आपत्तियां	1
21276	धड़कन	1
21277	तेजासिंह	1
21278	सुच्चा	1
21279	लंगाह	1
21280	जरनैल	1
21281	कोटकपूरा	1
21282	मक्खन	1
21283	प्रतिभाशाली	1
21284	भौंचक्का	1
21285	गुज़िशता	1
21286	बहुभाषाई	1
21287	शिलादान	1
21288	मुलातिवियू	1
21289	टटोलें	1
21290	हैलीपेड	1
21291	पापा	1
21292	रोचक	1
21293	आईएसटी	1
21294	शांतिपूर्वक	1
21295	मूंग	1
21296	हलवा	1
21297	पेट्रियॉटिक	1
21298	कुर्दिस्तान	1
21299	सॉलिडेरिटी	1
21300	सपोर्ट	1
21301	रिवोल्यूशनरी	1
21302	स्ट्रगल	1
21303	सिद्धलिंगैया	1
21304	दुखदायी	1
21305	डीपीए	1
21306	उदाहरणस्वरूप	1
21307	यूट्यूब	1
21308	कौंध	1
21309	शूट	1
21310	मेम्बर	1
21311	ईवीएम	1
21312	शतरंज	1
21313	जगमगा	1
21314	निर्वहन	1
21315	गौरवपूर्ण	1
21316	प्रायोगिक	1
21317	कछुआ	1
21318	पसर्नल	1
21319	सीसीडी	1
21320	अजाओकूता	1
21321	गतका	1
21322	बत्तखों	1
21323	फतह	1
21324	स्टालियन	1
21325	फ्रेट	1
21326	कॉरीडोर	1
21327	इक्यावन	1
21328	क़ादिर	1
21329	बशीरुद्दीन	1
21330	एनपीसी	1
21331	चपटे	1
21332	उकेरी	1
21333	अयंगार	1
21334	माइक्रो	1
21335	बायोलॅजी	1
21336	कारबोनेटेड	1
21337	बिवरेज	1
21338	बोतलों	1
21339	चिंतन	1
21340	लातियम	1
21341	धीरेंद्र	1
21342	प्रतिनिधिदल	1
21343	खोखले	1
21344	ट्रस्टियों	1
21345	इवेस	1
21346	कॉब	1
21347	कोब	1
21348	शेप्ली	1
21349	रुटान	1
21350	कूलिज	1
21351	होलाबर्ड	1
21352	रोश	1
21353	कॉलेजिएट	1
21354	मिशेल	1
21355	मैग्डलेन	1
21356	हचिंसन	1
21357	क्राइस्ट	1
21358	मोनोवेलेंट	1
21359	टाई	1
21360	वैक्सीन	1
21361	पिलायी	1
21362	ढूँढ़	1
21363	वाशिंदे	1
21364	क़हर	1
21365	अनुराधा	1
21366	काटजू	1
21367	व्याख्यानमाला	1
21368	आयतन	1
21369	निष्ठता	1
21370	शर्तें	1
21371	टैंसर	1
21372	विकर्ण	1
21373	कतरनी	1
21374	डायमेंशनल	1
21375	एलिमेंट्स	1
21376	विकृतियों	1
21377	तन्य	1
21378	संपीडन	1
21379	तैयबा	1
21380	संचालनकर्ता	1
21381	फुर्कान	1
21382	पंपोर	1
21383	विन्टुअर	1
21384	चश्मा	1
21385	फिल्माया	1
21386	अजनबी	1
21387	द्रव्यों	1
21388	मुवक्किल	1
21389	ब्रांडेड	1
21390	वायुयानों	1
21391	उड़ने	1
21392	भावविह्वल	1
21393	शत्रुतापूर्ण	1
21394	प्रतिशोधात्मक	1
21395	कलाकृतियां	1
21396	मेनहिर	1
21397	डॉल्मेन	1
21398	फिज़ूल	1
21399	सहूलियत	1
21400	एनजीओ	1
21401	बियर	1
21402	शहद	1
21403	ब्योर	1
21404	फ्रूट	1
21405	पतनशील	1
21406	केसी	1
21407	कस्तूरबा	1
21408	विजेन्द्र	1
21409	भैरवनाथ	1
21410	चारागाह	1
21411	ज़मीन	1
21412	पशुधन	1
21413	सोयाबीन	1
21414	लेडिमेरे	1
21415	ओलिवेरा	1
21416	अमेज़ॅन	1
21417	उपज	1
21418	चरागाह	1
21419	पुण्य	1
21420	सचिदानंदन	1
21421	बहुकोशिकीय	1
21422	मेटाजोआ	1
21423	नीडारिया	1
21424	सनीडारिया	1
21425	प्लाकोज़ोआ	1
21426	होमोबॉक्स	1
21427	रिसेप्टर्स	1
21428	परिदृश्यों	1
21429	प्लेकोज़ोआ	1
21430	स्नायु	1
21431	मांसपेशी	1
21432	विसंगति	1
21433	स्पंज	1
21434	शीघ्रता	1
21435	फ़ायलम	1
21436	टोफोरेस	1
21437	हॉक्स	1
21438	बुनकरों	1
21439	कटोरा	1
21440	अविभाजित	1
21441	प्रूफ	1
21442	श्रीजी	1
21443	ठाकुरजी	1
21444	आर्शीवाद	1
21445	लॉंच	1
21446	एनएवी	1
21447	बन्र्स	1
21448	नगरों	1
21449	थेसाली	1
21450	टखने	1
21451	आईएआई	1
21452	पहुंचाते	1
21453	इस्लामवाद	1
21454	हॉलिडे	1
21455	एस्पोसिटो	1
21456	गामिदी	1
21457	हेरी	1
21458	अबज़ा	1
21459	अनुदार	1
21460	हर्जाने	1
21461	नचिप्पन	1
21462	लेंगी	1
21463	खड़गे	1
21464	हुक्केरी	1
21465	गौड़ा	1
21466	पर्वतारोही	1
21467	एडविन	1
21468	लैंडसीर	1
21469	विल्की	1
21470	मुलरेडी	1
21471	पॉवेल	1
21472	फ्रिथ	1
21473	मिलिस	1
21474	हिप्पोल्टे	1
21475	डेलारोचे	1
21476	इसाबेल	1
21477	पूर्णाकार	1
21478	हय	1
21479	फुन्गई	1
21480	मार्कस	1
21481	घियरेर्ट्स	1
21482	बेसाकफुमी	1
21483	फियोरावेंटे	1
21484	फेरामोला	1
21485	ब्रूघेल	1
21486	एन्थोनी	1
21487	डाइक	1
21488	लुडोविको	1
21489	कार्रेसी	1
21490	वेरियो	1
21491	जियोवनी	1
21492	बतिस्ता	1
21493	टाईपेलो	1
21494	डोमिनिको	1
21495	टाईपोलो	1
21496	कैनाल्टो	1
21497	हेमन	1
21498	पोम्पियो	1
21499	बाटोनी	1
21500	सैंडबी	1
21501	विल्सन	1
21502	एयटी	1
21503	लॉरेंस	1
21504	डेंबी	1
21505	पार्क्स	1
21506	बोनिंगटन	1
21507	अल्फोंस	1
21508	लेग्रोस	1
21509	हर्षाछीना	1
21510	जेड्स	1
21511	खीझकर	1
21512	चूल्हे	1
21513	मरात	1
21514	पागलखाने	1
21515	निभाकर	1
21516	आरएससी	1
21517	चित्तीसिंहपुरा	1
21518	खेलकर	1
21519	ट्रॉफी	1
21520	हाईलैंड्स	1
21521	पनाम	1
21522	प्रिंस	1
21523	मुअज्जमजहाँ	1
21524	चौकन्ना	1
21525	बदनाम	1
21526	जाएँगी	1
21527	फतल	1
21528	डेकर	1
21529	डायनासोर	1
21530	थोप	1
21531	विहंगम	1
21532	जलपाईगुड़ी	1
21533	अलीपुरद्वार	1
21534	प्राजित	1
21535	रामनाथन	1
21536	सियाल्दह	1
21537	बीनागुड़ी	1
21538	कासंसुर	1
21539	संभला	1
21540	फिरोजा	1
21541	तहे	1
21542	बिछाया	1
21543	दरवाज़ा	1
21544	पोछते	1
21545	विस्फ़ोटों	1
21546	तर्ज़	1
21547	ट्रान्जिट	1
21548	माध्य	1
21549	गेट्सहेड	1
21550	क्वीन	1
21551	एलिजाबेथ	1
21552	नेक्सस	1
21553	यूकैसल	1
21554	टाइनमाउथ	1
21555	सुंदरलैंड	1
21556	हिल्टन	1
21557	हिस्‍से	1
21558	एबल	1
21559	एनाटॉमी	1
21560	मुम्बई	1
21561	खानों	1
21562	बर्नरों	1
21563	चूल्हा	1
21564	तंदूर	1
21565	इंडियाना	1
21566	कैबिनेटमेकर	1
21567	लिबर्टीज	1
21568	ईशपुर	1
21569	खरगे	1
21570	घुमक्कड़	1
21571	मेहरबानी	1
21572	अलबदर	1
21573	अलमंसूरियन	1
21574	खालिस्तान	1
21575	कारगुज़ारी	1
21576	तुर्केमिनिस्तान	1
21577	टीएपी	1
21578	हाशिया	1
21579	ऑर्ट	1
21580	भाजक	1
21581	गुणक	1
21582	गुणनफल	1
21583	झीलों	1
21584	उत्तरपूर्व	1
21585	टेंडरों	1
21586	मैसर्ज	1
21587	हरेराम	1
21588	हरेकृष्णा	1
21589	ग्लोबेट्यूड्स	1
21590	ग्लोबेहैव	1
21591	लोकाजेन	1
21592	डिसिप्लनरी	1
21593	मॉनिटरिंग	1
21594	करवाएगी	1
21595	धुंधली	1
21596	आंशका	1
21597	धमाका	1
21598	बरसानी	1
21599	इम्युनोग्लोबुलिन	1
21600	व्युत्पन्न	1
21601	लैंप्री	1
21602	हैगफिश	1
21603	वैरिएबल	1
21604	बांधते	1
21605	पतले	1
21606	कुटगली	1
21607	काशी	1
21608	हॉस्टल	1
21609	दुर्गापूजा	1
21610	कपल	1
21611	भावभीनी	1
21612	सांगली	1
21613	पंचायतन	1
21614	धंगदेव	1
21615	मोमबत्तियां	1
21616	प्रियजनों	1
21617	दुआएं	1
21618	पंझधार	1
21619	हायर	1
21620	सेंकेण्ड्री	1
21621	चपरासी	1
21622	तृंगई	1
21623	सोनौल्ला	1
21624	शहरवासियों	1
21625	जोह	1
21626	हिचकते	1
21627	कृपाल	1
21628	दलदली	1
21629	बहाव	1
21630	चिरनिद्रा	1
21631	सामरा	1
21632	बहुल	1
21633	डिपाज़िट	1
21634	गफलत	1
21635	सूझ	1
21636	आईडीई	1
21637	बकुल	1
21638	ग्रुपों	1
21639	कोमे	1
21640	नदारद	1
21641	मुआवज़े	1
21642	ढूढने	1
21643	चंडी	1
21644	रिपब्लिकनों	1
21645	डेमोक्रेटों	1
21646	फिजीशियंस	1
21647	ऑरिजिन	1
21648	एएपीआई	1
21649	वास्तु	1
21650	महाभारत	1
21651	सिनेमाई	1
21652	मेट्टी	1
21653	डिनर	1
21654	नुनवान	1
21655	बालटाल	1
21656	जत्थे	1
21657	डेबी	1
21658	फ्रोस्ट	1
21659	मैप्स	1
21660	परिस्थितिजन्य	1
21661	किरणजीत	1
21662	जीएमआर	1
21663	बगावत	1
21664	कदाचित	1
21665	अपमानित	1
21666	क्रोध	1
21667	ध्वंस	1
21668	निवासस्‍थल	1
21669	स्‍मृतियों	1
21670	संजोए	1
21671	एयरकंडीशन	1
21672	आश्चर्यो	1
21673	स्वशासन	1
21674	डिजाइंस	1
21675	स्टैंडर्ड्स	1
21676	ऑर्गनाईजेशन	1
21677	रैकेटों	1
21678	विमुक्ति	1
21679	पेरामुना	1
21680	ब्रूस	1
21681	जासफेन	1
21682	प्लेटिनम	1
21683	रत्नाकर	1
21684	कन्याकुमारी	1
21685	गोभी	1
21686	चाव	1
21687	मानववादी	1
21688	लेइमाखोंग	1
21689	माउंटेन	1
21690	नकारते	1
21691	इलियट	1
21692	जमाराशि	1
21693	रोमियो	1
21694	जूलियट	1
21695	शेंक	1
21696	नोर्मा	1
21697	टैल्मेज	1
21698	स्नैपचैट	1
21699	नेतृत्वकर्ता	1
21700	माउन्टेन	1
21701	पिथेकाउसे	1
21702	कुमे	1
21703	येदीयुरप्पा	1
21704	फ्लो	1
21705	हेर	1
21706	नसबंदी	1
21707	स्ट्राइक	1
21708	कंपीटेंस	1
21709	पौष्टिकता	1
21710	घिरी	1
21711	लैबोरेटरी	1
21712	बनायीं	1
21713	जाएँगीं	1
21714	कतारबद्ध	1
21715	खानाबल	1
21716	बिफरे	1
21717	जेई	1
21718	छोड़िए	1
21719	पालिकाओं	1
21720	रामगढ़	1
21721	शाहपुरिया	1
21722	रूबी	1
21723	अमनप्रीत	1
21724	सीमापार	1
21725	जकार्ता	1
21726	रच	1
21727	चाहतीं	1
21728	कार्यकलापों	1
21729	छुप	1
21730	कराके	1
21731	दिलाएगी	1
21732	रघुजीत	1
21733	विर्क	1
21734	उपप्रधान	1
21735	अफगानिस्तानियों	1
21736	अध्यापिकाओं	1
21737	समसामयिक	1
21738	डेवलपर्स	1
21739	बिल्ड	1
21740	विनिर्देश	1
21741	भिक्षा	1
21742	रेसट्रैक	1
21743	पिरोने	1
21744	शिक्षाविद्	1
21745	कांट्रेक्टर	1
21746	सनसनी	1
21747	सेरेना	1
21748	खोटी	1
21749	रोजी	1
21750	यौगिक	1
21751	फ़ार्मेसी	1
21752	व्यतीत	1
21753	नुस्खों	1
21754	स्वचालन	1
21755	इवनिंग	1
21756	कुरैंट	1
21757	समीक्षाएं	1
21758	लिखीं	1
21759	जलाना	1
21760	उबारा	1
21761	अध्यक्षा	1
21762	हैक्टेयर	1
21763	हेरिटेज	1
21764	गरमाहट	1
21765	लिखता	1
21766	दांव	1
21767	पेंच	1
21768	जाएगें	1
21769	पार्टनर	1
21770	एमटीए	1
21771	ग्रेडों	1
21772	ध्वजारोहण	1
21773	पुनर्गठित	1
21774	प्रत्यक्षदर्शी	1
21775	नुखू	1
21776	महत्वहीन	1
21777	तालियों	1
21778	गड़गड़ाहट	1
21779	मशोबरा	1
21780	भंतूर	1
21781	कंपकंपा	1
21782	प्रत्यक्षतः	1
21783	प्लास्टिडस	1
21784	प्लास्टिड	1
21785	ग्लूकोफीट	1
21786	रहोडोफाइट	1
21787	क्लोरोप्लास्टिडन	1
21788	हजम	1
21789	टीटवाल	1
21790	कामन	1
21791	नागालैंडा	1
21792	लक्षद्वीप	1
21793	बाजारोन्मुखी	1
21794	अल्बानी	1
21795	रामलखन	1
21796	खजौली	1
21797	श्रीनारायण	1
21798	जमालपुर	1
21799	रमा	1
21800	मोतीहारी	1
21801	चनपटिया	1
21802	ठाकुरगंज	1
21803	महबूब	1
21804	कैसर	1
21805	सिमरी	1
21806	उपस्तंभ	1
21807	गर्मजोशी	1
21808	छुड़वाए	1
21809	चहलकदमी	1
21810	एआईएमए	1
21811	चंदूलाल	1
21812	राजेशम	1
21813	संधित	1
21814	फीका	1
21815	डीडीवाई	1
21816	जुर्रत	1
21817	आयोगों	1
21818	निपटाएंगे	1
21819	यूनीफॉर्म	1
21820	एटीएम	1
21821	देबब्रत	1
21822	भूखंडों	1
21823	सटा	1
21824	मैने	1
21825	बैकबेंचर्स	1
21826	यानों	1
21827	पीएसएलवी	1
21828	दूरसंवेदी	1
21829	रजाई	1
21830	स्कार्पियो	1
21831	परिपूर्ण	1
21832	अरबियों	1
21833	अफ़ग़ानियों	1
21834	शार्टसर्किट	1
21835	उपलब्धियां	1
21836	नीतीश	1
21837	रेलों	1
21838	बेमौत	1
21839	एजिग्लियो	1
21840	क्रोधित	1
21841	सने	1
21842	डॉरसी	1
21843	निकलवाया	1
21844	दुर्जेय	1
21845	होंडाकर्मी	1
21846	नीलांचल	1
21847	माननी	1
21848	निकालती	1
21849	ईसाइयों	1
21850	जीसस	1
21851	इंटरप्रेटर	1
21852	त्रिदोषन	1
21853	यिन	1
21854	यांग	1
21855	वू	1
21856	बेतहाशा	1
21857	वाशिंदों	1
21858	महाविनाश	1
21859	कर्नाक	1
21860	विजित	1
21861	बिन्दुओं	1
21862	हार्ले	1
21863	डेविडसन	1
21864	ओरिजनल	1
21865	उल्लेखीय	1
21866	स्तालिन	1
21867	बेरिया	1
21868	अबाकुमोव	1
21869	एमजीबी	1
21870	रैन	1
21871	डब्बोवाली	1
21872	सूबा	1
21873	धनौला	1
21874	रजिंदर	1
21875	संतोख	1
21876	समरा	1
21877	करमुवाल	1
21878	गुरजिंदर	1
21879	सुखजिंदर	1
21880	लिखवा	1
21881	पदनाम	1
21882	बचाएगा	1
21883	खेमेबंदी	1
21884	नोमिनी	1
21885	कीफर	1
21886	स्युदरलैंड	1
21887	पीठाधिपति	1
21888	स्वर्णाहल्ली	1
21889	आदिस्थानम	1
21890	परिर्वतन	1
21891	धर्मपरिवर्तन	1
21892	निरंतरता	1
21893	उछलती	1
21894	दुस्साहस	1
21895	तोपखाने	1
21896	फ्लेंसबर्ग	1
21897	जनजागरण	1
21898	सुरक्षातंत्र	1
21899	दूंगा	1
21900	कोरपोरेशन	1
21901	पैक्ड	1
21902	राइड्स	1
21903	कतराती	1
21904	वेलुपिल्लई	1
21905	पोट्टू	1
21906	जाही	1
21907	आक्रोशित	1
21908	रोको	1
21909	इडेन	1
21910	झलकियां	1
21911	खर्चीले	1
21912	वेत्ताओं	1
21913	सिद्दीकी	1
21914	बहेड़ा	1
21915	पशुपति	1
21916	पारस	1
21917	अलौली	1
21918	अश्विनी	1
21919	चौबे	1
21920	देवनाथ	1
21921	फूलपरास	1
21922	स्वीकारते	1
21923	पेसरों	1
21924	महारैली	1
21925	रद	1
21926	गुरकंवल	1
21927	टूनाइट	1
21928	नाइटलाइन	1
21929	अभयसिंह	1
21930	जाला	1
21931	केवेज	1
21932	पाइन	1
21933	एप्पल	1
21934	विद	1
21935	फ्रेश	1
21936	सिजनिंग	1
21937	आईएमटी	1
21938	टाउनशिप	1
21939	सीजेएम	1
21940	हरेक	1
21941	घेरते	1
21942	वैलियम	1
21943	डाइजेपाम	1
21944	फ्लीट	1
21945	लोटस	1
21946	निक्‍को	1
21947	रेसीडेंसी	1
21948	अप्रशिक्षिति	1
21949	पायलटों	1
21950	एसीए	1
21951	वीडीसीए	1
21952	आउटफील्ड	1
21953	तख्तियों	1
21954	अंकल	1
21955	मीरजी	1
21956	पूंजीवाद	1
21957	इतिहासकारों	1
21958	सिद्धांतकारों	1
21959	अगुआ	1
21960	होबसन	1
21961	शम्पेटर	1
21962	थोरस्टीन	1
21963	वेबलिन	1
21964	एंगेल	1
21965	संकुल	1
21966	हॉबसन	1
21967	हॉब्सन	1
21968	सहिष्णु	1
21969	बहुध्रुवीय	1
21970	लुटा	1
21971	जुटाकर	1
21972	इंतजामात	1
21973	एएन	1
21974	इतिहासविदों	1
21975	रूठा	1
21976	अकल्पनीय	1
21977	सजग	1
21978	मोरखेड़ी	1
21979	हुक्मनामा	1
21980	वॉरसॉ	1
21981	मारियाविट्स	1
21982	कस्में	1
21983	देबाशीष	1
21984	घूमना	1
21985	लुभाता	1
21986	भगोड़ा	1
21987	प्रधानाचार्या	1
21988	तंज	1
21989	दमकलकर्मियों	1
21990	अंतर्विरोध	1
21991	आएंगी	1
21992	नृत्‍य	1
21993	संकोच	1
21994	फॉर्मूले	1
21995	महानाखोन	1
21996	उभार	1
21997	नपे	1
21998	वास्‍तव	1
21999	श्रीकृष्‍ण	1
22000	बढ़ें	1
22001	खरीदारों	1
22002	वित्तपोषण	1
22003	आरएएफ	1
22004	मुद्रण	1
22005	नेवादा	1
22006	फैसिलिटेशन	1
22007	चाट	1
22008	सुप्रिया	1
22009	ढले	1
22010	नक्शों	1
22011	शीतयुद्ध	1
22012	नीम	1
22013	हकीमों	1
22014	चंदूमाजरा	1
22015	लोहाडा	1
22016	पंजौली	1
22017	झुकी	1
22018	हिंडोला	1
22019	पेचेनेग्स	1
22020	बुल्गार	1
22021	सेल्जुक	1
22022	लड़ाइयाँ	1
22023	लड़ी	1
22024	लोम्बार्ड्स	1
22025	मेनियाक्स	1
22026	वरांगियन	1
22027	लोम्बार्ड	1
22028	कोबे	1
22029	नीतिनिर्माताओं	1
22030	भलीभांति	1
22031	डब्ल्यूडब्ल्यूएफ़	1
22032	आईसीएसआई	1
22033	मापनी	1
22034	तिमंजिला	1
22035	गाल	1
22036	रिच	1
22037	सेविंग	1
22038	हटाएंगे	1
22039	प्रज्जवलित	1
22040	साहिबान	1
22041	दर्शाए	1
22042	उगेगा	1
22043	सीसीएमबी	1
22044	थंगराज	1
22045	कबाड़	1
22046	टाशी	1
22047	डुनडुप	1
22048	उपभेदों	1
22049	आइसोलेट्स	1
22050	वैरिएंट	1
22051	महामारियों	1
22052	कारक	1
22053	जीनोटाइप	1
22054	सम्भवतः	1
22055	हैन्सेटिक	1
22056	ढलते	1
22057	सजने	1
22058	रैलियां	1
22059	लक्ष्मीपति	1
22060	बालाजी	1
22061	तिगुने	1
22062	झांसा	1
22063	बिछुड़े	1
22064	कुंदा	1
22065	कचगरी	1
22066	‍दिल्ली	1
22067	जगहें	1
22068	बिड्डा	1
22069	आबू	1
22070	अर्द्धगोलाकर	1
22071	अंधेरा	1
22072	एफआरबीएम	1
22073	अलहदादपुरा	1
22074	मुहल्ला	1
22075	टटोलकर	1
22076	ब्रजेश	1
22077	कम्प्यूटर	1
22078	पीकर	1
22079	लिफाफा	1
22080	मनमुटाव	1
22081	शोख	1
22082	कलाकृतियाँ	1
22083	कटास	1
22084	स्मरण	1
22085	उर्फ़	1
22086	मोनी	1
22087	कलंजरी	1
22088	गेटकीपर	1
22089	समुराई	1
22090	टाकिंग	1
22091	डेड	1
22092	छुपी	1
22093	हथौड़ों	1
22094	बेली	1
22095	औपनिवेशक	1
22096	स्पोर्टस	1
22097	सरफ़राज़	1
22098	पॅलिसी	1
22099	एनरिक	1
22100	बँधी	1
22101	घंटियाँ	1
22102	सुरम्‍य	1
22103	हेवी	1
22104	इलेक्ट्रिकल्स	1
22105	गेजिरा	1
22106	राजसिंह	1
22107	चित्रवृत	1
22108	रोसी	1
22109	छोड़ूंगा	1
22110	मगध	1
22111	कल्चुरी	1
22112	विक्रमादित्य	1
22113	सिंघ	1
22114	बोनो	1
22115	खोजकर्ता	1
22116	रेने	1
22117	गौलाइन	1
22118	लाउडोनियानेर	1
22119	सतूरीवा	1
22120	मेंडेज़	1
22121	एविलेस	1
22122	मेटो	1
22123	जैदी	1
22124	वृहत्तर	1
22125	खिलाते	1
22126	शपथग्रहण	1
22127	शेरे	1
22128	प्रामाणिक	1
22129	आँकड़ें	1
22130	कलंकित	1
22131	आंगन	1
22132	बाड़ी	1
22133	धर	1
22134	दबोचा	1
22135	छेड़ी	1
22136	ठोंकने	1
22137	मशरख	1
22138	फ्लोरिडावासी	1
22139	पीपी	1
22140	नावलेकर	1
22141	कोंडो	1
22142	जीटीए	1
22143	बेलिंगशाउसेन	1
22144	ब्रांसफील्ड	1
22145	सेंसरशिप	1
22146	असम्भव	1
22147	जुएं	1
22148	कंजर्वेटिव	1
22149	एलेक	1
22150	शेलब्रुक	1
22151	आईपीएच	1
22152	थॉम्पसन	1
22153	शान्तिप्रिय	1
22154	उल्हास	1
22155	गढ़मुक्तेश्वर	1
22156	काजियों	1
22157	घटाया	1
22158	निःसंतान	1
22159	अस्वीकृति	1
22160	शुल्कों	1
22161	खण्डहरों	1
22162	एसएसआई	1
22163	लोहानी	1
22164	गुफाएँ	1
22165	सनसेट	1
22166	चुगिट्टी	1
22167	अमीनो	1
22168	शर्करा	1
22169	छुपाए	1
22170	उत्परिवर्तित	1
22171	टीकों	1
22172	ट्रिपैनोसोमा	1
22173	ब्रूसी	1
22174	ढकना	1
22175	ढ़कने	1
22176	झिल्ली	1
22177	पहचानना	1
22178	चंद्रमा	1
22179	जनसभाएं	1
22180	हेलिकॉप्टरों	1
22181	ओसवाल्ड	1
22182	युनिवर्सल	1
22183	आव्रजक	1
22184	जातीं	1
22185	क़रीबी	1
22186	रिपोर्टर	1
22187	स्ट्रेंजर	1
22188	मुक़दमे	1
22189	आरोपमुक्त	1
22190	फकर	1
22191	सल्वा	1
22192	उन्मादी	1
22193	प्लूटोनियम	1
22194	बैण्ड	1
22195	रहीँ	1
22196	खण्ड	1
22197	शिवसागर	1
22198	योग्यताओं	1
22199	आंशी	1
